
running 1 test
[INFO] [GAM fit] n=400 p=12 k=2 fam=LikelihoodSpec { response: Gaussian, link: Standard(Identity) } link=Identity X=dense reml_iter=200 firth=false
[INFO] [reml-geometry] dense_spectral reason=design_not_sparse p=12 nnz_x=na nnz_h_est=na density_h_est=na threshold=0.1000
[INFO] [gaussian-fixed-cache] built p=12 n=400 in 1.604 ms
[INFO] [STAGE] PIRLS row-chunk generation chunks=1 n=400 p=12 nnz=4800 elapsed=0.000s
[INFO] [pirls-path] path=dense_transformed reason=design_not_sparse p=12 nnz_x=4800 nnz_xtwx_symbolic=na nnz_s_lambda=66 nnz_h_est=na density_h_est=na
[INFO] [GPU] CUDA acceleration disabled: could not load any of: /usr/local/nvidia/lib64/libcuda.so.1, /usr/local/nvidia/lib64/libcuda.so, /usr/local/nvidia/lib/libcuda.so.1, /usr/local/nvidia/lib/libcuda.so, /usr/local/cuda/compat/libcuda.so.1, /usr/local/cuda/compat/libcuda.so, /usr/lib/x86_64-linux-gnu/libcuda.so.1, /usr/lib/x86_64-linux-gnu/libcuda.so, /usr/lib64/libcuda.so.1, /usr/lib64/libcuda.so, /usr/lib/wsl/lib/libcuda.so.1, /usr/lib/wsl/lib/libcuda.so, libcuda.so.1, libcuda.so
[INFO] [GPU] CUDA acceleration disabled: could not load any of: /usr/local/nvidia/lib64/libcuda.so.1, /usr/local/nvidia/lib64/libcuda.so, /usr/local/nvidia/lib/libcuda.so.1, /usr/local/nvidia/lib/libcuda.so, /usr/local/cuda/compat/libcuda.so.1, /usr/local/cuda/compat/libcuda.so, /usr/lib/x86_64-linux-gnu/libcuda.so.1, /usr/lib/x86_64-linux-gnu/libcuda.so, /usr/lib64/libcuda.so.1, /usr/lib64/libcuda.so, /usr/lib/wsl/lib/libcuda.so.1, /usr/lib/wsl/lib/libcuda.so, libcuda.so.1, libcuda.so
[INFO] [STAGE] inner pirls solve iters=1 status=Converged max_eta=0.6 jeffreys_logdet=none rows=full(derivative-request) elapsed=0.075s
[INFO] [STAGE] logdet S rho_dim=2 penalty_rank=11 elapsed=0.003s
[INFO] [#1271-diag] path=orig p=12 penalty_rank=11 nullspace_dim=1 rss=1.033445 pen=0.921536 Dp=1.954981 pirls_edf=11.3879 logS=-30.176440 logH=30.275564 half_diff=30.226002 h_above1=12 h_min=1.814e0 h_max=4.000e2 rho=[0.0000,0.0000] lambda=[1.000e0,1.000e0]
  H_eig=[4.000e2,3.998e1,3.094e1,2.215e1,1.665e1,1.196e1,9.260e0,6.974e0,5.545e0,4.058e0,2.446e0,1.814e0]
  Slam_eig=[1.000e0,6.956e-1,6.951e-1,9.890e-2,9.569e-2,8.601e-2,6.711e-2,4.217e-2,1.942e-2,5.778e-3,6.278e-4,0.000e0]
[INFO] [STAGE] reml_laml cost_only_done k=2 ext_dim=0 dim=12 elapsed=0.000s
[INFO] [HGB] small-sample fallback to defaults: pairs=0, threshold=3
[INFO] [REML-BNB] certified 1-D rho search over [-17.09100927403885, 28.32778856175876]: 35 cells, 19 objective evaluations, deepest bisection 5/46, 0 unbounded enclosures
[INFO] [STAGE] logdet S rho_dim=2 penalty_rank=11 elapsed=0.000s
[INFO] [#1271-diag] path=orig p=12 penalty_rank=11 nullspace_dim=1 rss=1.033445 pen=0.921536 Dp=1.954981 pirls_edf=11.3879 logS=-30.176440 logH=30.275564 half_diff=30.226002 h_above1=12 h_min=1.814e0 h_max=4.000e2 rho=[0.0000,0.0000] lambda=[1.000e0,1.000e0]
  H_eig=[4.000e2,3.998e1,3.094e1,2.215e1,1.665e1,1.196e1,9.260e0,6.974e0,5.545e0,4.058e0,2.446e0,1.814e0]
  Slam_eig=[1.000e0,6.956e-1,6.951e-1,9.890e-2,9.569e-2,8.601e-2,6.711e-2,4.217e-2,1.942e-2,5.778e-3,6.278e-4,0.000e0]
[INFO] [reml-geometry] dense_spectral reason=design_not_sparse p=12 nnz_x=na nnz_h_est=na density_h_est=na threshold=0.1000
[INFO] [IFT-REJECTED] reason=large_drho max_drho=5.004e0 cap=2.000e0 drho_dim=2
[INFO] [pirls-path] path=dense_transformed reason=gaussian_sufficient_statistics p=12 nnz_x=0 nnz_xtwx_symbolic=na nnz_s_lambda=0 nnz_h_est=na density_h_est=na
[INFO] [STAGE] inner pirls solve iters=1 status=Converged max_eta=0.0 jeffreys_logdet=none rows=frozen elapsed=0.000s
[INFO] [STAGE] logdet S rho_dim=2 penalty_rank=11 elapsed=0.000s
[INFO] [#1271-diag] path=orig p=12 penalty_rank=11 nullspace_dim=1 rss=13.998849 pen=1.558293 Dp=15.557142 pirls_edf=6.7117 logS=18.951516 logH=42.225661 half_diff=11.637072 h_above1=12 h_min=1.026e1 h_max=4.000e2 rho=[4.4124,5.0037] lambda=[8.247e1,1.490e2]
  H_eig=[4.000e2,1.719e2,6.217e1,6.000e1,3.325e1,3.063e1,2.200e1,1.908e1,1.374e1,1.311e1,1.076e1,1.026e1]
  Slam_eig=[1.490e2,5.737e1,5.732e1,8.157e0,7.891e0,7.093e0,5.534e0,3.478e0,1.601e0,4.765e-1,5.177e-2,0.000e0]
[INFO] [reml-geometry] dense_spectral reason=design_not_sparse p=12 nnz_x=na nnz_h_est=na density_h_est=na threshold=0.1000
[INFO] [IFT-REJECTED] reason=large_drho max_drho=8.649e0 cap=2.000e0 drho_dim=2
[INFO] [TANGENT-REJECTED] reason=alpha_negative alpha=-1.771e0 cap=1.500e0
[INFO] [pirls-path] repeated path=dense_transformed reason=gaussian_sufficient_statistics count=2 (suppressing identical decisions)
[INFO] [STAGE] inner pirls solve iters=1 status=Converged max_eta=0.0 jeffreys_logdet=none rows=frozen elapsed=0.000s
[INFO] [STAGE] logdet S rho_dim=2 penalty_rank=11 elapsed=0.000s
[INFO] [#1271-diag] path=orig p=12 penalty_rank=11 nullspace_dim=1 rss=0.969561 pen=0.027436 Dp=0.996997 pirls_edf=11.9799 logS=-70.276827 logH=29.609946 half_diff=49.943387 h_above1=12 h_min=1.388e0 h_max=4.000e2 rho=[-3.6456,-3.6456] lambda=[2.611e-2,2.611e-2]
  H_eig=[4.000e2,3.966e1,3.091e1,2.193e1,1.658e1,1.157e1,9.179e0,6.738e0,5.275e0,3.732e0,2.075e0,1.388e0]
  Slam_eig=[2.611e-2,1.816e-2,1.815e-2,2.582e-3,2.498e-3,2.245e-3,1.752e-3,1.101e-3,5.069e-4,1.508e-4,1.639e-5,0.000e0]
[INFO] [OUTER] standard REML analytic-start ranking: [0.0, 0.0] -> [-3.645553885928986, -3.645553885928986] (scored: base=-4.646744445e2 initial_sp=-6.947255230e1 summed_diagonal=-5.792980086e2; bounds -12.000..30.000)
[INFO] [OUTER] standard REML: n_params=2, gradient=Analytic, hessian=Either -> solver=Arc, search_hessian_source=Analytic [solver=Arc;hessian=Analytic;matrix-free=false]
[INFO] [reml-geometry] dense_spectral reason=design_not_sparse p=12 nnz_x=na nnz_h_est=na density_h_est=na threshold=0.1000
[INFO] [STAGE] PIRLS row-chunk generation chunks=1 n=400 p=12 nnz=4800 elapsed=0.000s
[INFO] [pirls-path] repeated path=dense_transformed reason=design_not_sparse count=2 (suppressing identical decisions)
[INFO] [STAGE] inner pirls solve iters=1 status=Converged max_eta=0.6 jeffreys_logdet=none rows=full(derivative-request) elapsed=0.001s
[INFO] [STAGE] logdet S rho_dim=2 penalty_rank=11 elapsed=0.000s
[INFO] [#1271-diag] path=orig p=12 penalty_rank=11 nullspace_dim=1 rss=0.969561 pen=0.027436 Dp=0.996997 pirls_edf=11.9799 logS=-70.276827 logH=29.609946 half_diff=49.943387 h_above1=12 h_min=1.388e0 h_max=4.000e2 rho=[-3.6456,-3.6456] lambda=[2.611e-2,2.611e-2]
  H_eig=[4.000e2,3.966e1,3.091e1,2.193e1,1.658e1,1.157e1,9.179e0,6.738e0,5.275e0,3.732e0,2.075e0,1.388e0]
  Slam_eig=[2.611e-2,1.816e-2,1.815e-2,2.582e-3,2.498e-3,2.245e-3,1.752e-3,1.101e-3,5.069e-4,1.508e-4,1.639e-5,0.000e0]
[INFO] [STAGE] reml_laml cost_only_done k=2 ext_dim=0 dim=12 elapsed=0.000s
[INFO] [OUTER hessian-route] choice=dense reason=below_crossover n=400 p=12 k=2 callback_kernel=false subspace_trace=false scale_prefers_operator=false dense_workspace_bytes=8064
[INFO] [OUTER hessian-elapsed] choice=dense reason=below_crossover n=400 p=12 k=2 elapsed=0.000s
[INFO] [HGB] small-sample fallback to defaults: pairs=0, threshold=3
[INFO] [OUTER schedule] inner-PIRLS cap transition (ARC bridge) arc_iter=0 g_ratio=n/a last_iters=1 converged=true ift_residual=n/a accept_rho=n/a prev=0 new=3 (capped)
[INFO] [STAGE] outer eval start order=ValueGradientHessian dim=2
[INFO] [reml-geometry] dense_spectral reason=design_not_sparse p=12 nnz_x=na nnz_h_est=na density_h_est=na threshold=0.1000
[INFO] [IFT-REJECTED] reason=large_drho max_drho=2.114e0 cap=2.000e0 drho_dim=2
[INFO] [STAGE] PIRLS row-chunk generation chunks=1 n=400 p=12 nnz=4800 elapsed=0.000s
[INFO] [STAGE] inner pirls solve iters=1 status=Converged max_eta=0.6 jeffreys_logdet=none rows=full(derivative-request) elapsed=0.001s
[INFO] [STAGE] logdet S rho_dim=2 penalty_rank=11 elapsed=0.000s
[INFO] [#1271-diag] path=orig p=12 penalty_rank=11 nullspace_dim=1 rss=0.969645 pen=0.015670 Dp=0.985315 pirls_edf=11.8555 logS=-49.795178 logH=29.738836 half_diff=39.767007 h_above1=12 h_min=1.477e0 h_max=4.000e2 rho=[-1.5320,-4.2987] lambda=[2.161e-1,1.359e-2]
  H_eig=[4.000e2,3.966e1,3.092e1,2.194e1,1.659e1,1.158e1,9.187e0,6.762e0,5.325e0,3.791e0,2.150e0,1.477e0]
  Slam_eig=[1.503e-1,1.502e-1,2.137e-2,2.068e-2,1.859e-2,1.450e-2,1.359e-2,9.113e-3,4.196e-3,1.249e-3,1.357e-4,0.000e0]
[INFO] [STAGE] reml_laml cost_only_done k=2 ext_dim=0 dim=12 elapsed=0.000s
[INFO] [OUTER hessian-route] choice=dense reason=below_crossover n=400 p=12 k=2 callback_kernel=false subspace_trace=false scale_prefers_operator=false dense_workspace_bytes=8064
[INFO] [OUTER hessian-elapsed] choice=dense reason=below_crossover n=400 p=12 k=2 elapsed=0.000s
[INFO] [HGB] small-sample fallback to defaults: pairs=0, threshold=3
[INFO] [STAGE] outer eval end order=ValueGradientHessian elapsed=0.002s cost=-5.918257e2 |g|=5.202e0
[INFO] [OUTER] eval#1 (hess) cost=-5.918257e2 |g|=5.202e0 rho=[-4.299,-1.532]
[INFO] [STAGE] outer eval start order=ValueGradientHessian dim=2
[INFO] [reml-geometry] dense_spectral reason=design_not_sparse p=12 nnz_x=na nnz_h_est=na density_h_est=na threshold=0.1000
[INFO] [IFT-REJECTED] reason=large_drho max_drho=5.390e0 cap=2.000e0 drho_dim=2
[INFO] [TANGENT-REJECTED] reason=alpha_above_cap alpha=2.421e0 cap=1.500e0
[INFO] [STAGE] PIRLS row-chunk generation chunks=1 n=400 p=12 nnz=4800 elapsed=0.000s
[INFO] [pirls-path] repeated path=dense_transformed reason=design_not_sparse count=4 (suppressing identical decisions)
[INFO] [STAGE] inner pirls solve iters=1 status=Converged max_eta=0.6 jeffreys_logdet=none rows=full(derivative-request) elapsed=0.000s
[INFO] [STAGE] logdet S rho_dim=2 penalty_rank=11 elapsed=0.000s
[INFO] [#1271-diag] path=orig p=12 penalty_rank=11 nullspace_dim=1 rss=0.990181 pen=0.019479 Dp=1.009660 pirls_edf=8.2578 logS=3.403311 logH=37.608099 half_diff=17.102394 h_above1=12 h_min=7.230e0 h_max=4.000e2 rho=[3.8576,-4.9963] lambda=[4.735e1,6.763e-3]
  H_eig=[4.000e2,4.002e1,3.824e1,3.559e1,3.142e1,2.316e1,1.735e1,1.315e1,1.105e1,9.214e0,8.083e0,7.230e0]
  Slam_eig=[3.294e1,3.291e1,4.683e0,4.531e0,4.073e0,3.178e0,1.997e0,9.194e-1,2.736e-1,2.973e-2,6.763e-3,0.000e0]
[INFO] [STAGE] reml_laml cost_only_done k=2 ext_dim=0 dim=12 elapsed=0.000s
[INFO] [OUTER hessian-route] choice=dense reason=below_crossover n=400 p=12 k=2 callback_kernel=false subspace_trace=false scale_prefers_operator=false dense_workspace_bytes=8064
[INFO] [OUTER hessian-elapsed] choice=dense reason=below_crossover n=400 p=12 k=2 elapsed=0.000s
[INFO] [HGB] small-sample fallback to defaults: pairs=0, threshold=3
[INFO] [STAGE] outer eval end order=ValueGradientHessian elapsed=0.002s cost=-6.096210e2 |g|=1.108e0
[INFO] [OUTER] eval#2 (hess) cost=-6.096210e2 |g|=1.108e0 rho=[-4.996,3.858]
[INFO] [STAGE] outer eval start order=ValueGradientHessian dim=2
[INFO] [reml-geometry] dense_spectral reason=design_not_sparse p=12 nnz_x=na nnz_h_est=na density_h_est=na threshold=0.1000
[INFO] [IFT-CACHE] outcome=mode_response_hit drho_dim=2 p=12
[INFO] [STAGE] PIRLS row-chunk generation chunks=1 n=400 p=12 nnz=4800 elapsed=0.000s
[INFO] [STAGE] inner pirls solve iters=1 status=Converged max_eta=0.6 jeffreys_logdet=none rows=full(derivative-request) elapsed=0.000s
[INFO] [IFT-QUALITY] quality=2.566e-4 ift=2.000e0 pred_residual=5.246e-4 cap_predicted=3.000e0 iters=1
[INFO] [STAGE] logdet S rho_dim=2 penalty_rank=11 elapsed=0.000s
[INFO] [#1271-diag] path=orig p=12 penalty_rank=11 nullspace_dim=1 rss=0.992484 pen=0.018721 Dp=1.011205 pirls_edf=7.8409 logS=6.297642 logH=39.001048 half_diff=16.351703 h_above1=12 h_min=8.781e0 h_max=4.000e2 rho=[4.2104,-5.6295] lambda=[6.738e1,3.590e-3]
  H_eig=[4.000e2,5.185e1,4.958e1,3.990e1,3.189e1,2.396e1,1.842e1,1.432e1,1.217e1,1.023e1,9.595e0,8.781e0]
  Slam_eig=[4.687e1,4.683e1,6.664e0,6.448e0,5.795e0,4.522e0,2.841e0,1.308e0,3.893e-1,4.230e-2,3.590e-3,0.000e0]
[INFO] [STAGE] reml_laml cost_only_done k=2 ext_dim=0 dim=12 elapsed=0.000s
[INFO] [OUTER hessian-route] choice=dense reason=below_crossover n=400 p=12 k=2 callback_kernel=false subspace_trace=false scale_prefers_operator=false dense_workspace_bytes=8064
[INFO] [OUTER hessian-elapsed] choice=dense reason=below_crossover n=400 p=12 k=2 elapsed=0.000s
[INFO] [HGB] small-sample fallback to defaults: pairs=1, threshold=3
[INFO] [STAGE] outer eval end order=ValueGradientHessian elapsed=0.002s cost=-6.100667e2 |g|=2.367e-1
[INFO] [OUTER] eval#3 (hess) cost=-6.100667e2 |g|=2.367e-1 rho=[-5.629,4.210]
[INFO] [STAGE] outer eval start order=ValueGradientHessian dim=2
[INFO] [reml-geometry] dense_spectral reason=design_not_sparse p=12 nnz_x=na nnz_h_est=na density_h_est=na threshold=0.1000
[INFO] [IFT-CACHE] outcome=mode_response_hit drho_dim=2 p=12
[INFO] [STAGE] PIRLS row-chunk generation chunks=1 n=400 p=12 nnz=4800 elapsed=0.000s
[INFO] [STAGE] inner pirls solve iters=1 status=Converged max_eta=0.6 jeffreys_logdet=none rows=full(derivative-request) elapsed=0.000s
[INFO] [IFT-QUALITY] quality=6.414e-6 ift=3.000e0 pred_residual=1.311e-5 cap_predicted=4.500e0 iters=1
[INFO] [STAGE] logdet S rho_dim=2 penalty_rank=11 elapsed=0.000s
[INFO] [#1271-diag] path=orig p=12 penalty_rank=11 nullspace_dim=1 rss=0.992324 pen=0.017546 Dp=1.009869 pirls_edf=7.8665 logS=5.764460 logH=38.912493 half_diff=16.574017 h_above1=12 h_min=8.694e0 h_max=4.000e2 rho=[4.1890,-5.9492] lambda=[6.596e1,2.608e-3]
  H_eig=[4.000e2,5.088e1,4.860e1,3.988e1,3.186e1,2.390e1,1.834e1,1.423e1,1.208e1,1.015e1,9.490e0,8.694e0]
  Slam_eig=[4.588e1,4.584e1,6.523e0,6.312e0,5.673e0,4.426e0,2.781e0,1.281e0,3.811e-1,4.141e-2,2.608e-3,0.000e0]
[INFO] [STAGE] reml_laml cost_only_done k=2 ext_dim=0 dim=12 elapsed=0.000s
[INFO] [OUTER hessian-route] choice=dense reason=below_crossover n=400 p=12 k=2 callback_kernel=false subspace_trace=false scale_prefers_operator=false dense_workspace_bytes=8064
[INFO] [OUTER hessian-elapsed] choice=dense reason=below_crossover n=400 p=12 k=2 elapsed=0.000s
[INFO] [HGB] small-sample fallback to defaults: pairs=2, threshold=3
[INFO] [STAGE] outer eval end order=ValueGradientHessian elapsed=0.002s cost=-6.101081e2 |g|=3.350e-2
[INFO] [OUTER] eval#4 (hess) cost=-6.101081e2 |g|=3.350e-2 rho=[-5.949,4.189]
[INFO] [OUTER schedule] inner-PIRLS cap transition (ARC bridge) arc_iter=4 g_ratio=6.439e-3 last_iters=1 converged=true ift_residual=6.414e-6 accept_rho=n/a prev=3 new=0 (uncapped)
[INFO] [STAGE] outer eval start order=ValueGradientHessian dim=2
[INFO] [reml-geometry] dense_spectral reason=design_not_sparse p=12 nnz_x=na nnz_h_est=na density_h_est=na threshold=0.1000
[INFO] [IFT-CACHE] outcome=mode_response_hit drho_dim=2 p=12
[INFO] [STAGE] PIRLS row-chunk generation chunks=1 n=400 p=12 nnz=4800 elapsed=0.000s
[INFO] [STAGE] inner pirls solve iters=1 status=Converged max_eta=0.6 jeffreys_logdet=none rows=full(derivative-request) elapsed=0.000s
[INFO] [IFT-QUALITY] quality=1.831e-7 ift=4.500e0 pred_residual=3.745e-7 cap_predicted=6.750e0 iters=1
[INFO] [STAGE] logdet S rho_dim=2 penalty_rank=11 elapsed=0.000s
[INFO] [#1271-diag] path=orig p=12 penalty_rank=11 nullspace_dim=1 rss=0.992322 pen=0.017382 Dp=1.009704 pirls_edf=7.8666 logS=5.700939 logH=38.912254 half_diff=16.605657 h_above1=12 h_min=8.694e0 h_max=4.000e2 rho=[4.1890,-6.0122] lambda=[6.595e1,2.449e-3]
  H_eig=[4.000e2,5.087e1,4.860e1,3.988e1,3.186e1,2.390e1,1.834e1,1.423e1,1.208e1,1.015e1,9.489e0,8.694e0]
  Slam_eig=[4.588e1,4.584e1,6.523e0,6.311e0,5.673e0,4.426e0,2.781e0,1.281e0,3.811e-1,4.140e-2,2.449e-3,0.000e0]
[INFO] [STAGE] reml_laml cost_only_done k=2 ext_dim=0 dim=12 elapsed=0.000s
[INFO] [OUTER hessian-route] choice=dense reason=below_crossover n=400 p=12 k=2 callback_kernel=false subspace_trace=false scale_prefers_operator=false dense_workspace_bytes=8064
[INFO] [OUTER hessian-elapsed] choice=dense reason=below_crossover n=400 p=12 k=2 elapsed=0.000s
[INFO] [STAGE] outer eval end order=ValueGradientHessian elapsed=0.002s cost=-6.101091e2 |g|=1.028e-3
[INFO] [OUTER] eval#5 (hess) cost=-6.101091e2 |g|=1.028e-3 rho=[-6.012,4.189]
[INFO] [STAGE] outer eval start order=ValueGradientHessian dim=2
[INFO] [reml-geometry] dense_spectral reason=design_not_sparse p=12 nnz_x=na nnz_h_est=na density_h_est=na threshold=0.1000
[INFO] [IFT-CACHE] outcome=mode_response_hit drho_dim=2 p=12
[INFO] [STAGE] PIRLS row-chunk generation chunks=1 n=400 p=12 nnz=4800 elapsed=0.000s
[INFO] [pirls-path] repeated path=dense_transformed reason=design_not_sparse count=8 (suppressing identical decisions)
[INFO] [STAGE] inner pirls solve iters=1 status=Converged max_eta=0.6 jeffreys_logdet=none rows=full(derivative-request) elapsed=0.000s
[INFO] [IFT-QUALITY] quality=1.873e-10 ift=6.750e0 pred_residual=3.830e-10 cap_predicted=1.012e1 iters=1
[INFO] [STAGE] logdet S rho_dim=2 penalty_rank=11 elapsed=0.000s
[INFO] [#1271-diag] path=orig p=12 penalty_rank=11 nullspace_dim=1 rss=0.992322 pen=0.017376 Dp=1.009698 pirls_edf=7.8666 logS=5.698882 logH=38.912253 half_diff=16.606685 h_above1=12 h_min=8.694e0 h_max=4.000e2 rho=[4.1890,-6.0142] lambda=[6.595e1,2.444e-3]
  H_eig=[4.000e2,5.087e1,4.860e1,3.988e1,3.186e1,2.390e1,1.834e1,1.423e1,1.208e1,1.015e1,9.489e0,8.694e0]
  Slam_eig=[4.588e1,4.584e1,6.523e0,6.311e0,5.673e0,4.426e0,2.781e0,1.281e0,3.811e-1,4.140e-2,2.444e-3,0.000e0]
[INFO] [STAGE] reml_laml cost_only_done k=2 ext_dim=0 dim=12 elapsed=0.000s
[INFO] [OUTER hessian-route] choice=dense reason=below_crossover n=400 p=12 k=2 callback_kernel=false subspace_trace=false scale_prefers_operator=false dense_workspace_bytes=8064
[INFO] [OUTER hessian-elapsed] choice=dense reason=below_crossover n=400 p=12 k=2 elapsed=0.000s
[INFO] [STAGE] outer eval end order=ValueGradientHessian elapsed=0.002s cost=-6.101091e2 |g|=1.051e-6
[INFO] [OUTER] eval#6 (hess) cost=-6.101091e2 |g|=1.051e-6 rho=[-6.014,4.189]
[INFO] [reml-geometry] dense_spectral reason=design_not_sparse p=12 nnz_x=na nnz_h_est=na density_h_est=na threshold=0.1000
[INFO] [STAGE] PIRLS row-chunk generation chunks=1 n=400 p=12 nnz=4800 elapsed=0.000s
[INFO] [STAGE] inner pirls solve iters=1 status=Converged max_eta=0.6 jeffreys_logdet=none rows=full(derivative-request) elapsed=0.000s
[INFO] [STAGE] logdet S rho_dim=2 penalty_rank=11 elapsed=0.000s
[INFO] [#1271-diag] path=orig p=12 penalty_rank=11 nullspace_dim=1 rss=0.992322 pen=0.017376 Dp=1.009698 pirls_edf=7.8666 logS=5.698882 logH=38.912253 half_diff=16.606685 h_above1=12 h_min=8.694e0 h_max=4.000e2 rho=[4.1890,-6.0142] lambda=[6.595e1,2.444e-3]
  H_eig=[4.000e2,5.087e1,4.860e1,3.988e1,3.186e1,2.390e1,1.834e1,1.423e1,1.208e1,1.015e1,9.489e0,8.694e0]
  Slam_eig=[4.588e1,4.584e1,6.523e0,6.311e0,5.673e0,4.426e0,2.781e0,1.281e0,3.811e-1,4.140e-2,2.444e-3,0.000e0]
[INFO] [STAGE] logdet S rho_dim=2 penalty_rank=11 elapsed=0.000s
[INFO] [#1271-diag] path=orig p=12 penalty_rank=11 nullspace_dim=1 rss=0.992322 pen=0.017376 Dp=1.009698 pirls_edf=7.8666 logS=5.698882 logH=38.912253 half_diff=16.606685 h_above1=12 h_min=8.694e0 h_max=4.000e2 rho=[4.1890,-6.0142] lambda=[6.595e1,2.444e-3]
  H_eig=[4.000e2,5.087e1,4.860e1,3.988e1,3.186e1,2.390e1,1.834e1,1.423e1,1.208e1,1.015e1,9.489e0,8.694e0]
  Slam_eig=[4.588e1,4.584e1,6.523e0,6.311e0,5.673e0,4.426e0,2.781e0,1.281e0,3.811e-1,4.140e-2,2.444e-3,0.000e0]
[INFO] [STAGE] reml_laml cost_only_done k=2 ext_dim=0 dim=12 elapsed=0.000s
[INFO] [HGB] small-sample fallback to defaults: pairs=0, threshold=3
[INFO] [CERTIFICATE] standard REML: the objective published no criterion resolution; using the last-bit floor 1.357e-13 of the value alone (#2812)
[INFO] [CERTIFICATE-BOUND] standard REML: fidelity=Screening, rho=[-6.014242137825315, 4.1889579010483775], bound 5.960464e-6 set by solver-band (derived_standard=false, |Pg|=1.051316e-6, |g|=1.051316e-6, solver_band=5.960464e-6, cost=-6.101091e2)
[INFO] [CERTIFICATE] standard REML: gradient |g|=1.051e-6 |Pg|=1.051e-6 bound=5.960e-6 (rung=solver-band derived_standard=false) hessian_psd=not-spent curvature_source=screening-not-spent railed=[] → stationary
[INFO] [reml-geometry] dense_spectral reason=design_not_sparse p=12 nnz_x=na nnz_h_est=na density_h_est=na threshold=0.1000
[INFO] [STAGE] PIRLS row-chunk generation chunks=1 n=400 p=12 nnz=4800 elapsed=0.000s
[INFO] [STAGE] inner pirls solve iters=1 status=Converged max_eta=0.2 jeffreys_logdet=none rows=full(derivative-request) elapsed=0.000s
[INFO] [STAGE] logdet S rho_dim=2 penalty_rank=11 elapsed=0.000s
[INFO] [#1271-diag] path=orig p=12 penalty_rank=11 nullspace_dim=1 rss=13.998849 pen=1.558293 Dp=15.557142 pirls_edf=6.7117 logS=18.951516 logH=42.225661 half_diff=11.637072 h_above1=12 h_min=1.026e1 h_max=4.000e2 rho=[4.4124,5.0037] lambda=[8.247e1,1.490e2]
  H_eig=[4.000e2,1.719e2,6.217e1,6.000e1,3.325e1,3.063e1,2.200e1,1.908e1,1.374e1,1.311e1,1.076e1,1.026e1]
  Slam_eig=[1.490e2,5.737e1,5.732e1,8.157e0,7.891e0,7.093e0,5.534e0,3.478e0,1.601e0,4.765e-1,5.177e-2,0.000e0]
[INFO] [STAGE] reml_laml cost_only_done k=2 ext_dim=0 dim=12 elapsed=0.000s
[INFO] [OUTER hessian-route] choice=dense reason=below_crossover n=400 p=12 k=2 callback_kernel=false subspace_trace=false scale_prefers_operator=false dense_workspace_bytes=8064
[INFO] [OUTER hessian-elapsed] choice=dense reason=below_crossover n=400 p=12 k=2 elapsed=0.000s
[INFO] [HGB] small-sample fallback to defaults: pairs=0, threshold=3
[INFO] [OUTER schedule] inner-PIRLS cap transition (ARC bridge) arc_iter=5 g_ratio=n/a last_iters=1 converged=true ift_residual=n/a accept_rho=n/a prev=0 new=3 (capped)
[INFO] [STAGE] outer eval start order=ValueGradientHessian dim=2
[INFO] [reml-geometry] dense_spectral reason=design_not_sparse p=12 nnz_x=na nnz_h_est=na density_h_est=na threshold=0.1000
[INFO] [IFT-REJECTED] reason=large_drho max_drho=1.684e1 cap=2.000e0 drho_dim=2
[INFO] [STAGE] PIRLS row-chunk generation chunks=1 n=400 p=12 nnz=4800 elapsed=0.000s
[INFO] [STAGE] inner pirls solve iters=1 status=Converged max_eta=0.6 jeffreys_logdet=none rows=full(derivative-request) elapsed=0.000s
[INFO] [STAGE] logdet S rho_dim=2 penalty_rank=11 elapsed=0.000s
[INFO] [#1271-diag] path=orig p=12 penalty_rank=11 nullspace_dim=1 rss=0.996838 pen=0.019606 Dp=1.016443 pirls_edf=7.2173 logS=5.281262 logH=41.322887 half_diff=18.020812 h_above1=12 h_min=1.003e1 h_max=4.000e2 rho=[4.7298,-11.8412] lambda=[1.133e2,7.201e-6]
  H_eig=[4.000e2,8.353e1,8.139e1,4.019e1,3.272e1,2.574e1,2.097e1,1.752e1,1.550e1,1.384e1,1.214e1,1.003e1]
  Slam_eig=[7.879e1,7.873e1,1.120e1,1.084e1,9.742e0,7.601e0,4.777e0,2.199e0,6.544e-1,7.111e-2,7.201e-6,0.000e0]
[INFO] [STAGE] reml_laml cost_only_done k=2 ext_dim=0 dim=12 elapsed=0.000s
[INFO] [OUTER hessian-route] choice=dense reason=below_crossover n=400 p=12 k=2 callback_kernel=false subspace_trace=false scale_prefers_operator=false dense_workspace_bytes=8064
[INFO] [OUTER hessian-elapsed] choice=dense reason=below_crossover n=400 p=12 k=2 elapsed=0.000s
[INFO] [HGB] small-sample fallback to defaults: pairs=0, threshold=3
[INFO] [STAGE] outer eval end order=ValueGradientHessian elapsed=0.001s cost=-6.073668e2 |g|=1.334e0
[INFO] [OUTER] eval#1 (hess) cost=-6.073668e2 |g|=1.334e0 rho=[-11.841,4.730]
[INFO] [STAGE] outer eval start order=ValueGradientHessian dim=2
[INFO] [reml-geometry] dense_spectral reason=design_not_sparse p=12 nnz_x=na nnz_h_est=na density_h_est=na threshold=0.1000
[INFO] [IFT-CACHE] outcome=mode_response_hit drho_dim=2 p=12
[INFO] [STAGE] PIRLS row-chunk generation chunks=1 n=400 p=12 nnz=4800 elapsed=0.000s
[INFO] [STAGE] inner pirls solve iters=1 status=Converged max_eta=0.6 jeffreys_logdet=none rows=full(derivative-request) elapsed=0.000s
[INFO] [IFT-QUALITY] quality=2.474e-4 ift=2.000e0 pred_residual=5.057e-4 cap_predicted=3.000e0 iters=1
[INFO] [STAGE] logdet S rho_dim=2 penalty_rank=11 elapsed=0.000s
[INFO] [#1271-diag] path=orig p=12 penalty_rank=11 nullspace_dim=1 rss=0.993545 pen=0.016209 Dp=1.009753 pirls_edf=7.6681 logS=2.113118 logH=39.613586 half_diff=18.750234 h_above1=12 h_min=9.273e0 h_max=4.000e2 rho=[4.3547,-11.2582] lambda=[7.784e1,1.290e-5]
  H_eig=[4.000e2,5.904e1,5.681e1,3.998e1,3.208e1,2.436e1,1.898e1,1.499e1,1.283e1,1.088e1,1.036e1,9.273e0]
  Slam_eig=[5.415e1,5.411e1,7.699e0,7.449e0,6.695e0,5.224e0,3.283e0,1.511e0,4.497e-1,4.887e-2,1.290e-5,0.000e0]
[INFO] [STAGE] reml_laml cost_only_done k=2 ext_dim=0 dim=12 elapsed=0.000s
[INFO] [OUTER hessian-route] choice=dense reason=below_crossover n=400 p=12 k=2 callback_kernel=false subspace_trace=false scale_prefers_operator=false dense_workspace_bytes=8064
[INFO] [OUTER hessian-elapsed] choice=dense reason=below_crossover n=400 p=12 k=2 elapsed=0.000s
[INFO] [HGB] small-sample fallback to defaults: pairs=1, threshold=3
[INFO] [STAGE] outer eval end order=ValueGradientHessian elapsed=0.002s cost=-6.079547e2 |g|=6.170e-1
[INFO] [OUTER] eval#2 (hess) cost=-6.079547e2 |g|=6.170e-1 rho=[-11.258,4.355]
[INFO] [STAGE] outer eval start order=ValueGradientHessian dim=2
[INFO] [reml-geometry] dense_spectral reason=design_not_sparse p=12 nnz_x=na nnz_h_est=na density_h_est=na threshold=0.1000
[INFO] [IFT-CACHE] outcome=mode_response_hit drho_dim=2 p=12
[INFO] [STAGE] PIRLS row-chunk generation chunks=1 n=400 p=12 nnz=4800 elapsed=0.000s
[INFO] [STAGE] inner pirls solve iters=1 status=Converged max_eta=0.6 jeffreys_logdet=none rows=full(derivative-request) elapsed=0.000s
[INFO] [IFT-QUALITY] quality=3.798e-5 ift=3.000e0 pred_residual=7.765e-5 cap_predicted=4.500e0 iters=1
[INFO] [STAGE] logdet S rho_dim=2 penalty_rank=11 elapsed=0.000s
[INFO] [#1271-diag] path=orig p=12 penalty_rank=11 nullspace_dim=1 rss=0.992447 pen=0.015082 Dp=1.007529 pirls_edf=7.8433 logS=2.292681 logH=38.993183 half_diff=18.350251 h_above1=12 h_min=8.773e0 h_max=4.000e2 rho=[4.2085,-9.6162] lambda=[6.726e1,6.664e-5]
  H_eig=[4.000e2,5.177e1,4.950e1,3.990e1,3.189e1,2.395e1,1.841e1,1.431e1,1.216e1,1.022e1,9.586e0,8.773e0]
  Slam_eig=[4.678e1,4.675e1,6.652e0,6.436e0,5.785e0,4.513e0,2.836e0,1.306e0,3.886e-1,4.222e-2,6.664e-5,0.000e0]
[INFO] [STAGE] reml_laml cost_only_done k=2 ext_dim=0 dim=12 elapsed=0.000s
[INFO] [OUTER hessian-route] choice=dense reason=below_crossover n=400 p=12 k=2 callback_kernel=false subspace_trace=false scale_prefers_operator=false dense_workspace_bytes=8064
[INFO] [OUTER hessian-elapsed] choice=dense reason=below_crossover n=400 p=12 k=2 elapsed=0.000s
[INFO] [HGB] small-sample fallback to defaults: pairs=1, threshold=3
[INFO] [STAGE] outer eval end order=ValueGradientHessian elapsed=0.002s cost=-6.087947e2 |g|=4.889e-1
[INFO] [OUTER] eval#3 (hess) cost=-6.087947e2 |g|=4.889e-1 rho=[-9.616,4.209]
[INFO] [STAGE] outer eval start order=ValueGradientHessian dim=2
[INFO] [reml-geometry] dense_spectral reason=design_not_sparse p=12 nnz_x=na nnz_h_est=na density_h_est=na threshold=0.1000
[INFO] [IFT-CACHE] outcome=mode_response_hit drho_dim=2 p=12
[INFO] [STAGE] PIRLS row-chunk generation chunks=1 n=400 p=12 nnz=4800 elapsed=0.000s
[INFO] [STAGE] inner pirls solve iters=1 status=Converged max_eta=0.6 jeffreys_logdet=none rows=full(derivative-request) elapsed=0.000s
[INFO] [IFT-QUALITY] quality=2.021e-5 ift=4.500e0 pred_residual=4.131e-5 cap_predicted=6.750e0 iters=1
[INFO] [STAGE] logdet S rho_dim=2 penalty_rank=11 elapsed=0.000s
[INFO] [#1271-diag] path=orig p=12 penalty_rank=11 nullspace_dim=1 rss=0.992293 pen=0.015640 Dp=1.007934 pirls_edf=7.8697 logS=4.525849 logH=38.901808 half_diff=17.187980 h_above1=12 h_min=8.684e0 h_max=4.000e2 rho=[4.1865,-7.1623] lambda=[6.579e1,7.753e-4]
  H_eig=[4.000e2,5.076e1,4.849e1,3.988e1,3.186e1,2.389e1,1.834e1,1.422e1,1.207e1,1.014e1,9.477e0,8.684e0]
  Slam_eig=[4.576e1,4.573e1,6.507e0,6.295e0,5.659e0,4.415e0,2.774e0,1.277e0,3.801e-1,4.130e-2,7.753e-4,0.000e0]
[INFO] [STAGE] reml_laml cost_only_done k=2 ext_dim=0 dim=12 elapsed=0.000s
[INFO] [OUTER hessian-route] choice=dense reason=below_crossover n=400 p=12 k=2 callback_kernel=false subspace_trace=false scale_prefers_operator=false dense_workspace_bytes=8064
[INFO] [OUTER hessian-elapsed] choice=dense reason=below_crossover n=400 p=12 k=2 elapsed=0.000s
[INFO] [HGB] small-sample fallback to defaults: pairs=1, threshold=3
[INFO] [STAGE] outer eval end order=ValueGradientHessian elapsed=0.002s cost=-6.098768e2 |g|=3.411e-1
[INFO] [OUTER] eval#4 (hess) cost=-6.098768e2 |g|=3.411e-1 rho=[-7.162,4.186]
[INFO] [STAGE] outer eval start order=ValueGradientHessian dim=2
[INFO] [reml-geometry] dense_spectral reason=design_not_sparse p=12 nnz_x=na nnz_h_est=na density_h_est=na threshold=0.1000
[INFO] [IFT-CACHE] outcome=mode_response_hit drho_dim=2 p=12
[INFO] [STAGE] PIRLS row-chunk generation chunks=1 n=400 p=12 nnz=4800 elapsed=0.000s
[INFO] [STAGE] inner pirls solve iters=1 status=Converged max_eta=0.6 jeffreys_logdet=none rows=full(derivative-request) elapsed=0.000s
[INFO] [IFT-QUALITY] quality=1.503e-4 ift=6.750e0 pred_residual=3.073e-4 cap_predicted=1.012e1 iters=1
[INFO] [STAGE] logdet S rho_dim=2 penalty_rank=11 elapsed=0.000s
[INFO] [#1271-diag] path=orig p=12 penalty_rank=11 nullspace_dim=1 rss=0.992351 pen=0.021638 Dp=1.013989 pirls_edf=7.8663 logS=6.690571 logH=38.912452 half_diff=16.110940 h_above1=12 h_min=8.694e0 h_max=4.000e2 rho=[4.1889,-5.0224] lambda=[6.595e1,6.589e-3]
  H_eig=[4.000e2,5.087e1,4.860e1,3.989e1,3.186e1,2.390e1,1.834e1,1.423e1,1.208e1,1.015e1,9.489e0,8.694e0]
  Slam_eig=[4.588e1,4.584e1,6.523e0,6.311e0,5.673e0,4.426e0,2.781e0,1.281e0,3.811e-1,4.140e-2,6.589e-3,0.000e0]
[INFO] [STAGE] reml_laml cost_only_done k=2 ext_dim=0 dim=12 elapsed=0.000s
[INFO] [OUTER hessian-route] choice=dense reason=below_crossover n=400 p=12 k=2 callback_kernel=false subspace_trace=false scale_prefers_operator=false dense_workspace_bytes=8064
[INFO] [OUTER hessian-elapsed] choice=dense reason=below_crossover n=400 p=12 k=2 elapsed=0.000s
[INFO] [HGB] small-sample fallback to defaults: pairs=1, threshold=3
[INFO] [STAGE] outer eval end order=ValueGradientHessian elapsed=0.002s cost=-6.097590e2 |g|=8.419e-1
[INFO] [OUTER] eval#5 (hess) cost=-6.097590e2 |g|=8.419e-1 rho=[-5.022,4.189]
[INFO] [STAGE] outer eval start order=ValueGradientHessian dim=2
[INFO] [reml-geometry] dense_spectral reason=design_not_sparse p=12 nnz_x=na nnz_h_est=na density_h_est=na threshold=0.1000
[INFO] [IFT-CACHE] outcome=mode_response_hit drho_dim=2 p=12
[INFO] [STAGE] PIRLS row-chunk generation chunks=1 n=400 p=12 nnz=4800 elapsed=0.000s
[INFO] [pirls-path] repeated path=dense_transformed reason=design_not_sparse count=16 (suppressing identical decisions)
[INFO] [STAGE] inner pirls solve iters=1 status=Converged max_eta=0.6 jeffreys_logdet=none rows=full(derivative-request) elapsed=0.000s
[INFO] [IFT-QUALITY] quality=7.248e-9 ift=1.012e1 pred_residual=1.482e-8 cap_predicted=1.519e1 iters=1
[INFO] [STAGE] logdet S rho_dim=2 penalty_rank=11 elapsed=0.000s
[INFO] [#1271-diag] path=orig p=12 penalty_rank=11 nullspace_dim=1 rss=0.992350 pen=0.021585 Dp=1.013936 pirls_edf=7.8663 logS=6.682627 logH=38.912394 half_diff=16.114884 h_above1=12 h_min=8.694e0 h_max=4.000e2 rho=[4.1889,-5.0302] lambda=[6.595e1,6.538e-3]
  H_eig=[4.000e2,5.087e1,4.860e1,3.989e1,3.186e1,2.390e1,1.834e1,1.423e1,1.208e1,1.015e1,9.489e0,8.694e0]
  Slam_eig=[4.588e1,4.584e1,6.523e0,6.311e0,5.673e0,4.426e0,2.781e0,1.281e0,3.810e-1,4.140e-2,6.538e-3,0.000e0]
[INFO] [STAGE] reml_laml cost_only_done k=2 ext_dim=0 dim=12 elapsed=0.000s
[INFO] [OUTER hessian-route] choice=dense reason=below_crossover n=400 p=12 k=2 callback_kernel=false subspace_trace=false scale_prefers_operator=false dense_workspace_bytes=8064
[INFO] [OUTER hessian-elapsed] choice=dense reason=below_crossover n=400 p=12 k=2 elapsed=0.000s
[INFO] [HGB] small-sample fallback to defaults: pairs=2, threshold=3
[INFO] [STAGE] outer eval end order=ValueGradientHessian elapsed=0.002s cost=-6.097655e2 |g|=8.315e-1
[INFO] [OUTER] eval#6 (hess) cost=-6.097655e2 |g|=8.315e-1 rho=[-5.030,4.189]
[INFO] [STAGE] outer eval start order=ValueGradientHessian dim=2
[INFO] [reml-geometry] dense_spectral reason=design_not_sparse p=12 nnz_x=na nnz_h_est=na density_h_est=na threshold=0.1000
[INFO] [IFT-CACHE] outcome=mode_response_hit drho_dim=2 p=12
[INFO] [STAGE] PIRLS row-chunk generation chunks=1 n=400 p=12 nnz=4800 elapsed=0.000s
[INFO] [STAGE] inner pirls solve iters=1 status=Converged max_eta=0.6 jeffreys_logdet=none rows=full(derivative-request) elapsed=0.000s
[INFO] [IFT-QUALITY] quality=2.807e-8 ift=1.519e1 pred_residual=5.739e-8 cap_predicted=2.278e1 iters=1
[INFO] [STAGE] logdet S rho_dim=2 penalty_rank=11 elapsed=0.000s
[INFO] [#1271-diag] path=orig p=12 penalty_rank=11 nullspace_dim=1 rss=0.992349 pen=0.021482 Dp=1.013831 pirls_edf=7.8664 logS=6.666913 logH=38.912281 half_diff=16.122684 h_above1=12 h_min=8.694e0 h_max=4.000e2 rho=[4.1889,-5.0457] lambda=[6.595e1,6.437e-3]
  H_eig=[4.000e2,5.087e1,4.860e1,3.989e1,3.186e1,2.390e1,1.834e1,1.423e1,1.208e1,1.015e1,9.489e0,8.694e0]
  Slam_eig=[4.588e1,4.584e1,6.523e0,6.311e0,5.672e0,4.426e0,2.781e0,1.281e0,3.810e-1,4.140e-2,6.437e-3,0.000e0]
[INFO] [STAGE] reml_laml cost_only_done k=2 ext_dim=0 dim=12 elapsed=0.000s
[INFO] [OUTER hessian-route] choice=dense reason=below_crossover n=400 p=12 k=2 callback_kernel=false subspace_trace=false scale_prefers_operator=false dense_workspace_bytes=8064
[INFO] [OUTER hessian-elapsed] choice=dense reason=below_crossover n=400 p=12 k=2 elapsed=0.000s
[INFO] [STAGE] outer eval end order=ValueGradientHessian elapsed=0.002s cost=-6.097782e2 |g|=8.112e-1
[INFO] [OUTER] eval#7 (hess) cost=-6.097782e2 |g|=8.112e-1 rho=[-5.046,4.189]
[INFO] [OUTER] ARC finite cost stall deferred to exact second-order convergence: REML objective improved < 1.000e-7 (relative) over 3 consecutive outer steps and the stored best projected gradient is small (|g|=3.411e-1; bound 6.109e-1 set by score-relative; terms: solver-band 1.000e-3, score-relative 6.109e-1, probe-noise 5.931e-3 (sigma=1.269e-2 / delta=2.140e0)), but only ARC owns the synchronized reduced-Hessian certificate (value=-6.098768e2).
[INFO] [STAGE] outer eval start order=ValueGradientHessian dim=2
[INFO] [reml-geometry] dense_spectral reason=design_not_sparse p=12 nnz_x=na nnz_h_est=na density_h_est=na threshold=0.1000
[INFO] [IFT-CACHE] outcome=mode_response_hit drho_dim=2 p=12
[INFO] [STAGE] PIRLS row-chunk generation chunks=1 n=400 p=12 nnz=4800 elapsed=0.000s
[INFO] [STAGE] inner pirls solve iters=1 status=Converged max_eta=0.6 jeffreys_logdet=none rows=full(derivative-request) elapsed=0.000s
[INFO] [IFT-QUALITY] quality=1.054e-7 ift=2.278e1 pred_residual=2.154e-7 cap_predicted=3.417e1 iters=1
[INFO] [STAGE] logdet S rho_dim=2 penalty_rank=11 elapsed=0.000s
[INFO] [#1271-diag] path=orig p=12 penalty_rank=11 nullspace_dim=1 rss=0.992348 pen=0.021284 Dp=1.013632 pirls_edf=7.8665 logS=6.636157 logH=38.912058 half_diff=16.137951 h_above1=12 h_min=8.694e0 h_max=4.000e2 rho=[4.1889,-5.0759] lambda=[6.595e1,6.245e-3]
  H_eig=[4.000e2,5.087e1,4.860e1,3.989e1,3.186e1,2.390e1,1.834e1,1.423e1,1.208e1,1.015e1,9.489e0,8.694e0]
  Slam_eig=[4.587e1,4.584e1,6.522e0,6.310e0,5.672e0,4.426e0,2.781e0,1.280e0,3.810e-1,4.140e-2,6.245e-3,0.000e0]
[INFO] [STAGE] reml_laml cost_only_done k=2 ext_dim=0 dim=12 elapsed=0.000s
[INFO] [OUTER hessian-route] choice=dense reason=below_crossover n=400 p=12 k=2 callback_kernel=false subspace_trace=false scale_prefers_operator=false dense_workspace_bytes=8064
[INFO] [OUTER hessian-elapsed] choice=dense reason=below_crossover n=400 p=12 k=2 elapsed=0.000s
[INFO] [STAGE] outer eval end order=ValueGradientHessian elapsed=0.002s cost=-6.098021e2 |g|=7.725e-1
[INFO] [OUTER] eval#8 (hess) cost=-6.098021e2 |g|=7.725e-1 rho=[-5.076,4.189]
[INFO] [STAGE] outer eval start order=ValueGradientHessian dim=2
[INFO] [reml-geometry] dense_spectral reason=design_not_sparse p=12 nnz_x=na nnz_h_est=na density_h_est=na threshold=0.1000
[INFO] [IFT-CACHE] outcome=mode_response_hit drho_dim=2 p=12
[INFO] [STAGE] PIRLS row-chunk generation chunks=1 n=400 p=12 nnz=4800 elapsed=0.000s
[INFO] [STAGE] inner pirls solve iters=1 status=Converged max_eta=0.6 jeffreys_logdet=none rows=full(derivative-request) elapsed=0.000s
[INFO] [IFT-QUALITY] quality=3.721e-7 ift=3.417e1 pred_residual=7.607e-7 cap_predicted=5.126e1 iters=1
[INFO] [STAGE] logdet S rho_dim=2 penalty_rank=11 elapsed=0.000s
[INFO] [#1271-diag] path=orig p=12 penalty_rank=11 nullspace_dim=1 rss=0.992344 pen=0.020922 Dp=1.013267 pirls_edf=7.8666 logS=6.577211 logH=38.911634 half_diff=16.167211 h_above1=12 h_min=8.694e0 h_max=4.000e2 rho=[4.1888,-5.1339] lambda=[6.594e1,5.894e-3]
  H_eig=[4.000e2,5.086e1,4.859e1,3.989e1,3.186e1,2.390e1,1.834e1,1.423e1,1.208e1,1.015e1,9.488e0,8.694e0]
  Slam_eig=[4.587e1,4.583e1,6.522e0,6.310e0,5.672e0,4.425e0,2.781e0,1.280e0,3.810e-1,4.140e-2,5.894e-3,0.000e0]
[INFO] [STAGE] reml_laml cost_only_done k=2 ext_dim=0 dim=12 elapsed=0.000s
[INFO] [OUTER hessian-route] choice=dense reason=below_crossover n=400 p=12 k=2 callback_kernel=false subspace_trace=false scale_prefers_operator=false dense_workspace_bytes=8064
[INFO] [OUTER hessian-elapsed] choice=dense reason=below_crossover n=400 p=12 k=2 elapsed=0.000s
[INFO] [HGB] engage after 10 iters (max warmup reached)
[INFO] [HGB] target_mse=5.967e-3 s_i=1.000e0 s_l=1.000e0 s_t=1.000e0 eps²_i=1.989e-3 eps²_l=1.989e-3 eps²_t=1.989e-3 τ=1.000e-10 rtol=4.460e-2 k=0 floor_active=[]
[INFO] [STAGE] outer eval end order=ValueGradientHessian elapsed=0.002s cost=-6.098448e2 |g|=7.013e-1
[INFO] [OUTER] eval#9 (hess) cost=-6.098448e2 |g|=7.013e-1 rho=[-5.134,4.189]
[INFO] [STAGE] outer eval start order=ValueGradientHessian dim=2
[INFO] [reml-geometry] dense_spectral reason=design_not_sparse p=12 nnz_x=na nnz_h_est=na density_h_est=na threshold=0.1000
[INFO] [IFT-CACHE] outcome=mode_response_hit drho_dim=2 p=12
[INFO] [STAGE] PIRLS row-chunk generation chunks=1 n=400 p=12 nnz=4800 elapsed=0.000s
[INFO] [STAGE] inner pirls solve iters=1 status=Converged max_eta=0.6 jeffreys_logdet=none rows=full(derivative-request) elapsed=0.000s
[INFO] [IFT-QUALITY] quality=1.173e-6 ift=5.126e1 pred_residual=2.397e-6 cap_predicted=7.689e1 iters=1
[INFO] [STAGE] logdet S rho_dim=2 penalty_rank=11 elapsed=0.000s
[INFO] [#1271-diag] path=orig p=12 penalty_rank=11 nullspace_dim=1 rss=0.992339 pen=0.020307 Dp=1.012646 pirls_edf=7.8668 logS=6.468633 logH=38.910857 half_diff=16.221112 h_above1=12 h_min=8.693e0 h_max=4.000e2 rho=[4.1886,-5.2407] lambda=[6.593e1,5.297e-3]
  H_eig=[4.000e2,5.086e1,4.858e1,3.989e1,3.186e1,2.390e1,1.834e1,1.423e1,1.208e1,1.015e1,9.488e0,8.693e0]
  Slam_eig=[4.586e1,4.582e1,6.521e0,6.309e0,5.671e0,4.424e0,2.780e0,1.280e0,3.809e-1,4.139e-2,5.297e-3,0.000e0]
[INFO] [STAGE] reml_laml cost_only_done k=2 ext_dim=0 dim=12 elapsed=0.000s
[INFO] [OUTER hessian-route] choice=dense reason=below_crossover n=400 p=12 k=2 callback_kernel=false subspace_trace=false scale_prefers_operator=false dense_workspace_bytes=8064
[INFO] [OUTER hessian-elapsed] choice=dense reason=below_crossover n=400 p=12 k=2 elapsed=0.000s
[INFO] [HGB] target_mse=4.918e-3 s_i=1.000e0 s_l=1.000e0 s_t=1.000e0 eps²_i=1.639e-3 eps²_l=1.639e-3 eps²_t=1.639e-3 τ=1.000e-10 rtol=4.049e-2 k=0 floor_active=[]
[INFO] [STAGE] outer eval end order=ValueGradientHessian elapsed=0.002s cost=-6.099131e2 |g|=5.803e-1
[INFO] [OUTER] eval#10 (hess) cost=-6.099131e2 |g|=5.803e-1 rho=[-5.241,4.189]
[INFO] [STAGE] outer eval start order=ValueGradientHessian dim=2
[INFO] [reml-geometry] dense_spectral reason=design_not_sparse p=12 nnz_x=na nnz_h_est=na density_h_est=na threshold=0.1000
[INFO] [IFT-CACHE] outcome=mode_response_hit drho_dim=2 p=12
[INFO] [STAGE] PIRLS row-chunk generation chunks=1 n=400 p=12 nnz=4800 elapsed=0.000s
[INFO] [STAGE] inner pirls solve iters=1 status=Converged max_eta=0.6 jeffreys_logdet=none rows=full(derivative-request) elapsed=0.000s
[INFO] [IFT-QUALITY] quality=2.259e-5 ift=7.689e1 pred_residual=4.619e-5 cap_predicted=1.153e2 iters=1
[INFO] [STAGE] logdet S rho_dim=2 penalty_rank=11 elapsed=0.000s
[INFO] [#1271-diag] path=orig p=12 penalty_rank=11 nullspace_dim=1 rss=0.992328 pen=0.018076 Dp=1.010403 pirls_edf=7.8664 logS=5.945298 logH=38.912814 half_diff=16.483758 h_above1=12 h_min=8.695e0 h_max=4.000e2 rho=[4.1891,-5.7691] lambda=[6.596e1,3.123e-3]
  H_eig=[4.000e2,5.088e1,4.861e1,3.988e1,3.186e1,2.390e1,1.834e1,1.423e1,1.208e1,1.015e1,9.490e0,8.695e0]
  Slam_eig=[4.588e1,4.585e1,6.524e0,6.312e0,5.673e0,4.427e0,2.782e0,1.281e0,3.811e-1,4.141e-2,3.123e-3,0.000e0]
[INFO] [STAGE] reml_laml cost_only_done k=2 ext_dim=0 dim=12 elapsed=0.000s
[INFO] [OUTER hessian-route] choice=dense reason=below_crossover n=400 p=12 k=2 callback_kernel=false subspace_trace=false scale_prefers_operator=false dense_workspace_bytes=8064
[INFO] [OUTER hessian-elapsed] choice=dense reason=below_crossover n=400 p=12 k=2 elapsed=0.000s
[INFO] [HGB] target_mse=3.368e-3 s_i=1.000e0 s_l=1.000e0 s_t=1.000e0 eps²_i=1.123e-3 eps²_l=1.123e-3 eps²_t=1.123e-3 τ=1.000e-10 rtol=3.351e-2 k=0 floor_active=[]
[INFO] [STAGE] outer eval end order=ValueGradientHessian elapsed=0.002s cost=-6.100929e2 |g|=1.384e-1
[INFO] [OUTER] eval#11 (hess) cost=-6.100929e2 |g|=1.384e-1 rho=[-5.769,4.189]
[INFO] [STAGE] outer eval start order=ValueGradientHessian dim=2
[INFO] [reml-geometry] dense_spectral reason=design_not_sparse p=12 nnz_x=na nnz_h_est=na density_h_est=na threshold=0.1000
[INFO] [IFT-CACHE] outcome=mode_response_hit drho_dim=2 p=12
[INFO] [STAGE] PIRLS row-chunk generation chunks=1 n=400 p=12 nnz=4800 elapsed=0.000s
[INFO] [STAGE] inner pirls solve iters=1 status=Converged max_eta=0.6 jeffreys_logdet=none rows=full(derivative-request) elapsed=0.000s
[INFO] [IFT-QUALITY] quality=2.481e-6 ift=1.153e2 pred_residual=5.073e-6 cap_predicted=1.730e2 iters=1
[INFO] [STAGE] logdet S rho_dim=2 penalty_rank=11 elapsed=0.000s
[INFO] [#1271-diag] path=orig p=12 penalty_rank=11 nullspace_dim=1 rss=0.992323 pen=0.017448 Dp=1.009770 pirls_edf=7.8666 logS=5.726883 logH=38.912268 half_diff=16.592693 h_above1=12 h_min=8.694e0 h_max=4.000e2 rho=[4.1890,-5.9863] lambda=[6.595e1,2.513e-3]
  H_eig=[4.000e2,5.087e1,4.860e1,3.988e1,3.186e1,2.390e1,1.834e1,1.423e1,1.208e1,1.015e1,9.489e0,8.694e0]
  Slam_eig=[4.588e1,4.584e1,6.523e0,6.311e0,5.673e0,4.426e0,2.781e0,1.281e0,3.811e-1,4.140e-2,2.513e-3,0.000e0]
[INFO] [STAGE] reml_laml cost_only_done k=2 ext_dim=0 dim=12 elapsed=0.000s
[INFO] [OUTER hessian-route] choice=dense reason=below_crossover n=400 p=12 k=2 callback_kernel=false subspace_trace=false scale_prefers_operator=false dense_workspace_bytes=8064
[INFO] [OUTER hessian-elapsed] choice=dense reason=below_crossover n=400 p=12 k=2 elapsed=0.000s
[INFO] [HGB] target_mse=1.917e-4 s_i=1.000e0 s_l=1.000e0 s_t=1.000e0 eps²_i=6.389e-5 eps²_l=6.389e-5 eps²_t=6.389e-5 τ=1.000e-10 rtol=7.993e-3 k=0 floor_active=[]
[INFO] [STAGE] outer eval end order=ValueGradientHessian elapsed=0.002s cost=-6.101089e2 |g|=1.415e-2
[INFO] [OUTER] eval#12 (hess) cost=-6.101089e2 |g|=1.415e-2 rho=[-5.986,4.189]
[INFO] [STAGE] outer eval start order=ValueGradientHessian dim=2
[INFO] [reml-geometry] dense_spectral reason=design_not_sparse p=12 nnz_x=na nnz_h_est=na density_h_est=na threshold=0.1000
[INFO] [IFT-CACHE] outcome=mode_response_hit drho_dim=2 p=12
[INFO] [STAGE] PIRLS row-chunk generation chunks=1 n=400 p=12 nnz=4800 elapsed=0.000s
[INFO] [STAGE] inner pirls solve iters=1 status=Converged max_eta=0.6 jeffreys_logdet=none rows=full(derivative-request) elapsed=0.000s
[INFO] [IFT-QUALITY] quality=3.428e-8 ift=1.730e2 pred_residual=7.010e-8 cap_predicted=2.595e2 iters=1
[INFO] [STAGE] logdet S rho_dim=2 penalty_rank=11 elapsed=0.000s
[INFO] [#1271-diag] path=orig p=12 penalty_rank=11 nullspace_dim=1 rss=0.992322 pen=0.017377 Dp=1.009699 pirls_edf=7.8666 logS=5.699268 logH=38.912253 half_diff=16.606493 h_above1=12 h_min=8.694e0 h_max=4.000e2 rho=[4.1890,-6.0139] lambda=[6.595e1,2.445e-3]
  H_eig=[4.000e2,5.087e1,4.860e1,3.988e1,3.186e1,2.390e1,1.834e1,1.423e1,1.208e1,1.015e1,9.489e0,8.694e0]
  Slam_eig=[4.588e1,4.584e1,6.523e0,6.311e0,5.673e0,4.426e0,2.781e0,1.281e0,3.811e-1,4.140e-2,2.445e-3,0.000e0]
[INFO] [STAGE] reml_laml cost_only_done k=2 ext_dim=0 dim=12 elapsed=0.000s
[INFO] [OUTER hessian-route] choice=dense reason=below_crossover n=400 p=12 k=2 callback_kernel=false subspace_trace=false scale_prefers_operator=false dense_workspace_bytes=8064
[INFO] [OUTER hessian-elapsed] choice=dense reason=below_crossover n=400 p=12 k=2 elapsed=0.000s
[INFO] [HGB] target_mse=2.002e-6 s_i=1.000e0 s_l=1.000e0 s_t=1.000e0 eps²_i=6.672e-7 eps²_l=6.672e-7 eps²_t=6.672e-7 τ=1.000e-10 rtol=8.168e-4 k=0 floor_active=[]
[INFO] [STAGE] outer eval end order=ValueGradientHessian elapsed=0.002s cost=-6.101091e2 |g|=1.933e-4
[INFO] [OUTER] eval#13 (hess) cost=-6.101091e2 |g|=1.933e-4 rho=[-6.014,4.189]
[INFO] [OUTER schedule] inner-PIRLS cap transition (ARC bridge) arc_iter=13 g_ratio=1.449e-4 last_iters=1 converged=true ift_residual=3.428e-8 accept_rho=n/a prev=3 new=0 (uncapped)
[INFO] [STAGE] outer eval start order=ValueGradientHessian dim=2
[INFO] [reml-geometry] dense_spectral reason=design_not_sparse p=12 nnz_x=na nnz_h_est=na density_h_est=na threshold=0.1000
[INFO] [IFT-CACHE] outcome=mode_response_hit drho_dim=2 p=12
[INFO] [STAGE] PIRLS row-chunk generation chunks=1 n=400 p=12 nnz=4800 elapsed=0.000s
[INFO] [STAGE] inner pirls solve iters=1 status=Converged max_eta=0.6 jeffreys_logdet=none rows=full(derivative-request) elapsed=0.000s
[INFO] [IFT-QUALITY] quality=6.639e-12 ift=2.595e2 pred_residual=1.357e-11 cap_predicted=3.892e2 iters=1
[INFO] [STAGE] logdet S rho_dim=2 penalty_rank=11 elapsed=0.000s
[INFO] [#1271-diag] path=orig p=12 penalty_rank=11 nullspace_dim=1 rss=0.992322 pen=0.017376 Dp=1.009698 pirls_edf=7.8666 logS=5.698880 logH=38.912253 half_diff=16.606687 h_above1=12 h_min=8.694e0 h_max=4.000e2 rho=[4.1890,-6.0142] lambda=[6.595e1,2.444e-3]
  H_eig=[4.000e2,5.087e1,4.860e1,3.988e1,3.186e1,2.390e1,1.834e1,1.423e1,1.208e1,1.015e1,9.489e0,8.694e0]
  Slam_eig=[4.588e1,4.584e1,6.523e0,6.311e0,5.673e0,4.426e0,2.781e0,1.281e0,3.811e-1,4.140e-2,2.444e-3,0.000e0]
[INFO] [STAGE] reml_laml cost_only_done k=2 ext_dim=0 dim=12 elapsed=0.000s
[INFO] [OUTER hessian-route] choice=dense reason=below_crossover n=400 p=12 k=2 callback_kernel=false subspace_trace=false scale_prefers_operator=false dense_workspace_bytes=8064
[INFO] [OUTER hessian-elapsed] choice=dense reason=below_crossover n=400 p=12 k=2 elapsed=0.000s
[INFO] [HGB] target_mse=3.737e-10 s_i=1.000e0 s_l=1.000e0 s_t=1.000e0 eps²_i=1.246e-10 eps²_l=1.246e-10 eps²_t=1.246e-10 τ=1.000e-10 rtol=1.116e-5 k=0 floor_active=[]
[INFO] [STAGE] outer eval end order=ValueGradientHessian elapsed=0.002s cost=-6.101091e2 |g|=3.741e-8
[INFO] [OUTER] eval#14 (hess) cost=-6.101091e2 |g|=3.741e-8 rho=[-6.014,4.189]
[INFO] [reml-geometry] dense_spectral reason=design_not_sparse p=12 nnz_x=na nnz_h_est=na density_h_est=na threshold=0.1000
[INFO] [STAGE] PIRLS row-chunk generation chunks=1 n=400 p=12 nnz=4800 elapsed=0.000s
[INFO] [STAGE] inner pirls solve iters=1 status=Converged max_eta=0.6 jeffreys_logdet=none rows=full(derivative-request) elapsed=0.000s
[INFO] [STAGE] logdet S rho_dim=2 penalty_rank=11 elapsed=0.000s
[INFO] [#1271-diag] path=orig p=12 penalty_rank=11 nullspace_dim=1 rss=0.992322 pen=0.017376 Dp=1.009698 pirls_edf=7.8666 logS=5.698880 logH=38.912253 half_diff=16.606687 h_above1=12 h_min=8.694e0 h_max=4.000e2 rho=[4.1890,-6.0142] lambda=[6.595e1,2.444e-3]
  H_eig=[4.000e2,5.087e1,4.860e1,3.988e1,3.186e1,2.390e1,1.834e1,1.423e1,1.208e1,1.015e1,9.489e0,8.694e0]
  Slam_eig=[4.588e1,4.584e1,6.523e0,6.311e0,5.673e0,4.426e0,2.781e0,1.281e0,3.811e-1,4.140e-2,2.444e-3,0.000e0]
[INFO] [STAGE] logdet S rho_dim=2 penalty_rank=11 elapsed=0.000s
[INFO] [#1271-diag] path=orig p=12 penalty_rank=11 nullspace_dim=1 rss=0.992322 pen=0.017376 Dp=1.009698 pirls_edf=7.8666 logS=5.698880 logH=38.912253 half_diff=16.606687 h_above1=12 h_min=8.694e0 h_max=4.000e2 rho=[4.1890,-6.0142] lambda=[6.595e1,2.444e-3]
  H_eig=[4.000e2,5.087e1,4.860e1,3.988e1,3.186e1,2.390e1,1.834e1,1.423e1,1.208e1,1.015e1,9.489e0,8.694e0]
  Slam_eig=[4.588e1,4.584e1,6.523e0,6.311e0,5.673e0,4.426e0,2.781e0,1.281e0,3.811e-1,4.140e-2,2.444e-3,0.000e0]
[INFO] [STAGE] reml_laml cost_only_done k=2 ext_dim=0 dim=12 elapsed=0.000s
[INFO] [HGB] small-sample fallback to defaults: pairs=0, threshold=3
[INFO] [CERTIFICATE] standard REML: the objective published no criterion resolution; using the last-bit floor 1.357e-13 of the value alone (#2812)
[INFO] [CERTIFICATE-BOUND] standard REML: fidelity=Screening, rho=[-6.014244170942887, 4.188957901043736], bound 5.960464e-6 set by solver-band (derived_standard=false, |Pg|=3.741144e-8, |g|=3.741144e-8, solver_band=5.960464e-6, cost=-6.101091e2)
[INFO] [CERTIFICATE] standard REML: gradient |g|=3.741e-8 |Pg|=3.741e-8 bound=5.960e-6 (rung=solver-band derived_standard=false) hessian_psd=not-spent curvature_source=screening-not-spent railed=[] → stationary
[INFO] [reml-geometry] dense_spectral reason=design_not_sparse p=12 nnz_x=na nnz_h_est=na density_h_est=na threshold=0.1000
[INFO] [STAGE] PIRLS row-chunk generation chunks=1 n=400 p=12 nnz=4800 elapsed=0.000s
[INFO] [STAGE] inner pirls solve iters=1 status=Converged max_eta=0.6 jeffreys_logdet=none rows=full(derivative-request) elapsed=0.000s
[INFO] [STAGE] logdet S rho_dim=2 penalty_rank=11 elapsed=0.000s
[INFO] [#1271-diag] path=orig p=12 penalty_rank=11 nullspace_dim=1 rss=1.033445 pen=0.921536 Dp=1.954981 pirls_edf=11.3879 logS=-30.176440 logH=30.275564 half_diff=30.226002 h_above1=12 h_min=1.814e0 h_max=4.000e2 rho=[0.0000,0.0000] lambda=[1.000e0,1.000e0]
  H_eig=[4.000e2,3.998e1,3.094e1,2.215e1,1.665e1,1.196e1,9.260e0,6.974e0,5.545e0,4.058e0,2.446e0,1.814e0]
  Slam_eig=[1.000e0,6.956e-1,6.951e-1,9.890e-2,9.569e-2,8.601e-2,6.711e-2,4.217e-2,1.942e-2,5.778e-3,6.278e-4,0.000e0]
[INFO] [STAGE] reml_laml cost_only_done k=2 ext_dim=0 dim=12 elapsed=0.000s
[INFO] [OUTER hessian-route] choice=dense reason=below_crossover n=400 p=12 k=2 callback_kernel=false subspace_trace=false scale_prefers_operator=false dense_workspace_bytes=8064
[INFO] [OUTER hessian-elapsed] choice=dense reason=below_crossover n=400 p=12 k=2 elapsed=0.000s
[INFO] [HGB] small-sample fallback to defaults: pairs=0, threshold=3
[INFO] [OUTER schedule] inner-PIRLS cap transition (ARC bridge) arc_iter=13 g_ratio=n/a last_iters=1 converged=true ift_residual=n/a accept_rho=n/a prev=0 new=3 (capped)
[INFO] [STAGE] outer eval start order=ValueGradientHessian dim=2
[INFO] [reml-geometry] dense_spectral reason=design_not_sparse p=12 nnz_x=na nnz_h_est=na density_h_est=na threshold=0.1000
[INFO] [IFT-REJECTED] reason=large_drho max_drho=2.260e0 cap=2.000e0 drho_dim=2
[INFO] [STAGE] PIRLS row-chunk generation chunks=1 n=400 p=12 nnz=4800 elapsed=0.000s
[INFO] [STAGE] inner pirls solve iters=1 status=Converged max_eta=0.6 jeffreys_logdet=none rows=full(derivative-request) elapsed=0.000s
[INFO] [STAGE] logdet S rho_dim=2 penalty_rank=11 elapsed=0.000s
[INFO] [#1271-diag] path=orig p=12 penalty_rank=11 nullspace_dim=1 rss=0.975863 pen=0.113336 Dp=1.089200 pirls_edf=10.8457 logS=-21.828135 logH=31.092975 half_diff=26.460555 h_above1=12 h_min=2.427e0 h_max=4.000e2 rho=[1.0608,-2.2599] lambda=[2.889e0,1.044e-1]
  H_eig=[4.000e2,3.970e1,3.096e1,2.206e1,1.678e1,1.177e1,9.322e0,7.251e0,6.132e0,4.803e0,3.079e0,2.427e0]
  Slam_eig=[2.009e0,2.008e0,2.857e-1,2.764e-1,2.485e-1,1.939e-1,1.218e-1,1.044e-1,5.609e-2,1.669e-2,1.813e-3,0.000e0]
[INFO] [STAGE] reml_laml cost_only_done k=2 ext_dim=0 dim=12 elapsed=0.000s
[INFO] [OUTER hessian-route] choice=dense reason=below_crossover n=400 p=12 k=2 callback_kernel=false subspace_trace=false scale_prefers_operator=false dense_workspace_bytes=8064
[INFO] [OUTER hessian-elapsed] choice=dense reason=below_crossover n=400 p=12 k=2 elapsed=0.000s
[INFO] [HGB] small-sample fallback to defaults: pairs=0, threshold=3
[INFO] [STAGE] outer eval end order=ValueGradientHessian elapsed=0.002s cost=-5.851348e2 |g|=1.948e1
[INFO] [OUTER] eval#1 (hess) cost=-5.851348e2 |g|=1.948e1 rho=[-2.260,1.061]
[INFO] [STAGE] outer eval start order=ValueGradientHessian dim=2
[INFO] [reml-geometry] dense_spectral reason=design_not_sparse p=12 nnz_x=na nnz_h_est=na density_h_est=na threshold=0.1000
[INFO] [IFT-REJECTED] reason=large_drho max_drho=3.498e0 cap=2.000e0 drho_dim=2
[INFO] [TANGENT-PREDICT] alpha=9.747e-1 cap=1.500e0 drho_step_norm_sq=6.075e0 drho_prev_norm_sq=6.232e0
[INFO] [STAGE] PIRLS row-chunk generation chunks=1 n=400 p=12 nnz=4800 elapsed=0.000s
[INFO] [STAGE] inner pirls solve iters=1 status=Converged max_eta=0.6 jeffreys_logdet=none rows=full(derivative-request) elapsed=0.000s
[INFO] [TANGENT-QUALITY] quality=3.938e-2 pred_residual=8.035e-2 iters=1
[INFO] [STAGE] logdet S rho_dim=2 penalty_rank=11 elapsed=0.000s
[INFO] [#1271-diag] path=orig p=12 penalty_rank=11 nullspace_dim=1 rss=0.995619 pen=0.055382 Dp=1.051001 pirls_edf=7.4207 logS=12.102224 logH=40.523670 half_diff=14.210723 h_above1=12 h_min=9.751e0 h_max=4.000e2 rho=[4.5585,-3.3061] lambda=[9.544e1,3.666e-2]
  H_eig=[4.000e2,7.119e1,6.901e1,4.010e1,3.240e1,2.504e1,1.995e1,1.620e1,1.409e1,1.226e1,1.142e1,9.751e0]
  Slam_eig=[6.639e1,6.634e1,9.439e0,9.133e0,8.209e0,6.405e0,4.025e0,1.853e0,5.514e-1,5.991e-2,3.666e-2,0.000e0]
[INFO] [STAGE] reml_laml cost_only_done k=2 ext_dim=0 dim=12 elapsed=0.000s
[INFO] [OUTER hessian-route] choice=dense reason=below_crossover n=400 p=12 k=2 callback_kernel=false subspace_trace=false scale_prefers_operator=false dense_workspace_bytes=8064
[INFO] [OUTER hessian-elapsed] choice=dense reason=below_crossover n=400 p=12 k=2 elapsed=0.000s
[INFO] [HGB] small-sample fallback to defaults: pairs=0, threshold=3
[INFO] [STAGE] outer eval end order=ValueGradientHessian elapsed=0.002s cost=-6.045068e2 |g|=6.687e0
[INFO] [OUTER] eval#2 (hess) cost=-6.045068e2 |g|=6.687e0 rho=[-3.306,4.558]
[INFO] [STAGE] outer eval start order=ValueGradientHessian dim=2
[INFO] [reml-geometry] dense_spectral reason=design_not_sparse p=12 nnz_x=na nnz_h_est=na density_h_est=na threshold=0.1000
[INFO] [IFT-CACHE] outcome=mode_response_hit drho_dim=2 p=12
[INFO] [STAGE] PIRLS row-chunk generation chunks=1 n=400 p=12 nnz=4800 elapsed=0.000s
[INFO] [STAGE] inner pirls solve iters=1 status=Converged max_eta=0.6 jeffreys_logdet=none rows=full(derivative-request) elapsed=0.000s
[INFO] [IFT-QUALITY] quality=5.981e-4 ift=2.000e0 pred_residual=1.222e-3 cap_predicted=3.000e0 iters=1
[INFO] [STAGE] logdet S rho_dim=2 penalty_rank=11 elapsed=0.000s
[INFO] [#1271-diag] path=orig p=12 penalty_rank=11 nullspace_dim=1 rss=0.992481 pen=0.029150 Dp=1.021631 pirls_edf=7.8535 logS=7.535821 logH=38.955924 half_diff=15.710051 h_above1=12 h_min=8.738e0 h_max=4.000e2 rho=[4.1993,-4.2810] lambda=[6.664e1,1.383e-2]
  H_eig=[4.000e2,5.135e1,4.907e1,3.990e1,3.188e1,2.393e1,1.838e1,1.427e1,1.212e1,1.019e1,9.540e0,8.738e0]
  Slam_eig=[4.636e1,4.632e1,6.591e0,6.377e0,5.732e0,4.472e0,2.810e0,1.294e0,3.850e-1,4.184e-2,1.383e-2,0.000e0]
[INFO] [STAGE] reml_laml cost_only_done k=2 ext_dim=0 dim=12 elapsed=0.000s
[INFO] [OUTER hessian-route] choice=dense reason=below_crossover n=400 p=12 k=2 callback_kernel=false subspace_trace=false scale_prefers_operator=false dense_workspace_bytes=8064
[INFO] [OUTER hessian-elapsed] choice=dense reason=below_crossover n=400 p=12 k=2 elapsed=0.000s
[INFO] [HGB] small-sample fallback to defaults: pairs=0, threshold=3
[INFO] [STAGE] outer eval end order=ValueGradientHessian elapsed=0.002s cost=-6.086619e2 |g|=2.292e0
[INFO] [OUTER] eval#3 (hess) cost=-6.086619e2 |g|=2.292e0 rho=[-4.281,4.199]
[INFO] [STAGE] outer eval start order=ValueGradientHessian dim=2
[INFO] [reml-geometry] dense_spectral reason=design_not_sparse p=12 nnz_x=na nnz_h_est=na density_h_est=na threshold=0.1000
[INFO] [IFT-CACHE] outcome=mode_response_hit drho_dim=2 p=12
[INFO] [STAGE] PIRLS row-chunk generation chunks=1 n=400 p=12 nnz=4800 elapsed=0.000s
[INFO] [STAGE] inner pirls solve iters=1 status=Converged max_eta=0.6 jeffreys_logdet=none rows=full(derivative-request) elapsed=0.000s
[INFO] [IFT-QUALITY] quality=1.338e-4 ift=3.000e0 pred_residual=2.736e-4 cap_predicted=4.500e0 iters=1
[INFO] [STAGE] logdet S rho_dim=2 penalty_rank=11 elapsed=0.000s
[INFO] [#1271-diag] path=orig p=12 penalty_rank=11 nullspace_dim=1 rss=0.992346 pen=0.021039 Dp=1.013385 pirls_edf=7.8665 logS=6.597313 logH=38.912093 half_diff=16.157390 h_above1=12 h_min=8.694e0 h_max=4.000e2 rho=[4.1889,-5.1149] lambda=[6.595e1,6.007e-3]
  H_eig=[4.000e2,5.087e1,4.860e1,3.989e1,3.186e1,2.390e1,1.834e1,1.423e1,1.208e1,1.015e1,9.489e0,8.694e0]
  Slam_eig=[4.587e1,4.584e1,6.522e0,6.311e0,5.672e0,4.426e0,2.781e0,1.281e0,3.810e-1,4.140e-2,6.007e-3,0.000e0]
[INFO] [STAGE] reml_laml cost_only_done k=2 ext_dim=0 dim=12 elapsed=0.000s
[INFO] [OUTER hessian-route] choice=dense reason=below_crossover n=400 p=12 k=2 callback_kernel=false subspace_trace=false scale_prefers_operator=false dense_workspace_bytes=8064
[INFO] [OUTER hessian-elapsed] choice=dense reason=below_crossover n=400 p=12 k=2 elapsed=0.000s
[INFO] [HGB] small-sample fallback to defaults: pairs=1, threshold=3
[INFO] [STAGE] outer eval end order=ValueGradientHessian elapsed=0.002s cost=-6.098313e2 |g|=7.242e-1
[INFO] [OUTER] eval#4 (hess) cost=-6.098313e2 |g|=7.242e-1 rho=[-5.115,4.189]
[INFO] [STAGE] outer eval start order=ValueGradientHessian dim=2
[INFO] [reml-geometry] dense_spectral reason=design_not_sparse p=12 nnz_x=na nnz_h_est=na density_h_est=na threshold=0.1000
[INFO] [IFT-CACHE] outcome=mode_response_hit drho_dim=2 p=12
[INFO] [STAGE] PIRLS row-chunk generation chunks=1 n=400 p=12 nnz=4800 elapsed=0.000s
[INFO] [STAGE] inner pirls solve iters=1 status=Converged max_eta=0.6 jeffreys_logdet=none rows=full(derivative-request) elapsed=0.000s
[INFO] [IFT-QUALITY] quality=3.188e-5 ift=4.500e0 pred_residual=6.519e-5 cap_predicted=6.750e0 iters=1
[INFO] [STAGE] logdet S rho_dim=2 penalty_rank=11 elapsed=0.000s
[INFO] [#1271-diag] path=orig p=12 penalty_rank=11 nullspace_dim=1 rss=0.992328 pen=0.018269 Dp=1.010597 pirls_edf=7.8665 logS=6.002690 logH=38.912312 half_diff=16.454811 h_above1=12 h_min=8.694e0 h_max=4.000e2 rho=[4.1890,-5.7104] lambda=[6.595e1,3.311e-3]
  H_eig=[4.000e2,5.087e1,4.860e1,3.988e1,3.186e1,2.390e1,1.834e1,1.423e1,1.208e1,1.015e1,9.489e0,8.694e0]
  Slam_eig=[4.588e1,4.584e1,6.523e0,6.311e0,5.673e0,4.426e0,2.781e0,1.281e0,3.811e-1,4.140e-2,3.311e-3,0.000e0]
[INFO] [STAGE] reml_laml cost_only_done k=2 ext_dim=0 dim=12 elapsed=0.000s
[INFO] [OUTER hessian-route] choice=dense reason=below_crossover n=400 p=12 k=2 callback_kernel=false subspace_trace=false scale_prefers_operator=false dense_workspace_bytes=8064
[INFO] [OUTER hessian-elapsed] choice=dense reason=below_crossover n=400 p=12 k=2 elapsed=0.000s
[INFO] [HGB] small-sample fallback to defaults: pairs=2, threshold=3
[INFO] [STAGE] outer eval end order=ValueGradientHessian elapsed=0.002s cost=-6.100836e2 |g|=1.769e-1
[INFO] [OUTER] eval#5 (hess) cost=-6.100836e2 |g|=1.769e-1 rho=[-5.710,4.189]
[INFO] [OUTER schedule] inner-PIRLS cap transition (ARC bridge) arc_iter=18 g_ratio=9.077e-3 last_iters=1 converged=true ift_residual=3.188e-5 accept_rho=n/a prev=3 new=0 (uncapped)
[INFO] [STAGE] outer eval start order=ValueGradientHessian dim=2
[INFO] [reml-geometry] dense_spectral reason=design_not_sparse p=12 nnz_x=na nnz_h_est=na density_h_est=na threshold=0.1000
[INFO] [IFT-CACHE] outcome=mode_response_hit drho_dim=2 p=12
[INFO] [STAGE] PIRLS row-chunk generation chunks=1 n=400 p=12 nnz=4800 elapsed=0.000s
[INFO] [pirls-path] repeated path=dense_transformed reason=design_not_sparse count=32 (suppressing identical decisions)
[INFO] [STAGE] inner pirls solve iters=1 status=Converged max_eta=0.6 jeffreys_logdet=none rows=full(derivative-request) elapsed=0.000s
[INFO] [IFT-QUALITY] quality=3.781e-6 ift=6.750e0 pred_residual=7.731e-6 cap_predicted=1.012e1 iters=1
[INFO] [STAGE] logdet S rho_dim=2 penalty_rank=11 elapsed=0.000s
[INFO] [#1271-diag] path=orig p=12 penalty_rank=11 nullspace_dim=1 rss=0.992323 pen=0.017483 Dp=1.009806 pirls_edf=7.8666 logS=5.740429 logH=38.912260 half_diff=16.585916 h_above1=12 h_min=8.694e0 h_max=4.000e2 rho=[4.1890,-5.9727] lambda=[6.595e1,2.547e-3]
  H_eig=[4.000e2,5.087e1,4.860e1,3.988e1,3.186e1,2.390e1,1.834e1,1.423e1,1.208e1,1.015e1,9.489e0,8.694e0]
  Slam_eig=[4.588e1,4.584e1,6.523e0,6.311e0,5.673e0,4.426e0,2.781e0,1.281e0,3.811e-1,4.140e-2,2.547e-3,0.000e0]
[INFO] [STAGE] reml_laml cost_only_done k=2 ext_dim=0 dim=12 elapsed=0.000s
[INFO] [OUTER hessian-route] choice=dense reason=below_crossover n=400 p=12 k=2 callback_kernel=false subspace_trace=false scale_prefers_operator=false dense_workspace_bytes=8064
[INFO] [OUTER hessian-elapsed] choice=dense reason=below_crossover n=400 p=12 k=2 elapsed=0.000s
[INFO] [STAGE] outer eval end order=ValueGradientHessian elapsed=0.002s cost=-6.101087e2 |g|=2.115e-2
[INFO] [OUTER] eval#6 (hess) cost=-6.101087e2 |g|=2.115e-2 rho=[-5.973,4.189]
[INFO] [STAGE] outer eval start order=ValueGradientHessian dim=2
[INFO] [reml-geometry] dense_spectral reason=design_not_sparse p=12 nnz_x=na nnz_h_est=na density_h_est=na threshold=0.1000
[INFO] [IFT-CACHE] outcome=mode_response_hit drho_dim=2 p=12
[INFO] [STAGE] PIRLS row-chunk generation chunks=1 n=400 p=12 nnz=4800 elapsed=0.000s
[INFO] [STAGE] inner pirls solve iters=1 status=Converged max_eta=0.6 jeffreys_logdet=none rows=full(derivative-request) elapsed=0.000s
[INFO] [IFT-QUALITY] quality=7.531e-8 ift=1.012e1 pred_residual=1.540e-7 cap_predicted=1.519e1 iters=1
[INFO] [STAGE] logdet S rho_dim=2 penalty_rank=11 elapsed=0.000s
[INFO] [#1271-diag] path=orig p=12 penalty_rank=11 nullspace_dim=1 rss=0.992322 pen=0.017378 Dp=1.009701 pirls_edf=7.8666 logS=5.699727 logH=38.912253 half_diff=16.606263 h_above1=12 h_min=8.694e0 h_max=4.000e2 rho=[4.1890,-6.0134] lambda=[6.595e1,2.446e-3]
  H_eig=[4.000e2,5.087e1,4.860e1,3.988e1,3.186e1,2.390e1,1.834e1,1.423e1,1.208e1,1.015e1,9.489e0,8.694e0]
  Slam_eig=[4.588e1,4.584e1,6.523e0,6.311e0,5.673e0,4.426e0,2.781e0,1.281e0,3.811e-1,4.140e-2,2.446e-3,0.000e0]
[INFO] [STAGE] reml_laml cost_only_done k=2 ext_dim=0 dim=12 elapsed=0.000s
[INFO] [OUTER hessian-route] choice=dense reason=below_crossover n=400 p=12 k=2 callback_kernel=false subspace_trace=false scale_prefers_operator=false dense_workspace_bytes=8064
[INFO] [OUTER hessian-elapsed] choice=dense reason=below_crossover n=400 p=12 k=2 elapsed=0.000s
[INFO] [STAGE] outer eval end order=ValueGradientHessian elapsed=0.002s cost=-6.101091e2 |g|=4.223e-4
[INFO] [OUTER] eval#7 (hess) cost=-6.101091e2 |g|=4.223e-4 rho=[-6.013,4.189]
[INFO] [STAGE] outer eval start order=ValueGradientHessian dim=2
[INFO] [reml-geometry] dense_spectral reason=design_not_sparse p=12 nnz_x=na nnz_h_est=na density_h_est=na threshold=0.1000
[INFO] [IFT-CACHE] outcome=mode_response_hit drho_dim=2 p=12
[INFO] [STAGE] PIRLS row-chunk generation chunks=1 n=400 p=12 nnz=4800 elapsed=0.000s
[INFO] [STAGE] inner pirls solve iters=1 status=Converged max_eta=0.6 jeffreys_logdet=none rows=full(derivative-request) elapsed=0.000s
[INFO] [IFT-QUALITY] quality=3.166e-11 ift=1.519e1 pred_residual=6.474e-11 cap_predicted=2.278e1 iters=1
[INFO] [STAGE] logdet S rho_dim=2 penalty_rank=11 elapsed=0.000s
[INFO] [#1271-diag] path=orig p=12 penalty_rank=11 nullspace_dim=1 rss=0.992322 pen=0.017376 Dp=1.009698 pirls_edf=7.8666 logS=5.698881 logH=38.912253 half_diff=16.606686 h_above1=12 h_min=8.694e0 h_max=4.000e2 rho=[4.1890,-6.0142] lambda=[6.595e1,2.444e-3]
  H_eig=[4.000e2,5.087e1,4.860e1,3.988e1,3.186e1,2.390e1,1.834e1,1.423e1,1.208e1,1.015e1,9.489e0,8.694e0]
  Slam_eig=[4.588e1,4.584e1,6.523e0,6.311e0,5.673e0,4.426e0,2.781e0,1.281e0,3.811e-1,4.140e-2,2.444e-3,0.000e0]
[INFO] [STAGE] reml_laml cost_only_done k=2 ext_dim=0 dim=12 elapsed=0.000s
[INFO] [OUTER hessian-route] choice=dense reason=below_crossover n=400 p=12 k=2 callback_kernel=false subspace_trace=false scale_prefers_operator=false dense_workspace_bytes=8064
[INFO] [OUTER hessian-elapsed] choice=dense reason=below_crossover n=400 p=12 k=2 elapsed=0.000s
[INFO] [STAGE] outer eval end order=ValueGradientHessian elapsed=0.002s cost=-6.101091e2 |g|=1.776e-7
[INFO] [OUTER] eval#8 (hess) cost=-6.101091e2 |g|=1.776e-7 rho=[-6.014,4.189]
[INFO] [reml-geometry] dense_spectral reason=design_not_sparse p=12 nnz_x=na nnz_h_est=na density_h_est=na threshold=0.1000
[INFO] [STAGE] PIRLS row-chunk generation chunks=1 n=400 p=12 nnz=4800 elapsed=0.000s
[INFO] [STAGE] inner pirls solve iters=1 status=Converged max_eta=0.6 jeffreys_logdet=none rows=full(derivative-request) elapsed=0.000s
[INFO] [STAGE] logdet S rho_dim=2 penalty_rank=11 elapsed=0.000s
[INFO] [#1271-diag] path=orig p=12 penalty_rank=11 nullspace_dim=1 rss=0.992322 pen=0.017376 Dp=1.009698 pirls_edf=7.8666 logS=5.698881 logH=38.912253 half_diff=16.606686 h_above1=12 h_min=8.694e0 h_max=4.000e2 rho=[4.1890,-6.0142] lambda=[6.595e1,2.444e-3]
  H_eig=[4.000e2,5.087e1,4.860e1,3.988e1,3.186e1,2.390e1,1.834e1,1.423e1,1.208e1,1.015e1,9.489e0,8.694e0]
  Slam_eig=[4.588e1,4.584e1,6.523e0,6.311e0,5.673e0,4.426e0,2.781e0,1.281e0,3.811e-1,4.140e-2,2.444e-3,0.000e0]
[INFO] [STAGE] logdet S rho_dim=2 penalty_rank=11 elapsed=0.000s
[INFO] [#1271-diag] path=orig p=12 penalty_rank=11 nullspace_dim=1 rss=0.992322 pen=0.017376 Dp=1.009698 pirls_edf=7.8666 logS=5.698881 logH=38.912253 half_diff=16.606686 h_above1=12 h_min=8.694e0 h_max=4.000e2 rho=[4.1890,-6.0142] lambda=[6.595e1,2.444e-3]
  H_eig=[4.000e2,5.087e1,4.860e1,3.988e1,3.186e1,2.390e1,1.834e1,1.423e1,1.208e1,1.015e1,9.489e0,8.694e0]
  Slam_eig=[4.588e1,4.584e1,6.523e0,6.311e0,5.673e0,4.426e0,2.781e0,1.281e0,3.811e-1,4.140e-2,2.444e-3,0.000e0]
[INFO] [STAGE] reml_laml cost_only_done k=2 ext_dim=0 dim=12 elapsed=0.000s
[INFO] [HGB] small-sample fallback to defaults: pairs=0, threshold=3
[INFO] [CERTIFICATE] standard REML: the objective published no criterion resolution; using the last-bit floor 1.357e-13 of the value alone (#2812)
[INFO] [CERTIFICATE-BOUND] standard REML: fidelity=Screening, rho=[-6.014243889814334, 4.188957901042057], bound 5.960464e-6 set by solver-band (derived_standard=false, |Pg|=1.776088e-7, |g|=1.776088e-7, solver_band=5.960464e-6, cost=-6.101091e2)
[INFO] [CERTIFICATE] standard REML: gradient |g|=1.776e-7 |Pg|=1.776e-7 bound=5.960e-6 (rung=solver-band derived_standard=false) hessian_psd=not-spent curvature_source=screening-not-spent railed=[] → stationary
[INFO] [reml-geometry] dense_spectral reason=design_not_sparse p=12 nnz_x=na nnz_h_est=na density_h_est=na threshold=0.1000
[INFO] [STAGE] PIRLS row-chunk generation chunks=1 n=400 p=12 nnz=4800 elapsed=0.000s
[INFO] [STAGE] inner pirls solve iters=1 status=Converged max_eta=0.6 jeffreys_logdet=none rows=full(derivative-request) elapsed=0.000s
[INFO] [STAGE] logdet S rho_dim=2 penalty_rank=11 elapsed=0.000s
[INFO] [#1271-diag] path=orig p=12 penalty_rank=11 nullspace_dim=1 rss=0.992322 pen=0.017376 Dp=1.009698 pirls_edf=7.8666 logS=5.698880 logH=38.912253 half_diff=16.606687 h_above1=12 h_min=8.694e0 h_max=4.000e2 rho=[4.1890,-6.0142] lambda=[6.595e1,2.444e-3]
  H_eig=[4.000e2,5.087e1,4.860e1,3.988e1,3.186e1,2.390e1,1.834e1,1.423e1,1.208e1,1.015e1,9.489e0,8.694e0]
  Slam_eig=[4.588e1,4.584e1,6.523e0,6.311e0,5.673e0,4.426e0,2.781e0,1.281e0,3.811e-1,4.140e-2,2.444e-3,0.000e0]
[INFO] [STAGE] reml_laml cost_only_done k=2 ext_dim=0 dim=12 elapsed=0.000s
[INFO] [OUTER hessian-route] choice=dense reason=below_crossover n=400 p=12 k=2 callback_kernel=false subspace_trace=false scale_prefers_operator=false dense_workspace_bytes=8064
[INFO] [OUTER hessian-elapsed] choice=dense reason=below_crossover n=400 p=12 k=2 elapsed=0.000s
[INFO] [HGB] small-sample fallback to defaults: pairs=0, threshold=3
[INFO] [reml-geometry] dense_spectral reason=design_not_sparse p=12 nnz_x=na nnz_h_est=na density_h_est=na threshold=0.1000
[INFO] [STAGE] PIRLS row-chunk generation chunks=1 n=400 p=12 nnz=4800 elapsed=0.000s
[INFO] [STAGE] inner pirls solve iters=1 status=Converged max_eta=0.6 jeffreys_logdet=none rows=full(derivative-request) elapsed=0.000s
[INFO] [STAGE] logdet S rho_dim=2 penalty_rank=11 elapsed=0.000s
[INFO] [#1271-diag] path=orig p=12 penalty_rank=11 nullspace_dim=1 rss=0.992322 pen=0.017376 Dp=1.009698 pirls_edf=7.8666 logS=5.698880 logH=38.912253 half_diff=16.606687 h_above1=12 h_min=8.694e0 h_max=4.000e2 rho=[4.1890,-6.0142] lambda=[6.595e1,2.444e-3]
  H_eig=[4.000e2,5.087e1,4.860e1,3.988e1,3.186e1,2.390e1,1.834e1,1.423e1,1.208e1,1.015e1,9.489e0,8.694e0]
  Slam_eig=[4.588e1,4.584e1,6.523e0,6.311e0,5.673e0,4.426e0,2.781e0,1.281e0,3.811e-1,4.140e-2,2.444e-3,0.000e0]
[INFO] [STAGE] reml_laml cost_only_done k=2 ext_dim=0 dim=12 elapsed=0.000s
[INFO] [OUTER hessian-route] choice=dense reason=below_crossover n=400 p=12 k=2 callback_kernel=false subspace_trace=false scale_prefers_operator=false dense_workspace_bytes=8064
[INFO] [OUTER hessian-elapsed] choice=dense reason=below_crossover n=400 p=12 k=2 elapsed=0.000s
[INFO] [HGB] small-sample fallback to defaults: pairs=0, threshold=3
[INFO] [reml-geometry] dense_spectral reason=design_not_sparse p=12 nnz_x=na nnz_h_est=na density_h_est=na threshold=0.1000
[INFO] [STAGE] PIRLS row-chunk generation chunks=1 n=400 p=12 nnz=4800 elapsed=0.000s
[INFO] [STAGE] inner pirls solve iters=1 status=Converged max_eta=0.6 jeffreys_logdet=none rows=full(derivative-request) elapsed=0.000s
[INFO] [STAGE] logdet S rho_dim=2 penalty_rank=11 elapsed=0.000s
[INFO] [#1271-diag] path=orig p=12 penalty_rank=11 nullspace_dim=1 rss=0.992322 pen=0.017376 Dp=1.009698 pirls_edf=7.8666 logS=5.698880 logH=38.912253 half_diff=16.606687 h_above1=12 h_min=8.694e0 h_max=4.000e2 rho=[4.1890,-6.0142] lambda=[6.595e1,2.444e-3]
  H_eig=[4.000e2,5.087e1,4.860e1,3.988e1,3.186e1,2.390e1,1.834e1,1.423e1,1.208e1,1.015e1,9.489e0,8.694e0]
  Slam_eig=[4.588e1,4.584e1,6.523e0,6.311e0,5.673e0,4.426e0,2.781e0,1.281e0,3.811e-1,4.140e-2,2.444e-3,0.000e0]
[INFO] [STAGE] logdet S rho_dim=2 penalty_rank=11 elapsed=0.000s
[INFO] [#1271-diag] path=orig p=12 penalty_rank=11 nullspace_dim=1 rss=0.992322 pen=0.017376 Dp=1.009698 pirls_edf=7.8666 logS=5.698880 logH=38.912253 half_diff=16.606687 h_above1=12 h_min=8.694e0 h_max=4.000e2 rho=[4.1890,-6.0142] lambda=[6.595e1,2.444e-3]
  H_eig=[4.000e2,5.087e1,4.860e1,3.988e1,3.186e1,2.390e1,1.834e1,1.423e1,1.208e1,1.015e1,9.489e0,8.694e0]
  Slam_eig=[4.588e1,4.584e1,6.523e0,6.311e0,5.673e0,4.426e0,2.781e0,1.281e0,3.811e-1,4.140e-2,2.444e-3,0.000e0]
[INFO] [STAGE] reml_laml cost_only_done k=2 ext_dim=0 dim=12 elapsed=0.000s
[INFO] [OUTER hessian-route] choice=dense reason=below_crossover n=400 p=12 k=2 callback_kernel=false subspace_trace=false scale_prefers_operator=false dense_workspace_bytes=8064
[INFO] [OUTER hessian-elapsed] choice=dense reason=below_crossover n=400 p=12 k=2 elapsed=0.000s
[INFO] [HGB] small-sample fallback to defaults: pairs=0, threshold=3
[INFO] [CERTIFICATE] standard REML: the objective published no criterion resolution; using the last-bit floor 1.357e-13 of the value alone (#2812)
[INFO] [CERTIFICATE-BOUND] standard REML: fidelity=Mint, rho=[-6.014244170942887, 4.188957901043736], bound 5.960464e-6 set by solver-band (derived_standard=false, |Pg|=3.741144e-8, |g|=3.741144e-8, solver_band=5.960464e-6, cost=-6.101091e2)
[INFO] [CERTIFICATE] standard REML: gradient |g|=3.741e-8 |Pg|=3.741e-8 bound=5.960e-6 (rung=solver-band derived_standard=false) hessian_psd=yes curvature_source=terminal-analytic railed=[] → stationary
[INFO] [STAGE] PIRLS row-chunk generation chunks=1 n=400 p=12 nnz=4800 elapsed=0.000s
[INFO] [STAGE] logdet S rho_dim=2 penalty_rank=11 elapsed=0.000s
[INFO] [#1271-diag] path=orig p=12 penalty_rank=11 nullspace_dim=1 rss=0.992322 pen=0.017376 Dp=1.009698 pirls_edf=7.8666 logS=5.698880 logH=38.912253 half_diff=16.606687 h_above1=12 h_min=8.694e0 h_max=4.000e2 rho=[4.1890,-6.0142] lambda=[6.595e1,2.444e-3]
  H_eig=[4.000e2,5.087e1,4.860e1,3.988e1,3.186e1,2.390e1,1.834e1,1.423e1,1.208e1,1.015e1,9.489e0,8.694e0]
  Slam_eig=[4.588e1,4.584e1,6.523e0,6.311e0,5.673e0,4.426e0,2.781e0,1.281e0,3.811e-1,4.140e-2,2.444e-3,0.000e0]
[INFO] [STAGE] reml_laml cost_only_done k=2 ext_dim=0 dim=12 elapsed=0.000s
[INFO] [OUTER hessian-route] choice=dense reason=below_crossover n=400 p=12 k=2 callback_kernel=false subspace_trace=false scale_prefers_operator=false dense_workspace_bytes=8064
[INFO] [OUTER hessian-elapsed] choice=dense reason=below_crossover n=400 p=12 k=2 elapsed=0.000s
[INFO] [sigma-cubature] upgrading 1 of 2 active rho direction(s), capturing 0.9990 of the first-order correction variance; the remainder keeps its first-order column
[INFO] [reml-geometry] dense_spectral reason=design_not_sparse p=12 nnz_x=na nnz_h_est=na density_h_est=na threshold=0.1000
[INFO] [IFT-CACHE] outcome=mode_response_hit drho_dim=2 p=12
[INFO] [STAGE] inner pirls solve iters=1 status=Converged max_eta=0.0 jeffreys_logdet=none rows=frozen elapsed=0.000s
[INFO] [IFT-QUALITY] quality=8.335e-4 ift=2.000e0 pred_residual=1.701e-3 cap_predicted=3.000e0 iters=1
[INFO] [STAGE] logdet S rho_dim=2 penalty_rank=11 elapsed=0.000s
[INFO] [#1271-diag] path=orig p=12 penalty_rank=11 nullspace_dim=1 rss=0.998426 pen=0.023619 Dp=1.022044 pirls_edf=7.0351 logS=12.626402 logH=42.065861 half_diff=14.719730 h_above1=12 h_min=1.024e1 h_max=4.000e2 rho=[4.8822,-6.0188] lambda=[1.319e2,2.433e-3]
  H_eig=[4.000e2,9.645e1,9.434e1,4.030e1,3.307e1,2.649e1,2.209e1,1.897e1,1.708e1,1.551e1,1.271e1,1.024e1]
  Slam_eig=[9.176e1,9.169e1,1.305e1,1.262e1,1.135e1,8.853e0,5.563e0,2.561e0,7.622e-1,8.281e-2,2.433e-3,0.000e0]
[INFO] [reml-geometry] dense_spectral reason=design_not_sparse p=12 nnz_x=na nnz_h_est=na density_h_est=na threshold=0.1000
[INFO] [IFT-CACHE] outcome=miss drho_dim=2 p=12 elapsed=0.000s
[INFO] [pirls-path] repeated path=dense_transformed reason=gaussian_sufficient_statistics count=4 (suppressing identical decisions)
[INFO] [STAGE] inner pirls solve iters=1 status=Converged max_eta=0.0 jeffreys_logdet=none rows=frozen elapsed=0.000s
[INFO] [IFT-QUALITY] quality=3.293e-3 ift=3.000e0 pred_residual=6.741e-3 cap_predicted=3.000e0 iters=1
[INFO] [STAGE] logdet S rho_dim=2 penalty_rank=11 elapsed=0.000s
[INFO] [#1271-diag] path=orig p=12 penalty_rank=11 nullspace_dim=1 rss=0.988139 pen=0.012930 Dp=1.001069 pirls_edf=8.6710 logS=-1.228641 logH=36.329118 half_diff=18.778879 h_above1=12 h_min=5.896e0 h_max=4.000e2 rho=[3.4957,-6.0097] lambda=[3.297e1,2.455e-3]
  H_eig=[4.000e2,3.984e1,3.160e1,2.872e1,2.553e1,2.243e1,1.644e1,1.237e1,1.039e1,8.453e0,6.873e0,5.896e0]
  Slam_eig=[2.294e1,2.292e1,3.261e0,3.155e0,2.836e0,2.213e0,1.391e0,6.403e-1,1.905e-1,2.070e-2,2.455e-3,0.000e0]
[INFO] [reml-geometry] dense_spectral reason=design_not_sparse p=12 nnz_x=na nnz_h_est=na density_h_est=na threshold=0.1000
[INFO] [IFT-CACHE] outcome=miss drho_dim=2 p=12 elapsed=0.000s
[INFO] [STAGE] inner pirls solve iters=1 status=Converged max_eta=0.0 jeffreys_logdet=none rows=frozen elapsed=0.000s
[INFO] [IFT-QUALITY] quality=3.617e-3 ift=3.000e0 pred_residual=7.381e-3 cap_predicted=3.000e0 iters=1
[INFO] [STAGE] logdet S rho_dim=2 penalty_rank=11 elapsed=0.000s
[INFO] [#1271-diag] path=orig p=12 penalty_rank=11 nullspace_dim=1 rss=0.998426 pen=0.023619 Dp=1.022044 pirls_edf=7.0351 logS=12.626402 logH=42.065861 half_diff=14.719730 h_above1=12 h_min=1.024e1 h_max=4.000e2 rho=[4.8822,-6.0188] lambda=[1.319e2,2.433e-3]
  H_eig=[4.000e2,9.645e1,9.434e1,4.030e1,3.307e1,2.649e1,2.209e1,1.897e1,1.708e1,1.551e1,1.271e1,1.024e1]
  Slam_eig=[9.176e1,9.169e1,1.305e1,1.262e1,1.135e1,8.853e0,5.563e0,2.561e0,7.622e-1,8.281e-2,2.433e-3,0.000e0]
[INFO] [reml-geometry] dense_spectral reason=design_not_sparse p=12 nnz_x=na nnz_h_est=na density_h_est=na threshold=0.1000
[INFO] [IFT-CACHE] outcome=miss drho_dim=2 p=12 elapsed=0.000s
[INFO] [STAGE] inner pirls solve iters=1 status=Converged max_eta=0.0 jeffreys_logdet=none rows=frozen elapsed=0.000s
[INFO] [IFT-QUALITY] quality=3.293e-3 ift=3.000e0 pred_residual=6.741e-3 cap_predicted=3.000e0 iters=1
[INFO] [STAGE] logdet S rho_dim=2 penalty_rank=11 elapsed=0.000s
[INFO] [#1271-diag] path=orig p=12 penalty_rank=11 nullspace_dim=1 rss=0.988139 pen=0.012930 Dp=1.001069 pirls_edf=8.6710 logS=-1.228641 logH=36.329118 half_diff=18.778879 h_above1=12 h_min=5.896e0 h_max=4.000e2 rho=[3.4957,-6.0097] lambda=[3.297e1,2.455e-3]
  H_eig=[4.000e2,3.984e1,3.160e1,2.872e1,2.553e1,2.243e1,1.644e1,1.237e1,1.039e1,8.453e0,6.873e0,5.896e0]
  Slam_eig=[2.294e1,2.292e1,3.261e0,3.155e0,2.836e0,2.213e0,1.391e0,6.403e-1,1.905e-1,2.070e-2,2.455e-3,0.000e0]
[INFO] [STAGE] PIRLS row-chunk generation chunks=1 n=400 p=12 nnz=4800 elapsed=0.000s
[INFO] [STAGE] PIRLS row-chunk generation chunks=1 n=400 p=12 nnz=4800 elapsed=0.000s
[INFO] [STAGE] sigma-cubature pirls solve rho=[4.882,-6.019] iters=1 status=Converged max_eta=0.6 elapsed=0.000s
[INFO] [STAGE] sigma-cubature pirls solve rho=[3.496,-6.010] iters=1 status=Converged max_eta=0.6 elapsed=0.001s
[INFO] [sigma-cubature] node=0 step=6.9322e-1 wald_step=6.9322e-1 ΔV=5.376249e-1 posterior_weight=4.805772e-1 evals=3 box_limited=false tr(φ̂·H(ρ)⁻¹)=1.299596e-3 tr(φ̂·H(ρ̂)⁻¹)=1.689209e-3
[INFO] [sigma-cubature] node=1 step=6.9322e-1 wald_step=6.9322e-1 ΔV=4.598947e-1 posterior_weight=5.194228e-1 evals=3 box_limited=false tr(φ̂·H(ρ)⁻¹)=2.148910e-3 tr(φ̂·H(ρ̂)⁻¹)=1.689209e-3
[INFO] [sigma-cubature] tr(correction)=1.736926e-4 tr(φ̂·H(ρ̂)⁻¹)=1.689209e-3
[INFO] [smoothing-correction] branch=cubature rank=1 points=2 near_boundary=false grad_norm=3.741e-8 max_rho_var=2.006e0 max_node_criterion_rise=5.376e-1 (proposal calibration rise 0.5)
[INFO] [STAGE] logdet S rho_dim=2 penalty_rank=11 elapsed=0.000s
[INFO] [#1271-diag] path=orig p=12 penalty_rank=11 nullspace_dim=1 rss=0.992322 pen=0.017376 Dp=1.009698 pirls_edf=7.8666 logS=5.698880 logH=38.912253 half_diff=16.606687 h_above1=12 h_min=8.694e0 h_max=4.000e2 rho=[4.1890,-6.0142] lambda=[6.595e1,2.444e-3]
  H_eig=[4.000e2,5.087e1,4.860e1,3.988e1,3.186e1,2.390e1,1.834e1,1.423e1,1.208e1,1.015e1,9.489e0,8.694e0]
  Slam_eig=[4.588e1,4.584e1,6.523e0,6.311e0,5.673e0,4.426e0,2.781e0,1.281e0,3.811e-1,4.140e-2,2.444e-3,0.000e0]
[INFO] [STAGE] reml_laml cost_only_done k=2 ext_dim=0 dim=12 elapsed=0.000s
[INFO] [OUTER hessian-route] choice=dense reason=below_crossover n=400 p=12 k=2 callback_kernel=false subspace_trace=false scale_prefers_operator=false dense_workspace_bytes=8064
[INFO] [OUTER hessian-elapsed] choice=dense reason=below_crossover n=400 p=12 k=2 elapsed=0.000s
[INFO] [reml-geometry] dense_spectral reason=design_not_sparse p=12 nnz_x=na nnz_h_est=na density_h_est=na threshold=0.1000
[INFO] [IFT-CACHE] outcome=miss drho_dim=2 p=12 elapsed=0.000s
[INFO] [STAGE] inner pirls solve iters=1 status=Converged max_eta=0.0 jeffreys_logdet=none rows=frozen elapsed=0.000s
[INFO] [IFT-QUALITY] quality=4.596e-3 ift=3.000e0 pred_residual=9.374e-3 cap_predicted=3.000e0 iters=1
[INFO] [STAGE] logdet S rho_dim=2 penalty_rank=11 elapsed=0.000s
[INFO] [#1271-diag] path=orig p=12 penalty_rank=11 nullspace_dim=1 rss=1.000653 pen=0.026491 Dp=1.027144 pirls_edf=6.8048 logS=14.846621 logH=43.054198 half_diff=14.103788 h_above1=12 h_min=1.050e1 h_max=4.000e2 rho=[5.0767,-5.7440] lambda=[1.602e2,3.202e-3]
  H_eig=[4.000e2,1.161e2,1.140e2,4.046e1,3.364e1,2.766e1,2.386e1,2.127e1,1.959e1,1.797e1,1.335e1,1.050e1]
  Slam_eig=[1.115e2,1.114e2,1.585e1,1.533e1,1.378e1,1.075e1,6.758e0,3.111e0,9.258e-1,1.006e-1,3.202e-3,0.000e0]
[INFO] [reml-geometry] dense_spectral reason=design_not_sparse p=12 nnz_x=na nnz_h_est=na density_h_est=na threshold=0.1000
[INFO] [IFT-CACHE] outcome=miss drho_dim=2 p=12 elapsed=0.000s
[INFO] [pirls-path] repeated path=dense_transformed reason=gaussian_sufficient_statistics count=8 (suppressing identical decisions)
[INFO] [STAGE] inner pirls solve iters=1 status=Converged max_eta=0.0 jeffreys_logdet=none rows=frozen elapsed=0.000s
[INFO] [IFT-QUALITY] quality=3.129e-4 ift=3.000e0 pred_residual=6.390e-4 cap_predicted=3.000e0 iters=1
[INFO] [STAGE] logdet S rho_dim=2 penalty_rank=11 elapsed=0.000s
[INFO] [#1271-diag] path=orig p=12 penalty_rank=11 nullspace_dim=1 rss=0.996246 pen=0.021553 Dp=1.017799 pirls_edf=7.2936 logS=10.497033 logH=41.020600 half_diff=15.261783 h_above1=12 h_min=9.927e0 h_max=4.000e2 rho=[4.6660,-5.9866] lambda=[1.063e2,2.512e-3]
  H_eig=[4.000e2,7.868e1,7.653e1,4.015e1,3.259e1,2.546e1,2.056e1,1.699e1,1.493e1,1.322e1,1.188e1,9.927e0]
  Slam_eig=[7.392e1,7.387e1,1.051e1,1.017e1,9.141e0,7.132e0,4.482e0,2.063e0,6.140e-1,6.672e-2,2.512e-3,0.000e0]
[INFO] [reml-geometry] dense_spectral reason=design_not_sparse p=12 nnz_x=na nnz_h_est=na density_h_est=na threshold=0.1000
[INFO] [IFT-CACHE] outcome=miss drho_dim=2 p=12 elapsed=0.000s
[INFO] [STAGE] inner pirls solve iters=1 status=Converged max_eta=0.0 jeffreys_logdet=none rows=frozen elapsed=0.000s
[INFO] [IFT-QUALITY] quality=7.631e-4 ift=3.000e0 pred_residual=1.561e-3 cap_predicted=3.000e0 iters=1
[INFO] [STAGE] logdet S rho_dim=2 penalty_rank=11 elapsed=0.000s
[INFO] [#1271-diag] path=orig p=12 penalty_rank=11 nullspace_dim=1 rss=0.991102 pen=0.014438 Dp=1.005539 pirls_edf=8.0784 logS=2.882454 logH=38.194666 half_diff=17.656106 h_above1=12 h_min=7.905e0 h_max=4.000e2 rho=[4.0108,-7.0491] lambda=[5.519e1,8.682e-4]
  H_eig=[4.000e2,4.353e1,4.149e1,3.950e1,3.165e1,2.348e1,1.777e1,1.359e1,1.146e1,9.594e0,8.692e0,7.905e0]
  Slam_eig=[3.839e1,3.836e1,5.459e0,5.281e0,4.747e0,3.704e0,2.327e0,1.072e0,3.189e-1,3.465e-2,8.682e-4,0.000e0]
[INFO] [reml-geometry] dense_spectral reason=design_not_sparse p=12 nnz_x=na nnz_h_est=na density_h_est=na threshold=0.1000
[INFO] [IFT-CACHE] outcome=miss drho_dim=2 p=12 elapsed=0.000s
[INFO] [STAGE] inner pirls solve iters=1 status=Converged max_eta=0.0 jeffreys_logdet=none rows=frozen elapsed=0.000s
[INFO] [IFT-QUALITY] quality=5.137e-6 ift=3.000e0 pred_residual=1.051e-5 cap_predicted=3.000e0 iters=1
[INFO] [STAGE] logdet S rho_dim=2 penalty_rank=11 elapsed=0.000s
[INFO] [#1271-diag] path=orig p=12 penalty_rank=11 nullspace_dim=1 rss=0.990938 pen=0.013865 Dp=1.004803 pirls_edf=8.1081 logS=2.046808 logH=38.096534 half_diff=18.024863 h_above1=12 h_min=7.792e0 h_max=4.000e2 rho=[3.9857,-7.6336] lambda=[5.382e1,4.839e-4]
  H_eig=[4.000e2,4.261e1,4.083e1,3.921e1,3.162e1,2.343e1,1.770e1,1.351e1,1.139e1,9.527e0,8.588e0,7.792e0]
  Slam_eig=[3.744e1,3.741e1,5.323e0,5.150e0,4.629e0,3.612e0,2.270e0,1.045e0,3.110e-1,3.379e-2,4.839e-4,0.000e0]
[INFO] [reml-geometry] dense_spectral reason=design_not_sparse p=12 nnz_x=na nnz_h_est=na density_h_est=na threshold=0.1000
[INFO] [IFT-CACHE] outcome=miss drho_dim=2 p=12 elapsed=0.000s
[INFO] [STAGE] inner pirls solve iters=1 status=Converged max_eta=0.0 jeffreys_logdet=none rows=frozen elapsed=0.000s
[INFO] [IFT-QUALITY] quality=2.765e-4 ift=3.000e0 pred_residual=5.651e-4 cap_predicted=3.000e0 iters=1
[INFO] [STAGE] logdet S rho_dim=2 penalty_rank=11 elapsed=0.000s
[INFO] [#1271-diag] path=orig p=12 penalty_rank=11 nullspace_dim=1 rss=0.993413 pen=0.020193 Dp=1.013606 pirls_edf=7.6927 logS=7.656985 logH=39.524615 half_diff=15.933815 h_above1=12 h_min=9.213e0 h_max=4.000e2 rho=[4.3340,-5.5069] lambda=[7.625e1,4.058e-3]
  H_eig=[4.000e2,5.795e1,5.570e1,3.997e1,3.205e1,2.430e1,1.889e1,1.488e1,1.273e1,1.077e1,1.025e1,9.213e0]
  Slam_eig=[5.304e1,5.300e1,7.542e0,7.297e0,6.558e0,5.117e0,3.216e0,1.481e0,4.406e-1,4.787e-2,4.058e-3,0.000e0]
[INFO] [reml-geometry] dense_spectral reason=design_not_sparse p=12 nnz_x=na nnz_h_est=na density_h_est=na threshold=0.1000
[INFO] [IFT-CACHE] outcome=miss drho_dim=2 p=12 elapsed=0.000s
[INFO] [STAGE] inner pirls solve iters=1 status=Converged max_eta=0.0 jeffreys_logdet=none rows=frozen elapsed=0.000s
[INFO] [IFT-QUALITY] quality=3.729e-4 ift=3.000e0 pred_residual=7.611e-4 cap_predicted=4.500e0 iters=1
[INFO] [STAGE] logdet S rho_dim=2 penalty_rank=11 elapsed=0.000s
[INFO] [#1271-diag] path=orig p=12 penalty_rank=11 nullspace_dim=1 rss=0.997299 pen=0.030061 Dp=1.027359 pirls_edf=7.1724 logS=12.874798 logH=41.501337 half_diff=14.313270 h_above1=12 h_min=1.008e1 h_max=4.000e2 rho=[4.7668,-4.6164] lambda=[1.175e2,9.888e-3]
  H_eig=[4.000e2,8.649e1,8.435e1,4.022e1,3.280e1,2.591e1,2.122e1,1.785e1,1.586e1,1.423e1,1.229e1,1.008e1]
  Slam_eig=[8.176e1,8.170e1,1.163e1,1.125e1,1.011e1,7.888e0,4.957e0,2.282e0,6.791e-1,7.379e-2,9.888e-3,0.000e0]
[INFO] [reml-geometry] dense_spectral reason=design_not_sparse p=12 nnz_x=na nnz_h_est=na density_h_est=na threshold=0.1000
[INFO] [IFT-CACHE] outcome=miss drho_dim=2 p=12 elapsed=0.000s
[INFO] [STAGE] inner pirls solve iters=1 status=Converged max_eta=0.0 jeffreys_logdet=none rows=frozen elapsed=0.000s
[INFO] [IFT-QUALITY] quality=2.929e-3 ift=4.500e0 pred_residual=5.996e-3 cap_predicted=6.750e0 iters=1
[INFO] [STAGE] logdet S rho_dim=2 penalty_rank=11 elapsed=0.000s
[INFO] [#1271-diag] path=orig p=12 penalty_rank=11 nullspace_dim=1 rss=0.988464 pen=0.011268 Dp=0.999732 pirls_edf=8.6004 logS=-2.136950 logH=36.541647 half_diff=19.339298 h_above1=12 h_min=6.101e0 h_max=4.000e2 rho=[3.5590,-7.5501] lambda=[3.513e1,5.260e-4]
  H_eig=[4.000e2,3.986e1,3.175e1,2.997e1,2.697e1,2.257e1,1.660e1,1.249e1,1.048e1,8.575e0,7.061e0,6.101e0]
  Slam_eig=[2.443e1,2.442e1,3.474e0,3.361e0,3.021e0,2.357e0,1.481e0,6.821e-1,2.029e-1,2.205e-2,5.260e-4,0.000e0]
[INFO] [reml-geometry] dense_spectral reason=design_not_sparse p=12 nnz_x=na nnz_h_est=na density_h_est=na threshold=0.1000
[INFO] [IFT-CACHE] outcome=miss drho_dim=2 p=12 elapsed=0.000s
[INFO] [STAGE] inner pirls solve iters=1 status=Converged max_eta=0.0 jeffreys_logdet=none rows=frozen elapsed=0.000s
[INFO] [IFT-QUALITY] quality=2.044e-3 ift=6.750e0 pred_residual=4.173e-3 cap_predicted=6.750e0 iters=1
[INFO] [STAGE] logdet S rho_dim=2 penalty_rank=11 elapsed=0.000s
[INFO] [#1271-diag] path=orig p=12 penalty_rank=11 nullspace_dim=1 rss=0.994519 pen=0.043488 Dp=1.038008 pirls_edf=7.5562 logS=10.634619 logH=40.017613 half_diff=14.691497 h_above1=12 h_min=9.515e0 h_max=4.000e2 rho=[4.4464,-3.6531] lambda=[8.532e1,2.591e-2]
  H_eig=[4.000e2,6.420e1,6.199e1,4.004e1,3.221e1,2.465e1,1.939e1,1.549e1,1.334e1,1.143e1,1.086e1,9.515e0]
  Slam_eig=[5.935e1,5.930e1,8.439e0,8.164e0,7.338e0,5.726e0,3.598e0,1.657e0,4.929e-1,5.356e-2,2.591e-2,0.000e0]
[INFO] [reml-geometry] dense_spectral reason=design_not_sparse p=12 nnz_x=na nnz_h_est=na density_h_est=na threshold=0.1000
[INFO] [IFT-CACHE] outcome=miss drho_dim=2 p=12 elapsed=0.000s
[INFO] [STAGE] inner pirls solve iters=1 status=Converged max_eta=0.0 jeffreys_logdet=none rows=frozen elapsed=0.000s
[INFO] [IFT-QUALITY] quality=1.836e-3 ift=6.750e0 pred_residual=3.745e-3 cap_predicted=6.750e0 iters=1
[INFO] [STAGE] logdet S rho_dim=2 penalty_rank=11 elapsed=0.000s
[INFO] [#1271-diag] path=orig p=12 penalty_rank=11 nullspace_dim=1 rss=1.000054 pen=0.025007 Dp=1.025061 pirls_edf=6.8631 logS=14.012083 logH=42.798423 half_diff=14.393170 h_above1=12 h_min=1.043e1 h_max=4.000e2 rho=[5.0272,-6.0835] lambda=[1.525e2,2.280e-3]
  H_eig=[4.000e2,1.107e2,1.087e2,4.042e1,3.348e1,2.734e1,2.336e1,2.063e1,1.889e1,1.731e1,1.320e1,1.043e1]
  Slam_eig=[1.061e2,1.060e2,1.508e1,1.459e1,1.312e1,1.023e1,6.431e0,2.961e0,8.811e-1,9.574e-2,2.280e-3,0.000e0]
[INFO] [reml-geometry] dense_spectral reason=design_not_sparse p=12 nnz_x=na nnz_h_est=na density_h_est=na threshold=0.1000
[INFO] [IFT-CACHE] outcome=miss drho_dim=2 p=12 elapsed=0.000s
[INFO] [pirls-path] repeated path=dense_transformed reason=gaussian_sufficient_statistics count=16 (suppressing identical decisions)
[INFO] [STAGE] inner pirls solve iters=1 status=Converged max_eta=0.0 jeffreys_logdet=none rows=frozen elapsed=0.000s
[INFO] [IFT-QUALITY] quality=6.284e-3 ift=6.750e0 pred_residual=1.287e-2 cap_predicted=6.750e0 iters=1
[INFO] [STAGE] logdet S rho_dim=2 penalty_rank=11 elapsed=0.000s
[INFO] [#1271-diag] path=orig p=12 penalty_rank=11 nullspace_dim=1 rss=0.986195 pen=0.008970 Dp=0.995164 pirls_edf=9.0862 logS=-7.229933 logH=35.128633 half_diff=21.179283 h_above1=12 h_min=4.871e0 h_max=4.000e2 rho=[3.1109,-8.1626] lambda=[2.244e1,2.851e-4]
  H_eig=[4.000e2,3.977e1,3.130e1,2.372e1,2.079e1,1.845e1,1.522e1,1.174e1,9.940e0,7.793e0,5.903e0,4.871e0]
  Slam_eig=[1.561e1,1.560e1,2.220e0,2.147e0,1.930e0,1.506e0,9.464e-1,4.357e-1,1.297e-1,1.409e-2,2.851e-4,0.000e0]
[INFO] [reml-geometry] dense_spectral reason=design_not_sparse p=12 nnz_x=na nnz_h_est=na density_h_est=na threshold=0.1000
[INFO] [IFT-CACHE] outcome=miss drho_dim=2 p=12 elapsed=0.000s
[INFO] [STAGE] inner pirls solve iters=1 status=Converged max_eta=0.0 jeffreys_logdet=none rows=frozen elapsed=0.000s
[INFO] [IFT-QUALITY] quality=1.283e-2 ift=6.750e0 pred_residual=2.610e-2 cap_predicted=6.750e0 iters=1
[INFO] [STAGE] logdet S rho_dim=2 penalty_rank=11 elapsed=0.000s
[INFO] [#1271-diag] path=orig p=12 penalty_rank=11 nullspace_dim=1 rss=1.010467 pen=0.037861 Dp=1.048328 pirls_edf=6.0488 logS=22.156743 logH=46.756846 half_diff=12.300052 h_above1=12 h_min=1.130e1 h_max=4.000e2 rho=[5.7405,-5.0722] lambda=[3.112e2,6.269e-3]
  H_eig=[4.000e2,2.210e2,2.190e2,4.166e1,3.864e1,3.502e1,3.490e1,3.402e1,3.200e1,2.845e1,1.517e1,1.130e1]
  Slam_eig=[2.165e2,2.163e2,3.078e1,2.978e1,2.677e1,2.089e1,1.312e1,6.043e0,1.798e0,1.954e-1,6.269e-3,0.000e0]
[INFO] [reml-geometry] dense_spectral reason=design_not_sparse p=12 nnz_x=na nnz_h_est=na density_h_est=na threshold=0.1000
[INFO] [IFT-CACHE] outcome=miss drho_dim=2 p=12 elapsed=0.000s
[INFO] [STAGE] inner pirls solve iters=1 status=Converged max_eta=0.0 jeffreys_logdet=none rows=frozen elapsed=0.000s
[INFO] [IFT-QUALITY] quality=4.615e-3 ift=6.750e0 pred_residual=9.437e-3 cap_predicted=6.750e0 iters=1
[INFO] [STAGE] logdet S rho_dim=2 penalty_rank=11 elapsed=0.000s
[INFO] [#1271-diag] path=orig p=12 penalty_rank=11 nullspace_dim=1 rss=0.992313 pen=0.015263 Dp=1.007577 pirls_edf=7.8659 logS=3.858389 logH=38.914838 half_diff=17.528225 h_above1=12 h_min=8.697e0 h_max=4.000e2 rho=[4.1896,-7.8613] lambda=[6.600e1,3.854e-4]
  H_eig=[4.000e2,5.090e1,4.863e1,3.988e1,3.186e1,2.390e1,1.835e1,1.423e1,1.208e1,1.015e1,9.493e0,8.697e0]
  Slam_eig=[4.591e1,4.587e1,6.527e0,6.315e0,5.676e0,4.429e0,2.783e0,1.281e0,3.813e-1,4.143e-2,3.854e-4,0.000e0]
[INFO] [reml-geometry] dense_spectral reason=design_not_sparse p=12 nnz_x=na nnz_h_est=na density_h_est=na threshold=0.1000
[INFO] [IFT-CACHE] outcome=miss drho_dim=2 p=12 elapsed=0.000s
[INFO] [STAGE] inner pirls solve iters=1 status=Converged max_eta=0.0 jeffreys_logdet=none rows=frozen elapsed=0.000s
[INFO] [IFT-QUALITY] quality=2.040e-3 ift=6.750e0 pred_residual=4.157e-3 cap_predicted=6.750e0 iters=1
[INFO] [STAGE] logdet S rho_dim=2 penalty_rank=11 elapsed=0.000s
[INFO] [#1271-diag] path=orig p=12 penalty_rank=11 nullspace_dim=1 rss=1.003003 pen=0.029505 Dp=1.032507 pirls_edf=6.5909 logS=16.926375 logH=44.026108 half_diff=13.549867 h_above1=12 h_min=1.072e1 h_max=4.000e2 rho=[5.2600,-5.4971] lambda=[1.925e2,4.098e-3]
  H_eig=[4.000e2,1.385e2,1.364e2,4.066e1,3.436e1,2.905e1,2.595e1,2.397e1,2.253e1,2.059e1,1.390e1,1.072e1]
  Slam_eig=[1.339e2,1.338e2,1.904e1,1.842e1,1.656e1,1.292e1,8.117e0,3.737e0,1.112e0,1.208e-1,4.098e-3,0.000e0]
[INFO] [reml-geometry] dense_spectral reason=design_not_sparse p=12 nnz_x=na nnz_h_est=na density_h_est=na threshold=0.1000
[INFO] [IFT-CACHE] outcome=miss drho_dim=2 p=12 elapsed=0.000s
[INFO] [STAGE] inner pirls solve iters=1 status=Converged max_eta=0.0 jeffreys_logdet=none rows=frozen elapsed=0.000s
[INFO] [IFT-QUALITY] quality=7.017e-4 ift=6.750e0 pred_residual=1.433e-3 cap_predicted=6.750e0 iters=1
[INFO] [STAGE] logdet S rho_dim=2 penalty_rank=11 elapsed=0.000s
[INFO] [#1271-diag] path=orig p=12 penalty_rank=11 nullspace_dim=1 rss=0.996086 pen=0.023087 Dp=1.019173 pirls_edf=7.3158 logS=10.821347 logH=40.933437 half_diff=15.056045 h_above1=12 h_min=9.898e0 h_max=4.000e2 rho=[4.6474,-5.4764] lambda=[1.043e2,4.184e-3]
  H_eig=[4.000e2,7.733e1,7.517e1,4.014e1,3.256e1,2.539e1,2.045e1,1.685e1,1.478e1,1.304e1,1.181e1,9.898e0]
  Slam_eig=[7.256e1,7.251e1,1.032e1,9.982e0,8.972e0,7.000e0,4.399e0,2.025e0,6.027e-1,6.549e-2,4.184e-3,0.000e0]
[INFO] [reml-geometry] dense_spectral reason=design_not_sparse p=12 nnz_x=na nnz_h_est=na density_h_est=na threshold=0.1000
[INFO] [IFT-CACHE] outcome=miss drho_dim=2 p=12 elapsed=0.000s
[INFO] [STAGE] inner pirls solve iters=1 status=Converged max_eta=0.0 jeffreys_logdet=none rows=frozen elapsed=0.000s
[INFO] [IFT-QUALITY] quality=1.634e-5 ift=6.750e0 pred_residual=3.337e-5 cap_predicted=6.750e0 iters=1
[INFO] [STAGE] logdet S rho_dim=2 penalty_rank=11 elapsed=0.000s
[INFO] [#1271-diag] path=orig p=12 penalty_rank=11 nullspace_dim=1 rss=0.995916 pen=0.025184 Dp=1.021100 pirls_edf=7.3403 logS=11.044909 logH=40.837862 half_diff=14.896476 h_above1=12 h_min=9.864e0 h_max=4.000e2 rho=[4.6269,-5.0480] lambda=[1.022e2,6.422e-3]
  H_eig=[4.000e2,7.587e1,7.370e1,4.013e1,3.252e1,2.530e1,2.033e1,1.669e1,1.461e1,1.285e1,1.172e1,9.864e0]
  Slam_eig=[7.109e1,7.104e1,1.011e1,9.780e0,8.790e0,6.858e0,4.310e0,1.984e0,5.905e-1,6.416e-2,6.422e-3,0.000e0]
[INFO] [reml-geometry] dense_spectral reason=design_not_sparse p=12 nnz_x=na nnz_h_est=na density_h_est=na threshold=0.1000
[INFO] [IFT-CACHE] outcome=miss drho_dim=2 p=12 elapsed=0.000s
[INFO] [STAGE] inner pirls solve iters=1 status=Converged max_eta=0.0 jeffreys_logdet=none rows=frozen elapsed=0.000s
[INFO] [IFT-QUALITY] quality=2.789e-4 ift=6.750e0 pred_residual=5.701e-4 cap_predicted=6.750e0 iters=1
[INFO] [STAGE] logdet S rho_dim=2 penalty_rank=11 elapsed=0.000s
[INFO] [#1271-diag] path=orig p=12 penalty_rank=11 nullspace_dim=1 rss=0.992706 pen=0.018850 Dp=1.011556 pirls_edf=7.8043 logS=6.572800 logH=39.128744 half_diff=16.277972 h_above1=12 h_min=8.898e0 h_max=4.000e2 rho=[4.2409,-5.6600] lambda=[6.947e1,3.482e-3]
  H_eig=[4.000e2,5.329e1,5.102e1,3.992e1,3.193e1,2.404e1,1.853e1,1.445e1,1.229e1,1.035e1,9.750e0,8.898e0]
  Slam_eig=[4.833e1,4.829e1,6.871e0,6.648e0,5.975e0,4.662e0,2.930e0,1.349e0,4.014e-1,4.361e-2,3.482e-3,0.000e0]
[INFO] [reml-geometry] dense_spectral reason=design_not_sparse p=12 nnz_x=na nnz_h_est=na density_h_est=na threshold=0.1000
[INFO] [IFT-CACHE] outcome=miss drho_dim=2 p=12 elapsed=0.000s
[INFO] [STAGE] inner pirls solve iters=1 status=Converged max_eta=0.0 jeffreys_logdet=none rows=frozen elapsed=0.000s
[INFO] [IFT-QUALITY] quality=2.213e-5 ift=6.750e0 pred_residual=4.525e-5 cap_predicted=1.012e1 iters=1
[INFO] [STAGE] logdet S rho_dim=2 penalty_rank=11 elapsed=0.000s
[INFO] [#1271-diag] path=orig p=12 penalty_rank=11 nullspace_dim=1 rss=0.991924 pen=0.018512 Dp=1.010436 pirls_edf=7.9358 logS=5.604757 logH=38.674169 half_diff=16.534706 h_above1=12 h_min=8.447e0 h_max=4.000e2 rho=[4.1308,-5.5272] lambda=[6.223e1,3.977e-3]
  H_eig=[4.000e2,4.833e1,4.605e1,3.983e1,3.179e1,2.376e1,1.815e1,1.400e1,1.186e1,9.951e0,9.215e0,8.447e0]
  Slam_eig=[4.329e1,4.325e1,6.155e0,5.955e0,5.352e0,4.176e0,2.624e0,1.208e0,3.595e-1,3.907e-2,3.977e-3,0.000e0]
[INFO] [reml-geometry] dense_spectral reason=design_not_sparse p=12 nnz_x=na nnz_h_est=na density_h_est=na threshold=0.1000
[INFO] [IFT-CACHE] outcome=miss drho_dim=2 p=12 elapsed=0.000s
[INFO] [STAGE] inner pirls solve iters=1 status=Converged max_eta=0.0 jeffreys_logdet=none rows=frozen elapsed=0.000s
[INFO] [IFT-QUALITY] quality=8.210e-4 ift=1.012e1 pred_residual=1.676e-3 cap_predicted=1.519e1 iters=1
[INFO] [STAGE] logdet S rho_dim=2 penalty_rank=11 elapsed=0.000s
[INFO] [#1271-diag] path=orig p=12 penalty_rank=11 nullspace_dim=1 rss=0.997598 pen=0.021833 Dp=1.019431 pirls_edf=7.1280 logS=11.338497 logH=41.682892 half_diff=15.172198 h_above1=12 h_min=1.014e1 h_max=4.000e2 rho=[4.8043,-6.5282] lambda=[1.220e2,1.462e-3]
  H_eig=[4.000e2,8.960e1,8.748e1,4.024e1,3.288e1,2.609e1,2.149e1,1.820e1,1.624e1,1.463e1,1.243e1,1.014e1]
  Slam_eig=[8.489e1,8.482e1,1.207e1,1.168e1,1.050e1,8.190e0,5.146e0,2.370e0,7.051e-1,7.661e-2,1.462e-3,0.000e0]
[INFO] [reml-geometry] dense_spectral reason=design_not_sparse p=12 nnz_x=na nnz_h_est=na density_h_est=na threshold=0.1000
[INFO] [IFT-CACHE] outcome=miss drho_dim=2 p=12 elapsed=0.000s
[INFO] [STAGE] inner pirls solve iters=1 status=Converged max_eta=0.0 jeffreys_logdet=none rows=frozen elapsed=0.000s
[INFO] [IFT-QUALITY] quality=3.007e-4 ift=1.519e1 pred_residual=6.145e-4 cap_predicted=2.278e1 iters=1
[INFO] [STAGE] logdet S rho_dim=2 penalty_rank=11 elapsed=0.000s
[INFO] [#1271-diag] path=orig p=12 penalty_rank=11 nullspace_dim=1 rss=0.993977 pen=0.020340 Dp=1.014316 pirls_edf=7.6067 logS=8.257514 logH=39.835736 half_diff=15.789111 h_above1=12 h_min=9.410e0 h_max=4.000e2 rho=[4.4056,-5.6217] lambda=[8.191e1,3.618e-3]
  H_eig=[4.000e2,6.184e1,5.962e1,4.001e1,3.215e1,2.451e1,1.920e1,1.526e1,1.311e1,1.117e1,1.064e1,9.410e0]
  Slam_eig=[5.697e1,5.693e1,8.101e0,7.838e0,7.045e0,5.496e0,3.454e0,1.590e0,4.732e-1,5.142e-2,3.618e-3,0.000e0]
[INFO] [reml-geometry] dense_spectral reason=design_not_sparse p=12 nnz_x=na nnz_h_est=na density_h_est=na threshold=0.1000
[INFO] [IFT-CACHE] outcome=miss drho_dim=2 p=12 elapsed=0.000s
[INFO] [STAGE] inner pirls solve iters=1 status=Converged max_eta=0.0 jeffreys_logdet=none rows=frozen elapsed=0.000s
[INFO] [IFT-QUALITY] quality=1.499e-4 ift=2.278e1 pred_residual=3.064e-4 cap_predicted=3.417e1 iters=1
[INFO] [STAGE] logdet S rho_dim=2 penalty_rank=11 elapsed=0.000s
[INFO] [#1271-diag] path=orig p=12 penalty_rank=11 nullspace_dim=1 rss=0.994432 pen=0.017639 Dp=1.012071 pirls_edf=7.5368 logS=6.852072 logH=40.093876 half_diff=16.620902 h_above1=12 h_min=9.548e0 h_max=4.000e2 rho=[4.4639,-7.6106] lambda=[8.683e1,4.952e-4]
  H_eig=[4.000e2,6.524e1,6.303e1,4.004e1,3.224e1,2.470e1,1.947e1,1.559e1,1.345e1,1.154e1,1.095e1,9.548e0]
  Slam_eig=[6.040e1,6.035e1,8.587e0,8.308e0,7.468e0,5.827e0,3.662e0,1.686e0,5.016e-1,5.451e-2,4.952e-4,0.000e0]
[INFO] [reml-geometry] dense_spectral reason=design_not_sparse p=12 nnz_x=na nnz_h_est=na density_h_est=na threshold=0.1000
[INFO] [IFT-CACHE] outcome=miss drho_dim=2 p=12 elapsed=0.000s
[INFO] [STAGE] inner pirls solve iters=1 status=Converged max_eta=0.0 jeffreys_logdet=none rows=frozen elapsed=0.000s
[INFO] [IFT-QUALITY] quality=8.616e-5 ift=3.417e1 pred_residual=1.762e-4 cap_predicted=5.126e1 iters=1
[INFO] [STAGE] logdet S rho_dim=2 penalty_rank=11 elapsed=0.000s
[INFO] [#1271-diag] path=orig p=12 penalty_rank=11 nullspace_dim=1 rss=0.992698 pen=0.016022 Dp=1.008720 pirls_edf=7.8027 logS=5.012405 logH=39.134781 half_diff=17.061188 h_above1=12 h_min=8.904e0 h_max=4.000e2 rho=[4.2424,-7.2352] lambda=[6.958e1,7.207e-4]
  H_eig=[4.000e2,5.336e1,5.109e1,3.992e1,3.193e1,2.404e1,1.854e1,1.445e1,1.230e1,1.036e1,9.758e0,8.904e0]
  Slam_eig=[4.840e1,4.836e1,6.881e0,6.658e0,5.984e0,4.669e0,2.934e0,1.351e0,4.020e-1,4.368e-2,7.207e-4,0.000e0]
[INFO] [reml-geometry] dense_spectral reason=design_not_sparse p=12 nnz_x=na nnz_h_est=na density_h_est=na threshold=0.1000
[INFO] [IFT-CACHE] outcome=miss drho_dim=2 p=12 elapsed=0.000s
[INFO] [STAGE] inner pirls solve iters=1 status=Converged max_eta=0.0 jeffreys_logdet=none rows=frozen elapsed=0.000s
[INFO] [IFT-QUALITY] quality=2.035e-4 ift=5.126e1 pred_residual=4.160e-4 cap_predicted=7.689e1 iters=1
[INFO] [STAGE] logdet S rho_dim=2 penalty_rank=11 elapsed=0.000s
[INFO] [#1271-diag] path=orig p=12 penalty_rank=11 nullspace_dim=1 rss=0.993391 pen=0.024088 Dp=1.017478 pirls_edf=7.7005 logS=8.256932 logH=39.496016 half_diff=15.619542 h_above1=12 h_min=9.193e0 h_max=4.000e2 rho=[4.3273,-4.8400] lambda=[7.574e1,7.907e-3]
  H_eig=[4.000e2,5.760e1,5.535e1,3.997e1,3.204e1,2.428e1,1.887e1,1.485e1,1.269e1,1.074e1,1.021e1,9.193e0]
  Slam_eig=[5.269e1,5.265e1,7.491e0,7.248e0,6.515e0,5.083e0,3.194e0,1.471e0,4.376e-1,4.755e-2,7.907e-3,0.000e0]
[INFO] [reml-geometry] dense_spectral reason=design_not_sparse p=12 nnz_x=na nnz_h_est=na density_h_est=na threshold=0.1000
[INFO] [IFT-CACHE] outcome=miss drho_dim=2 p=12 elapsed=0.000s
[INFO] [STAGE] inner pirls solve iters=1 status=Converged max_eta=0.0 jeffreys_logdet=none rows=frozen elapsed=0.000s
[INFO] [IFT-QUALITY] quality=5.252e-4 ift=7.689e1 pred_residual=1.072e-3 cap_predicted=1.153e2 iters=1
[INFO] [STAGE] logdet S rho_dim=2 penalty_rank=11 elapsed=0.000s
[INFO] [#1271-diag] path=orig p=12 penalty_rank=11 nullspace_dim=1 rss=0.996900 pen=0.020856 Dp=1.017757 pirls_edf=7.2108 logS=10.431579 logH=41.348604 half_diff=15.458513 h_above1=12 h_min=1.003e1 h_max=4.000e2 rho=[4.7351,-6.7431] lambda=[1.139e2,1.179e-3]
  H_eig=[4.000e2,8.395e1,8.181e1,4.020e1,3.273e1,2.576e1,2.101e1,1.757e1,1.555e1,1.390e1,1.216e1,1.003e1]
  Slam_eig=[7.921e1,7.915e1,1.126e1,1.090e1,9.795e0,7.642e0,4.802e0,2.211e0,6.579e-1,7.149e-2,1.179e-3,0.000e0]
[INFO] [reml-geometry] dense_spectral reason=design_not_sparse p=12 nnz_x=na nnz_h_est=na density_h_est=na threshold=0.1000
[INFO] [IFT-CACHE] outcome=miss drho_dim=2 p=12 elapsed=0.000s
[INFO] [STAGE] inner pirls solve iters=1 status=Converged max_eta=0.0 jeffreys_logdet=none rows=frozen elapsed=0.000s
[INFO] [IFT-QUALITY] quality=1.756e-4 ift=1.153e2 pred_residual=3.583e-4 cap_predicted=1.730e2 iters=1
[INFO] [STAGE] logdet S rho_dim=2 penalty_rank=11 elapsed=0.000s
[INFO] [#1271-diag] path=orig p=12 penalty_rank=11 nullspace_dim=1 rss=0.999964 pen=0.022820 Dp=1.022784 pirls_edf=6.8702 logS=11.495828 logH=42.768185 half_diff=15.636178 h_above1=12 h_min=1.042e1 h_max=4.000e2 rho=[5.0213,-8.5412] lambda=[1.516e2,1.953e-4]
  H_eig=[4.000e2,1.101e2,1.080e2,4.041e1,3.346e1,2.730e1,2.331e1,2.056e1,1.881e1,1.723e1,1.318e1,1.042e1]
  Slam_eig=[1.055e2,1.054e2,1.500e1,1.451e1,1.304e1,1.017e1,6.394e0,2.944e0,8.760e-1,9.518e-2,1.953e-4,0.000e0]
[INFO] [reml-geometry] dense_spectral reason=design_not_sparse p=12 nnz_x=na nnz_h_est=na density_h_est=na threshold=0.1000
[INFO] [IFT-CACHE] outcome=miss drho_dim=2 p=12 elapsed=0.000s
[INFO] [STAGE] inner pirls solve iters=1 status=Converged max_eta=0.0 jeffreys_logdet=none rows=frozen elapsed=0.000s
[INFO] [IFT-QUALITY] quality=8.268e-4 ift=1.730e2 pred_residual=1.690e-3 cap_predicted=2.595e2 iters=1
[INFO] [STAGE] logdet S rho_dim=2 penalty_rank=11 elapsed=0.000s
[INFO] [#1271-diag] path=orig p=12 penalty_rank=11 nullspace_dim=1 rss=0.993456 pen=0.016303 Dp=1.009758 pirls_edf=7.6820 logS=4.728843 logH=39.563491 half_diff=17.417324 h_above1=12 h_min=9.239e0 h_max=4.000e2 rho=[4.3431,-8.5259] lambda=[7.695e1,1.983e-4]
  H_eig=[4.000e2,5.843e1,5.619e1,3.998e1,3.206e1,2.432e1,1.893e1,1.493e1,1.277e1,1.082e1,1.030e1,9.239e0]
  Slam_eig=[5.352e1,5.348e1,7.610e0,7.363e0,6.618e0,5.164e0,3.245e0,1.494e0,4.446e-1,4.831e-2,1.983e-4,0.000e0]
[INFO] [reml-geometry] dense_spectral reason=design_not_sparse p=12 nnz_x=na nnz_h_est=na density_h_est=na threshold=0.1000
[INFO] [IFT-CACHE] outcome=miss drho_dim=2 p=12 elapsed=0.000s
[INFO] [pirls-path] repeated path=dense_transformed reason=gaussian_sufficient_statistics count=32 (suppressing identical decisions)
[INFO] [STAGE] inner pirls solve iters=1 status=Converged max_eta=0.0 jeffreys_logdet=none rows=frozen elapsed=0.000s
[INFO] [IFT-QUALITY] quality=3.684e-4 ift=2.595e2 pred_residual=7.521e-4 cap_predicted=3.892e2 iters=1
[INFO] [STAGE] logdet S rho_dim=2 penalty_rank=11 elapsed=0.000s
[INFO] [#1271-diag] path=orig p=12 penalty_rank=11 nullspace_dim=1 rss=0.997482 pen=0.021600 Dp=1.019082 pirls_edf=7.1414 logS=11.142280 logH=41.628208 half_diff=15.242964 h_above1=12 h_min=1.012e1 h_max=4.000e2 rho=[4.7931,-6.6120] lambda=[1.207e2,1.344e-3]
  H_eig=[4.000e2,8.866e1,8.653e1,4.023e1,3.286e1,2.603e1,2.141e1,1.809e1,1.612e1,1.451e1,1.239e1,1.012e1]
  Slam_eig=[8.394e1,8.387e1,1.193e1,1.155e1,1.038e1,8.098e0,5.089e0,2.343e0,6.972e-1,7.576e-2,1.344e-3,0.000e0]
[INFO] [reml-geometry] dense_spectral reason=design_not_sparse p=12 nnz_x=na nnz_h_est=na density_h_est=na threshold=0.1000
[INFO] [IFT-CACHE] outcome=miss drho_dim=2 p=12 elapsed=0.000s
[INFO] [STAGE] inner pirls solve iters=1 status=Converged max_eta=0.0 jeffreys_logdet=none rows=frozen elapsed=0.000s
[INFO] [IFT-QUALITY] quality=5.415e-4 ift=3.892e2 pred_residual=1.104e-3 cap_predicted=5.839e2 iters=1
[INFO] [STAGE] logdet S rho_dim=2 penalty_rank=11 elapsed=0.000s
[INFO] [#1271-diag] path=orig p=12 penalty_rank=11 nullspace_dim=1 rss=1.001985 pen=0.039108 Dp=1.041093 pirls_edf=6.6915 logS=17.323520 logH=43.559915 half_diff=13.118198 h_above1=12 h_min=1.062e1 h_max=4.000e2 rho=[5.1729,-4.2287] lambda=[1.764e2,1.457e-2]
  H_eig=[4.000e2,1.273e2,1.253e2,4.057e1,3.399e1,2.835e1,2.490e1,2.262e1,2.105e1,1.931e1,1.365e1,1.062e1]
  Slam_eig=[1.227e2,1.226e2,1.745e1,1.688e1,1.517e1,1.184e1,7.440e0,3.426e0,1.019e0,1.108e-1,1.457e-2,0.000e0]
[INFO] [reml-geometry] dense_spectral reason=design_not_sparse p=12 nnz_x=na nnz_h_est=na density_h_est=na threshold=0.1000
[INFO] [IFT-CACHE] outcome=miss drho_dim=2 p=12 elapsed=0.000s
[INFO] [STAGE] inner pirls solve iters=1 status=Converged max_eta=0.0 jeffreys_logdet=none rows=frozen elapsed=0.000s
[INFO] [IFT-QUALITY] quality=7.980e-3 ift=5.839e2 pred_residual=1.635e-2 cap_predicted=5.839e2 iters=1
[INFO] [STAGE] logdet S rho_dim=2 penalty_rank=11 elapsed=0.000s
[INFO] [#1271-diag] path=orig p=12 penalty_rank=11 nullspace_dim=1 rss=0.986223 pen=0.008997 Dp=0.995220 pirls_edf=9.0802 logS=-7.153560 logH=35.145409 half_diff=21.149485 h_above1=12 h_min=4.884e0 h_max=4.000e2 rho=[3.1167,-8.1437] lambda=[2.257e1,2.906e-4]
  H_eig=[4.000e2,3.977e1,3.130e1,2.376e1,2.083e1,1.853e1,1.524e1,1.175e1,9.945e0,7.802e0,5.916e0,4.884e0]
  Slam_eig=[1.570e1,1.569e1,2.232e0,2.160e0,1.941e0,1.515e0,9.518e-1,4.383e-1,1.304e-1,1.417e-2,2.906e-4,0.000e0]
[INFO] [reml-geometry] dense_spectral reason=design_not_sparse p=12 nnz_x=na nnz_h_est=na density_h_est=na threshold=0.1000
[INFO] [IFT-CACHE] outcome=miss drho_dim=2 p=12 elapsed=0.000s
[INFO] [STAGE] inner pirls solve iters=1 status=Converged max_eta=0.0 jeffreys_logdet=none rows=frozen elapsed=0.000s
[INFO] [IFT-QUALITY] quality=2.802e-3 ift=5.839e2 pred_residual=5.729e-3 cap_predicted=5.839e2 iters=1
[INFO] [STAGE] logdet S rho_dim=2 penalty_rank=11 elapsed=0.000s
[INFO] [#1271-diag] path=orig p=12 penalty_rank=11 nullspace_dim=1 rss=0.992526 pen=0.017876 Dp=1.010402 pirls_edf=7.8329 logS=6.086304 logH=39.028976 half_diff=16.471336 h_above1=12 h_min=8.807e0 h_max=4.000e2 rho=[4.2171,-5.9080] lambda=[6.784e1,2.718e-3]
  H_eig=[4.000e2,5.216e1,4.989e1,3.990e1,3.190e1,2.397e1,1.844e1,1.434e1,1.219e1,1.026e1,9.629e0,8.807e0]
  Slam_eig=[4.719e1,4.715e1,6.709e0,6.491e0,5.834e0,4.552e0,2.861e0,1.317e0,3.919e-1,4.259e-2,2.718e-3,0.000e0]
[INFO] [reml-geometry] dense_spectral reason=design_not_sparse p=12 nnz_x=na nnz_h_est=na density_h_est=na threshold=0.1000
[INFO] [IFT-CACHE] outcome=miss drho_dim=2 p=12 elapsed=0.000s
[INFO] [STAGE] inner pirls solve iters=1 status=Converged max_eta=0.0 jeffreys_logdet=none rows=frozen elapsed=0.000s
[INFO] [IFT-QUALITY] quality=9.139e-4 ift=5.839e2 pred_residual=1.871e-3 cap_predicted=5.839e2 iters=1
[INFO] [STAGE] logdet S rho_dim=2 penalty_rank=11 elapsed=0.000s
[INFO] [#1271-diag] path=orig p=12 penalty_rank=11 nullspace_dim=1 rss=0.988263 pen=0.014150 Dp=1.002413 pirls_edf=8.6456 logS=-0.641536 logH=36.404921 half_diff=18.523229 h_above1=12 h_min=5.968e0 h_max=4.000e2 rho=[3.5184,-5.6492] lambda=[3.373e1,3.520e-3]
  H_eig=[4.000e2,3.985e1,3.164e1,2.916e1,2.604e1,2.248e1,1.650e1,1.241e1,1.042e1,8.497e0,6.939e0,5.968e0]
  Slam_eig=[2.346e1,2.344e1,3.336e0,3.228e0,2.901e0,2.264e0,1.422e0,6.550e-1,1.949e-1,2.118e-2,3.520e-3,0.000e0]
[INFO] [reml-geometry] dense_spectral reason=design_not_sparse p=12 nnz_x=na nnz_h_est=na density_h_est=na threshold=0.1000
[INFO] [IFT-CACHE] outcome=miss drho_dim=2 p=12 elapsed=0.000s
[INFO] [STAGE] inner pirls solve iters=1 status=Converged max_eta=0.0 jeffreys_logdet=none rows=frozen elapsed=0.000s
[INFO] [IFT-QUALITY] quality=2.239e-4 ift=5.839e2 pred_residual=4.582e-4 cap_predicted=5.839e2 iters=1
[INFO] [STAGE] logdet S rho_dim=2 penalty_rank=11 elapsed=0.000s
[INFO] [#1271-diag] path=orig p=12 penalty_rank=11 nullspace_dim=1 rss=0.989572 pen=0.012395 Dp=1.001966 pirls_edf=8.3718 logS=-0.189470 logH=37.246900 half_diff=18.718185 h_above1=12 h_min=6.830e0 h_max=4.000e2 rho=[3.7597,-7.6100] lambda=[4.294e1,4.955e-4]
  H_eig=[4.000e2,3.994e1,3.533e1,3.285e1,3.105e1,2.297e1,1.710e1,1.291e1,1.084e1,8.992e0,7.724e0,6.830e0]
  Slam_eig=[2.987e1,2.984e1,4.246e0,4.108e0,3.693e0,2.881e0,1.811e0,8.337e-1,2.481e-1,2.695e-2,4.955e-4,0.000e0]
[INFO] [reml-geometry] dense_spectral reason=design_not_sparse p=12 nnz_x=na nnz_h_est=na density_h_est=na threshold=0.1000
[INFO] [IFT-CACHE] outcome=miss drho_dim=2 p=12 elapsed=0.000s
[INFO] [STAGE] inner pirls solve iters=1 status=Converged max_eta=0.0 jeffreys_logdet=none rows=frozen elapsed=0.000s
[INFO] [IFT-QUALITY] quality=8.284e-6 ift=5.839e2 pred_residual=1.695e-5 cap_predicted=5.839e2 iters=1
[INFO] [STAGE] logdet S rho_dim=2 penalty_rank=11 elapsed=0.000s
[INFO] [#1271-diag] path=orig p=12 penalty_rank=11 nullspace_dim=1 rss=0.989408 pen=0.011885 Dp=1.001293 pirls_edf=8.4046 logS=-1.542883 logH=37.143925 half_diff=19.343404 h_above1=12 h_min=6.719e0 h_max=4.000e2 rho=[3.7312,-8.6784] lambda=[4.173e1,1.702e-4]
  H_eig=[4.000e2,3.992e1,3.456e1,3.227e1,3.076e1,2.292e1,1.702e1,1.284e1,1.078e1,8.930e0,7.623e0,6.719e0]
  Slam_eig=[2.903e1,2.900e1,4.127e0,3.993e0,3.589e0,2.800e0,1.760e0,8.102e-1,2.411e-1,2.620e-2,1.702e-4,0.000e0]
[INFO] [reml-geometry] dense_spectral reason=design_not_sparse p=12 nnz_x=na nnz_h_est=na density_h_est=na threshold=0.1000
[INFO] [IFT-CACHE] outcome=miss drho_dim=2 p=12 elapsed=0.000s
[INFO] [STAGE] inner pirls solve iters=1 status=Converged max_eta=0.0 jeffreys_logdet=none rows=frozen elapsed=0.000s
[INFO] [IFT-QUALITY] quality=2.684e-4 ift=5.839e2 pred_residual=5.490e-4 cap_predicted=8.758e2 iters=1
[INFO] [STAGE] logdet S rho_dim=2 penalty_rank=11 elapsed=0.000s
[INFO] [#1271-diag] path=orig p=12 penalty_rank=11 nullspace_dim=1 rss=0.991579 pen=0.016105 Dp=1.007684 pirls_edf=7.9938 logS=4.424712 logH=38.477600 half_diff=17.026444 h_above1=12 h_min=8.229e0 h_max=4.000e2 rho=[4.0822,-6.2204] lambda=[5.927e1,1.988e-3]
  H_eig=[4.000e2,4.631e1,4.406e1,3.977e1,3.173e1,2.364e1,1.799e1,1.383e1,1.169e1,9.798e0,8.997e0,8.229e0]
  Slam_eig=[4.123e1,4.120e1,5.862e0,5.672e0,5.098e0,3.978e0,2.500e0,1.151e0,3.425e-1,3.721e-2,1.988e-3,0.000e0]
[INFO] [reml-geometry] dense_spectral reason=design_not_sparse p=12 nnz_x=na nnz_h_est=na density_h_est=na threshold=0.1000
[INFO] [IFT-CACHE] outcome=miss drho_dim=2 p=12 elapsed=0.000s
[INFO] [STAGE] inner pirls solve iters=1 status=Converged max_eta=0.0 jeffreys_logdet=none rows=frozen elapsed=0.000s
[INFO] [IFT-QUALITY] quality=8.934e-4 ift=8.758e2 pred_residual=1.829e-3 cap_predicted=1.314e3 iters=1
[INFO] [STAGE] logdet S rho_dim=2 penalty_rank=11 elapsed=0.000s
[INFO] [#1271-diag] path=orig p=12 penalty_rank=11 nullspace_dim=1 rss=0.987694 pen=0.013390 Dp=1.001083 pirls_edf=8.7670 logS=-1.796354 logH=36.044070 half_diff=18.920212 h_above1=12 h_min=5.632e0 h_max=4.000e2 rho=[3.4088,-5.7084] lambda=[3.023e1,3.318e-3]
  H_eig=[4.000e2,3.982e1,3.149e1,2.713e1,2.368e1,2.221e1,1.621e1,1.222e1,1.027e1,8.291e0,6.628e0,5.632e0]
  Slam_eig=[2.103e1,2.101e1,2.990e0,2.893e0,2.600e0,2.029e0,1.275e0,5.870e-1,1.747e-1,1.898e-2,3.318e-3,0.000e0]
[INFO] [reml-geometry] dense_spectral reason=design_not_sparse p=12 nnz_x=na nnz_h_est=na density_h_est=na threshold=0.1000
[INFO] [IFT-CACHE] outcome=miss drho_dim=2 p=12 elapsed=0.000s
[INFO] [STAGE] inner pirls solve iters=1 status=Converged max_eta=0.0 jeffreys_logdet=none rows=frozen elapsed=0.000s
[INFO] [IFT-QUALITY] quality=1.604e-3 ift=1.314e3 pred_residual=3.278e-3 cap_predicted=1.971e3 iters=1
[INFO] [STAGE] logdet S rho_dim=2 penalty_rank=11 elapsed=0.000s
[INFO] [#1271-diag] path=orig p=12 penalty_rank=11 nullspace_dim=1 rss=0.992777 pen=0.015583 Dp=1.008360 pirls_edf=7.7893 logS=3.877005 logH=39.181991 half_diff=17.652493 h_above1=12 h_min=8.945e0 h_max=4.000e2 rho=[4.2536,-8.4831] lambda=[7.036e1,2.069e-4]
  H_eig=[4.000e2,5.390e1,5.163e1,3.993e1,3.195e1,2.407e1,1.858e1,1.450e1,1.235e1,1.041e1,9.816e0,8.945e0]
  Slam_eig=[4.894e1,4.891e1,6.959e0,6.733e0,6.052e0,4.722e0,2.967e0,1.366e0,4.065e-1,4.417e-2,2.069e-4,0.000e0]
[INFO] [reml-geometry] dense_spectral reason=design_not_sparse p=12 nnz_x=na nnz_h_est=na density_h_est=na threshold=0.1000
[INFO] [IFT-CACHE] outcome=miss drho_dim=2 p=12 elapsed=0.000s
[INFO] [STAGE] inner pirls solve iters=1 status=Converged max_eta=0.0 jeffreys_logdet=none rows=frozen elapsed=0.000s
[INFO] [IFT-QUALITY] quality=1.196e-3 ift=1.971e3 pred_residual=2.439e-3 cap_predicted=2.956e3 iters=1
[INFO] [STAGE] logdet S rho_dim=2 penalty_rank=11 elapsed=0.000s
[INFO] [#1271-diag] path=orig p=12 penalty_rank=11 nullspace_dim=1 rss=1.000406 pen=0.027803 Dp=1.028208 pirls_edf=6.8305 logS=15.017144 logH=42.940429 half_diff=13.961643 h_above1=12 h_min=1.047e1 h_max=4.000e2 rho=[5.0547,-5.3537] lambda=[1.568e2,4.730e-3]
  H_eig=[4.000e2,1.137e2,1.116e2,4.044e1,3.357e1,2.752e1,2.363e1,2.098e1,1.927e1,1.767e1,1.329e1,1.047e1]
  Slam_eig=[1.090e2,1.090e2,1.550e1,1.500e1,1.348e1,1.052e1,6.611e0,3.044e0,9.057e-1,9.841e-2,4.730e-3,0.000e0]
[INFO] [reml-geometry] dense_spectral reason=design_not_sparse p=12 nnz_x=na nnz_h_est=na density_h_est=na threshold=0.1000
[INFO] [IFT-CACHE] outcome=miss drho_dim=2 p=12 elapsed=0.000s
[INFO] [STAGE] inner pirls solve iters=1 status=Converged max_eta=0.0 jeffreys_logdet=none rows=frozen elapsed=0.000s
[INFO] [IFT-QUALITY] quality=1.851e-3 ift=2.956e3 pred_residual=3.777e-3 cap_predicted=2.956e3 iters=1
[INFO] [STAGE] logdet S rho_dim=2 penalty_rank=11 elapsed=0.000s
[INFO] [#1271-diag] path=orig p=12 penalty_rank=11 nullspace_dim=1 rss=0.993576 pen=0.061476 Dp=1.055051 pirls_edf=7.7281 logS=9.740105 logH=39.391550 half_diff=14.825723 h_above1=12 h_min=9.120e0 h_max=4.000e2 rho=[4.3024,-3.1074] lambda=[7.388e1,4.472e-2]
  H_eig=[4.000e2,5.631e1,5.406e1,3.997e1,3.201e1,2.421e1,1.877e1,1.473e1,1.257e1,1.063e1,1.008e1,9.120e0]
  Slam_eig=[5.139e1,5.135e1,7.307e0,7.069e0,6.354e0,4.958e0,3.115e0,1.434e0,4.268e-1,4.638e-2,4.472e-2,0.000e0]
[INFO] [reml-geometry] dense_spectral reason=design_not_sparse p=12 nnz_x=na nnz_h_est=na density_h_est=na threshold=0.1000
[INFO] [IFT-CACHE] outcome=miss drho_dim=2 p=12 elapsed=0.000s
[INFO] [STAGE] inner pirls solve iters=1 status=Converged max_eta=0.0 jeffreys_logdet=none rows=frozen elapsed=0.000s
[INFO] [IFT-QUALITY] quality=5.001e-3 ift=2.956e3 pred_residual=1.020e-2 cap_predicted=2.956e3 iters=1
[INFO] [STAGE] logdet S rho_dim=2 penalty_rank=11 elapsed=0.000s
[INFO] [#1271-diag] path=orig p=12 penalty_rank=11 nullspace_dim=1 rss=0.998872 pen=0.022587 Dp=1.021459 pirls_edf=6.9848 logS=12.147907 logH=42.276845 half_diff=15.064469 h_above1=12 h_min=1.030e1 h_max=4.000e2 rho=[4.9245,-6.9203] lambda=[1.376e2,9.875e-4]
  H_eig=[4.000e2,1.004e2,9.830e1,4.033e1,3.318e1,2.672e1,2.244e1,1.943e1,1.758e1,1.602e1,1.286e1,1.030e1]
  Slam_eig=[9.573e1,9.565e1,1.361e1,1.317e1,1.184e1,9.235e0,5.803e0,2.672e0,7.951e-1,8.639e-2,9.875e-4,0.000e0]
[INFO] [reml-geometry] dense_spectral reason=design_not_sparse p=12 nnz_x=na nnz_h_est=na density_h_est=na threshold=0.1000
[INFO] [IFT-CACHE] outcome=miss drho_dim=2 p=12 elapsed=0.000s
[INFO] [STAGE] inner pirls solve iters=1 status=Converged max_eta=0.0 jeffreys_logdet=none rows=frozen elapsed=0.000s
[INFO] [IFT-QUALITY] quality=2.116e-3 ift=2.956e3 pred_residual=4.330e-3 cap_predicted=2.956e3 iters=1
[INFO] [STAGE] logdet S rho_dim=2 penalty_rank=11 elapsed=0.000s
[INFO] [#1271-diag] path=orig p=12 penalty_rank=11 nullspace_dim=1 rss=0.990122 pen=0.020340 Dp=1.010462 pirls_edf=8.2704 logS=3.420452 logH=37.567730 half_diff=17.073639 h_above1=12 h_min=7.184e0 h_max=4.000e2 rho=[3.8468,-4.8709] lambda=[4.684e1,7.666e-3]
  H_eig=[4.000e2,4.001e1,3.790e1,3.526e1,3.140e1,2.314e1,1.732e1,1.312e1,1.103e1,9.189e0,8.042e0,7.184e0]
  Slam_eig=[3.258e1,3.256e1,4.633e0,4.482e0,4.029e0,3.143e0,1.975e0,9.095e-1,2.706e-1,2.941e-2,7.666e-3,0.000e0]
[INFO] [reml-geometry] dense_spectral reason=design_not_sparse p=12 nnz_x=na nnz_h_est=na density_h_est=na threshold=0.1000
[INFO] [IFT-CACHE] outcome=miss drho_dim=2 p=12 elapsed=0.000s
[INFO] [STAGE] inner pirls solve iters=1 status=Converged max_eta=0.0 jeffreys_logdet=none rows=frozen elapsed=0.000s
[INFO] [IFT-QUALITY] quality=2.349e-4 ift=2.956e3 pred_residual=4.809e-4 cap_predicted=2.956e3 iters=1
[INFO] [STAGE] logdet S rho_dim=2 penalty_rank=11 elapsed=0.000s
[INFO] [#1271-diag] path=orig p=12 penalty_rank=11 nullspace_dim=1 rss=0.988827 pen=0.013077 Dp=1.001904 pirls_edf=8.5256 logS=-0.179434 logH=36.769009 half_diff=18.474222 h_above1=12 h_min=6.327e0 h_max=4.000e2 rho=[3.6251,-6.2539] lambda=[3.753e1,1.923e-3]
  H_eig=[4.000e2,3.988e1,3.223e1,3.113e1,2.854e1,2.271e1,1.676e1,1.262e1,1.059e1,8.708e0,7.269e0,6.327e0]
  Slam_eig=[2.610e1,2.608e1,3.712e0,3.591e0,3.228e0,2.518e0,1.583e0,7.287e-1,2.168e-1,2.356e-2,1.923e-3,0.000e0]
[INFO] [reml-geometry] dense_spectral reason=design_not_sparse p=12 nnz_x=na nnz_h_est=na density_h_est=na threshold=0.1000
[INFO] [IFT-CACHE] outcome=miss drho_dim=2 p=12 elapsed=0.000s
[INFO] [STAGE] inner pirls solve iters=1 status=Converged max_eta=0.0 jeffreys_logdet=none rows=frozen elapsed=0.000s
[INFO] [IFT-QUALITY] quality=1.271e-3 ift=2.956e3 pred_residual=2.598e-3 cap_predicted=2.956e3 iters=1
[INFO] [STAGE] logdet S rho_dim=2 penalty_rank=11 elapsed=0.000s
[INFO] [#1271-diag] path=orig p=12 penalty_rank=11 nullspace_dim=1 rss=0.994205 pen=0.018295 Dp=1.012500 pirls_edf=7.5707 logS=7.590566 logH=39.968326 half_diff=16.188880 h_above1=12 h_min=9.483e0 h_max=4.000e2 rho=[4.4357,-6.5896] lambda=[8.441e1,1.375e-3]
  H_eig=[4.000e2,6.357e1,6.135e1,4.002e1,3.220e1,2.461e1,1.934e1,1.543e1,1.328e1,1.135e1,1.081e1,9.483e0]
  Slam_eig=[5.871e1,5.867e1,8.348e0,8.077e0,7.260e0,5.664e0,3.560e0,1.639e0,4.877e-1,5.299e-2,1.375e-3,0.000e0]
[INFO] [reml-geometry] dense_spectral reason=design_not_sparse p=12 nnz_x=na nnz_h_est=na density_h_est=na threshold=0.1000
[INFO] [IFT-CACHE] outcome=miss drho_dim=2 p=12 elapsed=0.000s
[INFO] [STAGE] inner pirls solve iters=1 status=Converged max_eta=0.0 jeffreys_logdet=none rows=frozen elapsed=0.000s
[INFO] [IFT-QUALITY] quality=3.430e-4 ift=2.956e3 pred_residual=7.016e-4 cap_predicted=2.956e3 iters=1
[INFO] [STAGE] logdet S rho_dim=2 penalty_rank=11 elapsed=0.000s
[INFO] [#1271-diag] path=orig p=12 penalty_rank=11 nullspace_dim=1 rss=0.990991 pen=0.014356 Dp=1.005348 pirls_edf=8.0987 logS=2.754002 logH=38.127445 half_diff=17.686721 h_above1=12 h_min=7.828e0 h_max=4.000e2 rho=[3.9936,-7.0057] lambda=[5.425e1,9.067e-4]
  H_eig=[4.000e2,4.289e1,4.101e1,3.932e1,3.163e1,2.344e1,1.772e1,1.353e1,1.141e1,9.548e0,8.621e0,7.828e0]
  Slam_eig=[3.774e1,3.771e1,5.366e0,5.191e0,4.666e0,3.641e0,2.288e0,1.053e0,3.134e-1,3.406e-2,9.067e-4,0.000e0]
[INFO] [reml-geometry] dense_spectral reason=design_not_sparse p=12 nnz_x=na nnz_h_est=na density_h_est=na threshold=0.1000
[INFO] [IFT-CACHE] outcome=miss drho_dim=2 p=12 elapsed=0.000s
[INFO] [STAGE] inner pirls solve iters=1 status=Converged max_eta=0.0 jeffreys_logdet=none rows=frozen elapsed=0.000s
[INFO] [IFT-QUALITY] quality=5.307e-4 ift=2.956e3 pred_residual=1.084e-3 cap_predicted=4.434e3 iters=1
[INFO] [STAGE] logdet S rho_dim=2 penalty_rank=11 elapsed=0.000s
[INFO] [#1271-diag] path=orig p=12 penalty_rank=11 nullspace_dim=1 rss=0.994742 pen=0.024119 Dp=1.018862 pirls_edf=7.4992 logS=9.743694 logH=40.232819 half_diff=15.244563 h_above1=12 h_min=9.616e0 h_max=4.000e2 rho=[4.4948,-5.0281] lambda=[8.955e1,6.551e-3]
  H_eig=[4.000e2,6.712e1,6.492e1,4.006e1,3.229e1,2.481e1,1.962e1,1.578e1,1.365e1,1.176e1,1.111e1,9.616e0]
  Slam_eig=[6.229e1,6.224e1,8.857e0,8.569e0,7.702e0,6.010e0,3.776e0,1.739e0,5.174e-1,5.622e-2,6.551e-3,0.000e0]
[INFO] [reml-geometry] dense_spectral reason=design_not_sparse p=12 nnz_x=na nnz_h_est=na density_h_est=na threshold=0.1000
[INFO] [IFT-CACHE] outcome=miss drho_dim=2 p=12 elapsed=0.000s
[INFO] [STAGE] inner pirls solve iters=1 status=Converged max_eta=0.0 jeffreys_logdet=none rows=frozen elapsed=0.000s
[INFO] [IFT-QUALITY] quality=7.007e-4 ift=4.434e3 pred_residual=1.430e-3 cap_predicted=6.651e3 iters=1
[INFO] [STAGE] logdet S rho_dim=2 penalty_rank=11 elapsed=0.000s
[INFO] [#1271-diag] path=orig p=12 penalty_rank=11 nullspace_dim=1 rss=0.995254 pen=0.056012 Dp=1.051266 pirls_edf=7.4716 logS=11.704975 logH=40.330938 half_diff=14.312981 h_above1=12 h_min=9.669e0 h_max=4.000e2 rho=[4.5161,-3.2798] lambda=[9.148e1,3.764e-2]
  H_eig=[4.000e2,6.845e1,6.626e1,4.008e1,3.232e1,2.489e1,1.973e1,1.592e1,1.379e1,1.193e1,1.121e1,9.669e0]
  Slam_eig=[6.363e1,6.358e1,9.048e0,8.754e0,7.868e0,6.139e0,3.858e0,1.776e0,5.285e-1,5.743e-2,3.764e-2,0.000e0]
[INFO] [reml-geometry] dense_spectral reason=design_not_sparse p=12 nnz_x=na nnz_h_est=na density_h_est=na threshold=0.1000
[INFO] [IFT-CACHE] outcome=miss drho_dim=2 p=12 elapsed=0.000s
[INFO] [STAGE] inner pirls solve iters=1 status=Converged max_eta=0.0 jeffreys_logdet=none rows=frozen elapsed=0.000s
[INFO] [IFT-QUALITY] quality=1.587e-3 ift=6.651e3 pred_residual=3.247e-3 cap_predicted=9.976e3 iters=1
[INFO] [STAGE] logdet S rho_dim=2 penalty_rank=11 elapsed=0.000s
[INFO] [#1271-diag] path=orig p=12 penalty_rank=11 nullspace_dim=1 rss=0.989430 pen=0.022385 Dp=1.011814 pirls_edf=8.4107 logS=2.508473 logH=37.123452 half_diff=17.307489 h_above1=12 h_min=6.696e0 h_max=4.000e2 rho=[3.7253,-4.5681] lambda=[4.148e1,1.038e-2]
  H_eig=[4.000e2,3.992e1,3.440e1,3.218e1,3.068e1,2.291e1,1.701e1,1.283e1,1.077e1,8.920e0,7.603e0,6.696e0]
  Slam_eig=[2.886e1,2.883e1,4.103e0,3.970e0,3.568e0,2.784e0,1.749e0,8.055e-1,2.397e-1,2.604e-2,1.038e-2,0.000e0]
[INFO] [reml-geometry] dense_spectral reason=design_not_sparse p=12 nnz_x=na nnz_h_est=na density_h_est=na threshold=0.1000
[INFO] [IFT-CACHE] outcome=miss drho_dim=2 p=12 elapsed=0.000s
[INFO] [STAGE] inner pirls solve iters=1 status=Converged max_eta=0.0 jeffreys_logdet=none rows=frozen elapsed=0.000s
[INFO] [IFT-QUALITY] quality=3.521e-4 ift=9.976e3 pred_residual=7.199e-4 cap_predicted=1.496e4 iters=1
[INFO] [STAGE] logdet S rho_dim=2 penalty_rank=11 elapsed=0.000s
[INFO] [#1271-diag] path=orig p=12 penalty_rank=11 nullspace_dim=1 rss=0.991892 pen=0.019790 Dp=1.011682 pirls_edf=7.9428 logS=5.825492 logH=38.650190 half_diff=16.412349 h_above1=12 h_min=8.421e0 h_max=4.000e2 rho=[4.1249,-5.2472] lambda=[6.186e1,5.262e-3]
  H_eig=[4.000e2,4.807e1,4.580e1,3.983e1,3.179e1,2.374e1,1.813e1,1.398e1,1.184e1,9.932e0,9.188e0,8.421e0]
  Slam_eig=[4.303e1,4.300e1,6.118e0,5.920e0,5.321e0,4.151e0,2.609e0,1.201e0,3.574e-1,3.884e-2,5.262e-3,0.000e0]
[INFO] [reml-geometry] dense_spectral reason=design_not_sparse p=12 nnz_x=na nnz_h_est=na density_h_est=na threshold=0.1000
[INFO] [IFT-CACHE] outcome=miss drho_dim=2 p=12 elapsed=0.000s
[INFO] [STAGE] inner pirls solve iters=1 status=Converged max_eta=0.0 jeffreys_logdet=none rows=frozen elapsed=0.000s
[INFO] [IFT-QUALITY] quality=1.131e-4 ift=1.496e4 pred_residual=2.313e-4 cap_predicted=2.245e4 iters=1
[INFO] [STAGE] logdet S rho_dim=2 penalty_rank=11 elapsed=0.000s
[INFO] [#1271-diag] path=orig p=12 penalty_rank=11 nullspace_dim=1 rss=0.992203 pen=0.016199 Dp=1.008402 pirls_edf=7.8856 logS=4.996081 logH=38.846696 half_diff=16.925307 h_above1=12 h_min=8.628e0 h_max=4.000e2 rho=[4.1731,-6.5582] lambda=[6.491e1,1.418e-3]
  H_eig=[4.000e2,5.016e1,4.789e1,3.987e1,3.184e1,2.386e1,1.829e1,1.416e1,1.202e1,1.009e1,9.413e0,8.628e0]
  Slam_eig=[4.516e1,4.512e1,6.420e0,6.212e0,5.583e0,4.356e0,2.737e0,1.260e0,3.751e-1,4.075e-2,1.418e-3,0.000e0]
[INFO] [reml-geometry] dense_spectral reason=design_not_sparse p=12 nnz_x=na nnz_h_est=na density_h_est=na threshold=0.1000
[INFO] [IFT-CACHE] outcome=miss drho_dim=2 p=12 elapsed=0.000s
[INFO] [STAGE] inner pirls solve iters=1 status=Converged max_eta=0.0 jeffreys_logdet=none rows=frozen elapsed=0.000s
[INFO] [IFT-QUALITY] quality=1.286e-3 ift=2.245e4 pred_residual=2.623e-3 cap_predicted=3.367e4 iters=1
[INFO] [STAGE] logdet S rho_dim=2 penalty_rank=11 elapsed=0.000s
[INFO] [#1271-diag] path=orig p=12 penalty_rank=11 nullspace_dim=1 rss=0.999684 pen=0.033276 Dp=1.032960 pirls_edf=6.9097 logS=15.171509 logH=42.595054 half_diff=13.711773 h_above1=12 h_min=1.039e1 h_max=4.000e2 rho=[4.9873,-4.5253] lambda=[1.465e2,1.083e-2]
  H_eig=[4.000e2,1.066e2,1.045e2,4.039e1,3.336e1,2.709e1,2.299e1,2.015e1,1.836e1,1.680e1,1.307e1,1.039e1]
  Slam_eig=[1.019e2,1.019e2,1.449e1,1.402e1,1.260e1,9.834e0,6.180e0,2.845e0,8.467e-1,9.200e-2,1.083e-2,0.000e0]
[INFO] [reml-geometry] dense_spectral reason=design_not_sparse p=12 nnz_x=na nnz_h_est=na density_h_est=na threshold=0.1000
[INFO] [IFT-CACHE] outcome=miss drho_dim=2 p=12 elapsed=0.000s
[INFO] [STAGE] inner pirls solve iters=1 status=Converged max_eta=0.0 jeffreys_logdet=none rows=frozen elapsed=0.000s
[INFO] [IFT-QUALITY] quality=6.973e-4 ift=3.367e4 pred_residual=1.424e-3 cap_predicted=5.050e4 iters=1
[INFO] [STAGE] logdet S rho_dim=2 penalty_rank=11 elapsed=0.000s
[INFO] [#1271-diag] path=orig p=12 penalty_rank=11 nullspace_dim=1 rss=0.995324 pen=0.019379 Dp=1.014703 pirls_edf=7.4132 logS=8.840090 logH=40.558397 half_diff=15.859153 h_above1=12 h_min=9.756e0 h_max=4.000e2 rho=[4.5666,-6.6490] lambda=[9.621e1,1.295e-3]
  H_eig=[4.000e2,7.172e1,6.954e1,4.009e1,3.241e1,2.507e1,1.999e1,1.626e1,1.415e1,1.233e1,1.145e1,9.756e0]
  Slam_eig=[6.693e1,6.687e1,9.516e0,9.207e0,8.275e0,6.457e0,4.057e0,1.868e0,5.559e-1,6.040e-2,1.295e-3,0.000e0]
[INFO] [reml-geometry] dense_spectral reason=design_not_sparse p=12 nnz_x=na nnz_h_est=na density_h_est=na threshold=0.1000
[INFO] [IFT-CACHE] outcome=miss drho_dim=2 p=12 elapsed=0.000s
[INFO] [STAGE] inner pirls solve iters=1 status=Converged max_eta=0.0 jeffreys_logdet=none rows=frozen elapsed=0.000s
[INFO] [IFT-QUALITY] quality=2.290e-4 ift=5.050e4 pred_residual=4.673e-4 cap_predicted=7.575e4 iters=1
[INFO] [STAGE] logdet S rho_dim=2 penalty_rank=11 elapsed=0.000s
[INFO] [#1271-diag] path=orig p=12 penalty_rank=11 nullspace_dim=1 rss=0.998839 pen=0.022266 Dp=1.021105 pirls_edf=6.9881 logS=11.777635 logH=42.263206 half_diff=15.242785 h_above1=12 h_min=1.030e1 h_max=4.000e2 rho=[4.9217,-7.2634] lambda=[1.372e2,7.007e-4]
  H_eig=[4.000e2,1.001e2,9.804e1,4.033e1,3.318e1,2.671e1,2.241e1,1.940e1,1.754e1,1.598e1,1.285e1,1.030e1]
  Slam_eig=[9.547e1,9.539e1,1.357e1,1.313e1,1.180e1,9.210e0,5.788e0,2.665e0,7.929e-1,8.616e-2,7.007e-4,0.000e0]
[INFO] [reml-geometry] dense_spectral reason=design_not_sparse p=12 nnz_x=na nnz_h_est=na density_h_est=na threshold=0.1000
[INFO] [IFT-CACHE] outcome=miss drho_dim=2 p=12 elapsed=0.000s
[INFO] [STAGE] inner pirls solve iters=1 status=Converged max_eta=0.0 jeffreys_logdet=none rows=frozen elapsed=0.000s
[INFO] [IFT-QUALITY] quality=1.160e-3 ift=7.575e4 pred_residual=2.372e-3 cap_predicted=1.136e5 iters=1
[INFO] [STAGE] logdet S rho_dim=2 penalty_rank=11 elapsed=0.000s
[INFO] [#1271-diag] path=orig p=12 penalty_rank=11 nullspace_dim=1 rss=0.991805 pen=0.016658 Dp=1.008463 pirls_edf=7.9546 logS=4.895187 logH=38.610384 half_diff=16.857598 h_above1=12 h_min=8.377e0 h_max=4.000e2 rho=[4.1151,-6.0798] lambda=[6.126e1,2.289e-3]
  H_eig=[4.000e2,4.766e1,4.540e1,3.982e1,3.177e1,2.372e1,1.810e1,1.394e1,1.180e1,9.900e0,9.144e0,8.377e0]
  Slam_eig=[4.261e1,4.258e1,6.059e0,5.862e0,5.269e0,4.111e0,2.583e0,1.189e0,3.539e-1,3.846e-2,2.289e-3,0.000e0]
[INFO] [reml-geometry] dense_spectral reason=design_not_sparse p=12 nnz_x=na nnz_h_est=na density_h_est=na threshold=0.1000
[INFO] [IFT-CACHE] outcome=miss drho_dim=2 p=12 elapsed=0.000s
[INFO] [STAGE] inner pirls solve iters=1 status=Converged max_eta=0.0 jeffreys_logdet=none rows=frozen elapsed=0.000s
[INFO] [IFT-QUALITY] quality=1.765e-4 ift=1.136e5 pred_residual=3.606e-4 cap_predicted=1.704e5 iters=1
[INFO] [STAGE] logdet S rho_dim=2 penalty_rank=11 elapsed=0.000s
[INFO] [#1271-diag] path=orig p=12 penalty_rank=11 nullspace_dim=1 rss=0.994173 pen=0.018961 Dp=1.013134 pirls_edf=7.5761 logS=7.950328 logH=39.948368 half_diff=15.999020 h_above1=12 h_min=9.473e0 h_max=4.000e2 rho=[4.4311,-6.1846] lambda=[8.403e1,2.061e-3]
  H_eig=[4.000e2,6.331e1,6.109e1,4.002e1,3.219e1,2.460e1,1.931e1,1.540e1,1.325e1,1.133e1,1.078e1,9.473e0]
  Slam_eig=[5.845e1,5.840e1,8.311e0,8.041e0,7.227e0,5.639e0,3.543e0,1.632e0,4.855e-1,5.275e-2,2.061e-3,0.000e0]
[INFO] [reml-geometry] dense_spectral reason=design_not_sparse p=12 nnz_x=na nnz_h_est=na density_h_est=na threshold=0.1000
[INFO] [IFT-CACHE] outcome=miss drho_dim=2 p=12 elapsed=0.000s
[INFO] [STAGE] inner pirls solve iters=1 status=Converged max_eta=0.0 jeffreys_logdet=none rows=frozen elapsed=0.000s
[INFO] [IFT-QUALITY] quality=2.774e-4 ift=1.704e5 pred_residual=5.673e-4 cap_predicted=2.557e5 iters=1
[INFO] [STAGE] logdet S rho_dim=2 penalty_rank=11 elapsed=0.000s
[INFO] [#1271-diag] path=orig p=12 penalty_rank=11 nullspace_dim=1 rss=0.991290 pen=0.017229 Dp=1.008519 pirls_edf=8.0469 logS=4.510839 logH=38.299150 half_diff=16.894156 h_above1=12 h_min=8.026e0 h_max=4.000e2 rho=[4.0373,-5.6857] lambda=[5.667e1,3.394e-3]
  H_eig=[4.000e2,4.454e1,4.237e1,3.965e1,3.168e1,2.354e1,1.785e1,1.367e1,1.154e1,9.668e0,8.803e0,8.026e0]
  Slam_eig=[3.942e1,3.939e1,5.605e0,5.423e0,4.874e0,3.803e0,2.390e0,1.100e0,3.274e-1,3.558e-2,3.394e-3,0.000e0]
[INFO] [reml-geometry] dense_spectral reason=design_not_sparse p=12 nnz_x=na nnz_h_est=na density_h_est=na threshold=0.1000
[INFO] [IFT-CACHE] outcome=miss drho_dim=2 p=12 elapsed=0.000s
[INFO] [STAGE] inner pirls solve iters=1 status=Converged max_eta=0.0 jeffreys_logdet=none rows=frozen elapsed=0.000s
[INFO] [IFT-QUALITY] quality=1.204e-4 ift=2.557e5 pred_residual=2.463e-4 cap_predicted=3.835e5 iters=1
[INFO] [STAGE] logdet S rho_dim=2 penalty_rank=11 elapsed=0.000s
[INFO] [#1271-diag] path=orig p=12 penalty_rank=11 nullspace_dim=1 rss=0.990204 pen=0.021595 Dp=1.011799 pirls_edf=8.2557 logS=3.684087 logH=37.614522 half_diff=16.965218 h_above1=12 h_min=7.237e0 h_max=4.000e2 rho=[3.8593,-4.7323] lambda=[4.743e1,8.806e-3]
  H_eig=[4.000e2,4.003e1,3.829e1,3.564e1,3.142e1,2.317e1,1.735e1,1.315e1,1.106e1,9.219e0,8.089e0,7.237e0]
  Slam_eig=[3.299e1,3.297e1,4.691e0,4.539e0,4.080e0,3.183e0,2.000e0,9.210e-1,2.740e-1,2.978e-2,8.806e-3,0.000e0]
[INFO] [reml-geometry] dense_spectral reason=design_not_sparse p=12 nnz_x=na nnz_h_est=na density_h_est=na threshold=0.1000
[INFO] [IFT-CACHE] outcome=miss drho_dim=2 p=12 elapsed=0.000s
[INFO] [STAGE] inner pirls solve iters=1 status=Converged max_eta=0.0 jeffreys_logdet=none rows=frozen elapsed=0.000s
[INFO] [IFT-QUALITY] quality=6.463e-4 ift=3.835e5 pred_residual=1.322e-3 cap_predicted=5.753e5 iters=1
[INFO] [STAGE] logdet S rho_dim=2 penalty_rank=11 elapsed=0.000s
[INFO] [#1271-diag] path=orig p=12 penalty_rank=11 nullspace_dim=1 rss=0.990247 pen=0.013084 Dp=1.003330 pirls_edf=8.2387 logS=0.877303 logH=37.670447 half_diff=18.396572 h_above1=12 h_min=7.301e0 h_max=4.000e2 rho=[3.8743,-7.6896] lambda=[4.815e1,4.576e-4]
  H_eig=[4.000e2,4.005e1,3.877e1,3.610e1,3.145e1,2.320e1,1.739e1,1.319e1,1.109e1,9.252e0,8.146e0,7.301e0]
  Slam_eig=[3.349e1,3.347e1,4.762e0,4.608e0,4.141e0,3.231e0,2.031e0,9.349e-1,2.782e-1,3.023e-2,4.576e-4,0.000e0]
[INFO] [reml-geometry] dense_spectral reason=design_not_sparse p=12 nnz_x=na nnz_h_est=na density_h_est=na threshold=0.1000
[INFO] [IFT-CACHE] outcome=miss drho_dim=2 p=12 elapsed=0.000s
[INFO] [STAGE] inner pirls solve iters=1 status=Converged max_eta=0.0 jeffreys_logdet=none rows=frozen elapsed=0.000s
[INFO] [IFT-QUALITY] quality=2.036e-4 ift=5.753e5 pred_residual=4.168e-4 cap_predicted=8.629e5 iters=1
[INFO] [STAGE] logdet S rho_dim=2 penalty_rank=11 elapsed=0.000s
[INFO] [#1271-diag] path=orig p=12 penalty_rank=11 nullspace_dim=1 rss=0.988459 pen=0.011182 Dp=0.999641 pirls_edf=8.6013 logS=-2.308267 logH=36.538809 half_diff=19.423538 h_above1=12 h_min=6.098e0 h_max=4.000e2 rho=[3.5581,-7.7131] lambda=[3.510e1,4.469e-4]
  H_eig=[4.000e2,3.986e1,3.175e1,2.996e1,2.695e1,2.257e1,1.660e1,1.248e1,1.048e1,8.574e0,7.059e0,6.098e0]
  Slam_eig=[2.441e1,2.439e1,3.471e0,3.358e0,3.019e0,2.355e0,1.480e0,6.815e-1,2.028e-1,2.203e-2,4.469e-4,0.000e0]
[INFO] [reml-geometry] dense_spectral reason=design_not_sparse p=12 nnz_x=na nnz_h_est=na density_h_est=na threshold=0.1000
[INFO] [IFT-CACHE] outcome=miss drho_dim=2 p=12 elapsed=0.000s
[INFO] [STAGE] inner pirls solve iters=1 status=Converged max_eta=0.0 jeffreys_logdet=none rows=frozen elapsed=0.000s
[INFO] [IFT-QUALITY] quality=9.826e-4 ift=8.629e5 pred_residual=2.009e-3 cap_predicted=1.294e6 iters=1
[INFO] [STAGE] logdet S rho_dim=2 penalty_rank=11 elapsed=0.000s
[INFO] [#1271-diag] path=orig p=12 penalty_rank=11 nullspace_dim=1 rss=0.992798 pen=0.016017 Dp=1.008815 pirls_edf=7.7863 logS=4.982400 logH=39.192404 half_diff=17.105002 h_above1=12 h_min=8.954e0 h_max=4.000e2 rho=[4.2561,-7.4023] lambda=[7.054e1,6.099e-4]
  H_eig=[4.000e2,5.402e1,5.175e1,3.993e1,3.195e1,2.408e1,1.859e1,1.451e1,1.236e1,1.042e1,9.829e0,8.954e0]
  Slam_eig=[4.906e1,4.903e1,6.976e0,6.750e0,6.067e0,4.733e0,2.975e0,1.370e0,4.075e-1,4.428e-2,6.099e-4,0.000e0]
[INFO] [reml-geometry] dense_spectral reason=design_not_sparse p=12 nnz_x=na nnz_h_est=na density_h_est=na threshold=0.1000
[INFO] [IFT-CACHE] outcome=miss drho_dim=2 p=12 elapsed=0.000s
[INFO] [pirls-path] repeated path=dense_transformed reason=gaussian_sufficient_statistics count=64 (suppressing identical decisions)
[INFO] [STAGE] inner pirls solve iters=1 status=Converged max_eta=0.0 jeffreys_logdet=none rows=frozen elapsed=0.000s
[INFO] [IFT-QUALITY] quality=1.262e-3 ift=1.294e6 pred_residual=2.573e-3 cap_predicted=1.941e6 iters=1
[INFO] [STAGE] logdet S rho_dim=2 penalty_rank=11 elapsed=0.000s
[INFO] [#1271-diag] path=orig p=12 penalty_rank=11 nullspace_dim=1 rss=1.000985 pen=0.025167 Dp=1.026152 pirls_edf=6.7712 logS=14.430273 logH=43.203725 half_diff=14.386726 h_above1=12 h_min=1.053e1 h_max=4.000e2 rho=[5.1054,-6.4474] lambda=[1.649e2,1.585e-3]
  H_eig=[4.000e2,1.193e2,1.173e2,4.049e1,3.374e1,2.786e1,2.415e1,2.166e1,2.001e1,1.836e1,1.344e1,1.053e1]
  Slam_eig=[1.147e2,1.146e2,1.631e1,1.578e1,1.418e1,1.107e1,6.954e0,3.202e0,9.528e-1,1.035e-1,1.585e-3,0.000e0]
[INFO] [reml-geometry] dense_spectral reason=design_not_sparse p=12 nnz_x=na nnz_h_est=na density_h_est=na threshold=0.1000
[INFO] [IFT-CACHE] outcome=miss drho_dim=2 p=12 elapsed=0.000s
[INFO] [STAGE] inner pirls solve iters=1 status=Converged max_eta=0.0 jeffreys_logdet=none rows=frozen elapsed=0.000s
[INFO] [IFT-QUALITY] quality=8.140e-4 ift=1.941e6 pred_residual=1.663e-3 cap_predicted=2.912e6 iters=1
[INFO] [STAGE] logdet S rho_dim=2 penalty_rank=11 elapsed=0.000s
[INFO] [#1271-diag] path=orig p=12 penalty_rank=11 nullspace_dim=1 rss=0.994246 pen=0.019634 Dp=1.013880 pirls_edf=7.5661 logS=8.283735 logH=39.985096 half_diff=15.850680 h_above1=12 h_min=9.492e0 h_max=4.000e2 rho=[4.4394,-5.9340] lambda=[8.473e1,2.648e-3]
  H_eig=[4.000e2,6.379e1,6.157e1,4.003e1,3.220e1,2.462e1,1.935e1,1.545e1,1.330e1,1.138e1,1.083e1,9.492e0]
  Slam_eig=[5.894e1,5.889e1,8.380e0,8.107e0,7.287e0,5.686e0,3.573e0,1.645e0,4.895e-1,5.319e-2,2.648e-3,0.000e0]
[INFO] [reml-geometry] dense_spectral reason=design_not_sparse p=12 nnz_x=na nnz_h_est=na density_h_est=na threshold=0.1000
[INFO] [IFT-CACHE] outcome=miss drho_dim=2 p=12 elapsed=0.000s
[INFO] [STAGE] inner pirls solve iters=1 status=Converged max_eta=0.0 jeffreys_logdet=none rows=frozen elapsed=0.000s
[INFO] [IFT-QUALITY] quality=5.235e-4 ift=2.912e6 pred_residual=1.068e-3 cap_predicted=4.368e6 iters=1
[INFO] [STAGE] logdet S rho_dim=2 penalty_rank=11 elapsed=0.000s
[INFO] [#1271-diag] path=orig p=12 penalty_rank=11 nullspace_dim=1 rss=0.998541 pen=0.035620 Dp=1.034160 pirls_edf=7.0353 logS=14.384267 logH=42.062673 half_diff=13.839203 h_above1=12 h_min=1.025e1 h_max=4.000e2 rho=[4.8814,-4.2530] lambda=[1.318e2,1.422e-2]
  H_eig=[4.000e2,9.638e1,9.427e1,4.030e1,3.307e1,2.648e1,2.208e1,1.896e1,1.707e1,1.550e1,1.271e1,1.025e1]
  Slam_eig=[9.169e1,9.162e1,1.304e1,1.261e1,1.134e1,8.846e0,5.559e0,2.559e0,7.616e-1,8.275e-2,1.422e-2,0.000e0]
[INFO] [reml-geometry] dense_spectral reason=design_not_sparse p=12 nnz_x=na nnz_h_est=na density_h_est=na threshold=0.1000
[INFO] [IFT-CACHE] outcome=miss drho_dim=2 p=12 elapsed=0.000s
[INFO] [STAGE] inner pirls solve iters=1 status=Converged max_eta=0.0 jeffreys_logdet=none rows=frozen elapsed=0.000s
[INFO] [IFT-QUALITY] quality=1.082e-3 ift=4.368e6 pred_residual=2.211e-3 cap_predicted=6.552e6 iters=1
[INFO] [STAGE] logdet S rho_dim=2 penalty_rank=11 elapsed=0.000s
[INFO] [#1271-diag] path=orig p=12 penalty_rank=11 nullspace_dim=1 rss=0.994221 pen=0.017948 Dp=1.012169 pirls_edf=7.5680 logS=7.311702 logH=39.978306 half_diff=16.333302 h_above1=12 h_min=9.489e0 h_max=4.000e2 rho=[4.4379,-6.8910] lambda=[8.460e1,1.017e-3]
  H_eig=[4.000e2,6.370e1,6.149e1,4.003e1,3.220e1,2.462e1,1.935e1,1.544e1,1.329e1,1.137e1,1.082e1,9.489e0]
  Slam_eig=[5.885e1,5.880e1,8.367e0,8.095e0,7.276e0,5.677e0,3.568e0,1.643e0,4.888e-1,5.311e-2,1.017e-3,0.000e0]
[INFO] [reml-geometry] dense_spectral reason=design_not_sparse p=12 nnz_x=na nnz_h_est=na density_h_est=na threshold=0.1000
[INFO] [IFT-CACHE] outcome=miss drho_dim=2 p=12 elapsed=0.000s
[INFO] [STAGE] inner pirls solve iters=1 status=Converged max_eta=0.0 jeffreys_logdet=none rows=frozen elapsed=0.000s
[INFO] [IFT-QUALITY] quality=4.120e-3 ift=6.552e6 pred_residual=8.442e-3 cap_predicted=6.552e6 iters=1
[INFO] [STAGE] logdet S rho_dim=2 penalty_rank=11 elapsed=0.000s
[INFO] [#1271-diag] path=orig p=12 penalty_rank=11 nullspace_dim=1 rss=0.985441 pen=0.008920 Dp=0.994361 pirls_edf=9.2438 logS=-7.795190 logH=34.694020 half_diff=21.244605 h_above1=12 h_min=4.551e0 h_max=4.000e2 rho=[2.9576,-7.1944] lambda=[1.925e1,7.508e-4]
  H_eig=[4.000e2,3.976e1,3.124e1,2.311e1,1.974e1,1.640e1,1.449e1,1.149e1,9.799e0,7.569e0,5.589e0,4.551e0]
  Slam_eig=[1.339e1,1.338e1,1.904e0,1.842e0,1.656e0,1.292e0,8.118e-1,3.738e-1,1.112e-1,1.209e-2,7.508e-4,0.000e0]
[INFO] [reml-geometry] dense_spectral reason=design_not_sparse p=12 nnz_x=na nnz_h_est=na density_h_est=na threshold=0.1000
[INFO] [IFT-CACHE] outcome=miss drho_dim=2 p=12 elapsed=0.000s
[INFO] [STAGE] inner pirls solve iters=1 status=Converged max_eta=0.0 jeffreys_logdet=none rows=frozen elapsed=0.000s
[INFO] [IFT-QUALITY] quality=9.195e-3 ift=6.552e6 pred_residual=1.876e-2 cap_predicted=6.552e6 iters=1
[INFO] [STAGE] logdet S rho_dim=2 penalty_rank=11 elapsed=0.000s
[INFO] [#1271-diag] path=orig p=12 penalty_rank=11 nullspace_dim=1 rss=1.000260 pen=0.024285 Dp=1.024545 pirls_edf=6.8417 logS=13.688348 logH=42.892333 half_diff=14.601992 h_above1=12 h_min=1.046e1 h_max=4.000e2 rho=[5.0455,-6.5898] lambda=[1.553e2,1.374e-3]
  H_eig=[4.000e2,1.127e2,1.106e2,4.044e1,3.354e1,2.745e1,2.354e1,2.086e1,1.914e1,1.755e1,1.326e1,1.046e1]
  Slam_eig=[1.080e2,1.080e2,1.536e1,1.486e1,1.336e1,1.042e1,6.550e0,3.016e0,8.974e-1,9.750e-2,1.374e-3,0.000e0]
[INFO] [reml-geometry] dense_spectral reason=design_not_sparse p=12 nnz_x=na nnz_h_est=na density_h_est=na threshold=0.1000
[INFO] [IFT-CACHE] outcome=miss drho_dim=2 p=12 elapsed=0.000s
[INFO] [STAGE] inner pirls solve iters=1 status=Converged max_eta=0.0 jeffreys_logdet=none rows=frozen elapsed=0.000s
[INFO] [IFT-QUALITY] quality=5.827e-5 ift=6.552e6 pred_residual=1.189e-4 cap_predicted=6.552e6 iters=1
[INFO] [STAGE] logdet S rho_dim=2 penalty_rank=11 elapsed=0.000s
[INFO] [#1271-diag] path=orig p=12 penalty_rank=11 nullspace_dim=1 rss=0.999335 pen=0.026465 Dp=1.025800 pirls_edf=6.9391 logS=14.024394 logH=42.470376 half_diff=14.222991 h_above1=12 h_min=1.035e1 h_max=4.000e2 rho=[4.9628,-5.4275] lambda=[1.430e2,4.394e-3]
  H_eig=[4.000e2,1.041e2,1.020e2,4.036e1,3.329e1,2.694e1,2.277e1,1.986e1,1.805e1,1.649e1,1.299e1,1.035e1]
  Slam_eig=[9.947e1,9.939e1,1.414e1,1.368e1,1.230e1,9.596e0,6.030e0,2.777e0,8.262e-1,8.977e-2,4.394e-3,0.000e0]
[INFO] [GAM fit] n=400 p=13 k=2 fam=LikelihoodSpec { response: Gaussian, link: Standard(Identity) } link=Identity X=dense reml_iter=200 firth=false
[INFO] [reml-geometry] dense_spectral reason=constraints_present p=13 nnz_x=na nnz_h_est=na density_h_est=na threshold=0.1000
[INFO] [pirls-path] path=dense_transformed reason=constraints_present p=13 nnz_x=0 nnz_xtwx_symbolic=na nnz_s_lambda=78 nnz_h_est=na density_h_est=na
[INFO] [STAGE] PIRLS update_with_curvature iter=1 curvature=Fisher elapsed=0.000s source=rebuilt
[INFO] [PIRLS iter-end] iter=  1 elapsed=0.0010s lm_lambda=3.33e-7 g_norm=1.128e-4 last_dev_change=1.008e1 last_halving=1
[INFO] [PIRLS iter-breakdown] iter=  1 attempts=1 curvature=0.001s solve=0.000s predred=0.000s candidate=0.000s other=0.000s
[INFO] [PIRLS lm-trajectory] iter=  1 start_lambda=1.000e-6 final_lambda=3.333e-7 log10_ratio=-0.477 accept_rho=1.000 attempts=1
[INFO] [STAGE] PIRLS update_with_curvature iter=2 curvature=Fisher elapsed=0.000s source=reused_prev_accept
[INFO] [PIRLS iter-end] iter=  2 elapsed=0.0005s lm_lambda=1.11e-7 g_norm=3.502e-8 last_dev_change=2.537e-9 last_halving=1
[INFO] [PIRLS iter-breakdown] iter=  2 attempts=1 curvature=0.000s solve=0.000s predred=0.000s candidate=0.000s other=0.000s
[INFO] [PIRLS lm-trajectory] iter=  2 start_lambda=3.333e-7 final_lambda=1.111e-7 log10_ratio=-0.477 accept_rho=1.000 attempts=1
[INFO] [STAGE] PIRLS update_with_curvature iter=3 curvature=Fisher elapsed=0.000s source=reused_prev_accept
[INFO] [PIRLS exact-decrement] applicable=true decrement_sq=6.978041e-22 threshold=6.268941e-14 pass=true gradient_norm=1.204839e-11 relative_gradient=1.047130e-11 dimension_scale=7.211103e1 natural_scale=1.506109e-1 objective=4.961828e-1 actual_reduction=2.109424e-15 predicted_reduction=2.083509e-15 linear_model_term=-4.165318e-15 direction_norm=2.000351e-7 data_reduction=5.306268e-10 penalty_reduction=-5.306247e-10
[INFO] [PIRLS solve-end] iters=3 elapsed=0.0027s g_norm_initial=8.106e1 g_norm_final=1.205e-11 convergence_rate=5.297e-5 status=Converged
[INFO] [STAGE] inner pirls solve iters=3 status=Converged max_eta=1.0 jeffreys_logdet=none rows=full(derivative-request) elapsed=0.005s
[INFO] [STAGE] logdet S rho_dim=2 penalty_rank=12 elapsed=0.001s
[INFO] [#1271-diag] path=orig p=13 penalty_rank=12 nullspace_dim=1 rss=0.974632 pen=0.017733 Dp=0.992366 pirls_edf=10.9021 logS=-28.694904 logH=27.088889 half_diff=27.891896 h_above1=10 h_min=9.897e-2 h_max=2.575e3 rho=[0.0000,0.0000] lambda=[1.000e0,1.000e0]
  H_eig=[2.575e3,2.401e2,6.598e1,3.108e1,1.643e1,9.624e0,5.298e0,3.427e0,2.276e0,1.400e0,8.141e-1,6.221e-1,9.897e-2]
  Slam_eig=[1.079e0,6.958e-1,6.234e-1,9.104e-2,8.412e-2,7.205e-2,7.034e-2,6.774e-2,6.082e-2,4.594e-2,2.244e-2,4.472e-3,0.000e0]
[INFO] [STAGE] reml_laml cost_only_done k=2 ext_dim=0 dim=13 elapsed=0.000s
[INFO] [HGB] small-sample fallback to defaults: pairs=0, threshold=3
[INFO] [STAGE] logdet S rho_dim=2 penalty_rank=12 elapsed=0.000s
[INFO] [#1271-diag] path=orig p=13 penalty_rank=12 nullspace_dim=1 rss=0.974632 pen=0.017733 Dp=0.992366 pirls_edf=10.9021 logS=-28.694904 logH=27.088889 half_diff=27.891896 h_above1=10 h_min=9.897e-2 h_max=2.575e3 rho=[0.0000,0.0000] lambda=[1.000e0,1.000e0]
  H_eig=[2.575e3,2.401e2,6.598e1,3.108e1,1.643e1,9.624e0,5.298e0,3.427e0,2.276e0,1.400e0,8.141e-1,6.221e-1,9.897e-2]
  Slam_eig=[1.079e0,6.958e-1,6.234e-1,9.104e-2,8.412e-2,7.205e-2,7.034e-2,6.774e-2,6.082e-2,4.594e-2,2.244e-2,4.472e-3,0.000e0]
[INFO] [reml-geometry] dense_spectral reason=constraints_present p=13 nnz_x=na nnz_h_est=na density_h_est=na threshold=0.1000
[INFO] [IFT-REJECTED] reason=large_drho max_drho=7.778e0 cap=2.000e0 drho_dim=2
[INFO] [pirls-path] repeated path=dense_transformed reason=constraints_present count=2 (suppressing identical decisions)
[INFO] [STAGE] PIRLS update_with_curvature iter=1 curvature=Fisher elapsed=0.000s source=rebuilt
[INFO] [PIRLS iter-end] iter=  1 elapsed=0.0011s lm_lambda=3.33e-7 g_norm=1.965e-4 last_dev_change=1.271e1 last_halving=1
[INFO] [PIRLS iter-breakdown] iter=  1 attempts=1 curvature=0.001s solve=0.000s predred=0.000s candidate=0.000s other=0.000s
[INFO] [PIRLS lm-trajectory] iter=  1 start_lambda=1.000e-6 final_lambda=3.333e-7 log10_ratio=-0.477 accept_rho=1.000 attempts=1
[INFO] [STAGE] PIRLS update_with_curvature iter=2 curvature=Fisher elapsed=0.000s source=reused_prev_accept
[INFO] [PIRLS solve-end] iters=2 elapsed=0.0019s g_norm_initial=1.355e2 g_norm_final=1.454e-10 convergence_rate=1.036e-6 status=Converged
[INFO] [STAGE] inner pirls solve iters=2 status=Converged max_eta=0.8 jeffreys_logdet=none rows=full(derivative-request) elapsed=0.002s
[INFO] [STAGE] logdet S (Z-projected) rho_dim=2 penalty_rank=9 elapsed=0.000s
[INFO] [#1271-diag] p=10 penalty_rank=9 nullspace_dim=1 logS=44.475861 logH=53.089813 half_diff=4.306976 h_above1=10 h_min=3.511e1 h_max=4.720e3 rho=[7.2287,7.7781] lambda=[1.378e3,2.388e3]
[INFO] [OUTER] standard REML: n_params=2, gradient=Analytic, hessian=Either -> solver=Arc, search_hessian_source=Analytic [solver=Arc;hessian=Analytic;matrix-free=false] [EFS with runtime barrier-curvature guard]
[INFO] [reml-geometry] dense_spectral reason=constraints_present p=13 nnz_x=na nnz_h_est=na density_h_est=na threshold=0.1000
[INFO] [STAGE] PIRLS update_with_curvature iter=1 curvature=Fisher elapsed=0.000s source=rebuilt
[INFO] [PIRLS iter-end] iter=  1 elapsed=0.0009s lm_lambda=3.33e-7 g_norm=1.128e-4 last_dev_change=1.008e1 last_halving=1
[INFO] [PIRLS iter-breakdown] iter=  1 attempts=1 curvature=0.001s solve=0.000s predred=0.000s candidate=0.000s other=0.000s
[INFO] [PIRLS lm-trajectory] iter=  1 start_lambda=1.000e-6 final_lambda=3.333e-7 log10_ratio=-0.477 accept_rho=1.000 attempts=1
[INFO] [STAGE] PIRLS update_with_curvature iter=2 curvature=Fisher elapsed=0.000s source=reused_prev_accept
[INFO] [PIRLS iter-end] iter=  2 elapsed=0.0006s lm_lambda=1.11e-7 g_norm=3.502e-8 last_dev_change=2.537e-9 last_halving=1
[INFO] [PIRLS iter-breakdown] iter=  2 attempts=1 curvature=0.000s solve=0.000s predred=0.000s candidate=0.000s other=0.000s
[INFO] [PIRLS lm-trajectory] iter=  2 start_lambda=3.333e-7 final_lambda=1.111e-7 log10_ratio=-0.477 accept_rho=1.000 attempts=1
[INFO] [STAGE] PIRLS update_with_curvature iter=3 curvature=Fisher elapsed=0.000s source=reused_prev_accept
[INFO] [PIRLS exact-decrement] applicable=true decrement_sq=6.978041e-22 threshold=6.268941e-14 pass=true gradient_norm=1.204839e-11 relative_gradient=1.047130e-11 dimension_scale=7.211103e1 natural_scale=1.506109e-1 objective=4.961828e-1 actual_reduction=2.109424e-15 predicted_reduction=2.083509e-15 linear_model_term=-4.165318e-15 direction_norm=2.000351e-7 data_reduction=5.306268e-10 penalty_reduction=-5.306247e-10
[INFO] [PIRLS solve-end] iters=3 elapsed=0.0026s g_norm_initial=8.106e1 g_norm_final=1.205e-11 convergence_rate=5.297e-5 status=Converged
[INFO] [STAGE] inner pirls solve iters=3 status=Converged max_eta=1.0 jeffreys_logdet=none rows=full(derivative-request) elapsed=0.003s
[INFO] [STAGE] logdet S rho_dim=2 penalty_rank=12 elapsed=0.000s
[INFO] [#1271-diag] path=orig p=13 penalty_rank=12 nullspace_dim=1 rss=0.974632 pen=0.017733 Dp=0.992366 pirls_edf=10.9021 logS=-28.694904 logH=27.088889 half_diff=27.891896 h_above1=10 h_min=9.897e-2 h_max=2.575e3 rho=[0.0000,0.0000] lambda=[1.000e0,1.000e0]
  H_eig=[2.575e3,2.401e2,6.598e1,3.108e1,1.643e1,9.624e0,5.298e0,3.427e0,2.276e0,1.400e0,8.141e-1,6.221e-1,9.897e-2]
  Slam_eig=[1.079e0,6.958e-1,6.234e-1,9.104e-2,8.412e-2,7.205e-2,7.034e-2,6.774e-2,6.082e-2,4.594e-2,2.244e-2,4.472e-3,0.000e0]
[INFO] [STAGE] reml_laml cost_only_done k=2 ext_dim=0 dim=13 elapsed=0.000s
[INFO] [OUTER hessian-route] choice=dense reason=kernel_absent n=400 p=13 k=2 callback_kernel=false subspace_trace=false scale_prefers_operator=false dense_workspace_bytes=9464
[INFO] [OUTER hessian-elapsed] choice=dense reason=kernel_absent n=400 p=13 k=2 elapsed=0.000s
[INFO] [HGB] small-sample fallback to defaults: pairs=0, threshold=3
[INFO] [OUTER schedule] inner-PIRLS cap transition (ARC bridge) arc_iter=0 g_ratio=n/a last_iters=3 converged=true ift_residual=n/a accept_rho=1.000 prev=0 new=5 (capped)
[INFO] [STAGE] outer eval start order=ValueGradientHessian dim=2
[INFO] [reml-geometry] dense_spectral reason=constraints_present p=13 nnz_x=na nnz_h_est=na density_h_est=na threshold=0.1000
[INFO] [IFT-CACHE] outcome=mode_response_hit drho_dim=2 p=13
[INFO] [pirls-path] repeated path=dense_transformed reason=constraints_present count=4 (suppressing identical decisions)
[INFO] [ADAPTIVE-KKT] outer_g_norm=3.771e0 effective_tol=1.000e-10 floor=1.000e-12 ceiling=1.000e-10
[INFO] [STAGE] PIRLS update_with_curvature iter=1 curvature=Fisher elapsed=0.000s source=rebuilt
[INFO] [PIRLS iter-end] iter=  1 elapsed=0.0009s lm_lambda=3.33e-7 g_norm=6.105e-6 last_dev_change=2.450e-4 last_halving=1
[INFO] [PIRLS iter-breakdown] iter=  1 attempts=1 curvature=0.001s solve=0.000s predred=0.000s candidate=0.000s other=0.000s
[INFO] [PIRLS lm-trajectory] iter=  1 start_lambda=1.000e-6 final_lambda=3.333e-7 log10_ratio=-0.477 accept_rho=1.000 attempts=1
[INFO] [STAGE] PIRLS update_with_curvature iter=2 curvature=Fisher elapsed=0.000s source=reused_prev_accept
[INFO] [PIRLS solve-end] iters=2 elapsed=0.0017s g_norm_initial=3.620e-2 g_norm_final=3.519e-9 convergence_rate=3.118e-4 status=Converged
[INFO] [STAGE] inner pirls solve iters=2 status=Converged max_eta=1.0 jeffreys_logdet=none rows=full(derivative-request) elapsed=0.002s
[INFO] [IFT-QUALITY] quality=8.187e-3 ift=2.000e0 pred_residual=1.561e-2 cap_predicted=2.000e0 iters=2
[INFO] [STAGE] logdet S rho_dim=2 penalty_rank=12 elapsed=0.000s
[INFO] [#1271-diag] path=orig p=13 penalty_rank=12 nullspace_dim=1 rss=0.983036 pen=0.014426 Dp=0.997461 pirls_edf=9.7041 logS=-14.673298 logH=29.115732 half_diff=21.894515 h_above1=11 h_min=6.261e-2 h_max=2.575e3 rho=[1.4945,-0.4619] lambda=[4.457e0,6.301e-1]
  H_eig=[2.575e3,2.402e2,6.608e1,3.122e1,1.663e1,9.925e0,6.291e0,4.699e0,3.708e0,2.247e0,1.366e0,9.955e-1,6.261e-2]
  Slam_eig=[3.138e0,3.101e0,6.275e-1,3.755e-1,3.544e-1,3.211e-1,3.077e-1,2.943e-1,2.155e-1,1.203e-1,4.732e-2,1.463e-2,0.000e0]
[INFO] [STAGE] reml_laml cost_only_done k=2 ext_dim=0 dim=13 elapsed=0.000s
[INFO] [OUTER hessian-route] choice=dense reason=kernel_absent n=400 p=13 k=2 callback_kernel=false subspace_trace=false scale_prefers_operator=false dense_workspace_bytes=9464
[INFO] [OUTER hessian-elapsed] choice=dense reason=kernel_absent n=400 p=13 k=2 elapsed=0.000s
[INFO] [HGB] small-sample fallback to defaults: pairs=0, threshold=3
[INFO] [STAGE] outer eval end order=ValueGradientHessian elapsed=0.003s cost=-6.072539e2 |g|=2.650e0
[INFO] [OUTER] eval#1 (hess) cost=-6.072539e2 |g|=2.650e0 rho=[1.495,-0.462]
[INFO] [OUTER schedule] inner-PIRLS cap transition (ARC bridge) arc_iter=1 g_ratio=1.000e0 last_iters=2 converged=true ift_residual=8.187e-3 accept_rho=1.000 prev=5 new=3 (capped)
[INFO] [STAGE] outer eval start order=ValueGradientHessian dim=2
[INFO] [reml-geometry] dense_spectral reason=constraints_present p=13 nnz_x=na nnz_h_est=na density_h_est=na threshold=0.1000
[INFO] [IFT-REJECTED] reason=large_drho max_drho=2.576e0 cap=2.000e0 drho_dim=2
[INFO] [TANGENT-PREDICT] alpha=1.683e0 cap=2.000e0 drho_step_norm_sq=4.119e0 drho_prev_norm_sq=2.447e0
[INFO] [ADAPTIVE-KKT] outer_g_norm=2.650e0 effective_tol=1.000e-10 floor=1.000e-12 ceiling=1.000e-10
[INFO] [STAGE] PIRLS update_with_curvature iter=1 curvature=Fisher elapsed=0.000s source=rebuilt
[INFO] [PIRLS iter-end] iter=  1 elapsed=0.0009s lm_lambda=3.70e-8 g_norm=3.963e-6 last_dev_change=8.524e-2 last_halving=1
[INFO] [PIRLS iter-breakdown] iter=  1 attempts=1 curvature=0.001s solve=0.000s predred=0.000s candidate=0.000s other=0.000s
[INFO] [PIRLS lm-trajectory] iter=  1 start_lambda=1.111e-7 final_lambda=3.704e-8 log10_ratio=-0.477 accept_rho=1.000 attempts=1
[INFO] [STAGE] PIRLS update_with_curvature iter=2 curvature=Fisher elapsed=0.000s source=reused_prev_accept
[INFO] [PIRLS solve-end] iters=2 elapsed=0.0017s g_norm_initial=2.406e0 g_norm_final=4.240e-10 convergence_rate=1.327e-5 status=Converged
[INFO] [STAGE] inner pirls solve iters=2 status=Converged max_eta=1.0 jeffreys_logdet=none rows=full(derivative-request) elapsed=0.002s
[INFO] [TANGENT-QUALITY] quality=4.920e-2 pred_residual=9.279e-2 iters=2
[INFO] [STAGE] logdet S rho_dim=2 penalty_rank=12 elapsed=0.000s
[INFO] [#1271-diag] path=orig p=13 penalty_rank=12 nullspace_dim=1 rss=1.000428 pen=0.027085 Dp=1.027514 pirls_edf=6.8275 logS=9.921448 logH=37.992929 half_diff=14.035740 h_above1=12 h_min=3.503e-2 h_max=2.577e3 rho=[4.0706,-1.0447] lambda=[5.859e1,3.518e-1]
  H_eig=[2.577e3,2.415e2,6.855e1,4.320e1,4.081e1,3.050e1,1.813e1,1.271e1,9.071e0,7.003e0,5.610e0,4.793e0,3.503e-2]
  Slam_eig=[4.078e1,4.077e1,4.947e0,4.935e0,4.221e0,4.058e0,3.884e0,2.864e0,1.528e0,5.030e-1,2.463e-1,1.391e-2,0.000e0]
[INFO] [STAGE] reml_laml cost_only_done k=2 ext_dim=0 dim=13 elapsed=0.000s
[INFO] [OUTER hessian-route] choice=dense reason=kernel_absent n=400 p=13 k=2 callback_kernel=false subspace_trace=false scale_prefers_operator=false dense_workspace_bytes=9464
[INFO] [OUTER hessian-elapsed] choice=dense reason=kernel_absent n=400 p=13 k=2 elapsed=0.000s
[INFO] [HGB] small-sample fallback to defaults: pairs=0, threshold=3
[INFO] [STAGE] outer eval end order=ValueGradientHessian elapsed=0.004s cost=-6.091907e2 |g|=2.069e0
[INFO] [OUTER] eval#2 (hess) cost=-6.091907e2 |g|=2.069e0 rho=[4.071,-1.045]
[INFO] [STAGE] outer eval start order=ValueGradientHessian dim=2
[INFO] [reml-geometry] dense_spectral reason=constraints_present p=13 nnz_x=na nnz_h_est=na density_h_est=na threshold=0.1000
[INFO] [IFT-CACHE] outcome=mode_response_hit drho_dim=2 p=13
[INFO] [ADAPTIVE-KKT] outer_g_norm=2.069e0 effective_tol=1.000e-10 floor=1.000e-12 ceiling=1.000e-10
[INFO] [STAGE] PIRLS update_with_curvature iter=1 curvature=Fisher elapsed=0.000s source=rebuilt
[INFO] [PIRLS solve-end] iters=1 elapsed=0.0010s g_norm_initial=3.453e-2 g_norm_final=6.800e-9 convergence_rate=1.969e-7 status=Converged
[INFO] [STAGE] inner pirls solve iters=1 status=Converged max_eta=1.0 jeffreys_logdet=none rows=full(derivative-request) elapsed=0.001s
[INFO] [IFT-QUALITY] quality=1.400e-3 ift=2.000e0 pred_residual=2.650e-3 cap_predicted=2.000e0 iters=1
[INFO] [STAGE] logdet S rho_dim=2 penalty_rank=12 elapsed=0.000s
[INFO] [#1271-diag] path=orig p=13 penalty_rank=12 nullspace_dim=1 rss=0.993282 pen=0.018823 Dp=1.012105 pirls_edf=7.7117 logS=1.854887 logH=34.158047 half_diff=16.151580 h_above1=12 h_min=2.499e-2 h_max=2.576e3 rho=[3.3315,-1.3824] lambda=[2.798e1,2.510e-1]
  H_eig=[2.576e3,2.407e2,6.688e1,3.256e1,2.227e1,1.996e1,1.568e1,1.090e1,6.674e0,4.522e0,3.302e0,2.675e0,2.499e-2]
  Slam_eig=[1.948e1,1.947e1,2.365e0,2.357e0,2.016e0,1.938e0,1.855e0,1.369e0,7.310e-1,2.853e-1,1.486e-1,9.836e-3,0.000e0]
[INFO] [STAGE] reml_laml cost_only_done k=2 ext_dim=0 dim=13 elapsed=0.000s
[INFO] [OUTER hessian-route] choice=dense reason=kernel_absent n=400 p=13 k=2 callback_kernel=false subspace_trace=false scale_prefers_operator=false dense_workspace_bytes=9464
[INFO] [OUTER hessian-elapsed] choice=dense reason=kernel_absent n=400 p=13 k=2 elapsed=0.000s
[INFO] [HGB] small-sample fallback to defaults: pairs=1, threshold=3
[INFO] [STAGE] outer eval end order=ValueGradientHessian elapsed=0.003s cost=-6.100893e2 |g|=2.848e-1
[INFO] [OUTER] eval#3 (hess) cost=-6.100893e2 |g|=2.848e-1 rho=[3.331,-1.382]
[INFO] [STAGE] outer eval start order=ValueGradientHessian dim=2
[INFO] [reml-geometry] dense_spectral reason=constraints_present p=13 nnz_x=na nnz_h_est=na density_h_est=na threshold=0.1000
[INFO] [IFT-CACHE] outcome=mode_response_hit drho_dim=2 p=13
[INFO] [ADAPTIVE-KKT] outer_g_norm=2.848e-1 effective_tol=1.000e-10 floor=1.000e-12 ceiling=1.000e-10
[INFO] [STAGE] PIRLS update_with_curvature iter=1 curvature=Fisher elapsed=0.000s source=rebuilt
[INFO] [PIRLS solve-end] iters=1 elapsed=0.0010s g_norm_initial=9.702e-4 g_norm_final=9.749e-11 convergence_rate=1.005e-7 status=Converged
[INFO] [STAGE] inner pirls solve iters=1 status=Converged max_eta=1.0 jeffreys_logdet=none rows=full(derivative-request) elapsed=0.001s
[INFO] [IFT-QUALITY] quality=4.187e-5 ift=2.000e0 pred_residual=7.930e-5 cap_predicted=2.000e0 iters=1
[INFO] [STAGE] logdet S rho_dim=2 penalty_rank=12 elapsed=0.000s
[INFO] [#1271-diag] path=orig p=13 penalty_rank=12 nullspace_dim=1 rss=0.992343 pen=0.017430 Dp=1.009773 pirls_edf=7.8631 logS=0.307604 logH=33.483908 half_diff=16.588152 h_above1=12 h_min=2.169e-2 h_max=2.575e3 rho=[3.2051,-1.5244] lambda=[2.466e1,2.178e-1]
  H_eig=[2.575e3,2.406e2,6.675e1,3.230e1,2.022e1,1.857e1,1.480e1,1.068e1,6.402e0,4.247e0,3.049e0,2.444e0,2.169e-2]
  Slam_eig=[1.717e1,1.716e1,2.084e0,2.077e0,1.777e0,1.708e0,1.635e0,1.206e0,6.441e-1,2.492e-1,1.301e-1,8.538e-3,0.000e0]
[INFO] [STAGE] reml_laml cost_only_done k=2 ext_dim=0 dim=13 elapsed=0.000s
[INFO] [OUTER hessian-route] choice=dense reason=kernel_absent n=400 p=13 k=2 callback_kernel=false subspace_trace=false scale_prefers_operator=false dense_workspace_bytes=9464
[INFO] [OUTER hessian-elapsed] choice=dense reason=kernel_absent n=400 p=13 k=2 elapsed=0.000s
[INFO] [HGB] small-sample fallback to defaults: pairs=2, threshold=3
[INFO] [STAGE] outer eval end order=ValueGradientHessian elapsed=0.003s cost=-6.101129e2 |g|=8.463e-3
[INFO] [OUTER] eval#4 (hess) cost=-6.101129e2 |g|=8.463e-3 rho=[3.205,-1.524]
[INFO] [OUTER schedule] inner-PIRLS cap transition (ARC bridge) arc_iter=4 g_ratio=3.194e-3 last_iters=1 converged=true ift_residual=4.187e-5 accept_rho=1.000 prev=3 new=0 (uncapped)
[INFO] [STAGE] outer eval start order=ValueGradientHessian dim=2
[INFO] [reml-geometry] dense_spectral reason=constraints_present p=13 nnz_x=na nnz_h_est=na density_h_est=na threshold=0.1000
[INFO] [IFT-CACHE] outcome=mode_response_hit drho_dim=2 p=13
[INFO] [pirls-path] repeated path=dense_transformed reason=constraints_present count=8 (suppressing identical decisions)
[INFO] [ADAPTIVE-KKT] outer_g_norm=8.463e-3 effective_tol=1.000e-10 floor=1.000e-12 ceiling=1.000e-10
[INFO] [STAGE] PIRLS update_with_curvature iter=1 curvature=Fisher elapsed=0.000s source=rebuilt
[INFO] [PIRLS exact-decrement] applicable=true decrement_sq=2.366548e-26 threshold=6.378440e-14 pass=true gradient_norm=1.428902e-13 relative_gradient=9.985873e-14 dimension_scale=7.211103e1 natural_scale=4.309239e-1 objective=5.048495e-1 actual_reduction=1.221245e-14 predicted_reduction=1.230456e-14 linear_model_term=-2.460913e-14 direction_norm=4.840374e-8 data_reduction=-1.003240e-9 penalty_reduction=1.003252e-9
[INFO] [PIRLS solve-end] iters=1 elapsed=0.0012s g_norm_initial=8.590e-7 g_norm_final=1.429e-13 convergence_rate=1.663e-7 status=Converged
[INFO] [STAGE] inner pirls solve iters=1 status=Converged max_eta=1.0 jeffreys_logdet=none rows=full(derivative-request) elapsed=0.002s
[INFO] [IFT-QUALITY] quality=2.556e-8 ift=2.000e0 pred_residual=4.840e-8 cap_predicted=2.000e0 iters=1
[INFO] [STAGE] logdet S rho_dim=2 penalty_rank=12 elapsed=0.000s
[INFO] [#1271-diag] path=orig p=13 penalty_rank=12 nullspace_dim=1 rss=0.992322 pen=0.017377 Dp=1.009699 pirls_edf=7.8665 logS=0.254475 logH=33.459858 half_diff=16.602691 h_above1=12 h_min=2.143e-2 h_max=2.575e3 rho=[3.2022,-1.5364] lambda=[2.459e1,2.152e-1]
  H_eig=[2.575e3,2.406e2,6.675e1,3.230e1,2.018e1,1.854e1,1.477e1,1.067e1,6.396e0,4.241e0,3.043e0,2.439e0,2.143e-2]
  Slam_eig=[1.712e1,1.711e1,2.078e0,2.071e0,1.771e0,1.703e0,1.630e0,1.203e0,6.422e-1,2.472e-1,1.292e-1,8.438e-3,0.000e0]
[INFO] [STAGE] reml_laml cost_only_done k=2 ext_dim=0 dim=13 elapsed=0.000s
[INFO] [OUTER hessian-route] choice=dense reason=kernel_absent n=400 p=13 k=2 callback_kernel=false subspace_trace=false scale_prefers_operator=false dense_workspace_bytes=9464
[INFO] [OUTER hessian-elapsed] choice=dense reason=kernel_absent n=400 p=13 k=2 elapsed=0.000s
[INFO] [STAGE] outer eval end order=ValueGradientHessian elapsed=0.003s cost=-6.101130e2 |g|=3.692e-5
[INFO] [OUTER] eval#5 (hess) cost=-6.101130e2 |g|=3.692e-5 rho=[3.202,-1.536]
[INFO] [STAGE] outer eval start order=ValueGradientHessian dim=2
[INFO] [reml-geometry] dense_spectral reason=constraints_present p=13 nnz_x=na nnz_h_est=na density_h_est=na threshold=0.1000
[INFO] [IFT-CACHE] outcome=mode_response_hit drho_dim=2 p=13
[INFO] [ADAPTIVE-KKT] outer_g_norm=3.692e-5 effective_tol=1.000e-10 floor=1.000e-12 ceiling=1.000e-10
[INFO] [STAGE] PIRLS update_with_curvature iter=1 curvature=Fisher elapsed=0.000s source=rebuilt
[INFO] [PIRLS exact-decrement] applicable=true decrement_sq=1.075314e-27 threshold=6.378438e-14 pass=true gradient_norm=3.726017e-14 relative_gradient=2.603925e-14 dimension_scale=7.211103e1 natural_scale=4.309235e-1 objective=5.048494e-1 actual_reduction=-2.220446e-16 predicted_reduction=4.134823e-24 linear_model_term=-8.267514e-24 direction_norm=1.482653e-12 data_reduction=7.610579e-14 penalty_reduction=-7.627406e-14
[INFO] [PIRLS solve-end] iters=1 elapsed=0.0011s g_norm_initial=2.673e-11 g_norm_final=3.726e-14 convergence_rate=1.394e-3 status=Converged
[INFO] [STAGE] inner pirls solve iters=1 status=Converged max_eta=1.0 jeffreys_logdet=none rows=full(derivative-request) elapsed=0.001s
[INFO] [IFT-QUALITY] quality=7.829e-13 ift=2.000e0 pred_residual=1.483e-12 cap_predicted=2.000e0 iters=1
[INFO] [STAGE] logdet S rho_dim=2 penalty_rank=12 elapsed=0.000s
[INFO] [#1271-diag] path=orig p=13 penalty_rank=12 nullspace_dim=1 rss=0.992322 pen=0.017377 Dp=1.009699 pirls_edf=7.8665 logS=0.254313 logH=33.459778 half_diff=16.602733 h_above1=12 h_min=2.142e-2 h_max=2.575e3 rho=[3.2022,-1.5365] lambda=[2.459e1,2.151e-1]
  H_eig=[2.575e3,2.406e2,6.675e1,3.230e1,2.018e1,1.854e1,1.477e1,1.067e1,6.396e0,4.241e0,3.043e0,2.439e0,2.142e-2]
  Slam_eig=[1.712e1,1.711e1,2.078e0,2.071e0,1.771e0,1.703e0,1.630e0,1.203e0,6.422e-1,2.472e-1,1.292e-1,8.437e-3,0.000e0]
[INFO] [STAGE] reml_laml cost_only_done k=2 ext_dim=0 dim=13 elapsed=0.000s
[INFO] [OUTER hessian-route] choice=dense reason=kernel_absent n=400 p=13 k=2 callback_kernel=false subspace_trace=false scale_prefers_operator=false dense_workspace_bytes=9464
[INFO] [OUTER hessian-elapsed] choice=dense reason=kernel_absent n=400 p=13 k=2 elapsed=0.000s
[INFO] [STAGE] outer eval end order=ValueGradientHessian elapsed=0.003s cost=-6.101130e2 |g|=1.379e-9
[INFO] [OUTER] eval#6 (hess) cost=-6.101130e2 |g|=1.379e-9 rho=[3.202,-1.536]
[INFO] [reml-geometry] dense_spectral reason=constraints_present p=13 nnz_x=na nnz_h_est=na density_h_est=na threshold=0.1000
[INFO] [STAGE] PIRLS update_with_curvature iter=1 curvature=Fisher elapsed=0.000s source=rebuilt
[INFO] [PIRLS iter-end] iter=  1 elapsed=0.0009s lm_lambda=3.33e-7 g_norm=6.364e-5 last_dev_change=1.007e1 last_halving=1
[INFO] [PIRLS iter-breakdown] iter=  1 attempts=1 curvature=0.001s solve=0.000s predred=0.000s candidate=0.000s other=0.000s
[INFO] [PIRLS lm-trajectory] iter=  1 start_lambda=1.000e-6 final_lambda=3.333e-7 log10_ratio=-0.477 accept_rho=1.000 attempts=1
[INFO] [STAGE] PIRLS update_with_curvature iter=2 curvature=Fisher elapsed=0.000s source=reused_prev_accept
[INFO] [PIRLS iter-end] iter=  2 elapsed=0.0005s lm_lambda=1.11e-7 g_norm=4.555e-8 last_dev_change=8.292e-10 last_halving=1
[INFO] [PIRLS iter-breakdown] iter=  2 attempts=1 curvature=0.000s solve=0.000s predred=0.000s candidate=0.000s other=0.000s
[INFO] [PIRLS lm-trajectory] iter=  2 start_lambda=3.333e-7 final_lambda=1.111e-7 log10_ratio=-0.477 accept_rho=1.000 attempts=1
[INFO] [STAGE] PIRLS update_with_curvature iter=3 curvature=Fisher elapsed=0.000s source=reused_prev_accept
[INFO] [PIRLS exact-decrement] applicable=true decrement_sq=1.704899e-19 threshold=6.378438e-14 pass=true gradient_norm=8.521328e-11 relative_gradient=5.955124e-11 dimension_scale=7.211103e1 natural_scale=4.309235e-1 objective=5.048494e-1 actual_reduction=2.398082e-14 predicted_reduction=2.396529e-14 linear_model_term=-4.784035e-14 direction_norm=1.492141e-6 data_reduction=7.465922e-11 penalty_reduction=-7.463521e-11
[INFO] [PIRLS solve-end] iters=3 elapsed=0.0025s g_norm_initial=8.106e1 g_norm_final=8.521e-11 convergence_rate=1.017e-4 status=Converged
[INFO] [STAGE] inner pirls solve iters=3 status=Converged max_eta=1.0 jeffreys_logdet=none rows=full(derivative-request) elapsed=0.003s
[INFO] [STAGE] logdet S rho_dim=2 penalty_rank=12 elapsed=0.000s
[INFO] [#1271-diag] path=orig p=13 penalty_rank=12 nullspace_dim=1 rss=0.992322 pen=0.017377 Dp=1.009699 pirls_edf=7.8665 logS=0.254313 logH=33.459778 half_diff=16.602733 h_above1=12 h_min=2.142e-2 h_max=2.575e3 rho=[3.2022,-1.5365] lambda=[2.459e1,2.151e-1]
  H_eig=[2.575e3,2.406e2,6.675e1,3.230e1,2.018e1,1.854e1,1.477e1,1.067e1,6.396e0,4.241e0,3.043e0,2.439e0,2.142e-2]
  Slam_eig=[1.712e1,1.711e1,2.078e0,2.071e0,1.771e0,1.703e0,1.630e0,1.203e0,6.422e-1,2.472e-1,1.292e-1,8.437e-3,0.000e0]
[INFO] [STAGE] logdet S rho_dim=2 penalty_rank=12 elapsed=0.000s
[INFO] [#1271-diag] path=orig p=13 penalty_rank=12 nullspace_dim=1 rss=0.992322 pen=0.017377 Dp=1.009699 pirls_edf=7.8665 logS=0.254313 logH=33.459778 half_diff=16.602733 h_above1=12 h_min=2.142e-2 h_max=2.575e3 rho=[3.2022,-1.5365] lambda=[2.459e1,2.151e-1]
  H_eig=[2.575e3,2.406e2,6.675e1,3.230e1,2.018e1,1.854e1,1.477e1,1.067e1,6.396e0,4.241e0,3.043e0,2.439e0,2.142e-2]
  Slam_eig=[1.712e1,1.711e1,2.078e0,2.071e0,1.771e0,1.703e0,1.630e0,1.203e0,6.422e-1,2.472e-1,1.292e-1,8.437e-3,0.000e0]
[INFO] [STAGE] reml_laml cost_only_done k=2 ext_dim=0 dim=13 elapsed=0.000s
[INFO] [HGB] small-sample fallback to defaults: pairs=0, threshold=3
[INFO] [CERTIFICATE] standard REML: the objective published no criterion resolution; using the last-bit floor 1.357e-13 of the value alone (#2812)
[INFO] [CERTIFICATE-BOUND] standard REML: fidelity=Screening, rho=[3.2022194742816934, -1.5364879601880082], bound 5.960464e-6 set by solver-band (derived_standard=false, |Pg|=1.380022e-9, |g|=1.380022e-9, solver_band=5.960464e-6, cost=-6.101130e2)
[INFO] [CERTIFICATE] standard REML: gradient |g|=1.380e-9 |Pg|=1.380e-9 bound=5.960e-6 (rung=solver-band derived_standard=false) hessian_psd=not-spent curvature_source=screening-not-spent railed=[] → stationary
[INFO] [reml-geometry] dense_spectral reason=constraints_present p=13 nnz_x=na nnz_h_est=na density_h_est=na threshold=0.1000
[INFO] [STAGE] PIRLS update_with_curvature iter=1 curvature=Fisher elapsed=0.000s source=rebuilt
[INFO] [PIRLS iter-end] iter=  1 elapsed=0.0010s lm_lambda=3.33e-7 g_norm=4.599e-5 last_dev_change=4.600e0 last_halving=1
[INFO] [PIRLS iter-breakdown] iter=  1 attempts=1 curvature=0.001s solve=0.000s predred=0.000s candidate=0.000s other=0.000s
[INFO] [PIRLS lm-trajectory] iter=  1 start_lambda=1.000e-6 final_lambda=3.333e-7 log10_ratio=-0.477 accept_rho=1.000 attempts=1
[INFO] [STAGE] PIRLS update_with_curvature iter=2 curvature=Fisher elapsed=0.000s source=reused_prev_accept
[INFO] [PIRLS solve-end] iters=2 elapsed=0.0019s g_norm_initial=8.105e1 g_norm_final=2.493e-11 convergence_rate=5.546e-7 status=Converged
[INFO] [STAGE] inner pirls solve iters=2 status=Converged max_eta=0.8 jeffreys_logdet=none rows=full(derivative-request) elapsed=0.003s
[INFO] [STAGE] logdet S (Z-projected) rho_dim=2 penalty_rank=9 elapsed=0.000s
[INFO] [#1271-diag] p=10 penalty_rank=9 nullspace_dim=1 logS=44.475861 logH=53.089813 half_diff=4.306976 h_above1=10 h_min=3.511e1 h_max=4.720e3 rho=[7.2287,7.7781] lambda=[1.378e3,2.388e3]
[INFO] [STAGE] reml_laml cost_only_done k=2 ext_dim=0 dim=10 elapsed=0.000s
[INFO] [OUTER hessian-route] choice=dense reason=below_crossover n=400 p=10 k=2 callback_kernel=false subspace_trace=false scale_prefers_operator=false dense_workspace_bytes=5600
[INFO] [OUTER hessian-elapsed] choice=dense reason=below_crossover n=400 p=10 k=2 elapsed=0.000s
[INFO] [HGB] small-sample fallback to defaults: pairs=0, threshold=3
[INFO] [OUTER schedule] inner-PIRLS cap transition (ARC bridge) arc_iter=5 g_ratio=n/a last_iters=2 converged=true ift_residual=n/a accept_rho=1.000 prev=0 new=4 (capped)
[INFO] [STAGE] outer eval start order=ValueGradientHessian dim=2
[INFO] [reml-geometry] dense_spectral reason=constraints_present p=13 nnz_x=na nnz_h_est=na density_h_est=na threshold=0.1000
[INFO] [IFT-REJECTED] reason=large_drho max_drho=1.873e1 cap=2.000e0 drho_dim=2
[INFO] [ADAPTIVE-KKT] outer_g_norm=7.553e1 effective_tol=1.000e-10 floor=1.000e-12 ceiling=1.000e-10
[INFO] [STAGE] PIRLS update_with_curvature iter=1 curvature=Fisher elapsed=0.000s source=rebuilt
[INFO] [PIRLS iter-end] iter=  1 elapsed=0.0009s lm_lambda=3.70e-8 g_norm=4.729e-6 last_dev_change=3.131e0 last_halving=1
[INFO] [PIRLS iter-breakdown] iter=  1 attempts=1 curvature=0.001s solve=0.000s predred=0.000s candidate=0.000s other=0.000s
[INFO] [PIRLS lm-trajectory] iter=  1 start_lambda=1.111e-7 final_lambda=3.704e-8 log10_ratio=-0.477 accept_rho=1.000 attempts=1
[INFO] [STAGE] PIRLS update_with_curvature iter=2 curvature=Fisher elapsed=0.000s source=reused_prev_accept
[INFO] [PIRLS solve-end] iters=2 elapsed=0.0017s g_norm_initial=4.177e1 g_norm_final=5.786e-9 convergence_rate=1.177e-5 status=Converged
[INFO] [STAGE] inner pirls solve iters=2 status=Converged max_eta=1.0 jeffreys_logdet=none rows=full(derivative-request) elapsed=0.002s
[INFO] [STAGE] logdet S rho_dim=2 penalty_rank=12 elapsed=0.000s
[INFO] [#1271-diag] path=orig p=13 penalty_rank=12 nullspace_dim=1 rss=1.106859 pen=0.114977 Dp=1.221837 pirls_edf=3.5982 logS=25.240621 logH=52.516669 half_diff=13.638024 h_above1=12 h_min=1.763e-6 h_max=2.678e3 rho=[7.5818,-10.9484] lambda=[1.962e3,1.759e-5]
  H_eig=[2.678e3,1.368e3,1.278e3,2.559e2,1.693e2,1.620e2,1.438e2,1.416e2,1.345e2,1.242e2,8.649e1,3.723e1,1.763e-6]
  Slam_eig=[1.365e3,1.365e3,1.654e2,1.652e2,1.414e2,1.359e2,1.300e2,9.580e1,5.103e1,1.420e1,1.447e-5,7.067e-7,0.000e0]
[INFO] [STAGE] reml_laml cost_only_done k=2 ext_dim=0 dim=13 elapsed=0.000s
[INFO] [OUTER hessian-route] choice=dense reason=kernel_absent n=400 p=13 k=2 callback_kernel=false subspace_trace=false scale_prefers_operator=false dense_workspace_bytes=9464
[INFO] [OUTER hessian-elapsed] choice=dense reason=kernel_absent n=400 p=13 k=2 elapsed=0.000s
[INFO] [HGB] small-sample fallback to defaults: pairs=0, threshold=3
[INFO] [STAGE] outer eval end order=ValueGradientHessian elapsed=0.004s cost=-5.750324e2 |g|=1.798e1
[INFO] [OUTER] eval#1 (hess) cost=-5.750324e2 |g|=1.798e1 rho=[7.582,-10.948]
[INFO] [STAGE] outer eval start order=ValueGradientHessian dim=2
[INFO] [reml-geometry] dense_spectral reason=constraints_present p=13 nnz_x=na nnz_h_est=na density_h_est=na threshold=0.1000
[INFO] [IFT-CACHE] outcome=mode_response_hit drho_dim=2 p=13
[INFO] [ADAPTIVE-KKT] outer_g_norm=1.798e1 effective_tol=1.000e-10 floor=1.000e-12 ceiling=1.000e-10
[INFO] [STAGE] PIRLS update_with_curvature iter=1 curvature=Fisher elapsed=0.000s source=rebuilt
[INFO] [PIRLS solve-end] iters=1 elapsed=0.0010s g_norm_initial=2.115e-2 g_norm_final=4.229e-9 convergence_rate=2.000e-7 status=Converged
[INFO] [STAGE] inner pirls solve iters=1 status=Converged max_eta=1.0 jeffreys_logdet=none rows=full(derivative-request) elapsed=0.001s
[INFO] [IFT-QUALITY] quality=3.248e-4 ift=2.000e0 pred_residual=5.988e-4 cap_predicted=3.000e0 iters=1
[INFO] [STAGE] logdet S rho_dim=2 penalty_rank=12 elapsed=0.000s
[INFO] [#1271-diag] path=orig p=13 penalty_rank=12 nullspace_dim=1 rss=1.095174 pen=0.104751 Dp=1.199925 pirls_edf=3.7298 logS=23.245235 logH=50.852088 half_diff=13.803426 h_above1=12 h_min=1.763e-6 h_max=2.648e3 rho=[7.3822,-10.9484] lambda=[1.607e3,1.759e-5]
  H_eig=[2.648e3,1.121e3,1.060e3,2.506e2,1.395e2,1.347e2,1.184e2,1.179e2,1.105e2,1.082e2,7.897e1,3.492e1,1.763e-6]
  Slam_eig=[1.118e3,1.118e3,1.355e2,1.353e2,1.158e2,1.113e2,1.065e2,7.847e1,4.180e1,1.163e1,1.447e-5,7.067e-7,0.000e0]
[INFO] [STAGE] reml_laml cost_only_done k=2 ext_dim=0 dim=13 elapsed=0.000s
[INFO] [OUTER hessian-route] choice=dense reason=kernel_absent n=400 p=13 k=2 callback_kernel=false subspace_trace=false scale_prefers_operator=false dense_workspace_bytes=9464
[INFO] [OUTER hessian-elapsed] choice=dense reason=kernel_absent n=400 p=13 k=2 elapsed=0.000s
[INFO] [HGB] small-sample fallback to defaults: pairs=1, threshold=3
[INFO] [STAGE] outer eval end order=ValueGradientHessian elapsed=0.003s cost=-5.784772e2 |g|=1.656e1
[INFO] [OUTER] eval#2 (hess) cost=-5.784772e2 |g|=1.656e1 rho=[7.382,-10.948]
[INFO] [OUTER schedule] inner-PIRLS cap transition (ARC bridge) arc_iter=6 g_ratio=9.209e-1 last_iters=1 converged=true ift_residual=3.248e-4 accept_rho=1.000 prev=4 new=3 (capped)
[INFO] [STAGE] outer eval start order=ValueGradientHessian dim=2
[INFO] [reml-geometry] dense_spectral reason=constraints_present p=13 nnz_x=na nnz_h_est=na density_h_est=na threshold=0.1000
[INFO] [IFT-CACHE] outcome=mode_response_hit drho_dim=2 p=13
[INFO] [ADAPTIVE-KKT] outer_g_norm=1.656e1 effective_tol=1.000e-10 floor=1.000e-12 ceiling=1.000e-10
[INFO] [STAGE] PIRLS update_with_curvature iter=1 curvature=Fisher elapsed=0.000s source=rebuilt
[INFO] [PIRLS solve-end] iters=1 elapsed=0.0010s g_norm_initial=6.560e-1 g_norm_final=2.965e-9 convergence_rate=4.519e-9 status=Converged
[INFO] [STAGE] inner pirls solve iters=1 status=Converged max_eta=1.0 jeffreys_logdet=none rows=full(derivative-request) elapsed=0.001s
[INFO] [IFT-QUALITY] quality=5.450e-3 ift=3.000e0 pred_residual=1.015e-2 cap_predicted=3.000e0 iters=1
[INFO] [STAGE] logdet S rho_dim=2 penalty_rank=12 elapsed=0.000s
[INFO] [#1271-diag] path=orig p=13 penalty_rank=12 nullspace_dim=1 rss=1.036254 pen=0.051455 Dp=1.087709 pirls_edf=4.9212 logS=8.464902 logH=39.384867 half_diff=15.459983 h_above1=12 h_min=2.002e-6 h_max=2.586e3 rho=[5.8787,-10.8202] lambda=[3.574e2,1.999e-5]
  H_eig=[2.586e3,2.765e2,2.508e2,2.095e2,7.111e1,4.278e1,3.629e1,3.323e1,3.051e1,2.757e1,2.530e1,2.147e1,2.002e-6]
  Slam_eig=[2.487e2,2.487e2,3.012e1,3.009e1,2.575e1,2.474e1,2.368e1,1.745e1,9.294e0,2.586e0,1.644e-5,8.034e-7,0.000e0]
[INFO] [STAGE] reml_laml cost_only_done k=2 ext_dim=0 dim=13 elapsed=0.000s
[INFO] [OUTER hessian-route] choice=dense reason=kernel_absent n=400 p=13 k=2 callback_kernel=false subspace_trace=false scale_prefers_operator=false dense_workspace_bytes=9464
[INFO] [OUTER hessian-elapsed] choice=dense reason=kernel_absent n=400 p=13 k=2 elapsed=0.000s
[INFO] [HGB] small-sample fallback to defaults: pairs=1, threshold=3
[INFO] [STAGE] outer eval end order=ValueGradientHessian elapsed=0.003s cost=-5.964087e2 |g|=7.995e0
[INFO] [OUTER] eval#3 (hess) cost=-5.964087e2 |g|=7.995e0 rho=[5.879,-10.820]
[INFO] [STAGE] outer eval start order=ValueGradientHessian dim=2
[INFO] [reml-geometry] dense_spectral reason=constraints_present p=13 nnz_x=na nnz_h_est=na density_h_est=na threshold=0.1000
[INFO] [IFT-CACHE] outcome=mode_response_hit drho_dim=2 p=13
[INFO] [ADAPTIVE-KKT] outer_g_norm=7.995e0 effective_tol=1.000e-10 floor=1.000e-12 ceiling=1.000e-10
[INFO] [STAGE] PIRLS update_with_curvature iter=1 curvature=Fisher elapsed=0.000s source=rebuilt
[INFO] [PIRLS solve-end] iters=1 elapsed=0.0010s g_norm_initial=3.077e-1 g_norm_final=1.933e-9 convergence_rate=6.282e-9 status=Converged
[INFO] [STAGE] inner pirls solve iters=1 status=Converged max_eta=1.0 jeffreys_logdet=none rows=full(derivative-request) elapsed=0.001s
[INFO] [IFT-QUALITY] quality=6.644e-3 ift=3.000e0 pred_residual=1.251e-2 cap_predicted=3.000e0 iters=1
[INFO] [STAGE] logdet S rho_dim=2 penalty_rank=12 elapsed=0.000s
[INFO] [#1271-diag] path=orig p=13 penalty_rank=12 nullspace_dim=1 rss=1.002064 pen=0.024552 Dp=1.026616 pirls_edf=6.6717 logS=-6.529700 logH=29.802054 half_diff=18.165877 h_above1=12 h_min=4.775e-6 h_max=2.577e3 rho=[4.2056,-9.9481] lambda=[6.706e1,4.782e-5]
  H_eig=[2.577e3,2.417e2,6.930e1,4.905e1,4.512e1,3.133e1,1.855e1,1.318e1,9.716e0,7.681e0,6.243e0,5.377e0,4.775e-6]
  Slam_eig=[4.666e1,4.666e1,5.652e0,5.646e0,4.832e0,4.644e0,4.445e0,3.274e0,1.744e0,4.854e-1,3.933e-5,1.922e-6,0.000e0]
[INFO] [STAGE] reml_laml cost_only_done k=2 ext_dim=0 dim=13 elapsed=0.000s
[INFO] [OUTER hessian-route] choice=dense reason=kernel_absent n=400 p=13 k=2 callback_kernel=false subspace_trace=false scale_prefers_operator=false dense_workspace_bytes=9464
[INFO] [OUTER hessian-elapsed] choice=dense reason=kernel_absent n=400 p=13 k=2 elapsed=0.000s
[INFO] [HGB] small-sample fallback to defaults: pairs=1, threshold=3
[INFO] [STAGE] outer eval end order=ValueGradientHessian elapsed=0.003s cost=-6.052351e2 |g|=2.487e0
[INFO] [OUTER] eval#4 (hess) cost=-6.052351e2 |g|=2.487e0 rho=[4.206,-9.948]
[INFO] [STAGE] outer eval start order=ValueGradientHessian dim=2
[INFO] [reml-geometry] dense_spectral reason=constraints_present p=13 nnz_x=na nnz_h_est=na density_h_est=na threshold=0.1000
[INFO] [IFT-CACHE] outcome=mode_response_hit drho_dim=2 p=13
[INFO] [pirls-path] repeated path=dense_transformed reason=constraints_present count=16 (suppressing identical decisions)
[INFO] [ADAPTIVE-KKT] outer_g_norm=2.487e0 effective_tol=1.000e-10 floor=1.000e-12 ceiling=1.000e-10
[INFO] [STAGE] PIRLS update_with_curvature iter=1 curvature=Fisher elapsed=0.000s source=rebuilt
[INFO] [PIRLS solve-end] iters=1 elapsed=0.0009s g_norm_initial=4.386e-2 g_norm_final=1.656e-9 convergence_rate=3.775e-8 status=Converged
[INFO] [STAGE] inner pirls solve iters=1 status=Converged max_eta=1.0 jeffreys_logdet=none rows=full(derivative-request) elapsed=0.001s
[INFO] [IFT-QUALITY] quality=2.179e-3 ift=3.000e0 pred_residual=4.122e-3 cap_predicted=3.000e0 iters=1
[INFO] [STAGE] logdet S rho_dim=2 penalty_rank=12 elapsed=0.000s
[INFO] [#1271-diag] path=orig p=13 penalty_rank=12 nullspace_dim=1 rss=0.993668 pen=0.016331 Dp=1.009999 pirls_edf=7.6495 logS=-10.538403 logH=27.925677 half_diff=19.232040 h_above1=12 h_min=3.924e-5 h_max=2.575e3 rho=[3.3836,-7.8400] lambda=[2.948e1,3.937e-4]
  H_eig=[2.575e3,2.407e2,6.694e1,3.270e1,2.326e1,2.063e1,1.596e1,1.099e1,6.794e0,4.645e0,3.416e0,2.779e0,3.924e-5]
  Slam_eig=[2.051e1,2.051e1,2.484e0,2.482e0,2.124e0,2.041e0,1.954e0,1.439e0,7.666e-1,2.134e-1,3.237e-4,1.582e-5,0.000e0]
[INFO] [STAGE] reml_laml cost_only_done k=2 ext_dim=0 dim=13 elapsed=0.000s
[INFO] [OUTER hessian-route] choice=dense reason=kernel_absent n=400 p=13 k=2 callback_kernel=false subspace_trace=false scale_prefers_operator=false dense_workspace_bytes=9464
[INFO] [OUTER hessian-elapsed] choice=dense reason=kernel_absent n=400 p=13 k=2 elapsed=0.000s
[INFO] [HGB] small-sample fallback to defaults: pairs=1, threshold=3
[INFO] [STAGE] outer eval end order=ValueGradientHessian elapsed=0.003s cost=-6.074243e2 |g|=6.396e-1
[INFO] [OUTER] eval#5 (hess) cost=-6.074243e2 |g|=6.396e-1 rho=[3.384,-7.840]
[INFO] [STAGE] outer eval start order=ValueGradientHessian dim=2
[INFO] [reml-geometry] dense_spectral reason=constraints_present p=13 nnz_x=na nnz_h_est=na density_h_est=na threshold=0.1000
[INFO] [IFT-CACHE] outcome=mode_response_hit drho_dim=2 p=13
[INFO] [ADAPTIVE-KKT] outer_g_norm=6.396e-1 effective_tol=1.000e-10 floor=1.000e-12 ceiling=1.000e-10
[INFO] [STAGE] PIRLS update_with_curvature iter=1 curvature=Fisher elapsed=0.000s source=rebuilt
[INFO] [PIRLS solve-end] iters=1 elapsed=0.0009s g_norm_initial=1.667e-3 g_norm_final=1.875e-10 convergence_rate=1.125e-7 status=Converged
[INFO] [STAGE] inner pirls solve iters=1 status=Converged max_eta=1.0 jeffreys_logdet=none rows=full(derivative-request) elapsed=0.001s
[INFO] [IFT-QUALITY] quality=1.772e-4 ift=3.000e0 pred_residual=3.357e-4 cap_predicted=3.000e0 iters=1
[INFO] [STAGE] logdet S rho_dim=2 penalty_rank=12 elapsed=0.000s
[INFO] [#1271-diag] path=orig p=13 penalty_rank=12 nullspace_dim=1 rss=0.992420 pen=0.015036 Dp=1.007457 pirls_edf=7.8477 logS=-7.381689 logH=29.627997 half_diff=18.504843 h_above1=12 h_min=4.351e-4 h_max=2.575e3 rho=[3.2181,-5.4339] lambda=[2.498e1,4.366e-3]
  H_eig=[2.575e3,2.406e2,6.677e1,3.232e1,2.041e1,1.870e1,1.490e1,1.070e1,6.428e0,4.273e0,3.073e0,2.466e0,4.351e-4]
  Slam_eig=[1.738e1,1.738e1,2.105e0,2.103e0,1.800e0,1.730e0,1.656e0,1.220e0,6.497e-1,1.813e-1,3.583e-3,1.754e-4,0.000e0]
[INFO] [STAGE] reml_laml cost_only_done k=2 ext_dim=0 dim=13 elapsed=0.000s
[INFO] [OUTER hessian-route] choice=dense reason=kernel_absent n=400 p=13 k=2 callback_kernel=false subspace_trace=false scale_prefers_operator=false dense_workspace_bytes=9464
[INFO] [OUTER hessian-elapsed] choice=dense reason=kernel_absent n=400 p=13 k=2 elapsed=0.000s
[INFO] [HGB] small-sample fallback to defaults: pairs=1, threshold=3
[INFO] [STAGE] outer eval end order=ValueGradientHessian elapsed=0.003s cost=-6.086544e2 |g|=4.917e-1
[INFO] [OUTER] eval#6 (hess) cost=-6.086544e2 |g|=4.917e-1 rho=[3.218,-5.434]
[INFO] [STAGE] outer eval start order=ValueGradientHessian dim=2
[INFO] [reml-geometry] dense_spectral reason=constraints_present p=13 nnz_x=na nnz_h_est=na density_h_est=na threshold=0.1000
[INFO] [IFT-REJECTED] reason=large_drho max_drho=3.077e1 cap=3.000e0 drho_dim=2
[INFO] [TANGENT-REJECTED] reason=alpha_above_cap alpha=1.273e1 cap=2.000e0
[INFO] [ADAPTIVE-KKT] outer_g_norm=4.917e-1 effective_tol=1.000e-10 floor=1.000e-12 ceiling=1.000e-10
[INFO] [STAGE] PIRLS update_with_curvature iter=1 curvature=Fisher elapsed=0.000s source=rebuilt
[INFO] [PIRLS iter-end] iter=  1 elapsed=0.0012s lm_lambda=1.00e-9 g_norm=1.995e-2 last_dev_change=5.913e8 last_halving=1
[INFO] [PIRLS iter-breakdown] iter=  1 attempts=1 curvature=0.001s solve=0.000s predred=0.000s candidate=0.000s other=0.000s
[INFO] [PIRLS lm-trajectory] iter=  1 start_lambda=1.000e-9 final_lambda=1.000e-9 log10_ratio=0.000 accept_rho=1.000 attempts=1
[INFO] [STAGE] PIRLS update_with_curvature iter=2 curvature=Fisher elapsed=0.000s source=reused_prev_accept
[INFO] [PIRLS exact-decrement] applicable=true decrement_sq=4.673253e-30 threshold=1.336113e-12 pass=true gradient_norm=5.817569e-13 relative_gradient=3.348307e-15 dimension_scale=7.211103e1 natural_scale=1.727466e2 objective=1.057525e1 actual_reduction=1.261213e-13 predicted_reduction=1.282541e-13 linear_model_term=-2.566047e-13 direction_norm=3.875882e-11 data_reduction=-3.219682e-10 penalty_reduction=3.220935e-10
[INFO] [PIRLS solve-end] iters=2 elapsed=0.0028s g_norm_initial=4.471e9 g_norm_final=5.818e-13 convergence_rate=1.141e-11 status=Converged
[INFO] [STAGE] inner pirls solve iters=2 status=Converged max_eta=0.7 jeffreys_logdet=none rows=full(derivative-request) elapsed=0.004s
[INFO] [STAGE] logdet S (Z-projected) rho_dim=2 penalty_rank=2 elapsed=0.000s
[INFO] [#1271-diag] p=3 penalty_rank=2 nullspace_dim=1 logS=45.449729 logH=51.441194 half_diff=2.995732 h_above1=3 h_min=4.000e2 h_max=2.564e10 rho=[3.2022,25.3337] lambda=[2.459e1,1.005e11]
[INFO] [STAGE] reml_laml cost_only_done k=2 ext_dim=0 dim=3 elapsed=0.000s
[INFO] [OUTER hessian-route] choice=dense reason=below_crossover n=400 p=3 k=2 callback_kernel=false subspace_trace=false scale_prefers_operator=false dense_workspace_bytes=504
[INFO] [OUTER hessian-elapsed] choice=dense reason=below_crossover n=400 p=3 k=2 elapsed=0.000s
[INFO] [HGB] small-sample fallback to defaults: pairs=1, threshold=3
[INFO] [STAGE] outer eval end order=ValueGradientHessian elapsed=0.004s cost=-1.683873e1 |g|=4.808e-6
[INFO] [OUTER] eval#7 (hess) cost=-1.683873e1 |g|=4.808e-6 rho=[3.202,25.334]
[INFO] [OUTER schedule] inner-PIRLS cap transition (ARC bridge) arc_iter=10 g_ratio=2.673e-7 last_iters=2 converged=true ift_residual=1.772e-4 accept_rho=1.000 prev=3 new=0 (uncapped)
[INFO] [STAGE] outer eval start order=ValueGradientHessian dim=2
[INFO] [reml-geometry] dense_spectral reason=constraints_present p=13 nnz_x=na nnz_h_est=na density_h_est=na threshold=0.1000
[INFO] [IFT-REJECTED] reason=large_drho max_drho=2.050e1 cap=3.000e0 drho_dim=2
[INFO] [TANGENT-REJECTED] reason=alpha_negative alpha=-6.663e-1 cap=2.000e0
[INFO] [ADAPTIVE-KKT] outer_g_norm=4.808e-6 effective_tol=1.000e-10 floor=1.000e-12 ceiling=1.000e-10
[INFO] [STAGE] PIRLS update_with_curvature iter=1 curvature=Fisher elapsed=0.000s source=rebuilt
[INFO] [PIRLS iter-end] iter=  1 elapsed=0.0009s lm_lambda=1.00e-9 g_norm=6.100e-8 last_dev_change=9.395e0 last_halving=1
[INFO] [PIRLS iter-breakdown] iter=  1 attempts=1 curvature=0.001s solve=0.000s predred=0.000s candidate=0.000s other=0.000s
[INFO] [PIRLS lm-trajectory] iter=  1 start_lambda=1.000e-9 final_lambda=1.000e-9 log10_ratio=0.000 accept_rho=1.000 attempts=1
[INFO] [STAGE] PIRLS update_with_curvature iter=2 curvature=Fisher elapsed=0.000s source=reused_prev_accept
[INFO] [PIRLS exact-decrement] applicable=true decrement_sq=6.695347e-29 threshold=1.490288e-13 pass=true gradient_norm=1.512784e-13 relative_gradient=1.347116e-14 dimension_scale=7.211103e1 natural_scale=1.022979e1 objective=1.179554e0 actual_reduction=0.000000e0 predicted_reduction=6.299986e-17 linear_model_term=-1.259998e-16 direction_norm=3.449221e-9 data_reduction=2.540622e-9 penalty_reduction=-2.540622e-9
[INFO] [PIRLS solve-end] iters=2 elapsed=0.0019s g_norm_initial=8.106e1 g_norm_final=1.513e-13 convergence_rate=4.320e-8 status=Converged
[INFO] [STAGE] inner pirls solve iters=2 status=Converged max_eta=1.0 jeffreys_logdet=none rows=full(derivative-request) elapsed=0.002s
[INFO] [STAGE] logdet S rho_dim=2 penalty_rank=12 elapsed=0.000s
[INFO] [#1271-diag] path=orig p=13 penalty_rank=12 nullspace_dim=1 rss=1.112579 pen=1.246529 Dp=2.359108 pirls_edf=7.7879 logS=12.957988 logH=39.903257 half_diff=13.472635 h_above1=13 h_min=2.428e0 h_max=2.682e3 rho=[3.1988,4.8325] lambda=[2.450e1,1.255e2]
  H_eig=[2.682e3,2.512e2,6.682e1,3.417e1,2.042e1,1.998e1,1.851e1,1.241e1,8.049e0,6.049e0,4.155e0,3.018e0,2.428e0]
  Slam_eig=[1.261e2,1.739e1,1.705e1,7.874e0,2.063e0,1.933e0,1.765e0,1.690e0,1.608e0,1.163e0,5.739e-1,1.129e-1,0.000e0]
[INFO] [STAGE] reml_laml cost_only_done k=2 ext_dim=0 dim=13 elapsed=0.000s
[INFO] [OUTER hessian-route] choice=dense reason=kernel_absent n=400 p=13 k=2 callback_kernel=false subspace_trace=false scale_prefers_operator=false dense_workspace_bytes=9464
[INFO] [OUTER hessian-elapsed] choice=dense reason=kernel_absent n=400 p=13 k=2 elapsed=0.000s
[INFO] [HGB] small-sample fallback to defaults: pairs=1, threshold=3
[INFO] [STAGE] outer eval end order=ValueGradientHessian elapsed=0.004s cost=-4.439411e2 |g|=1.042e2
[INFO] [OUTER] eval#8 (hess) cost=-4.439411e2 |g|=1.042e2 rho=[3.199,4.833]
[INFO] [OUTER schedule] inner-PIRLS cap transition (ARC bridge) arc_iter=10 g_ratio=5.796e0 last_iters=2 converged=true ift_residual=1.772e-4 accept_rho=1.000 prev=0 new=3 (capped)
[INFO] [STAGE] outer eval start order=ValueGradientHessian dim=2
[INFO] [reml-geometry] dense_spectral reason=constraints_present p=13 nnz_x=na nnz_h_est=na density_h_est=na threshold=0.1000
[INFO] [IFT-REJECTED] reason=large_drho max_drho=4.386e0 cap=3.000e0 drho_dim=2
[INFO] [TANGENT-PREDICT] alpha=2.140e-1 cap=2.000e0 drho_step_norm_sq=8.993e1 drho_prev_norm_sq=4.203e2
[INFO] [ADAPTIVE-KKT] outer_g_norm=1.042e2 effective_tol=1.000e-10 floor=1.000e-12 ceiling=1.000e-10
[INFO] [STAGE] PIRLS update_with_curvature iter=1 curvature=Fisher elapsed=0.000s source=rebuilt
[INFO] [PIRLS solve-end] iters=1 elapsed=0.0010s g_norm_initial=1.135e1 g_norm_final=6.324e-9 convergence_rate=5.573e-10 status=Converged
[INFO] [STAGE] inner pirls solve iters=1 status=Converged max_eta=1.0 jeffreys_logdet=none rows=full(derivative-request) elapsed=0.001s
[INFO] [TANGENT-QUALITY] quality=3.444e-2 pred_residual=6.521e-2 iters=1
[INFO] [STAGE] logdet S rho_dim=2 penalty_rank=12 elapsed=0.000s
[INFO] [#1271-diag] path=orig p=13 penalty_rank=12 nullspace_dim=1 rss=0.992413 pen=0.033061 Dp=1.025474 pirls_edf=7.8698 logS=4.184092 logH=35.428741 half_diff=15.622324 h_above1=12 h_min=1.549e-1 h_max=2.577e3 rho=[3.1987,0.4461] lambda=[2.450e1,1.562e0]
  H_eig=[2.577e3,2.407e2,6.675e1,3.231e1,2.013e1,1.850e1,1.476e1,1.068e1,6.391e0,4.235e0,3.037e0,2.433e0,1.549e-1]
  Slam_eig=[1.713e1,1.705e1,2.192e0,2.064e0,1.765e0,1.707e0,1.637e0,1.418e0,1.145e0,6.414e-1,1.917e-1,5.046e-2,0.000e0]
[INFO] [STAGE] reml_laml cost_only_done k=2 ext_dim=0 dim=13 elapsed=0.000s
[INFO] [OUTER hessian-route] choice=dense reason=kernel_absent n=400 p=13 k=2 callback_kernel=false subspace_trace=false scale_prefers_operator=false dense_workspace_bytes=9464
[INFO] [OUTER hessian-elapsed] choice=dense reason=kernel_absent n=400 p=13 k=2 elapsed=0.000s
[INFO] [HGB] small-sample fallback to defaults: pairs=1, threshold=3
[INFO] [HGB] engage after 10 iters (max warmup reached)
[INFO] [HGB] target_mse=1.087e2 s_i=1.000e0 s_l=1.000e0 s_t=1.000e0 eps²_i=3.622e1 eps²_l=3.622e1 eps²_t=3.622e1 τ=1.000e-10 rtol=6.018e0 k=0 floor_active=[]
[INFO] [STAGE] outer eval end order=ValueGradientHessian elapsed=0.003s cost=-6.080005e2 |g|=3.069e0
[INFO] [OUTER] eval#9 (hess) cost=-6.080005e2 |g|=3.069e0 rho=[3.199,0.446]
[INFO] [OUTER] ARC finite cost stall deferred to exact second-order convergence: REML objective improved < 1.000e-7 (relative) over 3 consecutive outer steps and the stored best projected gradient is small (|g|=4.917e-1; bound 6.097e-1 set by score-relative; terms: solver-band 1.000e-3, score-relative 6.097e-1, probe-noise declined: sigma/delta=1.388e1 exceeds the 1.000e0 resolution ceiling (sigma=4.271e2, delta=3.077e1), so the criterion resolves no gradient at this step scale), but only ARC owns the synchronized reduced-Hessian certificate (value=-6.086544e2).
[INFO] [STAGE] outer eval start order=ValueGradientHessian dim=2
[INFO] [reml-geometry] dense_spectral reason=constraints_present p=13 nnz_x=na nnz_h_est=na density_h_est=na threshold=0.1000
[INFO] [IFT-CACHE] outcome=mode_response_hit drho_dim=2 p=13
[INFO] [ADAPTIVE-KKT] outer_g_norm=1.000e-10 effective_tol=1.000e-10 floor=1.000e-10 ceiling=1.000e-10
[INFO] [STAGE] PIRLS update_with_curvature iter=1 curvature=Fisher elapsed=0.000s source=rebuilt
[INFO] [PIRLS solve-end] iters=1 elapsed=0.0010s g_norm_initial=1.158e-1 g_norm_final=1.382e-10 convergence_rate=1.194e-9 status=Converged
[INFO] [STAGE] inner pirls solve iters=1 status=Converged max_eta=1.0 jeffreys_logdet=none rows=full(derivative-request) elapsed=0.001s
[INFO] [IFT-QUALITY] quality=8.654e-4 ift=3.000e0 pred_residual=1.639e-3 cap_predicted=3.000e0 iters=1
[INFO] [STAGE] logdet S rho_dim=2 penalty_rank=12 elapsed=0.000s
[INFO] [#1271-diag] path=orig p=13 penalty_rank=12 nullspace_dim=1 rss=0.992292 pen=0.016198 Dp=1.008490 pirls_edf=7.8704 logS=-1.005579 logH=32.832559 half_diff=16.919069 h_above1=12 h_min=1.160e-2 h_max=2.575e3 rho=[3.1990,-2.1503] lambda=[2.451e1,1.164e-1]
  H_eig=[2.575e3,2.406e2,6.675e1,3.229e1,2.014e1,1.851e1,1.475e1,1.067e1,6.389e0,4.234e0,3.037e0,2.433e0,1.160e-2]
  Slam_eig=[1.706e1,1.705e1,2.068e0,2.064e0,1.766e0,1.697e0,1.625e0,1.198e0,6.387e-1,1.992e-1,8.594e-2,4.619e-3,0.000e0]
[INFO] [STAGE] reml_laml cost_only_done k=2 ext_dim=0 dim=13 elapsed=0.000s
[INFO] [OUTER hessian-route] choice=dense reason=kernel_absent n=400 p=13 k=2 callback_kernel=false subspace_trace=false scale_prefers_operator=false dense_workspace_bytes=9464
[INFO] [OUTER hessian-elapsed] choice=dense reason=kernel_absent n=400 p=13 k=2 elapsed=0.000s
[INFO] [HGB] small-sample fallback to defaults: pairs=1, threshold=3
[INFO] [HGB] target_mse=9.418e-2 s_i=1.000e0 s_l=1.000e0 s_t=1.000e0 eps²_i=3.139e-2 eps²_l=3.139e-2 eps²_t=3.139e-2 τ=1.000e-10 rtol=1.772e-1 k=0 floor_active=[]
[INFO] [STAGE] outer eval end order=ValueGradientHessian elapsed=0.003s cost=-6.100356e2 |g|=2.290e-1
[INFO] [OUTER] eval#10 (hess) cost=-6.100356e2 |g|=2.290e-1 rho=[3.199,-2.150]
[INFO] [STAGE] outer eval start order=ValueGradientHessian dim=2
[INFO] [reml-geometry] dense_spectral reason=constraints_present p=13 nnz_x=na nnz_h_est=na density_h_est=na threshold=0.1000
[INFO] [IFT-CACHE] outcome=mode_response_hit drho_dim=2 p=13
[INFO] [ADAPTIVE-KKT] outer_g_norm=1.000e-10 effective_tol=1.000e-10 floor=1.000e-10 ceiling=1.000e-10
[INFO] [STAGE] PIRLS update_with_curvature iter=1 curvature=Fisher elapsed=0.000s source=rebuilt
[INFO] [PIRLS solve-end] iters=1 elapsed=0.0010s g_norm_initial=2.494e-3 g_norm_final=2.812e-12 convergence_rate=1.128e-9 status=Converged
[INFO] [STAGE] inner pirls solve iters=1 status=Converged max_eta=1.0 jeffreys_logdet=none rows=full(derivative-request) elapsed=0.001s
[INFO] [IFT-QUALITY] quality=1.869e-5 ift=3.000e0 pred_residual=3.540e-5 cap_predicted=3.000e0 iters=1
[INFO] [STAGE] logdet S rho_dim=2 penalty_rank=12 elapsed=0.000s
[INFO] [#1271-diag] path=orig p=13 penalty_rank=12 nullspace_dim=1 rss=0.992326 pen=0.018027 Dp=1.010353 pirls_edf=7.8665 logS=0.714465 logH=33.689904 half_diff=16.487719 h_above1=12 h_min=2.696e-2 h_max=2.576e3 rho=[3.2022,-1.3064] lambda=[2.459e1,2.708e-1]
  H_eig=[2.576e3,2.406e2,6.675e1,3.230e1,2.018e1,1.854e1,1.477e1,1.068e1,6.396e0,4.241e0,3.043e0,2.439e0,2.696e-2]
  Slam_eig=[1.712e1,1.711e1,2.080e0,2.071e0,1.771e0,1.703e0,1.630e0,1.203e0,6.432e-1,2.862e-1,1.409e-1,1.055e-2,0.000e0]
[INFO] [STAGE] reml_laml cost_only_done k=2 ext_dim=0 dim=13 elapsed=0.000s
[INFO] [OUTER hessian-route] choice=dense reason=kernel_absent n=400 p=13 k=2 callback_kernel=false subspace_trace=false scale_prefers_operator=false dense_workspace_bytes=9464
[INFO] [OUTER hessian-elapsed] choice=dense reason=kernel_absent n=400 p=13 k=2 elapsed=0.000s
[INFO] [HGB] small-sample fallback to defaults: pairs=1, threshold=3
[INFO] [HGB] target_mse=5.244e-4 s_i=1.000e0 s_l=1.000e0 s_t=1.000e0 eps²_i=1.748e-4 eps²_l=1.748e-4 eps²_t=1.748e-4 τ=1.000e-10 rtol=1.322e-2 k=0 floor_active=[]
[INFO] [STAGE] outer eval end order=ValueGradientHessian elapsed=0.003s cost=-6.100987e2 |g|=1.289e-1
[INFO] [OUTER] eval#11 (hess) cost=-6.100987e2 |g|=1.289e-1 rho=[3.202,-1.306]
[INFO] [OUTER schedule] inner-PIRLS cap transition (ARC bridge) arc_iter=12 g_ratio=7.170e-3 last_iters=1 converged=true ift_residual=1.869e-5 accept_rho=1.000 prev=3 new=0 (uncapped)
[INFO] [STAGE] outer eval start order=ValueGradientHessian dim=2
[INFO] [reml-geometry] dense_spectral reason=constraints_present p=13 nnz_x=na nnz_h_est=na density_h_est=na threshold=0.1000
[INFO] [IFT-CACHE] outcome=mode_response_hit drho_dim=2 p=13
[INFO] [ADAPTIVE-KKT] outer_g_norm=1.000e-10 effective_tol=1.000e-10 floor=1.000e-10 ceiling=1.000e-10
[INFO] [STAGE] PIRLS update_with_curvature iter=1 curvature=Fisher elapsed=0.000s source=rebuilt
[INFO] [PIRLS solve-end] iters=1 elapsed=0.0010s g_norm_initial=2.377e-4 g_norm_final=3.854e-13 convergence_rate=1.622e-9 status=Converged
[INFO] [STAGE] inner pirls solve iters=1 status=Converged max_eta=1.0 jeffreys_logdet=none rows=full(derivative-request) elapsed=0.001s
[INFO] [IFT-QUALITY] quality=1.777e-6 ift=3.000e0 pred_residual=3.366e-6 cap_predicted=4.500e0 iters=1
[INFO] [STAGE] logdet S rho_dim=2 penalty_rank=12 elapsed=0.000s
[INFO] [#1271-diag] path=orig p=13 penalty_rank=12 nullspace_dim=1 rss=0.992322 pen=0.017439 Dp=1.009762 pirls_edf=7.8665 logS=0.303520 logH=33.484384 half_diff=16.590432 h_above1=12 h_min=2.196e-2 h_max=2.575e3 rho=[3.2022,-1.5119] lambda=[2.459e1,2.205e-1]
  H_eig=[2.575e3,2.406e2,6.675e1,3.230e1,2.018e1,1.854e1,1.477e1,1.067e1,6.396e0,4.241e0,3.043e0,2.439e0,2.196e-2]
  Slam_eig=[1.712e1,1.711e1,2.078e0,2.071e0,1.771e0,1.703e0,1.630e0,1.203e0,6.423e-1,2.507e-1,1.306e-1,8.642e-3,0.000e0]
[INFO] [STAGE] reml_laml cost_only_done k=2 ext_dim=0 dim=13 elapsed=0.000s
[INFO] [OUTER hessian-route] choice=dense reason=kernel_absent n=400 p=13 k=2 callback_kernel=false subspace_trace=false scale_prefers_operator=false dense_workspace_bytes=9464
[INFO] [OUTER hessian-elapsed] choice=dense reason=kernel_absent n=400 p=13 k=2 elapsed=0.000s
[INFO] [HGB] small-sample fallback to defaults: pairs=2, threshold=3
[INFO] [HGB] target_mse=1.663e-4 s_i=1.000e0 s_l=1.000e0 s_t=1.000e0 eps²_i=5.543e-5 eps²_l=5.543e-5 eps²_t=5.543e-5 τ=1.000e-10 rtol=7.445e-3 k=0 floor_active=[]
[INFO] [STAGE] outer eval end order=ValueGradientHessian elapsed=0.003s cost=-6.101128e2 |g|=1.242e-2
[INFO] [OUTER] eval#12 (hess) cost=-6.101128e2 |g|=1.242e-2 rho=[3.202,-1.512]
[INFO] [STAGE] outer eval start order=ValueGradientHessian dim=2
[INFO] [reml-geometry] dense_spectral reason=constraints_present p=13 nnz_x=na nnz_h_est=na density_h_est=na threshold=0.1000
[INFO] [IFT-CACHE] outcome=mode_response_hit drho_dim=2 p=13
[INFO] [ADAPTIVE-KKT] outer_g_norm=1.000e-10 effective_tol=1.000e-10 floor=1.000e-10 ceiling=1.000e-10
[INFO] [STAGE] PIRLS update_with_curvature iter=1 curvature=Fisher elapsed=0.000s source=rebuilt
[INFO] [PIRLS exact-decrement] applicable=true decrement_sq=4.513537e-27 threshold=6.378443e-14 pass=true gradient_norm=1.057850e-13 relative_gradient=7.392780e-14 dimension_scale=7.211103e1 natural_scale=4.309237e-1 objective=5.048498e-1 actual_reduction=1.809664e-14 predicted_reduction=1.799448e-14 linear_model_term=-3.598896e-14 direction_norm=4.063801e-8 data_reduction=-2.421260e-9 penalty_reduction=2.421278e-9
[INFO] [PIRLS solve-end] iters=1 elapsed=0.0013s g_norm_initial=2.870e-6 g_norm_final=1.058e-13 convergence_rate=3.686e-8 status=Converged
[INFO] [STAGE] inner pirls solve iters=1 status=Converged max_eta=1.0 jeffreys_logdet=none rows=full(derivative-request) elapsed=0.002s
[INFO] [IFT-QUALITY] quality=2.146e-8 ift=4.500e0 pred_residual=4.064e-8 cap_predicted=6.750e0 iters=1
[INFO] [STAGE] logdet S rho_dim=2 penalty_rank=12 elapsed=0.000s
[INFO] [#1271-diag] path=orig p=13 penalty_rank=12 nullspace_dim=1 rss=0.992322 pen=0.017378 Dp=1.009700 pirls_edf=7.8665 logS=0.254911 logH=33.460077 half_diff=16.602583 h_above1=12 h_min=2.143e-2 h_max=2.575e3 rho=[3.2022,-1.5362] lambda=[2.459e1,2.152e-1]
  H_eig=[2.575e3,2.406e2,6.675e1,3.230e1,2.018e1,1.854e1,1.477e1,1.067e1,6.396e0,4.241e0,3.043e0,2.439e0,2.143e-2]
  Slam_eig=[1.712e1,1.711e1,2.078e0,2.071e0,1.771e0,1.703e0,1.630e0,1.203e0,6.422e-1,2.472e-1,1.292e-1,8.439e-3,0.000e0]
[INFO] [STAGE] reml_laml cost_only_done k=2 ext_dim=0 dim=13 elapsed=0.000s
[INFO] [OUTER hessian-route] choice=dense reason=kernel_absent n=400 p=13 k=2 callback_kernel=false subspace_trace=false scale_prefers_operator=false dense_workspace_bytes=9464
[INFO] [OUTER hessian-elapsed] choice=dense reason=kernel_absent n=400 p=13 k=2 elapsed=0.000s
[INFO] [HGB] target_mse=1.542e-6 s_i=1.000e0 s_l=1.000e0 s_t=1.000e0 eps²_i=5.140e-7 eps²_l=5.140e-7 eps²_t=5.140e-7 τ=1.000e-10 rtol=7.170e-4 k=0 floor_active=[]
[INFO] [STAGE] outer eval end order=ValueGradientHessian elapsed=0.003s cost=-6.101130e2 |g|=1.492e-4
[INFO] [OUTER] eval#13 (hess) cost=-6.101130e2 |g|=1.492e-4 rho=[3.202,-1.536]
[INFO] [STAGE] outer eval start order=ValueGradientHessian dim=2
[INFO] [reml-geometry] dense_spectral reason=constraints_present p=13 nnz_x=na nnz_h_est=na density_h_est=na threshold=0.1000
[INFO] [IFT-CACHE] outcome=mode_response_hit drho_dim=2 p=13
[INFO] [ADAPTIVE-KKT] outer_g_norm=1.000e-10 effective_tol=1.000e-10 floor=1.000e-10 ceiling=1.000e-10
[INFO] [STAGE] PIRLS update_with_curvature iter=1 curvature=Fisher elapsed=0.000s source=rebuilt
[INFO] [PIRLS exact-decrement] applicable=true decrement_sq=1.436784e-27 threshold=6.378438e-14 pass=true gradient_norm=3.144581e-14 relative_gradient=2.197588e-14 dimension_scale=7.211103e1 natural_scale=4.309235e-1 objective=5.048494e-1 actual_reduction=1.110223e-16 predicted_reduction=3.766501e-22 linear_model_term=-7.532930e-22 direction_norm=5.399014e-12 data_reduction=-3.225753e-13 penalty_reduction=3.226256e-13
[INFO] [PIRLS solve-end] iters=1 elapsed=0.0010s g_norm_initial=4.251e-10 g_norm_final=3.145e-14 convergence_rate=7.398e-5 status=Converged
[INFO] [STAGE] inner pirls solve iters=1 status=Converged max_eta=1.0 jeffreys_logdet=none rows=full(derivative-request) elapsed=0.001s
[INFO] [IFT-QUALITY] quality=2.851e-12 ift=6.750e0 pred_residual=5.399e-12 cap_predicted=1.012e1 iters=1
[INFO] [STAGE] logdet S rho_dim=2 penalty_rank=12 elapsed=0.000s
[INFO] [#1271-diag] path=orig p=13 penalty_rank=12 nullspace_dim=1 rss=0.992322 pen=0.017377 Dp=1.009699 pirls_edf=7.8665 logS=0.254313 logH=33.459778 half_diff=16.602733 h_above1=12 h_min=2.142e-2 h_max=2.575e3 rho=[3.2022,-1.5365] lambda=[2.459e1,2.151e-1]
  H_eig=[2.575e3,2.406e2,6.675e1,3.230e1,2.018e1,1.854e1,1.477e1,1.067e1,6.396e0,4.241e0,3.043e0,2.439e0,2.142e-2]
  Slam_eig=[1.712e1,1.711e1,2.078e0,2.071e0,1.771e0,1.703e0,1.630e0,1.203e0,6.422e-1,2.472e-1,1.292e-1,8.437e-3,0.000e0]
[INFO] [STAGE] reml_laml cost_only_done k=2 ext_dim=0 dim=13 elapsed=0.000s
[INFO] [OUTER hessian-route] choice=dense reason=kernel_absent n=400 p=13 k=2 callback_kernel=false subspace_trace=false scale_prefers_operator=false dense_workspace_bytes=9464
[INFO] [OUTER hessian-elapsed] choice=dense reason=kernel_absent n=400 p=13 k=2 elapsed=0.000s
[INFO] [HGB] target_mse=2.227e-10 s_i=1.000e0 s_l=1.000e0 s_t=1.000e0 eps²_i=7.424e-11 eps²_l=7.424e-11 eps²_t=7.424e-11 τ=1.000e-10 rtol=8.616e-6 k=0 floor_active=[]
[INFO] [STAGE] outer eval end order=ValueGradientHessian elapsed=0.003s cost=-6.101130e2 |g|=2.225e-8
[INFO] [OUTER] eval#14 (hess) cost=-6.101130e2 |g|=2.225e-8 rho=[3.202,-1.536]
[INFO] [reml-geometry] dense_spectral reason=constraints_present p=13 nnz_x=na nnz_h_est=na density_h_est=na threshold=0.1000
[INFO] [STAGE] PIRLS update_with_curvature iter=1 curvature=Fisher elapsed=0.000s source=rebuilt
[INFO] [PIRLS iter-end] iter=  1 elapsed=0.0007s lm_lambda=3.33e-7 g_norm=6.364e-5 last_dev_change=1.007e1 last_halving=1
[INFO] [PIRLS iter-breakdown] iter=  1 attempts=1 curvature=0.001s solve=0.000s predred=0.000s candidate=0.000s other=0.000s
[INFO] [PIRLS lm-trajectory] iter=  1 start_lambda=1.000e-6 final_lambda=3.333e-7 log10_ratio=-0.477 accept_rho=1.000 attempts=1
[INFO] [STAGE] PIRLS update_with_curvature iter=2 curvature=Fisher elapsed=0.000s source=reused_prev_accept
[INFO] [PIRLS iter-end] iter=  2 elapsed=0.0005s lm_lambda=1.11e-7 g_norm=4.555e-8 last_dev_change=8.292e-10 last_halving=1
[INFO] [PIRLS iter-breakdown] iter=  2 attempts=1 curvature=0.000s solve=0.000s predred=0.000s candidate=0.000s other=0.000s
[INFO] [PIRLS lm-trajectory] iter=  2 start_lambda=3.333e-7 final_lambda=1.111e-7 log10_ratio=-0.477 accept_rho=1.000 attempts=1
[INFO] [STAGE] PIRLS update_with_curvature iter=3 curvature=Fisher elapsed=0.000s source=reused_prev_accept
[INFO] [PIRLS exact-decrement] applicable=true decrement_sq=1.701711e-19 threshold=6.378438e-14 pass=true gradient_norm=8.514021e-11 relative_gradient=5.950018e-11 dimension_scale=7.211103e1 natural_scale=4.309235e-1 objective=5.048494e-1 actual_reduction=2.398082e-14 predicted_reduction=2.396525e-14 linear_model_term=-4.784036e-14 direction_norm=1.492142e-6 data_reduction=7.465856e-11 penalty_reduction=-7.463455e-11
[INFO] [PIRLS solve-end] iters=3 elapsed=0.0022s g_norm_initial=8.106e1 g_norm_final=8.514e-11 convergence_rate=1.017e-4 status=Converged
[INFO] [STAGE] inner pirls solve iters=3 status=Converged max_eta=1.0 jeffreys_logdet=none rows=full(derivative-request) elapsed=0.003s
[INFO] [STAGE] logdet S rho_dim=2 penalty_rank=12 elapsed=0.000s
[INFO] [#1271-diag] path=orig p=13 penalty_rank=12 nullspace_dim=1 rss=0.992322 pen=0.017377 Dp=1.009699 pirls_edf=7.8665 logS=0.254313 logH=33.459778 half_diff=16.602733 h_above1=12 h_min=2.142e-2 h_max=2.575e3 rho=[3.2022,-1.5365] lambda=[2.459e1,2.151e-1]
  H_eig=[2.575e3,2.406e2,6.675e1,3.230e1,2.018e1,1.854e1,1.477e1,1.067e1,6.396e0,4.241e0,3.043e0,2.439e0,2.142e-2]
  Slam_eig=[1.712e1,1.711e1,2.078e0,2.071e0,1.771e0,1.703e0,1.630e0,1.203e0,6.422e-1,2.472e-1,1.292e-1,8.437e-3,0.000e0]
[INFO] [STAGE] logdet S rho_dim=2 penalty_rank=12 elapsed=0.000s
[INFO] [#1271-diag] path=orig p=13 penalty_rank=12 nullspace_dim=1 rss=0.992322 pen=0.017377 Dp=1.009699 pirls_edf=7.8665 logS=0.254313 logH=33.459778 half_diff=16.602733 h_above1=12 h_min=2.142e-2 h_max=2.575e3 rho=[3.2022,-1.5365] lambda=[2.459e1,2.151e-1]
  H_eig=[2.575e3,2.406e2,6.675e1,3.230e1,2.018e1,1.854e1,1.477e1,1.067e1,6.396e0,4.241e0,3.043e0,2.439e0,2.142e-2]
  Slam_eig=[1.712e1,1.711e1,2.078e0,2.071e0,1.771e0,1.703e0,1.630e0,1.203e0,6.422e-1,2.472e-1,1.292e-1,8.437e-3,0.000e0]
[INFO] [STAGE] reml_laml cost_only_done k=2 ext_dim=0 dim=13 elapsed=0.000s
[INFO] [HGB] small-sample fallback to defaults: pairs=0, threshold=3
[INFO] [CERTIFICATE] standard REML: the objective published no criterion resolution; using the last-bit floor 1.357e-13 of the value alone (#2812)
[INFO] [CERTIFICATE-BOUND] standard REML: fidelity=Screening, rho=[3.2022194742701253, -1.5364879183593756], bound 5.960464e-6 set by solver-band (derived_standard=false, |Pg|=2.224817e-8, |g|=2.224817e-8, solver_band=5.960464e-6, cost=-6.101130e2)
[INFO] [CERTIFICATE] standard REML: gradient |g|=2.225e-8 |Pg|=2.225e-8 bound=5.960e-6 (rung=solver-band derived_standard=false) hessian_psd=not-spent curvature_source=screening-not-spent railed=[] → stationary
[INFO] [reml-geometry] dense_spectral reason=constraints_present p=13 nnz_x=na nnz_h_est=na density_h_est=na threshold=0.1000
[INFO] [STAGE] PIRLS update_with_curvature iter=1 curvature=Fisher elapsed=0.000s source=rebuilt
[INFO] [PIRLS iter-end] iter=  1 elapsed=0.0008s lm_lambda=3.33e-7 g_norm=6.364e-5 last_dev_change=1.007e1 last_halving=1
[INFO] [PIRLS iter-breakdown] iter=  1 attempts=1 curvature=0.001s solve=0.000s predred=0.000s candidate=0.000s other=0.000s
[INFO] [PIRLS lm-trajectory] iter=  1 start_lambda=1.000e-6 final_lambda=3.333e-7 log10_ratio=-0.477 accept_rho=1.000 attempts=1
[INFO] [STAGE] PIRLS update_with_curvature iter=2 curvature=Fisher elapsed=0.000s source=reused_prev_accept
[INFO] [PIRLS iter-end] iter=  2 elapsed=0.0005s lm_lambda=1.11e-7 g_norm=4.555e-8 last_dev_change=8.292e-10 last_halving=1
[INFO] [PIRLS iter-breakdown] iter=  2 attempts=1 curvature=0.000s solve=0.000s predred=0.000s candidate=0.000s other=0.000s
[INFO] [PIRLS lm-trajectory] iter=  2 start_lambda=3.333e-7 final_lambda=1.111e-7 log10_ratio=-0.477 accept_rho=1.000 attempts=1
[INFO] [STAGE] PIRLS update_with_curvature iter=3 curvature=Fisher elapsed=0.000s source=reused_prev_accept
[INFO] [PIRLS exact-decrement] applicable=true decrement_sq=1.701711e-19 threshold=6.378438e-14 pass=true gradient_norm=8.514021e-11 relative_gradient=5.950018e-11 dimension_scale=7.211103e1 natural_scale=4.309235e-1 objective=5.048494e-1 actual_reduction=2.398082e-14 predicted_reduction=2.396525e-14 linear_model_term=-4.784036e-14 direction_norm=1.492142e-6 data_reduction=7.465856e-11 penalty_reduction=-7.463455e-11
[INFO] [PIRLS solve-end] iters=3 elapsed=0.0023s g_norm_initial=8.106e1 g_norm_final=8.514e-11 convergence_rate=1.017e-4 status=Converged
[INFO] [STAGE] inner pirls solve iters=3 status=Converged max_eta=1.0 jeffreys_logdet=none rows=full(derivative-request) elapsed=0.003s
[INFO] [STAGE] logdet S rho_dim=2 penalty_rank=12 elapsed=0.000s
[INFO] [#1271-diag] path=orig p=13 penalty_rank=12 nullspace_dim=1 rss=0.992322 pen=0.017377 Dp=1.009699 pirls_edf=7.8665 logS=0.254313 logH=33.459778 half_diff=16.602733 h_above1=12 h_min=2.142e-2 h_max=2.575e3 rho=[3.2022,-1.5365] lambda=[2.459e1,2.151e-1]
  H_eig=[2.575e3,2.406e2,6.675e1,3.230e1,2.018e1,1.854e1,1.477e1,1.067e1,6.396e0,4.241e0,3.043e0,2.439e0,2.142e-2]
  Slam_eig=[1.712e1,1.711e1,2.078e0,2.071e0,1.771e0,1.703e0,1.630e0,1.203e0,6.422e-1,2.472e-1,1.292e-1,8.437e-3,0.000e0]
[INFO] [STAGE] reml_laml cost_only_done k=2 ext_dim=0 dim=13 elapsed=0.000s
[INFO] [OUTER hessian-route] choice=dense reason=kernel_absent n=400 p=13 k=2 callback_kernel=false subspace_trace=false scale_prefers_operator=false dense_workspace_bytes=9464
[INFO] [OUTER hessian-elapsed] choice=dense reason=kernel_absent n=400 p=13 k=2 elapsed=0.000s
[INFO] [HGB] small-sample fallback to defaults: pairs=0, threshold=3
[INFO] [reml-geometry] dense_spectral reason=constraints_present p=13 nnz_x=na nnz_h_est=na density_h_est=na threshold=0.1000
[INFO] [STAGE] PIRLS update_with_curvature iter=1 curvature=Fisher elapsed=0.000s source=rebuilt
[INFO] [PIRLS iter-end] iter=  1 elapsed=0.0008s lm_lambda=3.33e-7 g_norm=6.364e-5 last_dev_change=1.007e1 last_halving=1
[INFO] [PIRLS iter-breakdown] iter=  1 attempts=1 curvature=0.001s solve=0.000s predred=0.000s candidate=0.000s other=0.000s
[INFO] [PIRLS lm-trajectory] iter=  1 start_lambda=1.000e-6 final_lambda=3.333e-7 log10_ratio=-0.477 accept_rho=1.000 attempts=1
[INFO] [STAGE] PIRLS update_with_curvature iter=2 curvature=Fisher elapsed=0.000s source=reused_prev_accept
[INFO] [PIRLS iter-end] iter=  2 elapsed=0.0005s lm_lambda=1.11e-7 g_norm=4.555e-8 last_dev_change=8.292e-10 last_halving=1
[INFO] [PIRLS iter-breakdown] iter=  2 attempts=1 curvature=0.000s solve=0.000s predred=0.000s candidate=0.000s other=0.000s
[INFO] [PIRLS lm-trajectory] iter=  2 start_lambda=3.333e-7 final_lambda=1.111e-7 log10_ratio=-0.477 accept_rho=1.000 attempts=1
[INFO] [STAGE] PIRLS update_with_curvature iter=3 curvature=Fisher elapsed=0.000s source=reused_prev_accept
[INFO] [PIRLS exact-decrement] applicable=true decrement_sq=1.701711e-19 threshold=6.378438e-14 pass=true gradient_norm=8.514021e-11 relative_gradient=5.950018e-11 dimension_scale=7.211103e1 natural_scale=4.309235e-1 objective=5.048494e-1 actual_reduction=2.398082e-14 predicted_reduction=2.396525e-14 linear_model_term=-4.784036e-14 direction_norm=1.492142e-6 data_reduction=7.465856e-11 penalty_reduction=-7.463455e-11
[INFO] [PIRLS solve-end] iters=3 elapsed=0.0023s g_norm_initial=8.106e1 g_norm_final=8.514e-11 convergence_rate=1.017e-4 status=Converged
[INFO] [STAGE] inner pirls solve iters=3 status=Converged max_eta=1.0 jeffreys_logdet=none rows=full(derivative-request) elapsed=0.003s
[INFO] [STAGE] logdet S rho_dim=2 penalty_rank=12 elapsed=0.000s
[INFO] [#1271-diag] path=orig p=13 penalty_rank=12 nullspace_dim=1 rss=0.992322 pen=0.017377 Dp=1.009699 pirls_edf=7.8665 logS=0.254313 logH=33.459778 half_diff=16.602733 h_above1=12 h_min=2.142e-2 h_max=2.575e3 rho=[3.2022,-1.5365] lambda=[2.459e1,2.151e-1]
  H_eig=[2.575e3,2.406e2,6.675e1,3.230e1,2.018e1,1.854e1,1.477e1,1.067e1,6.396e0,4.241e0,3.043e0,2.439e0,2.142e-2]
  Slam_eig=[1.712e1,1.711e1,2.078e0,2.071e0,1.771e0,1.703e0,1.630e0,1.203e0,6.422e-1,2.472e-1,1.292e-1,8.437e-3,0.000e0]
[INFO] [STAGE] reml_laml cost_only_done k=2 ext_dim=0 dim=13 elapsed=0.000s
[INFO] [OUTER hessian-route] choice=dense reason=kernel_absent n=400 p=13 k=2 callback_kernel=false subspace_trace=false scale_prefers_operator=false dense_workspace_bytes=9464
[INFO] [OUTER hessian-elapsed] choice=dense reason=kernel_absent n=400 p=13 k=2 elapsed=0.000s
[INFO] [HGB] small-sample fallback to defaults: pairs=0, threshold=3
[INFO] [reml-geometry] dense_spectral reason=constraints_present p=13 nnz_x=na nnz_h_est=na density_h_est=na threshold=0.1000
[INFO] [STAGE] PIRLS update_with_curvature iter=1 curvature=Fisher elapsed=0.000s source=rebuilt
[INFO] [PIRLS iter-end] iter=  1 elapsed=0.0008s lm_lambda=3.33e-7 g_norm=6.364e-5 last_dev_change=1.007e1 last_halving=1
[INFO] [PIRLS iter-breakdown] iter=  1 attempts=1 curvature=0.001s solve=0.000s predred=0.000s candidate=0.000s other=0.000s
[INFO] [PIRLS lm-trajectory] iter=  1 start_lambda=1.000e-6 final_lambda=3.333e-7 log10_ratio=-0.477 accept_rho=1.000 attempts=1
[INFO] [STAGE] PIRLS update_with_curvature iter=2 curvature=Fisher elapsed=0.000s source=reused_prev_accept
[INFO] [PIRLS iter-end] iter=  2 elapsed=0.0005s lm_lambda=1.11e-7 g_norm=4.555e-8 last_dev_change=8.292e-10 last_halving=1
[INFO] [PIRLS iter-breakdown] iter=  2 attempts=1 curvature=0.000s solve=0.000s predred=0.000s candidate=0.000s other=0.000s
[INFO] [PIRLS lm-trajectory] iter=  2 start_lambda=3.333e-7 final_lambda=1.111e-7 log10_ratio=-0.477 accept_rho=1.000 attempts=1
[INFO] [STAGE] PIRLS update_with_curvature iter=3 curvature=Fisher elapsed=0.000s source=reused_prev_accept
[INFO] [PIRLS exact-decrement] applicable=true decrement_sq=1.701711e-19 threshold=6.378438e-14 pass=true gradient_norm=8.514021e-11 relative_gradient=5.950018e-11 dimension_scale=7.211103e1 natural_scale=4.309235e-1 objective=5.048494e-1 actual_reduction=2.398082e-14 predicted_reduction=2.396525e-14 linear_model_term=-4.784036e-14 direction_norm=1.492142e-6 data_reduction=7.465856e-11 penalty_reduction=-7.463455e-11
[INFO] [PIRLS solve-end] iters=3 elapsed=0.0022s g_norm_initial=8.106e1 g_norm_final=8.514e-11 convergence_rate=1.017e-4 status=Converged
[INFO] [STAGE] inner pirls solve iters=3 status=Converged max_eta=1.0 jeffreys_logdet=none rows=full(derivative-request) elapsed=0.003s
[INFO] [STAGE] logdet S rho_dim=2 penalty_rank=12 elapsed=0.000s
[INFO] [#1271-diag] path=orig p=13 penalty_rank=12 nullspace_dim=1 rss=0.992322 pen=0.017377 Dp=1.009699 pirls_edf=7.8665 logS=0.254313 logH=33.459778 half_diff=16.602733 h_above1=12 h_min=2.142e-2 h_max=2.575e3 rho=[3.2022,-1.5365] lambda=[2.459e1,2.151e-1]
  H_eig=[2.575e3,2.406e2,6.675e1,3.230e1,2.018e1,1.854e1,1.477e1,1.067e1,6.396e0,4.241e0,3.043e0,2.439e0,2.142e-2]
  Slam_eig=[1.712e1,1.711e1,2.078e0,2.071e0,1.771e0,1.703e0,1.630e0,1.203e0,6.422e-1,2.472e-1,1.292e-1,8.437e-3,0.000e0]
[INFO] [STAGE] logdet S rho_dim=2 penalty_rank=12 elapsed=0.000s
[INFO] [#1271-diag] path=orig p=13 penalty_rank=12 nullspace_dim=1 rss=0.992322 pen=0.017377 Dp=1.009699 pirls_edf=7.8665 logS=0.254313 logH=33.459778 half_diff=16.602733 h_above1=12 h_min=2.142e-2 h_max=2.575e3 rho=[3.2022,-1.5365] lambda=[2.459e1,2.151e-1]
  H_eig=[2.575e3,2.406e2,6.675e1,3.230e1,2.018e1,1.854e1,1.477e1,1.067e1,6.396e0,4.241e0,3.043e0,2.439e0,2.142e-2]
  Slam_eig=[1.712e1,1.711e1,2.078e0,2.071e0,1.771e0,1.703e0,1.630e0,1.203e0,6.422e-1,2.472e-1,1.292e-1,8.437e-3,0.000e0]
[INFO] [STAGE] reml_laml cost_only_done k=2 ext_dim=0 dim=13 elapsed=0.000s
[INFO] [OUTER hessian-route] choice=dense reason=kernel_absent n=400 p=13 k=2 callback_kernel=false subspace_trace=false scale_prefers_operator=false dense_workspace_bytes=9464
[INFO] [OUTER hessian-elapsed] choice=dense reason=kernel_absent n=400 p=13 k=2 elapsed=0.000s
[INFO] [HGB] small-sample fallback to defaults: pairs=0, threshold=3
[INFO] [CERTIFICATE] standard REML: the objective published no criterion resolution; using the last-bit floor 1.357e-13 of the value alone (#2812)
[INFO] [CERTIFICATE-BOUND] standard REML: fidelity=Mint, rho=[3.2022194742701253, -1.5364879183593756], bound 5.960464e-6 set by solver-band (derived_standard=false, |Pg|=2.224817e-8, |g|=2.224817e-8, solver_band=5.960464e-6, cost=-6.101130e2)
[INFO] [CERTIFICATE] standard REML: gradient |g|=2.225e-8 |Pg|=2.225e-8 bound=5.960e-6 (rung=solver-band derived_standard=false) hessian_psd=yes curvature_source=terminal-analytic railed=[] → stationary
[INFO] [STAGE] PIRLS update_with_curvature iter=1 curvature=Fisher elapsed=0.000s source=rebuilt
[INFO] [PIRLS iter-end] iter=  1 elapsed=0.0052s lm_lambda=3.33e-7 g_norm=6.364e-5 last_dev_change=1.007e1 last_halving=1
[INFO] [PIRLS iter-breakdown] iter=  1 attempts=1 curvature=0.001s solve=0.000s predred=0.000s candidate=0.000s other=0.004s
[INFO] [PIRLS lm-trajectory] iter=  1 start_lambda=1.000e-6 final_lambda=3.333e-7 log10_ratio=-0.477 accept_rho=1.000 attempts=1
[INFO] [STAGE] PIRLS update_with_curvature iter=2 curvature=Fisher elapsed=0.000s source=reused_prev_accept
[INFO] [PIRLS iter-end] iter=  2 elapsed=0.0005s lm_lambda=1.11e-7 g_norm=4.555e-8 last_dev_change=8.292e-10 last_halving=1
[INFO] [PIRLS iter-breakdown] iter=  2 attempts=1 curvature=0.000s solve=0.000s predred=0.000s candidate=0.000s other=0.000s
[INFO] [PIRLS lm-trajectory] iter=  2 start_lambda=3.333e-7 final_lambda=1.111e-7 log10_ratio=-0.477 accept_rho=1.000 attempts=1
[INFO] [STAGE] PIRLS update_with_curvature iter=3 curvature=Fisher elapsed=0.000s source=reused_prev_accept
[INFO] [PIRLS exact-decrement] applicable=true decrement_sq=1.701711e-19 threshold=6.378438e-14 pass=true gradient_norm=8.514021e-11 relative_gradient=5.950018e-11 dimension_scale=7.211103e1 natural_scale=4.309235e-1 objective=5.048494e-1 actual_reduction=2.398082e-14 predicted_reduction=2.396525e-14 linear_model_term=-4.784036e-14 direction_norm=1.492142e-6 data_reduction=7.465856e-11 penalty_reduction=-7.463455e-11
[INFO] [PIRLS solve-end] iters=3 elapsed=0.0076s g_norm_initial=8.106e1 g_norm_final=8.514e-11 convergence_rate=1.017e-4 status=Converged
[INFO] [STAGE] logdet S rho_dim=2 penalty_rank=12 elapsed=0.001s
[INFO] [#1271-diag] path=orig p=13 penalty_rank=12 nullspace_dim=1 rss=0.992322 pen=0.017377 Dp=1.009699 pirls_edf=7.8665 logS=0.254313 logH=33.459778 half_diff=16.602733 h_above1=12 h_min=2.142e-2 h_max=2.575e3 rho=[3.2022,-1.5365] lambda=[2.459e1,2.151e-1]
  H_eig=[2.575e3,2.406e2,6.675e1,3.230e1,2.018e1,1.854e1,1.477e1,1.067e1,6.396e0,4.241e0,3.043e0,2.439e0,2.142e-2]
  Slam_eig=[1.712e1,1.711e1,2.078e0,2.071e0,1.771e0,1.703e0,1.630e0,1.203e0,6.422e-1,2.472e-1,1.292e-1,8.437e-3,0.000e0]
[INFO] [STAGE] reml_laml cost_only_done k=2 ext_dim=0 dim=13 elapsed=0.000s
[INFO] [OUTER hessian-route] choice=dense reason=kernel_absent n=400 p=13 k=2 callback_kernel=false subspace_trace=false scale_prefers_operator=false dense_workspace_bytes=9464
[INFO] [OUTER hessian-elapsed] choice=dense reason=kernel_absent n=400 p=13 k=2 elapsed=0.000s
[INFO] [sigma-cubature] upgrading 1 of 2 active rho direction(s), capturing 0.9995 of the first-order correction variance; the remainder keeps its first-order column
[INFO] [reml-geometry] dense_spectral reason=constraints_present p=13 nnz_x=na nnz_h_est=na density_h_est=na threshold=0.1000
[INFO] [IFT-CACHE] outcome=mode_response_hit drho_dim=2 p=13
[INFO] [ADAPTIVE-KKT] outer_g_norm=2.225e-8 effective_tol=1.000e-10 floor=1.000e-12 ceiling=1.000e-10
[INFO] [STAGE] PIRLS update_with_curvature iter=1 curvature=Fisher elapsed=0.000s source=rebuilt
[INFO] [PIRLS iter-end] iter=  1 elapsed=0.0010s lm_lambda=3.33e-7 g_norm=6.444e-7 last_dev_change=4.267e-5 last_halving=1
[INFO] [PIRLS iter-breakdown] iter=  1 attempts=1 curvature=0.001s solve=0.000s predred=0.000s candidate=0.000s other=0.000s
[INFO] [PIRLS lm-trajectory] iter=  1 start_lambda=1.000e-6 final_lambda=3.333e-7 log10_ratio=-0.477 accept_rho=1.000 attempts=1
[INFO] [STAGE] PIRLS update_with_curvature iter=2 curvature=Fisher elapsed=0.000s source=reused_prev_accept
[INFO] [PIRLS solve-end] iters=2 elapsed=0.0020s g_norm_initial=4.467e-2 g_norm_final=1.099e-9 convergence_rate=1.568e-4 status=Converged
[INFO] [STAGE] inner pirls solve iters=2 status=Converged max_eta=1.0 jeffreys_logdet=none rows=full(derivative-request) elapsed=0.003s
[INFO] [IFT-QUALITY] quality=1.208e-3 ift=2.000e0 pred_residual=2.281e-3 cap_predicted=2.000e0 iters=2
[INFO] [STAGE] logdet S rho_dim=2 penalty_rank=12 elapsed=0.000s
[INFO] [#1271-diag] path=orig p=13 penalty_rank=12 nullspace_dim=1 rss=0.998425 pen=0.023619 Dp=1.022045 pirls_edf=7.0350 logS=7.177102 logH=36.608644 half_diff=14.715771 h_above1=12 h_min=2.133e-2 h_max=2.576e3 rho=[3.8954,-1.5410] lambda=[4.918e1,2.142e-1]
  H_eig=[2.576e3,2.412e2,6.790e1,3.679e1,3.657e1,2.877e1,1.764e1,1.217e1,8.346e0,6.246e0,4.904e0,4.143e0,2.133e-2]
  Slam_eig=[3.423e1,3.422e1,4.149e0,4.142e0,3.543e0,3.406e0,3.260e0,2.403e0,1.281e0,3.939e-1,1.603e-1,8.504e-3,0.000e0]
[INFO] [reml-geometry] dense_spectral reason=constraints_present p=13 nnz_x=na nnz_h_est=na density_h_est=na threshold=0.1000
[INFO] [IFT-CACHE] outcome=miss drho_dim=2 p=13 elapsed=0.000s
[INFO] [pirls-path] repeated path=dense_transformed reason=constraints_present count=32 (suppressing identical decisions)
[INFO] [ADAPTIVE-KKT] outer_g_norm=2.225e-8 effective_tol=1.000e-10 floor=1.000e-12 ceiling=1.000e-10
[INFO] [STAGE] PIRLS update_with_curvature iter=1 curvature=Fisher elapsed=0.000s source=rebuilt
[INFO] [PIRLS iter-end] iter=  1 elapsed=0.0010s lm_lambda=3.70e-8 g_norm=2.947e-7 last_dev_change=3.534e-4 last_halving=1
[INFO] [PIRLS iter-breakdown] iter=  1 attempts=1 curvature=0.001s solve=0.000s predred=0.000s candidate=0.000s other=0.000s
[INFO] [PIRLS lm-trajectory] iter=  1 start_lambda=1.111e-7 final_lambda=3.704e-8 log10_ratio=-0.477 accept_rho=1.000 attempts=1
[INFO] [STAGE] PIRLS update_with_curvature iter=2 curvature=Fisher elapsed=0.000s source=reused_prev_accept
[INFO] [PIRLS solve-end] iters=2 elapsed=0.0019s g_norm_initial=9.093e-2 g_norm_final=5.685e-11 convergence_rate=2.500e-5 status=Converged
[INFO] [STAGE] inner pirls solve iters=2 status=Converged max_eta=1.0 jeffreys_logdet=none rows=full(derivative-request) elapsed=0.002s
[INFO] [IFT-QUALITY] quality=4.757e-3 ift=2.000e0 pred_residual=9.035e-3 cap_predicted=2.000e0 iters=2
[INFO] [STAGE] logdet S rho_dim=2 penalty_rank=12 elapsed=0.000s
[INFO] [#1271-diag] path=orig p=13 penalty_rank=12 nullspace_dim=1 rss=0.988139 pen=0.012930 Dp=1.001070 pirls_edf=8.6709 logS=-6.668477 logH=30.881401 half_diff=18.774939 h_above1=12 h_min=2.152e-2 h_max=2.575e3 rho=[2.5090,-1.5319] lambda=[1.229e1,2.161e-1]
  H_eig=[2.575e3,2.403e2,6.632e1,3.157e1,1.718e1,1.181e1,9.475e0,8.768e0,5.280e0,3.170e0,2.080e0,1.577e0,2.152e-2]
  Slam_eig=[8.564e0,8.554e0,1.043e0,1.036e0,8.857e-1,8.516e-1,8.153e-1,6.029e-1,3.238e-1,2.078e-1,7.798e-2,8.253e-3,0.000e0]
[INFO] [reml-geometry] dense_spectral reason=constraints_present p=13 nnz_x=na nnz_h_est=na density_h_est=na threshold=0.1000
[INFO] [STAGE] logdet S rho_dim=2 penalty_rank=12 elapsed=0.000s
[INFO] [#1271-diag] path=orig p=13 penalty_rank=12 nullspace_dim=1 rss=0.998425 pen=0.023619 Dp=1.022045 pirls_edf=7.0350 logS=7.177102 logH=36.608644 half_diff=14.715771 h_above1=12 h_min=2.133e-2 h_max=2.576e3 rho=[3.8954,-1.5410] lambda=[4.918e1,2.142e-1]
  H_eig=[2.576e3,2.412e2,6.790e1,3.679e1,3.657e1,2.877e1,1.764e1,1.217e1,8.346e0,6.246e0,4.904e0,4.143e0,2.133e-2]
  Slam_eig=[3.423e1,3.422e1,4.149e0,4.142e0,3.543e0,3.406e0,3.260e0,2.403e0,1.281e0,3.939e-1,1.603e-1,8.504e-3,0.000e0]
[INFO] [reml-geometry] dense_spectral reason=constraints_present p=13 nnz_x=na nnz_h_est=na density_h_est=na threshold=0.1000
[INFO] [STAGE] logdet S rho_dim=2 penalty_rank=12 elapsed=0.000s
[INFO] [#1271-diag] path=orig p=13 penalty_rank=12 nullspace_dim=1 rss=0.988139 pen=0.012930 Dp=1.001070 pirls_edf=8.6709 logS=-6.668477 logH=30.881401 half_diff=18.774939 h_above1=12 h_min=2.152e-2 h_max=2.575e3 rho=[2.5090,-1.5319] lambda=[1.229e1,2.161e-1]
  H_eig=[2.575e3,2.403e2,6.632e1,3.157e1,1.718e1,1.181e1,9.475e0,8.768e0,5.280e0,3.170e0,2.080e0,1.577e0,2.152e-2]
  Slam_eig=[8.564e0,8.554e0,1.043e0,1.036e0,8.857e-1,8.516e-1,8.153e-1,6.029e-1,3.238e-1,2.078e-1,7.798e-2,8.253e-3,0.000e0]
[INFO] [STAGE] PIRLS update_with_curvature iter=1 curvature=Fisher elapsed=0.000s source=rebuilt
[INFO] [STAGE] PIRLS update_with_curvature iter=1 curvature=Fisher elapsed=0.000s source=rebuilt
[INFO] [PIRLS iter-end] iter=  1 elapsed=0.0007s lm_lambda=3.33e-7 g_norm=4.563e-6 last_dev_change=6.086e-4 last_halving=1
[INFO] [PIRLS iter-breakdown] iter=  1 attempts=1 curvature=0.000s solve=0.000s predred=0.000s candidate=0.000s other=0.000s
[INFO] [PIRLS lm-trajectory] iter=  1 start_lambda=1.000e-6 final_lambda=3.333e-7 log10_ratio=-0.477 accept_rho=1.000 attempts=1
[INFO] [STAGE] PIRLS update_with_curvature iter=2 curvature=Fisher elapsed=0.000s source=reused_prev_accept
[INFO] [PIRLS iter-end] iter=  1 elapsed=0.0007s lm_lambda=3.33e-7 g_norm=3.015e-6 last_dev_change=1.245e-3 last_halving=1
[INFO] [PIRLS iter-breakdown] iter=  1 attempts=1 curvature=0.000s solve=0.000s predred=0.000s candidate=0.000s other=0.000s
[INFO] [PIRLS lm-trajectory] iter=  1 start_lambda=1.000e-6 final_lambda=3.333e-7 log10_ratio=-0.477 accept_rho=1.000 attempts=1
[INFO] [STAGE] PIRLS update_with_curvature iter=2 curvature=Fisher elapsed=0.000s source=reused_prev_accept
[INFO] [PIRLS solve-end] iters=2 elapsed=0.0012s g_norm_initial=1.076e-1 g_norm_final=6.019e-9 convergence_rate=2.365e-4 status=Converged
[INFO] [STAGE] sigma-cubature pirls solve rho=[2.509,-1.532] iters=2 status=Converged max_eta=1.0 elapsed=0.001s
[INFO] [PIRLS solve-end] iters=2 elapsed=0.0014s g_norm_initial=2.153e-1 g_norm_final=3.297e-9 convergence_rate=1.238e-4 status=Converged
[INFO] [STAGE] sigma-cubature pirls solve rho=[3.895,-1.541] iters=2 status=Converged max_eta=1.0 elapsed=0.002s
[INFO] [sigma-cubature] node=0 step=6.9320e-1 wald_step=6.9320e-1 ΔV=5.376163e-1 posterior_weight=4.805788e-1 evals=3 box_limited=false tr(φ̂·H(ρ)⁻¹)=1.211017e-1 tr(φ̂·H(ρ̂)⁻¹)=1.217739e-1
[INFO] [sigma-cubature] node=1 step=6.9320e-1 wald_step=6.9320e-1 ΔV=4.598926e-1 posterior_weight=5.194212e-1 evals=3 box_limited=false tr(φ̂·H(ρ)⁻¹)=1.227387e-1 tr(φ̂·H(ρ̂)⁻¹)=1.217739e-1
[INFO] [sigma-cubature] tr(correction)=4.463616e-4 tr(φ̂·H(ρ̂)⁻¹)=1.217739e-1
[INFO] [smoothing-correction] branch=cubature rank=1 points=2 near_boundary=false grad_norm=2.225e-8 max_rho_var=2.006e0 max_node_criterion_rise=5.376e-1 (proposal calibration rise 0.5)
[INFO] [reml-geometry] dense_spectral reason=constraints_present p=13 nnz_x=na nnz_h_est=na density_h_est=na threshold=0.1000
[INFO] [STAGE] logdet S rho_dim=2 penalty_rank=12 elapsed=0.000s
[INFO] [#1271-diag] path=orig p=13 penalty_rank=12 nullspace_dim=1 rss=0.992322 pen=0.017377 Dp=1.009699 pirls_edf=7.8665 logS=0.254313 logH=33.459778 half_diff=16.602733 h_above1=12 h_min=2.142e-2 h_max=2.575e3 rho=[3.2022,-1.5365] lambda=[2.459e1,2.151e-1]
  H_eig=[2.575e3,2.406e2,6.675e1,3.230e1,2.018e1,1.854e1,1.477e1,1.067e1,6.396e0,4.241e0,3.043e0,2.439e0,2.142e-2]
  Slam_eig=[1.712e1,1.711e1,2.078e0,2.071e0,1.771e0,1.703e0,1.630e0,1.203e0,6.422e-1,2.472e-1,1.292e-1,8.437e-3,0.000e0]
[INFO] [STAGE] reml_laml cost_only_done k=2 ext_dim=0 dim=13 elapsed=0.000s
[INFO] [OUTER hessian-route] choice=dense reason=kernel_absent n=400 p=13 k=2 callback_kernel=false subspace_trace=false scale_prefers_operator=false dense_workspace_bytes=9464
[INFO] [OUTER hessian-elapsed] choice=dense reason=kernel_absent n=400 p=13 k=2 elapsed=0.000s
[INFO] [reml-geometry] dense_spectral reason=constraints_present p=13 nnz_x=na nnz_h_est=na density_h_est=na threshold=0.1000
[INFO] [IFT-CACHE] outcome=miss drho_dim=2 p=13 elapsed=0.000s
[INFO] [ADAPTIVE-KKT] outer_g_norm=2.225e-8 effective_tol=1.000e-10 floor=1.000e-12 ceiling=1.000e-10
[INFO] [STAGE] PIRLS update_with_curvature iter=1 curvature=Fisher elapsed=0.000s source=rebuilt
[INFO] [PIRLS iter-end] iter=  1 elapsed=0.0009s lm_lambda=4.12e-9 g_norm=5.832e-8 last_dev_change=1.933e-3 last_halving=1
[INFO] [PIRLS iter-breakdown] iter=  1 attempts=1 curvature=0.001s solve=0.000s predred=0.000s candidate=0.000s other=0.000s
[INFO] [PIRLS lm-trajectory] iter=  1 start_lambda=1.235e-8 final_lambda=4.115e-9 log10_ratio=-0.477 accept_rho=1.000 attempts=1
[INFO] [STAGE] PIRLS update_with_curvature iter=2 curvature=Fisher elapsed=0.000s source=reused_prev_accept
[INFO] [PIRLS exact-decrement] applicable=true decrement_sq=1.510019e-23 threshold=6.488645e-14 pass=true gradient_norm=8.840068e-13 relative_gradient=5.324672e-13 dimension_scale=7.211103e1 natural_scale=6.602088e-1 objective=5.135722e-1 actual_reduction=2.553513e-15 predicted_reduction=2.625096e-15 linear_model_term=-5.249911e-15 direction_norm=4.298336e-7 data_reduction=-2.209810e-11 penalty_reduction=2.210069e-11
[INFO] [PIRLS solve-end] iters=2 elapsed=0.0019s g_norm_initial=3.477e-1 g_norm_final=8.840e-13 convergence_rate=1.595e-6 status=Converged
[INFO] [STAGE] inner pirls solve iters=2 status=Converged max_eta=1.0 jeffreys_logdet=none rows=full(derivative-request) elapsed=0.002s
[INFO] [IFT-QUALITY] quality=7.383e-3 ift=2.000e0 pred_residual=1.392e-2 cap_predicted=2.000e0 iters=2
[INFO] [STAGE] logdet S rho_dim=2 penalty_rank=12 elapsed=0.000s
[INFO] [#1271-diag] path=orig p=13 penalty_rank=12 nullspace_dim=1 rss=1.000653 pen=0.026492 Dp=1.027144 pirls_edf=6.8048 logS=9.672010 logH=37.871713 half_diff=14.099851 h_above1=12 h_min=2.807e-2 h_max=2.577e3 rho=[4.0899,-1.2662] lambda=[5.974e1,2.819e-1]
  H_eig=[2.577e3,2.415e2,6.864e1,4.399e1,4.138e1,3.064e1,1.819e1,1.278e1,9.159e0,7.095e0,5.696e0,4.872e0,2.807e-2]
  Slam_eig=[4.158e1,4.157e1,5.041e0,5.031e0,4.304e0,4.137e0,3.960e0,2.919e0,1.557e0,4.850e-1,2.083e-1,1.118e-2,0.000e0]
[INFO] [reml-geometry] dense_spectral reason=constraints_present p=13 nnz_x=na nnz_h_est=na density_h_est=na threshold=0.1000
[INFO] [IFT-CACHE] outcome=miss drho_dim=2 p=13 elapsed=0.000s
[INFO] [ADAPTIVE-KKT] outer_g_norm=2.225e-8 effective_tol=1.000e-10 floor=1.000e-12 ceiling=1.000e-10
[INFO] [STAGE] PIRLS update_with_curvature iter=1 curvature=Fisher elapsed=0.000s source=rebuilt
[INFO] [PIRLS solve-end] iters=1 elapsed=0.0009s g_norm_initial=1.228e-2 g_norm_final=2.116e-10 convergence_rate=1.724e-8 status=Converged
[INFO] [STAGE] inner pirls solve iters=1 status=Converged max_eta=1.0 jeffreys_logdet=none rows=full(derivative-request) elapsed=0.001s
[INFO] [IFT-QUALITY] quality=4.472e-4 ift=2.000e0 pred_residual=8.452e-4 cap_predicted=2.000e0 iters=1
[INFO] [STAGE] logdet S rho_dim=2 penalty_rank=12 elapsed=0.000s
[INFO] [#1271-diag] path=orig p=13 penalty_rank=12 nullspace_dim=1 rss=0.996246 pen=0.021553 Dp=1.017799 pirls_edf=7.2936 logS=5.079950 logH=35.595615 half_diff=15.257833 h_above1=12 h_min=2.203e-2 h_max=2.576e3 rho=[3.6793,-1.5089] lambda=[3.962e1,2.212e-1]
  H_eig=[2.576e3,2.410e2,6.739e1,3.403e1,3.012e1,2.538e1,1.705e1,1.161e1,7.601e0,5.473e0,4.184e0,3.482e0,2.203e-2]
  Slam_eig=[2.758e1,2.757e1,3.344e0,3.337e0,2.854e0,2.744e0,2.626e0,1.936e0,1.033e0,3.335e-1,1.578e-1,8.752e-3,0.000e0]
[INFO] [reml-geometry] dense_spectral reason=constraints_present p=13 nnz_x=na nnz_h_est=na density_h_est=na threshold=0.1000
[INFO] [IFT-CACHE] outcome=miss drho_dim=2 p=13 elapsed=0.000s
[INFO] [ADAPTIVE-KKT] outer_g_norm=2.225e-8 effective_tol=1.000e-10 floor=1.000e-12 ceiling=1.000e-10
[INFO] [STAGE] PIRLS update_with_curvature iter=1 curvature=Fisher elapsed=0.000s source=rebuilt
[INFO] [PIRLS solve-end] iters=1 elapsed=0.0009s g_norm_initial=2.392e-2 g_norm_final=5.610e-10 convergence_rate=2.346e-8 status=Converged
[INFO] [STAGE] inner pirls solve iters=1 status=Converged max_eta=1.0 jeffreys_logdet=none rows=full(derivative-request) elapsed=0.001s
[INFO] [IFT-QUALITY] quality=1.086e-3 ift=2.000e0 pred_residual=2.058e-3 cap_predicted=2.000e0 iters=1
[INFO] [STAGE] logdet S rho_dim=2 penalty_rank=12 elapsed=0.000s
[INFO] [#1271-diag] path=orig p=13 penalty_rank=12 nullspace_dim=1 rss=0.991102 pen=0.014438 Dp=1.005540 pirls_edf=8.0783 logS=-3.596716 logH=31.707477 half_diff=17.652097 h_above1=12 h_min=7.615e-3 h_max=2.575e3 rho=[3.0241,-2.5713] lambda=[2.058e1,7.643e-2]
  H_eig=[2.575e3,2.405e2,6.660e1,3.203e1,1.845e1,1.662e1,1.318e1,1.039e1,6.058e0,3.903e0,2.734e0,2.159e0,7.615e-3]
  Slam_eig=[1.432e1,1.432e1,1.736e0,1.733e0,1.482e0,1.425e0,1.364e0,1.005e0,5.360e-1,1.613e-1,5.838e-2,3.041e-3,0.000e0]
[INFO] [reml-geometry] dense_spectral reason=constraints_present p=13 nnz_x=na nnz_h_est=na density_h_est=na threshold=0.1000
[INFO] [IFT-CACHE] outcome=miss drho_dim=2 p=13 elapsed=0.000s
[INFO] [ADAPTIVE-KKT] outer_g_norm=2.225e-8 effective_tol=1.000e-10 floor=1.000e-12 ceiling=1.000e-10
[INFO] [STAGE] PIRLS update_with_curvature iter=1 curvature=Fisher elapsed=0.000s source=rebuilt
[INFO] [PIRLS solve-end] iters=1 elapsed=0.0009s g_norm_initial=4.831e-4 g_norm_final=4.890e-13 convergence_rate=1.012e-9 status=Converged
[INFO] [STAGE] inner pirls solve iters=1 status=Converged max_eta=1.0 jeffreys_logdet=none rows=full(derivative-request) elapsed=0.001s
[INFO] [IFT-QUALITY] quality=4.756e-6 ift=2.000e0 pred_residual=9.016e-6 cap_predicted=2.000e0 iters=1
[INFO] [STAGE] logdet S rho_dim=2 penalty_rank=12 elapsed=0.000s
[INFO] [#1271-diag] path=orig p=13 penalty_rank=12 nullspace_dim=1 rss=0.990939 pen=0.013865 Dp=1.004804 pirls_edf=8.1080 logS=-5.016783 logH=31.024865 half_diff=18.020824 h_above1=12 h_min=4.245e-3 h_max=2.575e3 rho=[2.9990,-3.1559] lambda=[2.007e1,4.260e-2]
  H_eig=[2.575e3,2.405e2,6.659e1,3.199e1,1.831e1,1.633e1,1.294e1,1.034e1,6.014e0,3.860e0,2.695e0,2.123e0,4.245e-3]
  Slam_eig=[1.396e1,1.396e1,1.692e0,1.690e0,1.446e0,1.389e0,1.330e0,9.801e-1,5.223e-1,1.509e-1,3.384e-2,1.702e-3,0.000e0]
[INFO] [reml-geometry] dense_spectral reason=constraints_present p=13 nnz_x=na nnz_h_est=na density_h_est=na threshold=0.1000
[INFO] [IFT-REJECTED] reason=large_drho max_drho=2.127e0 cap=2.000e0 drho_dim=2
[INFO] [TANGENT-REJECTED] reason=alpha_negative alpha=-3.657e0 cap=2.000e0
[INFO] [ADAPTIVE-KKT] outer_g_norm=2.225e-8 effective_tol=1.000e-10 floor=1.000e-12 ceiling=1.000e-10
[INFO] [STAGE] PIRLS update_with_curvature iter=1 curvature=Fisher elapsed=0.000s source=rebuilt
[INFO] [PIRLS solve-end] iters=1 elapsed=0.0009s g_norm_initial=8.306e-2 g_norm_final=1.897e-9 convergence_rate=2.284e-8 status=Converged
[INFO] [STAGE] inner pirls solve iters=1 status=Converged max_eta=1.0 jeffreys_logdet=none rows=full(derivative-request) elapsed=0.001s
[INFO] [STAGE] logdet S rho_dim=2 penalty_rank=12 elapsed=0.000s
[INFO] [#1271-diag] path=orig p=13 penalty_rank=12 nullspace_dim=1 rss=0.993413 pen=0.020193 Dp=1.013606 pirls_edf=7.6926 logS=2.719578 logH=34.579352 half_diff=15.929887 h_above1=12 h_min=3.557e-2 h_max=2.576e3 rho=[3.3473,-1.0292] lambda=[2.843e1,3.573e-1]
  H_eig=[2.576e3,2.407e2,6.690e1,3.260e1,2.256e1,2.016e1,1.577e1,1.093e1,6.710e0,4.559e0,3.336e0,2.706e0,3.557e-2]
  Slam_eig=[1.980e1,1.978e1,2.406e0,2.394e0,2.048e0,1.969e0,1.885e0,1.392e0,7.446e-1,3.649e-1,1.689e-1,1.386e-2,0.000e0]
[INFO] [reml-geometry] dense_spectral reason=constraints_present p=13 nnz_x=na nnz_h_est=na density_h_est=na threshold=0.1000
[INFO] [IFT-CACHE] outcome=miss drho_dim=2 p=13 elapsed=0.000s
[INFO] [ADAPTIVE-KKT] outer_g_norm=2.225e-8 effective_tol=1.000e-10 floor=1.000e-12 ceiling=1.000e-10
[INFO] [STAGE] PIRLS update_with_curvature iter=1 curvature=Fisher elapsed=0.000s source=rebuilt
[INFO] [PIRLS solve-end] iters=1 elapsed=0.0009s g_norm_initial=1.763e-2 g_norm_final=2.315e-10 convergence_rate=1.313e-8 status=Converged
[INFO] [STAGE] inner pirls solve iters=1 status=Converged max_eta=1.0 jeffreys_logdet=none rows=full(derivative-request) elapsed=0.001s
[INFO] [IFT-QUALITY] quality=5.003e-4 ift=2.000e0 pred_residual=9.448e-4 cap_predicted=2.000e0 iters=1
[INFO] [STAGE] logdet S rho_dim=2 penalty_rank=12 elapsed=0.000s
[INFO] [#1271-diag] path=orig p=13 penalty_rank=12 nullspace_dim=1 rss=0.997297 pen=0.030062 Dp=1.027360 pirls_edf=7.1724 logS=8.827648 logH=37.446418 half_diff=14.309385 h_above1=12 h_min=8.655e-2 h_max=2.577e3 rho=[3.7800,-0.1387] lambda=[4.382e1,8.705e-1]
  H_eig=[2.577e3,2.411e2,6.760e1,3.498e1,3.300e1,2.709e1,1.734e1,1.187e1,7.931e0,5.814e0,4.501e0,3.772e0,8.655e-2]
  Slam_eig=[3.053e1,3.049e1,3.722e0,3.691e0,3.157e0,3.036e0,2.906e0,2.151e0,1.159e0,8.223e-1,2.831e-1,3.301e-2,0.000e0]
[INFO] [reml-geometry] dense_spectral reason=constraints_present p=13 nnz_x=na nnz_h_est=na density_h_est=na threshold=0.1000
[INFO] [IFT-REJECTED] reason=large_drho max_drho=2.934e0 cap=2.000e0 drho_dim=2
[INFO] [TANGENT-REJECTED] reason=alpha_negative alpha=-3.198e0 cap=2.000e0
[INFO] [ADAPTIVE-KKT] outer_g_norm=2.225e-8 effective_tol=1.000e-10 floor=1.000e-12 ceiling=1.000e-10
[INFO] [STAGE] PIRLS update_with_curvature iter=1 curvature=Fisher elapsed=0.000s source=rebuilt
[INFO] [PIRLS solve-end] iters=1 elapsed=0.0009s g_norm_initial=2.015e-1 g_norm_final=6.706e-9 convergence_rate=3.328e-8 status=Converged
[INFO] [STAGE] inner pirls solve iters=1 status=Converged max_eta=1.0 jeffreys_logdet=none rows=full(derivative-request) elapsed=0.001s
[INFO] [STAGE] logdet S rho_dim=2 penalty_rank=12 elapsed=0.000s
[INFO] [#1271-diag] path=orig p=13 penalty_rank=12 nullspace_dim=1 rss=0.988465 pen=0.011268 Dp=0.999733 pirls_edf=8.6003 logS=-9.116933 logH=29.553588 half_diff=19.335260 h_above1=12 h_min=4.614e-3 h_max=2.575e3 rho=[2.5723,-3.0724] lambda=[1.310e1,4.631e-2]
  H_eig=[2.575e3,2.403e2,6.635e1,3.161e1,1.725e1,1.222e1,9.660e0,9.190e0,5.365e0,3.245e0,2.146e0,1.633e0,4.614e-3]
  Slam_eig=[9.114e0,9.112e0,1.105e0,1.103e0,9.435e-1,9.069e-1,8.680e-1,6.398e-1,3.411e-1,1.021e-1,3.556e-2,1.843e-3,0.000e0]
[INFO] [reml-geometry] dense_spectral reason=constraints_present p=13 nnz_x=na nnz_h_est=na density_h_est=na threshold=0.1000
[INFO] [IFT-REJECTED] reason=large_drho max_drho=3.897e0 cap=2.000e0 drho_dim=2
[INFO] [TANGENT-REJECTED] reason=alpha_negative alpha=-1.242e0 cap=2.000e0
[INFO] [ADAPTIVE-KKT] outer_g_norm=2.225e-8 effective_tol=1.000e-10 floor=1.000e-12 ceiling=1.000e-10
[INFO] [STAGE] PIRLS update_with_curvature iter=1 curvature=Fisher elapsed=0.000s source=rebuilt
[INFO] [PIRLS solve-end] iters=1 elapsed=0.0009s g_norm_initial=2.548e-1 g_norm_final=5.466e-9 convergence_rate=2.145e-8 status=Converged
[INFO] [STAGE] inner pirls solve iters=1 status=Converged max_eta=1.0 jeffreys_logdet=none rows=full(derivative-request) elapsed=0.001s
[INFO] [STAGE] logdet S rho_dim=2 penalty_rank=12 elapsed=0.000s
[INFO] [#1271-diag] path=orig p=13 penalty_rank=12 nullspace_dim=1 rss=0.994517 pen=0.043491 Dp=1.038008 pirls_edf=7.5562 logS=7.550726 logH=36.926058 half_diff=14.687666 h_above1=12 h_min=2.258e-1 h_max=2.577e3 rho=[3.4596,0.8247] lambda=[3.181e1,2.281e0]
  H_eig=[2.577e3,2.409e2,6.704e1,3.295e1,2.481e1,2.173e1,1.633e1,1.116e1,6.987e0,4.839e0,3.594e0,2.941e0,2.258e-1]
  Slam_eig=[2.225e1,2.213e1,2.914e0,2.679e0,2.291e0,2.227e0,2.138e0,1.967e0,1.506e0,8.353e-1,2.569e-1,7.131e-2,0.000e0]
[INFO] [reml-geometry] dense_spectral reason=constraints_present p=13 nnz_x=na nnz_h_est=na density_h_est=na threshold=0.1000
[INFO] [IFT-REJECTED] reason=large_drho max_drho=2.430e0 cap=2.000e0 drho_dim=2
[INFO] [TANGENT-REJECTED] reason=alpha_negative alpha=-5.607e-1 cap=2.000e0
[INFO] [ADAPTIVE-KKT] outer_g_norm=2.225e-8 effective_tol=1.000e-10 floor=1.000e-12 ceiling=1.000e-10
[INFO] [STAGE] PIRLS update_with_curvature iter=1 curvature=Fisher elapsed=0.000s source=rebuilt
[INFO] [PIRLS solve-end] iters=1 elapsed=0.0009s g_norm_initial=2.118e-1 g_norm_final=2.154e-9 convergence_rate=1.017e-8 status=Converged
[INFO] [STAGE] inner pirls solve iters=1 status=Converged max_eta=1.0 jeffreys_logdet=none rows=full(derivative-request) elapsed=0.001s
[INFO] [STAGE] logdet S rho_dim=2 penalty_rank=12 elapsed=0.000s
[INFO] [#1271-diag] path=orig p=13 penalty_rank=12 nullspace_dim=1 rss=1.000054 pen=0.025008 Dp=1.025062 pirls_edf=6.8631 logS=8.498018 logH=37.276454 half_diff=14.389218 h_above1=12 h_min=1.999e-2 h_max=2.576e3 rho=[4.0404,-1.6058] lambda=[5.685e1,2.007e-1]
  H_eig=[2.576e3,2.414e2,6.841e1,4.200e1,3.997e1,3.027e1,1.804e1,1.261e1,8.937e0,6.863e0,5.479e0,4.673e0,1.999e-2]
  Slam_eig=[3.957e1,3.956e1,4.796e0,4.788e0,4.096e0,3.937e0,3.768e0,2.778e0,1.481e0,4.433e-1,1.541e-1,7.990e-3,0.000e0]
[INFO] [reml-geometry] dense_spectral reason=constraints_present p=13 nnz_x=na nnz_h_est=na density_h_est=na threshold=0.1000
[INFO] [IFT-REJECTED] reason=large_drho max_drho=2.079e0 cap=2.000e0 drho_dim=2
[INFO] [TANGENT-PREDICT] alpha=6.310e-1 cap=2.000e0 drho_step_norm_sq=3.940e0 drho_prev_norm_sq=6.244e0
[INFO] [ADAPTIVE-KKT] outer_g_norm=2.225e-8 effective_tol=1.000e-10 floor=1.000e-12 ceiling=1.000e-10
[INFO] [STAGE] PIRLS update_with_curvature iter=1 curvature=Fisher elapsed=0.000s source=rebuilt
[INFO] [PIRLS iter-end] iter=  1 elapsed=0.0009s lm_lambda=1.00e-9 g_norm=1.305e-8 last_dev_change=6.162e-3 last_halving=1
[INFO] [PIRLS iter-breakdown] iter=  1 attempts=1 curvature=0.001s solve=0.000s predred=0.000s candidate=0.000s other=0.000s
[INFO] [PIRLS lm-trajectory] iter=  1 start_lambda=1.000e-9 final_lambda=1.000e-9 log10_ratio=0.000 accept_rho=1.000 attempts=1
[INFO] [STAGE] PIRLS update_with_curvature iter=2 curvature=Fisher elapsed=0.000s source=reused_prev_accept
[INFO] [PIRLS exact-decrement] applicable=true decrement_sq=3.847018e-23 threshold=6.286627e-14 pass=true gradient_norm=3.123756e-13 relative_gradient=2.447461e-13 dimension_scale=7.211103e1 natural_scale=2.763253e-1 objective=4.975826e-1 actual_reduction=9.436896e-16 predicted_reduction=8.775235e-16 linear_model_term=-1.754788e-15 direction_norm=8.341331e-7 data_reduction=1.652303e-10 penalty_reduction=-1.652294e-10
[INFO] [PIRLS solve-end] iters=2 elapsed=0.0019s g_norm_initial=3.418e-1 g_norm_final=3.124e-13 convergence_rate=9.561e-7 status=Converged
[INFO] [STAGE] inner pirls solve iters=2 status=Converged max_eta=1.0 jeffreys_logdet=none rows=full(derivative-request) elapsed=0.002s
[INFO] [TANGENT-QUALITY] quality=2.763e-2 pred_residual=5.256e-2 iters=2
[INFO] [STAGE] logdet S rho_dim=2 penalty_rank=12 elapsed=0.000s
[INFO] [#1271-diag] path=orig p=13 penalty_rank=12 nullspace_dim=1 rss=0.986195 pen=0.008970 Dp=0.995165 pirls_edf=9.0861 logS=-14.822124 logH=27.528305 half_diff=21.175215 h_above1=12 h_min=2.501e-3 h_max=2.575e3 rho=[2.1242,-3.6848] lambda=[8.367e0,2.510e-2]
  H_eig=[2.575e3,2.402e2,6.620e1,3.138e1,1.687e1,1.046e1,8.078e0,6.590e0,4.760e0,2.773e0,1.749e0,1.294e0,2.501e-3]
  Slam_eig=[5.823e0,5.822e0,7.056e-1,7.046e-1,6.028e-1,5.794e-1,5.546e-1,4.087e-1,2.179e-1,6.427e-2,1.955e-2,1.001e-3,0.000e0]
[INFO] [reml-geometry] dense_spectral reason=constraints_present p=13 nnz_x=na nnz_h_est=na density_h_est=na threshold=0.1000
[INFO] [IFT-REJECTED] reason=large_drho max_drho=3.090e0 cap=2.000e0 drho_dim=2
[INFO] [TANGENT-REJECTED] reason=alpha_negative alpha=-1.434e0 cap=2.000e0
[INFO] [ADAPTIVE-KKT] outer_g_norm=2.225e-8 effective_tol=1.000e-10 floor=1.000e-12 ceiling=1.000e-10
[INFO] [STAGE] PIRLS update_with_curvature iter=1 curvature=Fisher elapsed=0.000s source=rebuilt
[INFO] [PIRLS iter-end] iter=  1 elapsed=0.0009s lm_lambda=1.00e-9 g_norm=1.384e-8 last_dev_change=3.233e-2 last_halving=1
[INFO] [PIRLS iter-breakdown] iter=  1 attempts=1 curvature=0.001s solve=0.000s predred=0.000s candidate=0.000s other=0.000s
[INFO] [PIRLS lm-trajectory] iter=  1 start_lambda=1.000e-9 final_lambda=1.000e-9 log10_ratio=0.000 accept_rho=1.000 attempts=1
[INFO] [STAGE] PIRLS update_with_curvature iter=2 curvature=Fisher elapsed=0.000s source=reused_prev_accept
[INFO] [PIRLS exact-decrement] applicable=true decrement_sq=4.539799e-27 threshold=6.622465e-14 pass=true gradient_norm=4.213897e-14 relative_gradient=2.200330e-14 dimension_scale=7.211103e1 natural_scale=9.151204e-1 objective=5.241640e-1 actual_reduction=0.000000e0 predicted_reduction=3.639547e-17 linear_model_term=-7.279036e-17 direction_norm=3.557390e-8 data_reduction=-1.146907e-10 penalty_reduction=1.146907e-10
[INFO] [PIRLS solve-end] iters=2 elapsed=0.0019s g_norm_initial=1.778e0 g_norm_final=4.214e-14 convergence_rate=1.540e-7 status=Converged
[INFO] [STAGE] inner pirls solve iters=2 status=Converged max_eta=1.0 jeffreys_logdet=none rows=full(derivative-request) elapsed=0.002s
[INFO] [STAGE] logdet S rho_dim=2 penalty_rank=12 elapsed=0.000s
[INFO] [#1271-diag] path=orig p=13 penalty_rank=12 nullspace_dim=1 rss=1.010465 pen=0.037863 Dp=1.048328 pirls_edf=6.0488 logS=17.653593 logH=42.245881 half_diff=12.296144 h_above1=12 h_min=5.493e-2 h_max=2.578e3 rho=[4.7537,-0.5945] lambda=[1.160e2,5.519e-1]
  H_eig=[2.578e3,2.433e2,8.435e1,8.219e1,6.256e1,3.368e1,2.096e1,1.588e1,1.327e1,1.156e1,9.886e0,8.746e0,5.493e-2]
  Slam_eig=[8.075e1,8.073e1,9.791e0,9.772e0,8.359e0,8.035e0,7.690e0,5.670e0,3.024e0,9.433e-1,4.072e-1,2.189e-2,0.000e0]
[INFO] [reml-geometry] dense_spectral reason=constraints_present p=13 nnz_x=na nnz_h_est=na density_h_est=na threshold=0.1000
[INFO] [IFT-REJECTED] reason=large_drho max_drho=2.789e0 cap=2.000e0 drho_dim=2
[INFO] [TANGENT-REJECTED] reason=alpha_negative alpha=-7.712e-1 cap=2.000e0
[INFO] [ADAPTIVE-KKT] outer_g_norm=2.225e-8 effective_tol=1.000e-10 floor=1.000e-12 ceiling=1.000e-10
[INFO] [STAGE] PIRLS update_with_curvature iter=1 curvature=Fisher elapsed=0.000s source=rebuilt
[INFO] [PIRLS solve-end] iters=1 elapsed=0.0010s g_norm_initial=3.607e-1 g_norm_final=5.524e-9 convergence_rate=1.532e-8 status=Converged
[INFO] [STAGE] inner pirls solve iters=1 status=Converged max_eta=1.0 jeffreys_logdet=none rows=full(derivative-request) elapsed=0.001s
[INFO] [STAGE] logdet S rho_dim=2 penalty_rank=12 elapsed=0.000s
[INFO] [#1271-diag] path=orig p=13 penalty_rank=12 nullspace_dim=1 rss=0.992314 pen=0.015264 Dp=1.007578 pirls_edf=7.8658 logS=-3.432938 logH=31.615420 half_diff=17.524179 h_above1=12 h_min=3.381e-3 h_max=2.575e3 rho=[3.2029,-3.3836] lambda=[2.460e1,3.393e-2]
  H_eig=[2.575e3,2.406e2,6.675e1,3.230e1,2.019e1,1.855e1,1.478e1,1.067e1,6.397e0,4.242e0,3.044e0,2.440e0,3.381e-3]
  Slam_eig=[1.712e1,1.712e1,2.074e0,2.072e0,1.773e0,1.704e0,1.631e0,1.202e0,6.402e-1,1.822e-1,2.733e-2,1.358e-3,0.000e0]
[INFO] [reml-geometry] dense_spectral reason=constraints_present p=13 nnz_x=na nnz_h_est=na density_h_est=na threshold=0.1000
[INFO] [IFT-REJECTED] reason=large_drho max_drho=2.364e0 cap=2.000e0 drho_dim=2
[INFO] [TANGENT-REJECTED] reason=alpha_negative alpha=-8.105e-1 cap=2.000e0
[INFO] [ADAPTIVE-KKT] outer_g_norm=2.225e-8 effective_tol=1.000e-10 floor=1.000e-12 ceiling=1.000e-10
[INFO] [STAGE] PIRLS update_with_curvature iter=1 curvature=Fisher elapsed=0.000s source=rebuilt
[INFO] [PIRLS solve-end] iters=1 elapsed=0.0009s g_norm_initial=4.130e-1 g_norm_final=4.275e-9 convergence_rate=1.035e-8 status=Converged
[INFO] [STAGE] inner pirls solve iters=1 status=Converged max_eta=1.0 jeffreys_logdet=none rows=full(derivative-request) elapsed=0.001s
[INFO] [STAGE] logdet S rho_dim=2 penalty_rank=12 elapsed=0.000s
[INFO] [#1271-diag] path=orig p=13 penalty_rank=12 nullspace_dim=1 rss=1.003002 pen=0.029506 Dp=1.032508 pirls_edf=6.5909 logS=11.998504 logH=39.090387 half_diff=13.545941 h_above1=12 h_min=3.593e-2 h_max=2.577e3 rho=[4.2732,-1.0194] lambda=[7.175e1,3.608e-1]
  H_eig=[2.577e3,2.419e2,6.983e1,5.229e1,4.753e1,3.167e1,1.878e1,1.345e1,1.007e1,8.057e0,6.594e0,5.700e0,3.593e-2]
  Slam_eig=[4.994e1,4.993e1,6.056e0,6.043e0,5.170e0,4.969e0,4.756e0,3.507e0,1.870e0,5.897e-1,2.635e-1,1.430e-2,0.000e0]
[INFO] [reml-geometry] dense_spectral reason=constraints_present p=13 nnz_x=na nnz_h_est=na density_h_est=na threshold=0.1000
[INFO] [IFT-CACHE] outcome=miss drho_dim=2 p=13 elapsed=0.000s
[INFO] [ADAPTIVE-KKT] outer_g_norm=2.225e-8 effective_tol=1.000e-10 floor=1.000e-12 ceiling=1.000e-10
[INFO] [STAGE] PIRLS update_with_curvature iter=1 curvature=Fisher elapsed=0.000s source=rebuilt
[INFO] [PIRLS solve-end] iters=1 elapsed=0.0010s g_norm_initial=2.707e-2 g_norm_final=3.180e-10 convergence_rate=1.175e-8 status=Converged
[INFO] [STAGE] inner pirls solve iters=1 status=Converged max_eta=1.0 jeffreys_logdet=none rows=full(derivative-request) elapsed=0.001s
[INFO] [IFT-QUALITY] quality=1.005e-3 ift=2.000e0 pred_residual=1.899e-3 cap_predicted=3.000e0 iters=1
[INFO] [STAGE] logdet S rho_dim=2 penalty_rank=12 elapsed=0.000s
[INFO] [#1271-diag] path=orig p=13 penalty_rank=12 nullspace_dim=1 rss=0.996086 pen=0.023088 Dp=1.019174 pirls_edf=7.3158 logS=5.914364 logH=36.018603 half_diff=15.052119 h_above1=12 h_min=3.667e-2 h_max=2.576e3 rho=[3.6607,-0.9987] lambda=[3.889e1,3.684e-1]
  H_eig=[2.576e3,2.410e2,6.735e1,3.390e1,2.962e1,2.506e1,1.700e1,1.157e1,7.544e0,5.414e0,4.129e0,3.431e0,3.667e-2]
  Slam_eig=[2.708e1,2.706e1,3.287e0,3.276e0,2.802e0,2.693e0,2.578e0,1.903e0,1.016e0,4.096e-1,2.114e-1,1.442e-2,0.000e0]
[INFO] [reml-geometry] dense_spectral reason=constraints_present p=13 nnz_x=na nnz_h_est=na density_h_est=na threshold=0.1000
[INFO] [IFT-CACHE] outcome=miss drho_dim=2 p=13 elapsed=0.000s
[INFO] [ADAPTIVE-KKT] outer_g_norm=2.225e-8 effective_tol=1.000e-10 floor=1.000e-12 ceiling=1.000e-10
[INFO] [STAGE] PIRLS update_with_curvature iter=1 curvature=Fisher elapsed=0.000s source=rebuilt
[INFO] [PIRLS solve-end] iters=1 elapsed=0.0009s g_norm_initial=1.739e-3 g_norm_final=1.458e-12 convergence_rate=8.385e-10 status=Converged
[INFO] [STAGE] inner pirls solve iters=1 status=Converged max_eta=1.0 jeffreys_logdet=none rows=full(derivative-request) elapsed=0.001s
[INFO] [IFT-QUALITY] quality=1.329e-5 ift=3.000e0 pred_residual=2.512e-5 cap_predicted=4.500e0 iters=1
[INFO] [STAGE] logdet S rho_dim=2 penalty_rank=12 elapsed=0.000s
[INFO] [#1271-diag] path=orig p=13 penalty_rank=12 nullspace_dim=1 rss=0.995915 pen=0.025185 Dp=1.021100 pirls_edf=7.3403 logS=6.566312 logH=36.351455 half_diff=14.892571 h_above1=12 h_min=5.626e-2 h_max=2.576e3 rho=[3.6402,-0.5702] lambda=[3.810e1,5.654e-1]
  H_eig=[2.576e3,2.410e2,6.732e1,3.377e1,2.908e1,2.471e1,1.694e1,1.153e1,7.482e0,5.350e0,4.070e0,3.377e0,5.626e-2]
  Slam_eig=[2.654e1,2.651e1,3.228e0,3.209e0,2.745e0,2.639e0,2.526e0,1.867e0,1.000e0,5.585e-1,2.347e-1,2.178e-2,0.000e0]
[INFO] [reml-geometry] dense_spectral reason=constraints_present p=13 nnz_x=na nnz_h_est=na density_h_est=na threshold=0.1000
[INFO] [IFT-CACHE] outcome=miss drho_dim=2 p=13 elapsed=0.000s
[INFO] [ADAPTIVE-KKT] outer_g_norm=2.225e-8 effective_tol=1.000e-10 floor=1.000e-12 ceiling=1.000e-10
[INFO] [STAGE] PIRLS update_with_curvature iter=1 curvature=Fisher elapsed=0.000s source=rebuilt
[INFO] [PIRLS solve-end] iters=1 elapsed=0.0010s g_norm_initial=9.722e-3 g_norm_final=1.842e-10 convergence_rate=1.894e-8 status=Converged
[INFO] [STAGE] inner pirls solve iters=1 status=Converged max_eta=1.0 jeffreys_logdet=none rows=full(derivative-request) elapsed=0.001s
[INFO] [IFT-QUALITY] quality=3.852e-4 ift=4.500e0 pred_residual=7.294e-4 cap_predicted=6.750e0 iters=1
[INFO] [STAGE] logdet S rho_dim=2 penalty_rank=12 elapsed=0.000s
[INFO] [#1271-diag] path=orig p=13 penalty_rank=12 nullspace_dim=1 rss=0.992705 pen=0.018850 Dp=1.011556 pirls_edf=7.8043 logS=1.482368 logH=34.030441 half_diff=16.274036 h_above1=12 h_min=3.052e-2 h_max=2.576e3 rho=[3.2542,-1.1823] lambda=[2.590e1,3.066e-1]
  H_eig=[2.576e3,2.406e2,6.680e1,3.240e1,2.096e1,1.908e1,1.517e1,1.076e1,6.504e0,4.350e0,3.144e0,2.530e0,3.052e-2]
  Slam_eig=[1.804e1,1.802e1,2.192e0,2.182e0,1.866e0,1.794e0,1.717e0,1.268e0,6.780e-1,3.177e-1,1.515e-1,1.191e-2,0.000e0]
[INFO] [reml-geometry] dense_spectral reason=constraints_present p=13 nnz_x=na nnz_h_est=na density_h_est=na threshold=0.1000
[INFO] [IFT-CACHE] outcome=miss drho_dim=2 p=13 elapsed=0.000s
[INFO] [ADAPTIVE-KKT] outer_g_norm=2.225e-8 effective_tol=1.000e-10 floor=1.000e-12 ceiling=1.000e-10
[INFO] [STAGE] PIRLS update_with_curvature iter=1 curvature=Fisher elapsed=0.000s source=rebuilt
[INFO] [PIRLS solve-end] iters=1 elapsed=0.0009s g_norm_initial=7.267e-4 g_norm_final=1.896e-11 convergence_rate=2.609e-8 status=Converged
[INFO] [STAGE] inner pirls solve iters=1 status=Converged max_eta=1.0 jeffreys_logdet=none rows=full(derivative-request) elapsed=0.001s
[INFO] [IFT-QUALITY] quality=3.294e-5 ift=6.750e0 pred_residual=6.241e-5 cap_predicted=1.012e1 iters=1
[INFO] [STAGE] logdet S rho_dim=2 penalty_rank=12 elapsed=0.000s
[INFO] [#1271-diag] path=orig p=13 penalty_rank=12 nullspace_dim=1 rss=0.991924 pen=0.018513 Dp=1.010437 pirls_edf=7.9358 logS=0.647128 logH=33.708685 half_diff=16.530778 h_above1=12 h_min=3.485e-2 h_max=2.576e3 rho=[3.1441,-1.0495] lambda=[2.320e1,3.501e-1]
  H_eig=[2.576e3,2.406e2,6.670e1,3.220e1,1.945e1,1.795e1,1.429e1,1.058e1,6.281e0,4.125e0,2.937e0,2.342e0,3.485e-2]
  Slam_eig=[1.616e1,1.614e1,1.966e0,1.954e0,1.671e0,1.607e0,1.538e0,1.137e0,6.091e-1,3.448e-1,1.434e-1,1.347e-2,0.000e0]
[INFO] [reml-geometry] dense_spectral reason=constraints_present p=13 nnz_x=na nnz_h_est=na density_h_est=na threshold=0.1000
[INFO] [IFT-CACHE] outcome=miss drho_dim=2 p=13 elapsed=0.000s
[INFO] [ADAPTIVE-KKT] outer_g_norm=2.225e-8 effective_tol=1.000e-10 floor=1.000e-12 ceiling=1.000e-10
[INFO] [STAGE] PIRLS update_with_curvature iter=1 curvature=Fisher elapsed=0.000s source=rebuilt
[INFO] [PIRLS solve-end] iters=1 elapsed=0.0010s g_norm_initial=4.108e-2 g_norm_final=6.340e-10 convergence_rate=1.543e-8 status=Converged
[INFO] [STAGE] inner pirls solve iters=1 status=Converged max_eta=1.0 jeffreys_logdet=none rows=full(derivative-request) elapsed=0.001s
[INFO] [IFT-QUALITY] quality=1.179e-3 ift=1.012e1 pred_residual=2.226e-3 cap_predicted=1.519e1 iters=1
[INFO] [STAGE] logdet S rho_dim=2 penalty_rank=12 elapsed=0.000s
[INFO] [#1271-diag] path=orig p=13 penalty_rank=12 nullspace_dim=1 rss=0.997598 pen=0.021833 Dp=1.019432 pirls_edf=7.1279 logS=5.379892 logH=35.716338 half_diff=15.168223 h_above1=12 h_min=1.282e-2 h_max=2.576e3 rho=[3.8176,-2.0504] lambda=[4.549e1,1.287e-1]
  H_eig=[2.576e3,2.411e2,6.769e1,3.544e1,3.415e1,2.768e1,1.743e1,1.196e1,8.060e0,5.949e0,4.627e0,3.888e0,1.282e-2]
  Slam_eig=[3.166e1,3.166e1,3.837e0,3.831e0,3.278e0,3.150e0,3.015e0,2.222e0,1.185e0,3.479e-1,1.006e-1,5.132e-3,0.000e0]
[INFO] [reml-geometry] dense_spectral reason=constraints_present p=13 nnz_x=na nnz_h_est=na density_h_est=na threshold=0.1000
[INFO] [IFT-CACHE] outcome=miss drho_dim=2 p=13 elapsed=0.000s
[INFO] [ADAPTIVE-KKT] outer_g_norm=2.225e-8 effective_tol=1.000e-10 floor=1.000e-12 ceiling=1.000e-10
[INFO] [STAGE] PIRLS update_with_curvature iter=1 curvature=Fisher elapsed=0.000s source=rebuilt
[INFO] [PIRLS solve-end] iters=1 elapsed=0.0009s g_norm_initial=1.081e-2 g_norm_final=1.722e-10 convergence_rate=1.593e-8 status=Converged
[INFO] [STAGE] inner pirls solve iters=1 status=Converged max_eta=1.0 jeffreys_logdet=none rows=full(derivative-request) elapsed=0.001s
[INFO] [IFT-QUALITY] quality=4.151e-4 ift=1.519e1 pred_residual=7.855e-4 cap_predicted=2.278e1 iters=1
[INFO] [STAGE] logdet S rho_dim=2 penalty_rank=12 elapsed=0.000s
[INFO] [#1271-diag] path=orig p=13 penalty_rank=12 nullspace_dim=1 rss=0.993976 pen=0.020340 Dp=1.014317 pirls_edf=7.6067 logS=3.205358 logH=34.775713 half_diff=15.785177 h_above1=12 h_min=3.172e-2 h_max=2.576e3 rho=[3.4188,-1.1439] lambda=[3.053e1,3.186e-1]
  H_eig=[2.576e3,2.407e2,6.698e1,3.280e1,2.396e1,2.112e1,1.613e1,1.106e1,6.880e0,4.732e0,3.497e0,2.852e0,3.172e-2]
  Slam_eig=[2.126e1,2.125e1,2.582e0,2.572e0,2.200e0,2.115e0,2.024e0,1.494e0,7.985e-1,3.423e-1,1.720e-1,1.243e-2,0.000e0]
[INFO] [reml-geometry] dense_spectral reason=constraints_present p=13 nnz_x=na nnz_h_est=na density_h_est=na threshold=0.1000
[INFO] [IFT-CACHE] outcome=miss drho_dim=2 p=13 elapsed=0.000s
[INFO] [ADAPTIVE-KKT] outer_g_norm=2.225e-8 effective_tol=1.000e-10 floor=1.000e-12 ceiling=1.000e-10
[INFO] [STAGE] PIRLS update_with_curvature iter=1 curvature=Fisher elapsed=0.000s source=rebuilt
[INFO] [PIRLS solve-end] iters=1 elapsed=0.0009s g_norm_initial=1.593e-2 g_norm_final=1.372e-11 convergence_rate=8.615e-10 status=Converged
[INFO] [STAGE] inner pirls solve iters=1 status=Converged max_eta=1.0 jeffreys_logdet=none rows=full(derivative-request) elapsed=0.001s
[INFO] [IFT-QUALITY] quality=1.227e-4 ift=2.278e1 pred_residual=2.321e-4 cap_predicted=3.417e1 iters=1
[INFO] [STAGE] logdet S rho_dim=2 penalty_rank=12 elapsed=0.000s
[INFO] [#1271-diag] path=orig p=13 penalty_rank=12 nullspace_dim=1 rss=0.994433 pen=0.017639 Dp=1.012072 pirls_edf=7.5367 logS=-0.188613 logH=33.045134 half_diff=16.616873 h_above1=12 h_min=4.344e-3 h_max=2.576e3 rho=[3.4772,-3.1328] lambda=[3.237e1,4.360e-2]
  H_eig=[2.576e3,2.408e2,6.706e1,3.299e1,2.519e1,2.199e1,1.638e1,1.117e1,7.027e0,4.883e0,3.636e0,2.980e0,4.344e-3]
  Slam_eig=[2.252e1,2.252e1,2.729e0,2.726e0,2.332e0,2.241e0,2.145e0,1.581e0,8.423e-1,2.396e-1,3.514e-2,1.746e-3,0.000e0]
[INFO] [reml-geometry] dense_spectral reason=constraints_present p=13 nnz_x=na nnz_h_est=na density_h_est=na threshold=0.1000
[INFO] [IFT-CACHE] outcome=miss drho_dim=2 p=13 elapsed=0.000s
[INFO] [ADAPTIVE-KKT] outer_g_norm=2.225e-8 effective_tol=1.000e-10 floor=1.000e-12 ceiling=1.000e-10
[INFO] [STAGE] PIRLS update_with_curvature iter=1 curvature=Fisher elapsed=0.000s source=rebuilt
[INFO] [PIRLS solve-end] iters=1 elapsed=0.0010s g_norm_initial=3.019e-3 g_norm_final=6.684e-11 convergence_rate=2.214e-8 status=Converged
[INFO] [STAGE] inner pirls solve iters=1 status=Converged max_eta=1.0 jeffreys_logdet=none rows=full(derivative-request) elapsed=0.001s
[INFO] [IFT-QUALITY] quality=1.248e-4 ift=3.417e1 pred_residual=2.362e-4 cap_predicted=5.126e1 iters=1
[INFO] [STAGE] logdet S rho_dim=2 penalty_rank=12 elapsed=0.000s
[INFO] [#1271-diag] path=orig p=13 penalty_rank=12 nullspace_dim=1 rss=0.992698 pen=0.016022 Dp=1.008720 pirls_edf=7.8027 logS=-1.652961 logH=32.461383 half_diff=17.057172 h_above1=12 h_min=6.322e-3 h_max=2.575e3 rho=[3.2557,-2.7575] lambda=[2.594e1,6.345e-2]
  H_eig=[2.575e3,2.406e2,6.680e1,3.240e1,2.098e1,1.909e1,1.518e1,1.076e1,6.507e0,4.353e0,3.146e0,2.533e0,6.322e-3]
  Slam_eig=[1.805e1,1.805e1,2.187e0,2.184e0,1.869e0,1.796e0,1.719e0,1.267e0,6.753e-1,1.965e-1,5.006e-2,2.533e-3,0.000e0]
[INFO] [reml-geometry] dense_spectral reason=constraints_present p=13 nnz_x=na nnz_h_est=na density_h_est=na threshold=0.1000
[INFO] [IFT-CACHE] outcome=miss drho_dim=2 p=13 elapsed=0.000s
[INFO] [ADAPTIVE-KKT] outer_g_norm=2.225e-8 effective_tol=1.000e-10 floor=1.000e-12 ceiling=1.000e-10
[INFO] [STAGE] PIRLS update_with_curvature iter=1 curvature=Fisher elapsed=0.000s source=rebuilt
[INFO] [PIRLS solve-end] iters=1 elapsed=0.0010s g_norm_initial=2.136e-2 g_norm_final=1.318e-11 convergence_rate=6.171e-10 status=Converged
[INFO] [STAGE] inner pirls solve iters=1 status=Converged max_eta=1.0 jeffreys_logdet=none rows=full(derivative-request) elapsed=0.001s
[INFO] [IFT-QUALITY] quality=1.682e-4 ift=5.126e1 pred_residual=3.184e-4 cap_predicted=7.689e1 iters=1
[INFO] [STAGE] logdet S rho_dim=2 penalty_rank=12 elapsed=0.000s
[INFO] [#1271-diag] path=orig p=13 penalty_rank=12 nullspace_dim=1 rss=0.993390 pen=0.024088 Dp=1.017479 pirls_edf=7.7005 logS=3.986390 logH=35.217689 half_diff=15.615649 h_above1=12 h_min=6.923e-2 h_max=2.576e3 rho=[3.3406,-0.3622] lambda=[2.824e1,6.961e-1]
  H_eig=[2.576e3,2.407e2,6.689e1,3.259e1,2.244e1,2.008e1,1.573e1,1.092e1,6.696e0,4.544e0,3.322e0,2.693e0,6.923e-2]
  Slam_eig=[1.968e1,1.965e1,2.405e0,2.379e0,2.034e0,1.957e0,1.873e0,1.389e0,7.607e-1,6.329e-1,1.879e-1,2.599e-2,0.000e0]
[INFO] [reml-geometry] dense_spectral reason=constraints_present p=13 nnz_x=na nnz_h_est=na density_h_est=na threshold=0.1000
[INFO] [IFT-CACHE] outcome=miss drho_dim=2 p=13 elapsed=0.000s
[INFO] [ADAPTIVE-KKT] outer_g_norm=2.225e-8 effective_tol=1.000e-10 floor=1.000e-12 ceiling=1.000e-10
[INFO] [STAGE] PIRLS update_with_curvature iter=1 curvature=Fisher elapsed=0.000s source=rebuilt
[INFO] [PIRLS solve-end] iters=1 elapsed=0.0010s g_norm_initial=3.503e-2 g_norm_final=1.763e-10 convergence_rate=5.033e-9 status=Converged
[INFO] [STAGE] inner pirls solve iters=1 status=Converged max_eta=1.0 jeffreys_logdet=none rows=full(derivative-request) elapsed=0.001s
[INFO] [IFT-QUALITY] quality=5.826e-4 ift=7.689e1 pred_residual=1.101e-3 cap_predicted=1.153e2 iters=1
[INFO] [STAGE] logdet S rho_dim=2 penalty_rank=12 elapsed=0.000s
[INFO] [#1271-diag] path=orig p=13 penalty_rank=12 nullspace_dim=1 rss=0.996901 pen=0.020857 Dp=1.017758 pirls_edf=7.2108 logS=4.258105 logH=35.167160 half_diff=15.454528 h_above1=12 h_min=1.034e-2 h_max=2.576e3 rho=[3.7484,-2.2654] lambda=[4.245e1,1.038e-1]
  H_eig=[2.576e3,2.410e2,6.753e1,3.463e1,3.207e1,2.656e1,1.724e1,1.178e1,7.822e0,5.703e0,4.398e0,3.678e0,1.034e-2]
  Slam_eig=[2.954e1,2.954e1,3.580e0,3.575e0,3.059e0,2.940e0,2.814e0,2.074e0,1.105e0,3.216e-1,8.189e-2,4.144e-3,0.000e0]
[INFO] [reml-geometry] dense_spectral reason=constraints_present p=13 nnz_x=na nnz_h_est=na density_h_est=na threshold=0.1000
[INFO] [IFT-CACHE] outcome=miss drho_dim=2 p=13 elapsed=0.000s
[INFO] [ADAPTIVE-KKT] outer_g_norm=2.225e-8 effective_tol=1.000e-10 floor=1.000e-12 ceiling=1.000e-10
[INFO] [STAGE] PIRLS update_with_curvature iter=1 curvature=Fisher elapsed=0.000s source=rebuilt
[INFO] [PIRLS solve-end] iters=1 elapsed=0.0010s g_norm_initial=8.475e-3 g_norm_final=7.734e-11 convergence_rate=9.127e-9 status=Converged
[INFO] [STAGE] inner pirls solve iters=1 status=Converged max_eta=1.0 jeffreys_logdet=none rows=full(derivative-request) elapsed=0.001s
[INFO] [IFT-QUALITY] quality=2.315e-4 ift=1.153e2 pred_residual=4.367e-4 cap_predicted=1.730e2 iters=1
[INFO] [STAGE] logdet S rho_dim=2 penalty_rank=12 elapsed=0.000s
[INFO] [#1271-diag] path=orig p=13 penalty_rank=12 nullspace_dim=1 rss=0.999964 pen=0.022821 Dp=1.022785 pirls_edf=6.8701 logS=3.524538 logH=34.788805 half_diff=15.632134 h_above1=12 h_min=1.713e-3 h_max=2.576e3 rho=[4.0346,-4.0634] lambda=[5.652e1,1.719e-2]
  H_eig=[2.576e3,2.414e2,6.839e1,4.177e1,3.981e1,3.022e1,1.803e1,1.259e1,8.912e0,6.837e0,5.455e0,4.650e0,1.713e-3]
  Slam_eig=[3.933e1,3.933e1,4.764e0,4.759e0,4.072e0,3.914e0,3.746e0,2.760e0,1.470e0,4.110e-1,1.408e-2,6.903e-4,0.000e0]
[INFO] [reml-geometry] dense_spectral reason=constraints_present p=13 nnz_x=na nnz_h_est=na density_h_est=na threshold=0.1000
[INFO] [IFT-CACHE] outcome=miss drho_dim=2 p=13 elapsed=0.000s
[INFO] [ADAPTIVE-KKT] outer_g_norm=2.225e-8 effective_tol=1.000e-10 floor=1.000e-12 ceiling=1.000e-10
[INFO] [STAGE] PIRLS update_with_curvature iter=1 curvature=Fisher elapsed=0.000s source=rebuilt
[INFO] [PIRLS solve-end] iters=1 elapsed=0.0010s g_norm_initial=2.939e-2 g_norm_final=4.689e-10 convergence_rate=1.595e-8 status=Converged
[INFO] [STAGE] inner pirls solve iters=1 status=Converged max_eta=1.0 jeffreys_logdet=none rows=full(derivative-request) elapsed=0.001s
[INFO] [IFT-QUALITY] quality=1.177e-3 ift=1.730e2 pred_residual=2.229e-3 cap_predicted=2.595e2 iters=1
[INFO] [STAGE] logdet S rho_dim=2 penalty_rank=12 elapsed=0.000s
[INFO] [#1271-diag] path=orig p=13 penalty_rank=12 nullspace_dim=1 rss=0.993456 pen=0.016303 Dp=1.009759 pirls_edf=7.6819 logS=-3.226953 logH=31.599560 half_diff=17.413257 h_above1=12 h_min=1.739e-3 h_max=2.575e3 rho=[3.3564,-4.0481] lambda=[2.869e1,1.746e-2]
  H_eig=[2.575e3,2.407e2,6.691e1,3.262e1,2.274e1,2.028e1,1.581e1,1.094e1,6.731e0,4.580e0,3.356e0,2.724e0,1.739e-3]
  Slam_eig=[1.996e1,1.996e1,2.418e0,2.415e0,2.067e0,1.986e0,1.901e0,1.401e0,7.462e-1,2.096e-1,1.424e-2,7.004e-4,0.000e0]
[INFO] [reml-geometry] dense_spectral reason=constraints_present p=13 nnz_x=na nnz_h_est=na density_h_est=na threshold=0.1000
[INFO] [IFT-CACHE] outcome=miss drho_dim=2 p=13 elapsed=0.000s
[INFO] [ADAPTIVE-KKT] outer_g_norm=2.225e-8 effective_tol=1.000e-10 floor=1.000e-12 ceiling=1.000e-10
[INFO] [STAGE] PIRLS update_with_curvature iter=1 curvature=Fisher elapsed=0.000s source=rebuilt
[INFO] [PIRLS solve-end] iters=1 elapsed=0.0009s g_norm_initial=1.731e-2 g_norm_final=2.562e-10 convergence_rate=1.480e-8 status=Converged
[INFO] [STAGE] inner pirls solve iters=1 status=Converged max_eta=1.0 jeffreys_logdet=none rows=full(derivative-request) elapsed=0.001s
[INFO] [IFT-QUALITY] quality=5.184e-4 ift=2.595e2 pred_residual=9.791e-4 cap_predicted=3.892e2 iters=1
[INFO] [STAGE] logdet S rho_dim=2 penalty_rank=12 elapsed=0.000s
[INFO] [#1271-diag] path=orig p=13 penalty_rank=12 nullspace_dim=1 rss=0.997482 pen=0.021600 Dp=1.019083 pirls_edf=7.1414 logS=5.099858 logH=35.577830 half_diff=15.238986 h_above1=12 h_min=1.179e-2 h_max=2.576e3 rho=[3.8063,-2.1343] lambda=[4.499e1,1.183e-1]
  H_eig=[2.576e3,2.411e2,6.767e1,3.529e1,3.380e1,2.750e1,1.740e1,1.193e1,8.020e0,5.908e0,4.589e0,3.853e0,1.179e-2]
  Slam_eig=[3.131e1,3.130e1,3.794e0,3.789e0,3.241e0,3.115e0,2.982e0,2.197e0,1.171e0,3.423e-1,9.297e-2,4.722e-3,0.000e0]
[INFO] [reml-geometry] dense_spectral reason=constraints_present p=13 nnz_x=na nnz_h_est=na density_h_est=na threshold=0.1000
[INFO] [IFT-CACHE] outcome=miss drho_dim=2 p=13 elapsed=0.000s
[INFO] [ADAPTIVE-KKT] outer_g_norm=2.225e-8 effective_tol=1.000e-10 floor=1.000e-12 ceiling=1.000e-10
[INFO] [STAGE] PIRLS update_with_curvature iter=1 curvature=Fisher elapsed=0.000s source=rebuilt
[INFO] [PIRLS solve-end] iters=1 elapsed=0.0009s g_norm_initial=4.100e-2 g_norm_final=9.358e-11 convergence_rate=2.282e-9 status=Converged
[INFO] [STAGE] inner pirls solve iters=1 status=Converged max_eta=1.0 jeffreys_logdet=none rows=full(derivative-request) elapsed=0.001s
[INFO] [IFT-QUALITY] quality=5.612e-4 ift=3.892e2 pred_residual=1.058e-3 cap_predicted=5.839e2 iters=1
[INFO] [STAGE] logdet S rho_dim=2 penalty_rank=12 elapsed=0.000s
[INFO] [#1271-diag] path=orig p=13 penalty_rank=12 nullspace_dim=1 rss=1.001982 pen=0.039112 Dp=1.041094 pirls_edf=6.6915 logS=13.663855 logH=39.892510 half_diff=13.114328 h_above1=12 h_min=1.274e-1 h_max=2.578e3 rho=[4.1861,0.2490] lambda=[6.576e1,1.283e0]
  H_eig=[2.578e3,2.418e2,6.917e1,4.815e1,4.446e1,3.124e1,1.849e1,1.313e1,9.622e0,7.580e0,6.147e0,5.288e0,1.274e-1]
  Slam_eig=[4.582e1,4.576e1,5.585e0,5.540e0,4.738e0,4.556e0,4.362e0,3.228e0,1.738e0,1.215e0,4.238e-1,4.869e-2,0.000e0]
[INFO] [reml-geometry] dense_spectral reason=constraints_present p=13 nnz_x=na nnz_h_est=na density_h_est=na threshold=0.1000
[INFO] [IFT-CACHE] outcome=miss drho_dim=2 p=13 elapsed=0.000s
[INFO] [ADAPTIVE-KKT] outer_g_norm=2.225e-8 effective_tol=1.000e-10 floor=1.000e-12 ceiling=1.000e-10
[INFO] [STAGE] PIRLS update_with_curvature iter=1 curvature=Fisher elapsed=0.000s source=rebuilt
[INFO] [PIRLS solve-end] iters=1 elapsed=0.0009s g_norm_initial=2.445e-1 g_norm_final=5.621e-9 convergence_rate=2.299e-8 status=Converged
[INFO] [STAGE] inner pirls solve iters=1 status=Converged max_eta=1.0 jeffreys_logdet=none rows=full(derivative-request) elapsed=0.001s
[INFO] [IFT-QUALITY] quality=1.070e-2 ift=5.839e2 pred_residual=2.036e-2 cap_predicted=5.839e2 iters=1
[INFO] [STAGE] logdet S rho_dim=2 penalty_rank=12 elapsed=0.000s
[INFO] [#1271-diag] path=orig p=13 penalty_rank=12 nullspace_dim=1 rss=0.986223 pen=0.008997 Dp=0.995221 pirls_edf=9.0801 logS=-14.726898 logH=27.563936 half_diff=21.145417 h_above1=12 h_min=2.549e-3 h_max=2.575e3 rho=[2.1300,-3.6659] lambda=[8.415e0,2.558e-2]
  H_eig=[2.575e3,2.402e2,6.620e1,3.139e1,1.688e1,1.047e1,8.101e0,6.617e0,4.768e0,2.778e0,1.753e0,1.297e0,2.549e-3]
  Slam_eig=[5.856e0,5.855e0,7.097e-1,7.087e-1,6.063e-1,5.827e-1,5.578e-1,4.111e-1,2.191e-1,6.471e-2,1.990e-2,1.020e-3,0.000e0]
[INFO] [reml-geometry] dense_spectral reason=constraints_present p=13 nnz_x=na nnz_h_est=na density_h_est=na threshold=0.1000
[INFO] [IFT-CACHE] outcome=miss drho_dim=2 p=13 elapsed=0.000s
[INFO] [ADAPTIVE-KKT] outer_g_norm=2.225e-8 effective_tol=1.000e-10 floor=1.000e-12 ceiling=1.000e-10
[INFO] [STAGE] PIRLS update_with_curvature iter=1 curvature=Fisher elapsed=0.000s source=rebuilt
[INFO] [PIRLS solve-end] iters=1 elapsed=0.0010s g_norm_initial=1.038e-1 g_norm_final=3.336e-9 convergence_rate=3.214e-8 status=Converged
[INFO] [STAGE] inner pirls solve iters=1 status=Converged max_eta=1.0 jeffreys_logdet=none rows=full(derivative-request) elapsed=0.001s
[INFO] [IFT-QUALITY] quality=5.099e-3 ift=5.839e2 pred_residual=9.656e-3 cap_predicted=5.839e2 iters=1
[INFO] [STAGE] logdet S rho_dim=2 penalty_rank=12 elapsed=0.000s
[INFO] [#1271-diag] path=orig p=13 penalty_rank=12 nullspace_dim=1 rss=0.992526 pen=0.017877 Dp=1.010403 pirls_edf=7.8329 logS=0.747922 logH=33.682697 half_diff=16.467388 h_above1=12 h_min=2.382e-2 h_max=2.576e3 rho=[3.2303,-1.4303] lambda=[2.529e1,2.392e-1]
  H_eig=[2.576e3,2.406e2,6.678e1,3.235e1,2.059e1,1.883e1,1.499e1,1.072e1,6.454e0,4.299e0,3.097e0,2.488e0,2.382e-2]
  Slam_eig=[1.761e1,1.760e1,2.138e0,2.130e0,1.822e0,1.751e0,1.677e0,1.237e0,6.609e-1,2.661e-1,1.374e-1,9.363e-3,0.000e0]
[INFO] [reml-geometry] dense_spectral reason=constraints_present p=13 nnz_x=na nnz_h_est=na density_h_est=na threshold=0.1000
[INFO] [IFT-CACHE] outcome=miss drho_dim=2 p=13 elapsed=0.000s
[INFO] [pirls-path] repeated path=dense_transformed reason=constraints_present count=64 (suppressing identical decisions)
[INFO] [ADAPTIVE-KKT] outer_g_norm=2.225e-8 effective_tol=1.000e-10 floor=1.000e-12 ceiling=1.000e-10
[INFO] [STAGE] PIRLS update_with_curvature iter=1 curvature=Fisher elapsed=0.000s source=rebuilt
[INFO] [PIRLS solve-end] iters=1 elapsed=0.0010s g_norm_initial=2.167e-2 g_norm_final=9.164e-10 convergence_rate=4.228e-8 status=Converged
[INFO] [STAGE] inner pirls solve iters=1 status=Converged max_eta=1.0 jeffreys_logdet=none rows=full(derivative-request) elapsed=0.001s
[INFO] [IFT-QUALITY] quality=1.472e-3 ift=5.839e2 pred_residual=2.795e-3 cap_predicted=5.839e2 iters=1
[INFO] [STAGE] logdet S rho_dim=2 penalty_rank=12 elapsed=0.000s
[INFO] [#1271-diag] path=orig p=13 penalty_rank=12 nullspace_dim=1 rss=0.988263 pen=0.014150 Dp=1.002413 pirls_edf=8.6456 logS=-5.720950 logH=31.317652 half_diff=18.519301 h_above1=12 h_min=3.085e-2 h_max=2.575e3 rho=[2.5317,-1.1715] lambda=[1.257e1,3.099e-1]
  H_eig=[2.575e3,2.403e2,6.633e1,3.159e1,1.721e1,1.195e1,9.542e0,8.922e0,5.311e0,3.197e0,2.103e0,1.597e0,3.085e-2]
  Slam_eig=[8.765e0,8.750e0,1.071e0,1.059e0,9.060e-1,8.714e-1,8.343e-1,6.187e-1,3.387e-1,2.818e-1,8.368e-2,1.157e-2,0.000e0]
[INFO] [reml-geometry] dense_spectral reason=constraints_present p=13 nnz_x=na nnz_h_est=na density_h_est=na threshold=0.1000
[INFO] [IFT-CACHE] outcome=miss drho_dim=2 p=13 elapsed=0.000s
[INFO] [ADAPTIVE-KKT] outer_g_norm=2.225e-8 effective_tol=1.000e-10 floor=1.000e-12 ceiling=1.000e-10
[INFO] [STAGE] PIRLS update_with_curvature iter=1 curvature=Fisher elapsed=0.000s source=rebuilt
[INFO] [PIRLS solve-end] iters=1 elapsed=0.0009s g_norm_initial=1.550e-2 g_norm_final=1.261e-10 convergence_rate=8.136e-9 status=Converged
[INFO] [STAGE] inner pirls solve iters=1 status=Converged max_eta=1.0 jeffreys_logdet=none rows=full(derivative-request) elapsed=0.001s
[INFO] [IFT-QUALITY] quality=2.830e-4 ift=5.839e2 pred_residual=5.369e-4 cap_predicted=5.839e2 iters=1
[INFO] [STAGE] logdet S rho_dim=2 penalty_rank=12 elapsed=0.000s
[INFO] [#1271-diag] path=orig p=13 penalty_rank=12 nullspace_dim=1 rss=0.989572 pen=0.012395 Dp=1.001967 pirls_edf=8.3717 logS=-7.229352 logH=30.198938 half_diff=18.714145 h_above1=12 h_min=4.346e-3 h_max=2.575e3 rho=[2.7730,-3.1322] lambda=[1.601e1,4.362e-2]
  H_eig=[2.575e3,2.404e2,6.645e1,3.176e1,1.758e1,1.389e1,1.089e1,9.964e0,5.651e0,3.508e0,2.378e0,1.839e0,4.346e-3]
  Slam_eig=[1.114e1,1.114e1,1.350e0,1.348e0,1.153e0,1.108e0,1.061e0,7.819e-1,4.168e-1,1.221e-1,3.420e-2,1.740e-3,0.000e0]
[INFO] [reml-geometry] dense_spectral reason=constraints_present p=13 nnz_x=na nnz_h_est=na density_h_est=na threshold=0.1000
[INFO] [IFT-CACHE] outcome=miss drho_dim=2 p=13 elapsed=0.000s
[INFO] [ADAPTIVE-KKT] outer_g_norm=2.225e-8 effective_tol=1.000e-10 floor=1.000e-12 ceiling=1.000e-10
[INFO] [STAGE] PIRLS update_with_curvature iter=1 curvature=Fisher elapsed=0.000s source=rebuilt
[INFO] [PIRLS solve-end] iters=1 elapsed=0.0009s g_norm_initial=8.005e-4 g_norm_final=1.545e-12 convergence_rate=1.930e-9 status=Converged
[INFO] [STAGE] inner pirls solve iters=1 status=Converged max_eta=1.0 jeffreys_logdet=none rows=full(derivative-request) elapsed=0.001s
[INFO] [IFT-QUALITY] quality=7.922e-6 ift=5.839e2 pred_residual=1.503e-5 cap_predicted=5.839e2 iters=1
[INFO] [STAGE] logdet S rho_dim=2 penalty_rank=12 elapsed=0.000s
[INFO] [#1271-diag] path=orig p=13 penalty_rank=12 nullspace_dim=1 rss=0.989408 pen=0.011885 Dp=1.001294 pirls_edf=8.4045 logS=-9.650987 logH=29.027646 half_diff=19.339316 h_above1=12 h_min=1.493e-3 h_max=2.575e3 rho=[2.7445,-4.2006] lambda=[1.556e1,1.499e-2]
  H_eig=[2.575e3,2.404e2,6.643e1,3.174e1,1.752e1,1.362e1,1.065e1,9.907e0,5.609e0,3.468e0,2.342e0,1.807e0,1.493e-3]
  Slam_eig=[1.083e1,1.082e1,1.311e0,1.310e0,1.121e0,1.077e0,1.031e0,7.597e-1,4.048e-1,1.144e-1,1.216e-2,6.007e-4,0.000e0]
[INFO] [reml-geometry] dense_spectral reason=constraints_present p=13 nnz_x=na nnz_h_est=na density_h_est=na threshold=0.1000
[INFO] [IFT-CACHE] outcome=miss drho_dim=2 p=13 elapsed=0.000s
[INFO] [ADAPTIVE-KKT] outer_g_norm=2.225e-8 effective_tol=1.000e-10 floor=1.000e-12 ceiling=1.000e-10
[INFO] [STAGE] PIRLS update_with_curvature iter=1 curvature=Fisher elapsed=0.000s source=rebuilt
[INFO] [PIRLS solve-end] iters=1 elapsed=0.0010s g_norm_initial=9.467e-3 g_norm_final=2.540e-10 convergence_rate=2.683e-8 status=Converged
[INFO] [STAGE] inner pirls solve iters=1 status=Converged max_eta=1.0 jeffreys_logdet=none rows=full(derivative-request) elapsed=0.001s
[INFO] [IFT-QUALITY] quality=4.238e-4 ift=5.839e2 pred_residual=8.031e-4 cap_predicted=5.839e2 iters=1
[INFO] [STAGE] logdet S rho_dim=2 penalty_rank=12 elapsed=0.000s
[INFO] [#1271-diag] path=orig p=13 penalty_rank=12 nullspace_dim=1 rss=0.991579 pen=0.016105 Dp=1.007685 pirls_edf=7.9938 logS=-1.225981 logH=32.818976 half_diff=17.022479 h_above1=12 h_min=1.743e-2 h_max=2.575e3 rho=[3.0954,-1.7427] lambda=[2.210e1,1.751e-1]
  H_eig=[2.575e3,2.405e2,6.666e1,3.213e1,1.896e1,1.743e1,1.385e1,1.050e1,6.188e0,4.032e0,2.852e0,2.265e0,1.743e-2]
  Slam_eig=[1.538e1,1.538e1,1.867e0,1.861e0,1.592e0,1.530e0,1.465e0,1.081e0,5.769e-1,2.110e-1,1.106e-1,6.881e-3,0.000e0]
[INFO] [reml-geometry] dense_spectral reason=constraints_present p=13 nnz_x=na nnz_h_est=na density_h_est=na threshold=0.1000
[INFO] [IFT-CACHE] outcome=miss drho_dim=2 p=13 elapsed=0.000s
[INFO] [ADAPTIVE-KKT] outer_g_norm=2.225e-8 effective_tol=1.000e-10 floor=1.000e-12 ceiling=1.000e-10
[INFO] [STAGE] PIRLS update_with_curvature iter=1 curvature=Fisher elapsed=0.000s source=rebuilt
[INFO] [PIRLS solve-end] iters=1 elapsed=0.0009s g_norm_initial=1.916e-2 g_norm_final=9.364e-10 convergence_rate=4.887e-8 status=Converged
[INFO] [STAGE] inner pirls solve iters=1 status=Converged max_eta=1.0 jeffreys_logdet=none rows=full(derivative-request) elapsed=0.001s
[INFO] [IFT-QUALITY] quality=1.489e-3 ift=5.839e2 pred_residual=2.829e-3 cap_predicted=8.758e2 iters=1
[INFO] [STAGE] logdet S rho_dim=2 penalty_rank=12 elapsed=0.000s
[INFO] [#1271-diag] path=orig p=13 penalty_rank=12 nullspace_dim=1 rss=0.987694 pen=0.013390 Dp=1.001084 pirls_edf=8.7669 logS=-6.934869 logH=30.897697 half_diff=18.916283 h_above1=12 h_min=2.908e-2 h_max=2.575e3 rho=[2.4221,-1.2306] lambda=[1.127e1,2.921e-1]
  H_eig=[2.575e3,2.403e2,6.629e1,3.152e1,1.709e1,1.134e1,9.206e0,8.204e0,5.164e0,3.072e0,1.996e0,1.504e0,2.908e-2]
  Slam_eig=[7.856e0,7.842e0,9.606e-1,9.494e-1,8.120e-1,7.810e-1,7.478e-1,5.549e-1,3.067e-1,2.618e-1,7.550e-2,1.086e-2,0.000e0]
[INFO] [reml-geometry] dense_spectral reason=constraints_present p=13 nnz_x=na nnz_h_est=na density_h_est=na threshold=0.1000
[INFO] [IFT-CACHE] outcome=miss drho_dim=2 p=13 elapsed=0.000s
[INFO] [ADAPTIVE-KKT] outer_g_norm=2.225e-8 effective_tol=1.000e-10 floor=1.000e-12 ceiling=1.000e-10
[INFO] [STAGE] PIRLS update_with_curvature iter=1 curvature=Fisher elapsed=0.000s source=rebuilt
[INFO] [PIRLS solve-end] iters=1 elapsed=0.0009s g_norm_initial=6.088e-2 g_norm_final=1.654e-9 convergence_rate=2.717e-8 status=Converged
[INFO] [STAGE] inner pirls solve iters=1 status=Converged max_eta=1.0 jeffreys_logdet=none rows=full(derivative-request) elapsed=0.001s
[INFO] [IFT-QUALITY] quality=2.690e-3 ift=8.758e2 pred_residual=5.093e-3 cap_predicted=1.314e3 iters=1
[INFO] [STAGE] logdet S rho_dim=2 penalty_rank=12 elapsed=0.000s
[INFO] [#1271-diag] path=orig p=13 penalty_rank=12 nullspace_dim=1 rss=0.992777 pen=0.015584 Dp=1.008361 pirls_edf=7.7892 logS=-4.035970 logH=31.260879 half_diff=17.648425 h_above1=12 h_min=1.815e-3 h_max=2.575e3 rho=[3.2670,-4.0053] lambda=[2.623e1,1.822e-2]
  H_eig=[2.575e3,2.406e2,6.681e1,3.242e1,2.116e1,1.922e1,1.526e1,1.078e1,6.531e0,4.377e0,3.169e0,2.553e0,1.815e-3]
  Slam_eig=[1.825e1,1.825e1,2.211e0,2.209e0,1.890e0,1.816e0,1.739e0,1.281e0,6.824e-1,1.919e-1,1.484e-2,7.308e-4,0.000e0]
[INFO] [reml-geometry] dense_spectral reason=constraints_present p=13 nnz_x=na nnz_h_est=na density_h_est=na threshold=0.1000
[INFO] [IFT-CACHE] outcome=miss drho_dim=2 p=13 elapsed=0.000s
[INFO] [ADAPTIVE-KKT] outer_g_norm=2.225e-8 effective_tol=1.000e-10 floor=1.000e-12 ceiling=1.000e-10
[INFO] [STAGE] PIRLS update_with_curvature iter=1 curvature=Fisher elapsed=0.000s source=rebuilt
[INFO] [PIRLS solve-end] iters=1 elapsed=0.0009s g_norm_initial=6.692e-2 g_norm_final=7.938e-10 convergence_rate=1.186e-8 status=Converged
[INFO] [STAGE] inner pirls solve iters=1 status=Converged max_eta=1.0 jeffreys_logdet=none rows=full(derivative-request) elapsed=0.001s
[INFO] [IFT-QUALITY] quality=1.654e-3 ift=1.314e3 pred_residual=3.120e-3 cap_predicted=1.314e3 iters=1
[INFO] [STAGE] logdet S rho_dim=2 penalty_rank=12 elapsed=0.000s
[INFO] [#1271-diag] path=orig p=13 penalty_rank=12 nullspace_dim=1 rss=1.000405 pen=0.027804 Dp=1.028209 pirls_edf=6.8305 logS=10.232719 logH=38.148165 half_diff=13.957723 h_above1=12 h_min=4.146e-2 h_max=2.577e3 rho=[4.0680,-0.8760] lambda=[5.844e1,4.165e-1]
  H_eig=[2.577e3,2.415e2,6.853e1,4.309e1,4.074e1,3.048e1,1.813e1,1.270e1,9.060e0,6.991e0,5.598e0,4.782e0,4.146e-2]
  Slam_eig=[4.068e1,4.066e1,4.936e0,4.922e0,4.210e0,4.047e0,3.874e0,2.857e0,1.525e0,5.323e-1,2.753e-1,1.641e-2,0.000e0]
[INFO] [reml-geometry] dense_spectral reason=constraints_present p=13 nnz_x=na nnz_h_est=na density_h_est=na threshold=0.1000
[INFO] [IFT-CACHE] outcome=miss drho_dim=2 p=13 elapsed=0.000s
[INFO] [ADAPTIVE-KKT] outer_g_norm=2.225e-8 effective_tol=1.000e-10 floor=1.000e-12 ceiling=1.000e-10
[INFO] [STAGE] PIRLS update_with_curvature iter=1 curvature=Fisher elapsed=0.000s source=rebuilt
[INFO] [PIRLS solve-end] iters=1 elapsed=0.0009s g_norm_initial=1.189e-1 g_norm_final=4.360e-10 convergence_rate=3.666e-9 status=Converged
[INFO] [STAGE] inner pirls solve iters=1 status=Converged max_eta=1.0 jeffreys_logdet=none rows=full(derivative-request) elapsed=0.001s
[INFO] [IFT-QUALITY] quality=2.017e-3 ift=1.314e3 pred_residual=3.816e-3 cap_predicted=1.314e3 iters=1
[INFO] [STAGE] logdet S rho_dim=2 penalty_rank=12 elapsed=0.000s
[INFO] [#1271-diag] path=orig p=13 penalty_rank=12 nullspace_dim=1 rss=0.993572 pen=0.061479 Dp=1.055051 pirls_edf=7.7281 logS=7.201803 logH=36.845654 half_diff=14.821925 h_above1=12 h_min=3.876e-1 h_max=2.579e3 rho=[3.3156,1.3703] lambda=[2.754e1,3.937e0]
  H_eig=[2.579e3,2.410e2,6.687e1,3.257e1,2.199e1,1.978e1,1.563e1,1.091e1,6.646e0,4.490e0,3.270e0,2.645e0,3.876e-1]
  Slam_eig=[1.939e1,1.916e1,3.916e0,2.320e0,2.191e0,1.984e0,1.901e0,1.819e0,1.331e0,7.438e-1,2.941e-1,9.078e-2,0.000e0]
[INFO] [reml-geometry] dense_spectral reason=constraints_present p=13 nnz_x=na nnz_h_est=na density_h_est=na threshold=0.1000
[INFO] [IFT-CACHE] outcome=miss drho_dim=2 p=13 elapsed=0.000s
[INFO] [ADAPTIVE-KKT] outer_g_norm=2.225e-8 effective_tol=1.000e-10 floor=1.000e-12 ceiling=1.000e-10
[INFO] [STAGE] PIRLS update_with_curvature iter=1 curvature=Fisher elapsed=0.000s source=rebuilt
[INFO] [PIRLS solve-end] iters=1 elapsed=0.0009s g_norm_initial=4.939e-1 g_norm_final=2.788e-10 convergence_rate=5.645e-10 status=Converged
[INFO] [STAGE] inner pirls solve iters=1 status=Converged max_eta=1.0 jeffreys_logdet=none rows=full(derivative-request) elapsed=0.001s
[INFO] [IFT-QUALITY] quality=4.294e-3 ift=1.314e3 pred_residual=8.105e-3 cap_predicted=1.314e3 iters=1
[INFO] [STAGE] logdet S rho_dim=2 penalty_rank=12 elapsed=0.000s
[INFO] [#1271-diag] path=orig p=13 penalty_rank=12 nullspace_dim=1 rss=0.998872 pen=0.022587 Dp=1.021460 pirls_edf=6.9848 logS=5.797223 logH=35.918182 half_diff=15.060479 h_above1=12 h_min=8.662e-3 h_max=2.576e3 rho=[3.9377,-2.4426] lambda=[5.130e1,8.694e-2]
  H_eig=[2.576e3,2.413e2,6.803e1,3.818e1,3.748e1,2.928e1,1.776e1,1.229e1,8.510e0,6.417e0,5.063e0,4.290e0,8.662e-3]
  Slam_eig=[3.570e1,3.570e1,4.325e0,4.320e0,3.696e0,3.553e0,3.400e0,2.506e0,1.335e0,3.823e-1,6.965e-2,3.478e-3,0.000e0]
[INFO] [reml-geometry] dense_spectral reason=constraints_present p=13 nnz_x=na nnz_h_est=na density_h_est=na threshold=0.1000
[INFO] [IFT-CACHE] outcome=miss drho_dim=2 p=13 elapsed=0.000s
[INFO] [ADAPTIVE-KKT] outer_g_norm=2.225e-8 effective_tol=1.000e-10 floor=1.000e-12 ceiling=1.000e-10
[INFO] [STAGE] PIRLS update_with_curvature iter=1 curvature=Fisher elapsed=0.000s source=rebuilt
[INFO] [PIRLS solve-end] iters=1 elapsed=0.0010s g_norm_initial=6.367e-2 g_norm_final=1.395e-9 convergence_rate=2.191e-8 status=Converged
[INFO] [STAGE] inner pirls solve iters=1 status=Converged max_eta=1.0 jeffreys_logdet=none rows=full(derivative-request) elapsed=0.001s
[INFO] [IFT-QUALITY] quality=2.938e-3 ift=1.314e3 pred_residual=5.571e-3 cap_predicted=1.314e3 iters=1
[INFO] [STAGE] logdet S rho_dim=2 penalty_rank=12 elapsed=0.000s
[INFO] [#1271-diag] path=orig p=13 penalty_rank=12 nullspace_dim=1 rss=0.990121 pen=0.020340 Dp=1.010462 pirls_edf=8.2704 logS=-0.880901 logH=33.258602 half_diff=17.069752 h_above1=12 h_min=6.711e-2 h_max=2.576e3 rho=[2.8600,-0.3932] lambda=[1.746e1,6.749e-1]
  H_eig=[2.576e3,2.405e2,6.650e1,3.185e1,1.779e1,1.477e1,1.166e1,1.013e1,5.786e0,3.636e0,2.492e0,1.941e0,6.711e-2]
  Slam_eig=[1.218e1,1.215e1,1.503e0,1.471e0,1.258e0,1.211e0,1.160e0,8.704e-1,6.158e-1,4.498e-1,1.238e-1,2.401e-2,0.000e0]
[INFO] [reml-geometry] dense_spectral reason=constraints_present p=13 nnz_x=na nnz_h_est=na density_h_est=na threshold=0.1000
[INFO] [IFT-CACHE] outcome=miss drho_dim=2 p=13 elapsed=0.000s
[INFO] [ADAPTIVE-KKT] outer_g_norm=2.225e-8 effective_tol=1.000e-10 floor=1.000e-12 ceiling=1.000e-10
[INFO] [STAGE] PIRLS update_with_curvature iter=1 curvature=Fisher elapsed=0.000s source=rebuilt
[INFO] [PIRLS solve-end] iters=1 elapsed=0.0009s g_norm_initial=1.911e-2 g_norm_final=8.518e-11 convergence_rate=4.458e-9 status=Converged
[INFO] [STAGE] inner pirls solve iters=1 status=Converged max_eta=1.0 jeffreys_logdet=none rows=full(derivative-request) elapsed=0.001s
[INFO] [IFT-QUALITY] quality=2.541e-4 ift=1.314e3 pred_residual=4.825e-4 cap_predicted=1.314e3 iters=1
[INFO] [STAGE] logdet S rho_dim=2 penalty_rank=12 elapsed=0.000s
[INFO] [#1271-diag] path=orig p=13 penalty_rank=12 nullspace_dim=1 rss=0.988827 pen=0.013078 Dp=1.001904 pirls_edf=8.5256 logS=-5.863414 logH=31.077099 half_diff=18.470256 h_above1=12 h_min=1.686e-2 h_max=2.575e3 rho=[2.6384,-1.7761] lambda=[1.399e1,1.693e-1]
  H_eig=[2.575e3,2.403e2,6.638e1,3.166e1,1.734e1,1.271e1,9.910e0,9.589e0,5.457e0,3.327e0,2.218e0,1.697e0,1.686e-2]
  Slam_eig=[9.743e0,9.735e0,1.184e0,1.178e0,1.008e0,9.691e-1,9.276e-1,6.850e-1,3.663e-1,1.745e-1,8.235e-2,6.574e-3,0.000e0]
[INFO] [reml-geometry] dense_spectral reason=constraints_present p=13 nnz_x=na nnz_h_est=na density_h_est=na threshold=0.1000
[INFO] [IFT-CACHE] outcome=miss drho_dim=2 p=13 elapsed=0.000s
[INFO] [ADAPTIVE-KKT] outer_g_norm=2.225e-8 effective_tol=1.000e-10 floor=1.000e-12 ceiling=1.000e-10
[INFO] [STAGE] PIRLS update_with_curvature iter=1 curvature=Fisher elapsed=0.000s source=rebuilt
[INFO] [PIRLS solve-end] iters=1 elapsed=0.0010s g_norm_initial=5.433e-2 g_norm_final=1.327e-9 convergence_rate=2.443e-8 status=Converged
[INFO] [STAGE] inner pirls solve iters=1 status=Converged max_eta=1.0 jeffreys_logdet=none rows=full(derivative-request) elapsed=0.001s
[INFO] [IFT-QUALITY] quality=2.108e-3 ift=1.314e3 pred_residual=3.988e-3 cap_predicted=1.314e3 iters=1
[INFO] [STAGE] logdet S rho_dim=2 penalty_rank=12 elapsed=0.000s
[INFO] [#1271-diag] path=orig p=13 penalty_rank=12 nullspace_dim=1 rss=0.994205 pen=0.018296 Dp=1.012501 pirls_edf=7.5706 logS=1.570717 logH=33.940514 half_diff=16.184898 h_above1=12 h_min=1.206e-2 h_max=2.576e3 rho=[3.4489,-2.1118] lambda=[3.147e1,1.210e-1]
  H_eig=[2.576e3,2.408e2,6.702e1,3.289e1,2.458e1,2.156e1,1.626e1,1.112e1,6.955e0,4.809e0,3.567e0,2.917e0,1.206e-2]
  Slam_eig=[2.190e1,2.189e1,2.655e0,2.650e0,2.267e0,2.179e0,2.086e0,1.537e0,8.197e-1,2.478e-1,9.208e-2,4.813e-3,0.000e0]
[INFO] [reml-geometry] dense_spectral reason=constraints_present p=13 nnz_x=na nnz_h_est=na density_h_est=na threshold=0.1000
[INFO] [IFT-CACHE] outcome=miss drho_dim=2 p=13 elapsed=0.000s
[INFO] [ADAPTIVE-KKT] outer_g_norm=2.225e-8 effective_tol=1.000e-10 floor=1.000e-12 ceiling=1.000e-10
[INFO] [STAGE] PIRLS update_with_curvature iter=1 curvature=Fisher elapsed=0.000s source=rebuilt
[INFO] [PIRLS solve-end] iters=1 elapsed=0.0009s g_norm_initial=1.070e-2 g_norm_final=2.886e-10 convergence_rate=2.698e-8 status=Converged
[INFO] [STAGE] inner pirls solve iters=1 status=Converged max_eta=1.0 jeffreys_logdet=none rows=full(derivative-request) elapsed=0.001s
[INFO] [IFT-QUALITY] quality=5.070e-4 ift=1.314e3 pred_residual=9.611e-4 cap_predicted=1.314e3 iters=1
[INFO] [STAGE] logdet S rho_dim=2 penalty_rank=12 elapsed=0.000s
[INFO] [#1271-diag] path=orig p=13 penalty_rank=12 nullspace_dim=1 rss=0.990992 pen=0.014357 Dp=1.005348 pirls_edf=8.0986 logS=-3.681757 logH=31.683672 half_diff=17.682714 h_above1=12 h_min=7.953e-3 h_max=2.575e3 rho=[3.0069,-2.5279] lambda=[2.022e1,7.983e-2]
  H_eig=[2.575e3,2.405e2,6.659e1,3.201e1,1.835e1,1.642e1,1.302e1,1.036e1,6.028e0,3.873e0,2.707e0,2.135e0,7.953e-3]
  Slam_eig=[1.408e1,1.407e1,1.706e0,1.703e0,1.457e0,1.401e0,1.341e0,9.882e-1,5.269e-1,1.598e-1,6.055e-2,3.174e-3,0.000e0]
[INFO] [reml-geometry] dense_spectral reason=constraints_present p=13 nnz_x=na nnz_h_est=na density_h_est=na threshold=0.1000
[INFO] [IFT-CACHE] outcome=miss drho_dim=2 p=13 elapsed=0.000s
[INFO] [ADAPTIVE-KKT] outer_g_norm=2.225e-8 effective_tol=1.000e-10 floor=1.000e-12 ceiling=1.000e-10
[INFO] [STAGE] PIRLS update_with_curvature iter=1 curvature=Fisher elapsed=0.000s source=rebuilt
[INFO] [PIRLS solve-end] iters=1 elapsed=0.0009s g_norm_initial=2.420e-2 g_norm_final=3.949e-10 convergence_rate=1.632e-8 status=Converged
[INFO] [STAGE] inner pirls solve iters=1 status=Converged max_eta=1.0 jeffreys_logdet=none rows=full(derivative-request) elapsed=0.001s
[INFO] [IFT-QUALITY] quality=7.404e-4 ift=1.314e3 pred_residual=1.400e-3 cap_predicted=1.314e3 iters=1
[INFO] [STAGE] logdet S rho_dim=2 penalty_rank=12 elapsed=0.000s
[INFO] [#1271-diag] path=orig p=13 penalty_rank=12 nullspace_dim=1 rss=0.994742 pen=0.024120 Dp=1.018862 pirls_edf=7.4992 logS=5.285026 logH=35.766345 half_diff=15.240659 h_above1=12 h_min=5.738e-2 h_max=2.576e3 rho=[3.5081,-0.5503] lambda=[3.338e1,5.768e-1]
  H_eig=[2.576e3,2.408e2,6.711e1,3.311e1,2.587e1,2.248e1,1.650e1,1.124e1,7.109e0,4.966e0,3.713e0,3.050e0,5.738e-2]
  Slam_eig=[2.326e1,2.323e1,2.832e0,2.812e0,2.405e0,2.313e0,2.214e0,1.637e0,8.789e-1,5.560e-1,2.112e-1,2.205e-2,0.000e0]
[INFO] [reml-geometry] dense_spectral reason=constraints_present p=13 nnz_x=na nnz_h_est=na density_h_est=na threshold=0.1000
[INFO] [IFT-CACHE] outcome=miss drho_dim=2 p=13 elapsed=0.000s
[INFO] [ADAPTIVE-KKT] outer_g_norm=2.225e-8 effective_tol=1.000e-10 floor=1.000e-12 ceiling=1.000e-10
[INFO] [STAGE] PIRLS update_with_curvature iter=1 curvature=Fisher elapsed=0.000s source=rebuilt
[INFO] [PIRLS solve-end] iters=1 elapsed=0.0010s g_norm_initial=7.666e-2 g_norm_final=8.714e-11 convergence_rate=1.137e-9 status=Converged
[INFO] [STAGE] inner pirls solve iters=1 status=Converged max_eta=1.0 jeffreys_logdet=none rows=full(derivative-request) elapsed=0.001s
[INFO] [IFT-QUALITY] quality=5.605e-4 ift=1.314e3 pred_residual=1.059e-3 cap_predicted=1.971e3 iters=1
[INFO] [STAGE] logdet S rho_dim=2 penalty_rank=12 elapsed=0.000s
[INFO] [#1271-diag] path=orig p=13 penalty_rank=12 nullspace_dim=1 rss=0.995251 pen=0.056016 Dp=1.051266 pirls_edf=7.4716 logS=8.994275 logH=37.612612 half_diff=14.309168 h_above1=12 h_min=3.270e-1 h_max=2.578e3 rho=[3.5293,1.1980] lambda=[3.410e1,3.313e0]
  H_eig=[2.578e3,2.411e2,6.714e1,3.322e1,2.636e1,2.284e1,1.661e1,1.132e1,7.172e0,5.029e0,3.769e0,3.100e0,3.270e-1]
  Slam_eig=[2.391e1,2.373e1,3.566e0,2.873e0,2.561e0,2.457e0,2.345e0,2.239e0,1.638e0,9.041e-1,3.049e-1,9.293e-2,0.000e0]
[INFO] [reml-geometry] dense_spectral reason=constraints_present p=13 nnz_x=na nnz_h_est=na density_h_est=na threshold=0.1000
[INFO] [IFT-CACHE] outcome=miss drho_dim=2 p=13 elapsed=0.000s
[INFO] [ADAPTIVE-KKT] outer_g_norm=2.225e-8 effective_tol=1.000e-10 floor=1.000e-12 ceiling=1.000e-10
[INFO] [STAGE] PIRLS update_with_curvature iter=1 curvature=Fisher elapsed=0.000s source=rebuilt
[INFO] [PIRLS solve-end] iters=1 elapsed=0.0010s g_norm_initial=8.653e-2 g_norm_final=8.749e-10 convergence_rate=1.011e-8 status=Converged
[INFO] [STAGE] inner pirls solve iters=1 status=Converged max_eta=1.0 jeffreys_logdet=none rows=full(derivative-request) elapsed=0.001s
[INFO] [IFT-QUALITY] quality=1.940e-3 ift=1.971e3 pred_residual=3.680e-3 cap_predicted=1.971e3 iters=1
[INFO] [STAGE] logdet S rho_dim=2 penalty_rank=12 elapsed=0.000s
[INFO] [#1271-diag] path=orig p=13 penalty_rank=12 nullspace_dim=1 rss=0.989429 pen=0.022385 Dp=1.011814 pirls_edf=8.4107 logS=-1.490093 logH=33.117153 half_diff=17.303623 h_above1=12 h_min=9.076e-2 h_max=2.576e3 rho=[2.7386,-0.0904] lambda=[1.546e1,9.136e-1]
  H_eig=[2.576e3,2.404e2,6.643e1,3.174e1,1.751e1,1.357e1,1.061e1,9.907e0,5.602e0,3.461e0,2.335e0,1.801e0,9.076e-2]
  Slam_eig=[1.081e1,1.076e1,1.369e0,1.303e0,1.114e0,1.076e0,1.031e0,8.561e-1,7.112e-1,4.041e-1,1.188e-1,3.007e-2,0.000e0]
[INFO] [reml-geometry] dense_spectral reason=constraints_present p=13 nnz_x=na nnz_h_est=na density_h_est=na threshold=0.1000
[INFO] [IFT-CACHE] outcome=miss drho_dim=2 p=13 elapsed=0.000s
[INFO] [ADAPTIVE-KKT] outer_g_norm=2.225e-8 effective_tol=1.000e-10 floor=1.000e-12 ceiling=1.000e-10
[INFO] [STAGE] PIRLS update_with_curvature iter=1 curvature=Fisher elapsed=0.000s source=rebuilt
[INFO] [PIRLS solve-end] iters=1 elapsed=0.0009s g_norm_initial=1.280e-2 g_norm_final=3.181e-10 convergence_rate=2.485e-8 status=Converged
[INFO] [STAGE] inner pirls solve iters=1 status=Converged max_eta=1.0 jeffreys_logdet=none rows=full(derivative-request) elapsed=0.001s
[INFO] [IFT-QUALITY] quality=5.493e-4 ift=1.971e3 pred_residual=1.041e-3 cap_predicted=2.956e3 iters=1
[INFO] [STAGE] logdet S rho_dim=2 penalty_rank=12 elapsed=0.000s
[INFO] [#1271-diag] path=orig p=13 penalty_rank=12 nullspace_dim=1 rss=0.991892 pen=0.019791 Dp=1.011682 pirls_edf=7.9427 logS=1.147809 logH=33.964682 half_diff=16.408437 h_above1=12 h_min=4.610e-2 h_max=2.576e3 rho=[3.1382,-0.7695] lambda=[2.306e1,4.633e-1]
  H_eig=[2.576e3,2.406e2,6.669e1,3.219e1,1.938e1,1.788e1,1.424e1,1.057e1,6.270e0,4.113e0,2.926e0,2.333e0,4.610e-2]
  Slam_eig=[1.607e1,1.605e1,1.959e0,1.943e0,1.662e0,1.598e0,1.530e0,1.132e0,6.102e-1,4.369e-1,1.492e-1,1.755e-2,0.000e0]
[INFO] [reml-geometry] dense_spectral reason=constraints_present p=13 nnz_x=na nnz_h_est=na density_h_est=na threshold=0.1000
[INFO] [IFT-CACHE] outcome=miss drho_dim=2 p=13 elapsed=0.000s
[INFO] [ADAPTIVE-KKT] outer_g_norm=2.225e-8 effective_tol=1.000e-10 floor=1.000e-12 ceiling=1.000e-10
[INFO] [STAGE] PIRLS update_with_curvature iter=1 curvature=Fisher elapsed=0.000s source=rebuilt
[INFO] [PIRLS solve-end] iters=1 elapsed=0.0010s g_norm_initial=1.195e-2 g_norm_final=1.062e-11 convergence_rate=8.888e-10 status=Converged
[INFO] [STAGE] inner pirls solve iters=1 status=Converged max_eta=1.0 jeffreys_logdet=none rows=full(derivative-request) elapsed=0.001s
[INFO] [IFT-QUALITY] quality=9.306e-5 ift=2.956e3 pred_residual=1.763e-4 cap_predicted=4.434e3 iters=1
[INFO] [STAGE] logdet S rho_dim=2 penalty_rank=12 elapsed=0.000s
[INFO] [#1271-diag] path=orig p=13 penalty_rank=12 nullspace_dim=1 rss=0.992203 pen=0.016200 Dp=1.008402 pirls_edf=7.8855 logS=-0.992372 logH=32.850278 half_diff=16.921325 h_above1=12 h_min=1.244e-2 h_max=2.575e3 rho=[3.1863,-2.0805] lambda=[2.420e1,1.249e-1]
  H_eig=[2.575e3,2.406e2,6.674e1,3.227e1,1.997e1,1.838e1,1.464e1,1.065e1,6.364e0,4.208e0,3.013e0,2.412e0,1.244e-2]
  Slam_eig=[1.684e1,1.684e1,2.042e0,2.038e0,1.744e0,1.676e0,1.604e0,1.183e0,6.308e-1,2.000e-1,9.072e-2,4.948e-3,0.000e0]
[INFO] [reml-geometry] dense_spectral reason=constraints_present p=13 nnz_x=na nnz_h_est=na density_h_est=na threshold=0.1000
[INFO] [IFT-CACHE] outcome=miss drho_dim=2 p=13 elapsed=0.000s
[INFO] [ADAPTIVE-KKT] outer_g_norm=2.225e-8 effective_tol=1.000e-10 floor=1.000e-12 ceiling=1.000e-10
[INFO] [STAGE] PIRLS update_with_curvature iter=1 curvature=Fisher elapsed=0.000s source=rebuilt
[INFO] [PIRLS solve-end] iters=1 elapsed=0.0010s g_norm_initial=7.053e-2 g_norm_final=8.549e-10 convergence_rate=1.212e-8 status=Converged
[INFO] [STAGE] inner pirls solve iters=1 status=Converged max_eta=1.0 jeffreys_logdet=none rows=full(derivative-request) elapsed=0.001s
[INFO] [IFT-QUALITY] quality=1.751e-3 ift=4.434e3 pred_residual=3.303e-3 cap_predicted=6.651e3 iters=1
[INFO] [STAGE] logdet S rho_dim=2 penalty_rank=12 elapsed=0.000s
[INFO] [#1271-diag] path=orig p=13 penalty_rank=12 nullspace_dim=1 rss=0.999682 pen=0.033279 Dp=1.032961 pirls_edf=6.9097 logS=11.215395 logH=38.631176 half_diff=13.707890 h_above1=12 h_min=9.480e-2 h_max=2.577e3 rho=[4.0005,-0.0475] lambda=[5.463e1,9.536e-1]
  H_eig=[2.577e3,2.414e2,6.826e1,4.047e1,3.893e1,2.993e1,1.794e1,1.250e1,8.769e0,6.686e0,5.313e0,4.519e0,9.480e-2]
  Slam_eig=[3.806e1,3.801e1,4.634e0,4.602e0,3.936e0,3.784e0,3.623e0,2.679e0,1.439e0,9.178e-1,3.461e-1,3.643e-2,0.000e0]
[INFO] [reml-geometry] dense_spectral reason=constraints_present p=13 nnz_x=na nnz_h_est=na density_h_est=na threshold=0.1000
[INFO] [IFT-CACHE] outcome=miss drho_dim=2 p=13 elapsed=0.000s
[INFO] [ADAPTIVE-KKT] outer_g_norm=2.225e-8 effective_tol=1.000e-10 floor=1.000e-12 ceiling=1.000e-10
[INFO] [STAGE] PIRLS update_with_curvature iter=1 curvature=Fisher elapsed=0.000s source=rebuilt
[INFO] [PIRLS solve-end] iters=1 elapsed=0.0009s g_norm_initial=5.328e-2 g_norm_final=1.184e-10 convergence_rate=2.223e-9 status=Converged
[INFO] [STAGE] inner pirls solve iters=1 status=Converged max_eta=1.0 jeffreys_logdet=none rows=full(derivative-request) elapsed=0.001s
[INFO] [IFT-QUALITY] quality=7.080e-4 ift=6.651e3 pred_residual=1.339e-3 cap_predicted=6.651e3 iters=1
[INFO] [STAGE] logdet S rho_dim=2 penalty_rank=12 elapsed=0.000s
[INFO] [#1271-diag] path=orig p=13 penalty_rank=12 nullspace_dim=1 rss=0.995324 pen=0.019379 Dp=1.014703 pirls_edf=7.4132 logS=2.760778 logH=34.471118 half_diff=15.855170 h_above1=12 h_min=1.136e-2 h_max=2.576e3 rho=[3.5798,-2.1712] lambda=[3.587e1,1.140e-1]
  H_eig=[2.576e3,2.409e2,6.721e1,3.342e1,2.756e1,2.367e1,1.675e1,1.139e1,7.305e0,5.168e0,3.901e0,3.222e0,1.136e-2]
  Slam_eig=[2.496e1,2.496e1,3.025e0,3.021e0,2.584e0,2.484e0,2.377e0,1.752e0,9.341e-1,2.769e-1,8.840e-2,4.543e-3,0.000e0]
[INFO] [reml-geometry] dense_spectral reason=constraints_present p=13 nnz_x=na nnz_h_est=na density_h_est=na threshold=0.1000
[INFO] [IFT-CACHE] outcome=miss drho_dim=2 p=13 elapsed=0.000s
[INFO] [ADAPTIVE-KKT] outer_g_norm=2.225e-8 effective_tol=1.000e-10 floor=1.000e-12 ceiling=1.000e-10
[INFO] [STAGE] PIRLS update_with_curvature iter=1 curvature=Fisher elapsed=0.000s source=rebuilt
[INFO] [PIRLS solve-end] iters=1 elapsed=0.0010s g_norm_initial=1.103e-2 g_norm_final=1.377e-10 convergence_rate=1.249e-8 status=Converged
[INFO] [STAGE] inner pirls solve iters=1 status=Converged max_eta=1.0 jeffreys_logdet=none rows=full(derivative-request) elapsed=0.001s
[INFO] [IFT-QUALITY] quality=3.237e-4 ift=6.651e3 pred_residual=6.109e-4 cap_predicted=9.976e3 iters=1
[INFO] [STAGE] logdet S rho_dim=2 penalty_rank=12 elapsed=0.000s
[INFO] [#1271-diag] path=orig p=13 penalty_rank=12 nullspace_dim=1 rss=0.998840 pen=0.022266 Dp=1.021106 pirls_edf=6.9880 logS=5.083906 logH=35.561468 half_diff=15.238781 h_above1=12 h_min=6.146e-3 h_max=2.576e3 rho=[3.9350,-2.7857] lambda=[5.116e1,6.169e-2]
  H_eig=[2.576e3,2.413e2,6.803e1,3.809e1,3.742e1,2.925e1,1.775e1,1.229e1,8.499e0,6.406e0,5.053e0,4.280e0,6.146e-3]
  Slam_eig=[3.560e1,3.560e1,4.313e0,4.308e0,3.686e0,3.543e0,3.391e0,2.499e0,1.331e0,3.777e-1,4.985e-2,2.471e-3,0.000e0]
[INFO] [reml-geometry] dense_spectral reason=constraints_present p=13 nnz_x=na nnz_h_est=na density_h_est=na threshold=0.1000
[INFO] [IFT-CACHE] outcome=miss drho_dim=2 p=13 elapsed=0.000s
[INFO] [ADAPTIVE-KKT] outer_g_norm=2.225e-8 effective_tol=1.000e-10 floor=1.000e-12 ceiling=1.000e-10
[INFO] [STAGE] PIRLS update_with_curvature iter=1 curvature=Fisher elapsed=0.000s source=rebuilt
[INFO] [PIRLS solve-end] iters=1 elapsed=0.0009s g_norm_initial=3.798e-2 g_norm_final=7.341e-10 convergence_rate=1.933e-8 status=Converged
[INFO] [STAGE] inner pirls solve iters=1 status=Converged max_eta=1.0 jeffreys_logdet=none rows=full(derivative-request) elapsed=0.001s
[INFO] [IFT-QUALITY] quality=1.637e-3 ift=9.976e3 pred_residual=3.101e-3 cap_predicted=1.496e4 iters=1
[INFO] [STAGE] logdet S rho_dim=2 penalty_rank=12 elapsed=0.000s
[INFO] [#1271-diag] path=orig p=13 penalty_rank=12 nullspace_dim=1 rss=0.991805 pen=0.016658 Dp=1.008463 pirls_edf=7.9545 logS=-0.614861 logH=33.092420 half_diff=16.853641 h_above1=12 h_min=2.007e-2 h_max=2.575e3 rho=[3.1284,-1.6020] lambda=[2.284e1,2.015e-1]
  H_eig=[2.575e3,2.406e2,6.669e1,3.217e1,1.928e1,1.778e1,1.415e1,1.055e1,6.250e0,4.094e0,2.909e0,2.317e0,2.007e-2]
  Slam_eig=[1.590e1,1.589e1,1.930e0,1.924e0,1.645e0,1.582e0,1.514e0,1.117e0,5.966e-1,2.307e-1,1.204e-1,7.900e-3,0.000e0]
[INFO] [reml-geometry] dense_spectral reason=constraints_present p=13 nnz_x=na nnz_h_est=na density_h_est=na threshold=0.1000
[INFO] [IFT-CACHE] outcome=miss drho_dim=2 p=13 elapsed=0.000s
[INFO] [ADAPTIVE-KKT] outer_g_norm=2.225e-8 effective_tol=1.000e-10 floor=1.000e-12 ceiling=1.000e-10
[INFO] [STAGE] PIRLS update_with_curvature iter=1 curvature=Fisher elapsed=0.000s source=rebuilt
[INFO] [PIRLS solve-end] iters=1 elapsed=0.0009s g_norm_initial=7.140e-3 g_norm_final=1.555e-10 convergence_rate=2.178e-8 status=Converged
[INFO] [STAGE] inner pirls solve iters=1 status=Converged max_eta=1.0 jeffreys_logdet=none rows=full(derivative-request) elapsed=0.001s
[INFO] [IFT-QUALITY] quality=2.659e-4 ift=1.496e4 pred_residual=5.031e-4 cap_predicted=2.245e4 iters=1
[INFO] [STAGE] logdet S rho_dim=2 penalty_rank=12 elapsed=0.000s
[INFO] [#1271-diag] path=orig p=13 penalty_rank=12 nullspace_dim=1 rss=0.994173 pen=0.018961 Dp=1.013134 pirls_edf=7.5760 logS=2.335360 logH=34.325476 half_diff=15.995058 h_above1=12 h_min=1.807e-2 h_max=2.576e3 rho=[3.4444,-1.7068] lambda=[3.132e1,1.814e-1]
  H_eig=[2.576e3,2.408e2,6.702e1,3.288e1,2.449e1,2.150e1,1.625e1,1.111e1,6.943e0,4.797e0,3.557e0,2.907e0,1.807e-2]
  Slam_eig=[2.180e1,2.180e1,2.644e0,2.638e0,2.257e0,2.169e0,2.076e0,1.531e0,8.168e-1,2.662e-1,1.283e-1,7.176e-3,0.000e0]
[INFO] [reml-geometry] dense_spectral reason=constraints_present p=13 nnz_x=na nnz_h_est=na density_h_est=na threshold=0.1000
[INFO] [IFT-CACHE] outcome=miss drho_dim=2 p=13 elapsed=0.000s
[INFO] [ADAPTIVE-KKT] outer_g_norm=2.225e-8 effective_tol=1.000e-10 floor=1.000e-12 ceiling=1.000e-10
[INFO] [STAGE] PIRLS update_with_curvature iter=1 curvature=Fisher elapsed=0.000s source=rebuilt
[INFO] [PIRLS solve-end] iters=1 elapsed=0.0010s g_norm_initial=8.728e-3 g_norm_final=2.255e-10 convergence_rate=2.584e-8 status=Converged
[INFO] [STAGE] inner pirls solve iters=1 status=Converged max_eta=1.0 jeffreys_logdet=none rows=full(derivative-request) elapsed=0.001s
[INFO] [IFT-QUALITY] quality=4.053e-4 ift=2.245e4 pred_residual=7.680e-4 cap_predicted=3.367e4 iters=1
[INFO] [STAGE] logdet S rho_dim=2 penalty_rank=12 elapsed=0.000s
[INFO] [#1271-diag] path=orig p=13 penalty_rank=12 nullspace_dim=1 rss=0.991290 pen=0.017229 Dp=1.008519 pirls_edf=8.0469 logS=-0.605154 logH=33.175285 half_diff=16.890220 h_above1=12 h_min=2.975e-2 h_max=2.575e3 rho=[3.0506,-1.2079] lambda=[2.113e1,2.988e-1]
  H_eig=[2.575e3,2.405e2,6.662e1,3.206e1,1.861e1,1.693e1,1.343e1,1.043e1,6.106e0,3.950e0,2.777e0,2.198e0,2.975e-2]
  Slam_eig=[1.471e1,1.470e1,1.790e0,1.780e0,1.522e0,1.463e0,1.401e0,1.035e0,5.542e-1,2.978e-1,1.289e-1,1.153e-2,0.000e0]
[INFO] [reml-geometry] dense_spectral reason=constraints_present p=13 nnz_x=na nnz_h_est=na density_h_est=na threshold=0.1000
[INFO] [IFT-CACHE] outcome=miss drho_dim=2 p=13 elapsed=0.000s
[INFO] [ADAPTIVE-KKT] outer_g_norm=2.225e-8 effective_tol=1.000e-10 floor=1.000e-12 ceiling=1.000e-10
[INFO] [STAGE] PIRLS update_with_curvature iter=1 curvature=Fisher elapsed=0.000s source=rebuilt
[INFO] [PIRLS solve-end] iters=1 elapsed=0.0010s g_norm_initial=8.658e-3 g_norm_final=4.816e-11 convergence_rate=5.563e-9 status=Converged
[INFO] [STAGE] inner pirls solve iters=1 status=Converged max_eta=1.0 jeffreys_logdet=none rows=full(derivative-request) elapsed=0.001s
[INFO] [IFT-QUALITY] quality=1.360e-4 ift=3.367e4 pred_residual=2.579e-4 cap_predicted=5.050e4 iters=1
[INFO] [STAGE] logdet S rho_dim=2 penalty_rank=12 elapsed=0.000s
[INFO] [#1271-diag] path=orig p=13 penalty_rank=12 nullspace_dim=1 rss=0.990204 pen=0.021595 Dp=1.011799 pirls_edf=8.2557 logS=-0.478694 logH=33.443982 half_diff=16.961338 h_above1=12 h_min=7.706e-2 h_max=2.576e3 rho=[2.8725,-0.2546] lambda=[1.768e1,7.753e-1]
  H_eig=[2.576e3,2.405e2,6.650e1,3.186e1,1.782e1,1.491e1,1.177e1,1.015e1,5.806e0,3.655e0,2.510e0,1.957e0,7.706e-2]
  Slam_eig=[1.234e1,1.230e1,1.530e0,1.490e0,1.274e0,1.227e0,1.175e0,8.909e-1,6.899e-1,4.580e-1,1.280e-1,2.706e-2,0.000e0]
[INFO] [reml-geometry] dense_spectral reason=constraints_present p=13 nnz_x=na nnz_h_est=na density_h_est=na threshold=0.1000
[INFO] [IFT-CACHE] outcome=miss drho_dim=2 p=13 elapsed=0.000s
[INFO] [ADAPTIVE-KKT] outer_g_norm=2.225e-8 effective_tol=1.000e-10 floor=1.000e-12 ceiling=1.000e-10
[INFO] [STAGE] PIRLS update_with_curvature iter=1 curvature=Fisher elapsed=0.000s source=rebuilt
[INFO] [PIRLS solve-end] iters=1 elapsed=0.0010s g_norm_initial=6.925e-2 g_norm_final=8.522e-11 convergence_rate=1.231e-9 status=Converged
[INFO] [STAGE] inner pirls solve iters=1 status=Converged max_eta=1.0 jeffreys_logdet=none rows=full(derivative-request) elapsed=0.001s
[INFO] [IFT-QUALITY] quality=5.275e-4 ift=5.050e4 pred_residual=1.000e-3 cap_predicted=7.575e4 iters=1
[INFO] [STAGE] logdet S rho_dim=2 penalty_rank=12 elapsed=0.000s
[INFO] [#1271-diag] path=orig p=13 penalty_rank=12 nullspace_dim=1 rss=0.990247 pen=0.013084 Dp=1.003331 pirls_edf=8.2386 logS=-6.242231 logH=30.542826 half_diff=18.392529 h_above1=12 h_min=4.014e-3 h_max=2.575e3 rho=[2.8876,-3.2118] lambda=[1.795e1,4.028e-2]
  H_eig=[2.575e3,2.404e2,6.651e1,3.187e1,1.787e1,1.507e1,1.190e1,1.017e1,5.829e0,3.678e0,2.530e0,1.975e0,4.014e-3]
  Slam_eig=[1.249e1,1.249e1,1.514e0,1.512e0,1.293e0,1.243e0,1.190e0,8.768e-1,4.673e-1,1.354e-1,3.192e-2,1.609e-3,0.000e0]
[INFO] [reml-geometry] dense_spectral reason=constraints_present p=13 nnz_x=na nnz_h_est=na density_h_est=na threshold=0.1000
[INFO] [IFT-CACHE] outcome=miss drho_dim=2 p=13 elapsed=0.000s
[INFO] [ADAPTIVE-KKT] outer_g_norm=2.225e-8 effective_tol=1.000e-10 floor=1.000e-12 ceiling=1.000e-10
[INFO] [STAGE] PIRLS update_with_curvature iter=1 curvature=Fisher elapsed=0.000s source=rebuilt
[INFO] [PIRLS solve-end] iters=1 elapsed=0.0009s g_norm_initial=4.566e-3 g_norm_final=2.209e-10 convergence_rate=4.837e-8 status=Converged
[INFO] [STAGE] inner pirls solve iters=1 status=Converged max_eta=1.0 jeffreys_logdet=none rows=full(derivative-request) elapsed=0.001s
[INFO] [IFT-QUALITY] quality=3.490e-4 ift=7.575e4 pred_residual=6.627e-4 cap_predicted=1.136e5 iters=1
[INFO] [STAGE] logdet S rho_dim=2 penalty_rank=12 elapsed=0.000s
[INFO] [#1271-diag] path=orig p=13 penalty_rank=12 nullspace_dim=1 rss=0.988460 pen=0.011182 Dp=0.999642 pirls_edf=8.6012 logS=-9.451209 logH=29.387774 half_diff=19.419492 h_above1=12 h_min=3.920e-3 h_max=2.575e3 rho=[2.5714,-3.2353] lambda=[1.308e1,3.935e-2]
  H_eig=[2.575e3,2.403e2,6.635e1,3.161e1,1.725e1,1.221e1,9.658e0,9.184e0,5.364e0,3.244e0,2.145e0,1.633e0,3.920e-3]
  Slam_eig=[9.106e0,9.104e0,1.104e0,1.102e0,9.427e-1,9.061e-1,8.673e-1,6.392e-1,3.407e-1,1.005e-1,3.064e-2,1.568e-3,0.000e0]
[INFO] [reml-geometry] dense_spectral reason=constraints_present p=13 nnz_x=na nnz_h_est=na density_h_est=na threshold=0.1000
[INFO] [IFT-CACHE] outcome=miss drho_dim=2 p=13 elapsed=0.000s
[INFO] [ADAPTIVE-KKT] outer_g_norm=2.225e-8 effective_tol=1.000e-10 floor=1.000e-12 ceiling=1.000e-10
[INFO] [STAGE] PIRLS update_with_curvature iter=1 curvature=Fisher elapsed=0.000s source=rebuilt
[INFO] [PIRLS solve-end] iters=1 elapsed=0.0010s g_norm_initial=3.645e-2 g_norm_final=1.064e-9 convergence_rate=2.919e-8 status=Converged
[INFO] [STAGE] inner pirls solve iters=1 status=Converged max_eta=1.0 jeffreys_logdet=none rows=full(derivative-request) elapsed=0.001s
[INFO] [IFT-QUALITY] quality=1.678e-3 ift=1.136e5 pred_residual=3.176e-3 cap_predicted=1.704e5 iters=1
[INFO] [STAGE] logdet S rho_dim=2 penalty_rank=12 elapsed=0.000s
[INFO] [#1271-diag] path=orig p=13 penalty_rank=12 nullspace_dim=1 rss=0.992798 pen=0.016017 Dp=1.008816 pirls_edf=7.7863 logS=-1.849986 logH=32.351971 half_diff=17.100978 h_above1=12 h_min=5.350e-3 h_max=2.575e3 rho=[3.2694,-2.9245] lambda=[2.630e1,5.369e-2]
  H_eig=[2.575e3,2.406e2,6.682e1,3.242e1,2.120e1,1.924e1,1.527e1,1.079e1,6.536e0,4.383e0,3.174e0,2.558e0,5.350e-3]
  Slam_eig=[1.830e1,1.830e1,2.217e0,2.214e0,1.895e0,1.821e0,1.743e0,1.284e0,6.845e-1,1.974e-1,4.272e-2,2.146e-3,0.000e0]
[INFO] [reml-geometry] dense_spectral reason=constraints_present p=13 nnz_x=na nnz_h_est=na density_h_est=na threshold=0.1000
[INFO] [IFT-CACHE] outcome=miss drho_dim=2 p=13 elapsed=0.000s
[INFO] [ADAPTIVE-KKT] outer_g_norm=2.225e-8 effective_tol=1.000e-10 floor=1.000e-12 ceiling=1.000e-10
[INFO] [STAGE] PIRLS update_with_curvature iter=1 curvature=Fisher elapsed=0.000s source=rebuilt
[INFO] [PIRLS solve-end] iters=1 elapsed=0.0009s g_norm_initial=7.610e-2 g_norm_final=8.927e-10 convergence_rate=1.173e-8 status=Converged
[INFO] [STAGE] inner pirls solve iters=1 status=Converged max_eta=1.0 jeffreys_logdet=none rows=full(derivative-request) elapsed=0.001s
[INFO] [IFT-QUALITY] quality=1.800e-3 ift=1.704e5 pred_residual=3.395e-3 cap_predicted=2.557e5 iters=1
[INFO] [STAGE] logdet S rho_dim=2 penalty_rank=12 elapsed=0.000s
[INFO] [#1271-diag] path=orig p=13 penalty_rank=12 nullspace_dim=1 rss=1.000985 pen=0.025168 Dp=1.026153 pirls_edf=6.7711 logS=8.552339 logH=37.317857 half_diff=14.382759 h_above1=12 h_min=1.390e-2 h_max=2.576e3 rho=[4.1187,-1.9697] lambda=[6.148e1,1.395e-1]
  H_eig=[2.576e3,2.415e2,6.878e1,4.519e1,4.226e1,3.083e1,1.828e1,1.287e1,9.291e0,7.234e0,5.826e0,4.992e0,1.390e-2]
  Slam_eig=[4.278e1,4.278e1,5.184e0,5.177e0,4.429e0,4.257e0,4.075e0,3.003e0,1.600e0,4.638e-1,1.105e-1,5.572e-3,0.000e0]
[INFO] [reml-geometry] dense_spectral reason=constraints_present p=13 nnz_x=na nnz_h_est=na density_h_est=na threshold=0.1000
[INFO] [IFT-CACHE] outcome=miss drho_dim=2 p=13 elapsed=0.000s
[INFO] [ADAPTIVE-KKT] outer_g_norm=2.225e-8 effective_tol=1.000e-10 floor=1.000e-12 ceiling=1.000e-10
[INFO] [STAGE] PIRLS update_with_curvature iter=1 curvature=Fisher elapsed=0.000s source=rebuilt
[INFO] [PIRLS solve-end] iters=1 elapsed=0.0009s g_norm_initial=2.945e-2 g_norm_final=4.228e-10 convergence_rate=1.436e-8 status=Converged
[INFO] [STAGE] inner pirls solve iters=1 status=Converged max_eta=1.0 jeffreys_logdet=none rows=full(derivative-request) elapsed=0.001s
[INFO] [IFT-QUALITY] quality=1.157e-3 ift=2.557e5 pred_residual=2.190e-3 cap_predicted=2.557e5 iters=1
[INFO] [STAGE] logdet S rho_dim=2 penalty_rank=12 elapsed=0.000s
[INFO] [#1271-diag] path=orig p=13 penalty_rank=12 nullspace_dim=1 rss=0.994246 pen=0.019635 Dp=1.013880 pirls_edf=7.5660 logS=2.919282 logH=34.612744 half_diff=15.846731 h_above1=12 h_min=2.321e-2 h_max=2.576e3 rho=[3.4527,-1.4563] lambda=[3.158e1,2.331e-1]
  H_eig=[2.576e3,2.408e2,6.703e1,3.290e1,2.466e1,2.162e1,1.628e1,1.113e1,6.964e0,4.819e0,3.577e0,2.925e0,2.321e-2]
  Slam_eig=[2.199e1,2.198e1,2.668e0,2.660e0,2.276e0,2.187e0,2.094e0,1.544e0,8.244e-1,2.919e-1,1.519e-1,9.178e-3,0.000e0]
[INFO] [reml-geometry] dense_spectral reason=constraints_present p=13 nnz_x=na nnz_h_est=na density_h_est=na threshold=0.1000
[INFO] [IFT-CACHE] outcome=miss drho_dim=2 p=13 elapsed=0.000s
[INFO] [ADAPTIVE-KKT] outer_g_norm=2.225e-8 effective_tol=1.000e-10 floor=1.000e-12 ceiling=1.000e-10
[INFO] [STAGE] PIRLS update_with_curvature iter=1 curvature=Fisher elapsed=0.000s source=rebuilt
[INFO] [PIRLS solve-end] iters=1 elapsed=0.0009s g_norm_initial=3.218e-2 g_norm_final=2.015e-10 convergence_rate=6.263e-9 status=Converged
[INFO] [STAGE] inner pirls solve iters=1 status=Converged max_eta=1.0 jeffreys_logdet=none rows=full(derivative-request) elapsed=0.001s
[INFO] [IFT-QUALITY] quality=6.096e-4 ift=2.557e5 pred_residual=1.151e-3 cap_predicted=2.557e5 iters=1
[INFO] [STAGE] logdet S rho_dim=2 penalty_rank=12 elapsed=0.000s
[INFO] [#1271-diag] path=orig p=13 penalty_rank=12 nullspace_dim=1 rss=0.998539 pen=0.035622 Dp=1.034161 pirls_edf=7.0353 logS=10.700410 logH=38.371079 half_diff=13.835334 h_above1=12 h_min=1.244e-1 h_max=2.577e3 rho=[3.8946,0.2247] lambda=[4.914e1,1.252e0]
  H_eig=[2.577e3,2.413e2,6.790e1,3.677e1,3.656e1,2.877e1,1.765e1,1.218e1,8.346e0,6.244e0,4.901e0,4.140e0,1.244e-1]
  Slam_eig=[3.425e1,3.419e1,4.187e0,4.139e0,3.540e0,3.405e0,3.260e0,2.419e0,1.332e0,1.128e0,3.284e-1,4.662e-2,0.000e0]
[INFO] [reml-geometry] dense_spectral reason=constraints_present p=13 nnz_x=na nnz_h_est=na density_h_est=na threshold=0.1000
[INFO] [IFT-CACHE] outcome=miss drho_dim=2 p=13 elapsed=0.000s
[INFO] [ADAPTIVE-KKT] outer_g_norm=2.225e-8 effective_tol=1.000e-10 floor=1.000e-12 ceiling=1.000e-10
[INFO] [STAGE] PIRLS update_with_curvature iter=1 curvature=Fisher elapsed=0.000s source=rebuilt
[INFO] [PIRLS solve-end] iters=1 elapsed=0.0009s g_norm_initial=9.497e-2 g_norm_final=1.078e-10 convergence_rate=1.136e-9 status=Converged
[INFO] [STAGE] inner pirls solve iters=1 status=Converged max_eta=1.0 jeffreys_logdet=none rows=full(derivative-request) elapsed=0.001s
[INFO] [IFT-QUALITY] quality=1.006e-3 ift=2.557e5 pred_residual=1.903e-3 cap_predicted=2.557e5 iters=1
[INFO] [STAGE] logdet S rho_dim=2 penalty_rank=12 elapsed=0.000s
[INFO] [#1271-diag] path=orig p=13 penalty_rank=12 nullspace_dim=1 rss=0.994221 pen=0.017948 Dp=1.012169 pirls_edf=7.5679 logS=0.990464 logH=33.649075 half_diff=16.329306 h_above1=12 h_min=8.919e-3 h_max=2.576e3 rho=[3.4512,-2.4132] lambda=[3.154e1,8.952e-2]
  H_eig=[2.576e3,2.408e2,6.703e1,3.290e1,2.463e1,2.160e1,1.627e1,1.112e1,6.960e0,4.815e0,3.573e0,2.922e0,8.919e-3]
  Slam_eig=[2.195e1,2.194e1,2.660e0,2.656e0,2.272e0,2.184e0,2.090e0,1.541e0,8.212e-1,2.413e-1,7.000e-2,3.570e-3,0.000e0]
[INFO] [reml-geometry] dense_spectral reason=constraints_present p=13 nnz_x=na nnz_h_est=na density_h_est=na threshold=0.1000
[INFO] [IFT-CACHE] outcome=miss drho_dim=2 p=13 elapsed=0.000s
[INFO] [ADAPTIVE-KKT] outer_g_norm=2.225e-8 effective_tol=1.000e-10 floor=1.000e-12 ceiling=1.000e-10
[INFO] [STAGE] PIRLS update_with_curvature iter=1 curvature=Fisher elapsed=0.000s source=rebuilt
[INFO] [PIRLS solve-end] iters=1 elapsed=0.0010s g_norm_initial=8.172e-2 g_norm_final=4.353e-9 convergence_rate=5.326e-8 status=Converged
[INFO] [STAGE] inner pirls solve iters=1 status=Converged max_eta=1.0 jeffreys_logdet=none rows=full(derivative-request) elapsed=0.001s
[INFO] [IFT-QUALITY] quality=6.728e-3 ift=2.557e5 pred_residual=1.281e-2 cap_predicted=2.557e5 iters=1
[INFO] [STAGE] logdet S rho_dim=2 penalty_rank=12 elapsed=0.000s
[INFO] [#1271-diag] path=orig p=13 penalty_rank=12 nullspace_dim=1 rss=0.985442 pen=0.008920 Dp=0.994362 pirls_edf=9.2437 logS=-14.419366 logH=28.061824 half_diff=21.240595 h_above1=12 h_min=6.585e-3 h_max=2.575e3 rho=[1.9709,-2.7167] lambda=[7.177e0,6.610e-2]
  H_eig=[2.575e3,2.402e2,6.616e1,3.133e1,1.679e1,1.025e1,7.514e0,5.958e0,4.532e0,2.635e0,1.641e0,1.206e0,6.585e-3]
  Slam_eig=[4.997e0,4.994e0,6.067e-1,6.045e-1,5.171e-1,4.971e-1,4.758e-1,3.511e-1,1.875e-1,7.431e-2,3.856e-2,2.589e-3,0.000e0]
[INFO] [reml-geometry] dense_spectral reason=constraints_present p=13 nnz_x=na nnz_h_est=na density_h_est=na threshold=0.1000
[INFO] [IFT-CACHE] outcome=miss drho_dim=2 p=13 elapsed=0.000s
[INFO] [ADAPTIVE-KKT] outer_g_norm=2.225e-8 effective_tol=1.000e-10 floor=1.000e-12 ceiling=1.000e-10
[INFO] [STAGE] PIRLS update_with_curvature iter=1 curvature=Fisher elapsed=0.000s source=rebuilt
[INFO] [PIRLS iter-end] iter=  1 elapsed=0.0009s lm_lambda=1.00e-9 g_norm=1.103e-8 last_dev_change=9.055e-3 last_halving=1
[INFO] [PIRLS iter-breakdown] iter=  1 attempts=1 curvature=0.001s solve=0.000s predred=0.000s candidate=0.000s other=0.000s
[INFO] [PIRLS lm-trajectory] iter=  1 start_lambda=1.000e-9 final_lambda=1.000e-9 log10_ratio=0.000 accept_rho=1.000 attempts=1
[INFO] [STAGE] PIRLS update_with_curvature iter=2 curvature=Fisher elapsed=0.000s source=reused_prev_accept
[INFO] [PIRLS exact-decrement] applicable=true decrement_sq=2.063865e-25 threshold=6.472227e-14 pass=true gradient_norm=6.681068e-14 relative_gradient=4.048953e-14 dimension_scale=7.211103e1 natural_scale=6.500729e-1 objective=5.122728e-1 actual_reduction=2.220446e-16 predicted_reduction=2.067118e-16 linear_model_term=-4.134143e-16 direction_norm=1.846729e-7 data_reduction=6.304957e-13 penalty_reduction=-6.302892e-13
[INFO] [PIRLS solve-end] iters=2 elapsed=0.0019s g_norm_initial=7.575e-1 g_norm_final=6.681e-14 convergence_rate=2.970e-7 status=Converged
[INFO] [STAGE] inner pirls solve iters=2 status=Converged max_eta=1.0 jeffreys_logdet=none rows=full(derivative-request) elapsed=0.002s
[INFO] [IFT-QUALITY] quality=1.633e-2 ift=2.557e5 pred_residual=3.081e-2 cap_predicted=2.557e5 iters=2
[INFO] [STAGE] logdet S rho_dim=2 penalty_rank=12 elapsed=0.000s
[INFO] [#1271-diag] path=orig p=13 penalty_rank=12 nullspace_dim=1 rss=1.000260 pen=0.024286 Dp=1.024546 pirls_edf=6.8416 logS=7.668083 logH=36.864121 half_diff=14.598019 h_above1=12 h_min=1.205e-2 h_max=2.576e3 rho=[4.0587,-2.1120] lambda=[5.790e1,1.210e-1]
  H_eig=[2.576e3,2.414e2,6.849e1,4.272e1,4.047e1,3.041e1,1.810e1,1.267e1,9.018e0,6.947e0,5.558e0,4.745e0,1.205e-2]
  Slam_eig=[4.029e1,4.029e1,4.882e0,4.876e0,4.172e0,4.009e0,3.838e0,2.828e0,1.507e0,4.351e-1,9.618e-2,4.835e-3,0.000e0]
[INFO] [reml-geometry] dense_spectral reason=constraints_present p=13 nnz_x=na nnz_h_est=na density_h_est=na threshold=0.1000
[INFO] [IFT-CACHE] outcome=miss drho_dim=2 p=13 elapsed=0.000s
[INFO] [ADAPTIVE-KKT] outer_g_norm=2.225e-8 effective_tol=1.000e-10 floor=1.000e-12 ceiling=1.000e-10
[INFO] [STAGE] PIRLS update_with_curvature iter=1 curvature=Fisher elapsed=0.000s source=rebuilt
[INFO] [PIRLS solve-end] iters=1 elapsed=0.0010s g_norm_initial=5.558e-3 g_norm_final=3.258e-12 convergence_rate=5.863e-10 status=Converged
[INFO] [STAGE] inner pirls solve iters=1 status=Converged max_eta=1.0 jeffreys_logdet=none rows=full(derivative-request) elapsed=0.001s
[INFO] [IFT-QUALITY] quality=5.091e-5 ift=2.557e5 pred_residual=9.606e-5 cap_predicted=2.557e5 iters=1
[INFO] [STAGE] logdet S rho_dim=2 penalty_rank=12 elapsed=0.000s
[INFO] [#1271-diag] path=orig p=13 penalty_rank=12 nullspace_dim=1 rss=0.999334 pen=0.026466 Dp=1.025800 pirls_edf=6.9391 logS=9.166198 logH=37.604334 half_diff=14.219068 h_above1=12 h_min=3.851e-2 h_max=2.576e3 rho=[3.9761,-0.9498] lambda=[5.331e1,3.868e-1]
  H_eig=[2.576e3,2.413e2,6.817e1,3.956e1,3.833e1,2.969e1,1.786e1,1.241e1,8.665e0,6.579e0,5.214e0,4.428e0,3.851e-2]
  Slam_eig=[3.711e1,3.709e1,4.503e0,4.490e0,3.841e0,3.692e0,3.534e0,2.607e0,1.391e0,4.892e-1,2.539e-1,1.524e-2,0.000e0]
[INFO] [GAM fit] n=400 p=13 k=2 fam=LikelihoodSpec { response: Gaussian, link: Standard(Identity) } link=Identity X=dense reml_iter=200 firth=false
[INFO] [reml-geometry] dense_spectral reason=constraints_present p=13 nnz_x=na nnz_h_est=na density_h_est=na threshold=0.1000
[INFO] [STAGE] PIRLS update_with_curvature iter=1 curvature=Fisher elapsed=0.000s source=rebuilt
[INFO] [PIRLS solve-end] iters=1 elapsed=0.0015s g_norm_initial=8.107e1 g_norm_final=1.189e-9 convergence_rate=1.467e-11 status=Converged
[INFO] [STAGE] inner pirls solve iters=1 status=Converged max_eta=0.7 jeffreys_logdet=none rows=full(derivative-request) elapsed=0.003s
[INFO] [STAGE] logdet S (Z-projected) rho_dim=2 penalty_rank=1 elapsed=0.000s
[INFO] [#1271-diag] p=2 penalty_rank=1 nullspace_dim=1 logS=-1.612911 logH=4.378553 half_diff=2.995732 h_above1=1 h_min=9.964e-2 h_max=8.001e2 rho=[0.0000,0.0000] lambda=[1.000e0,1.000e0]
[INFO] [STAGE] reml_laml cost_only_done k=2 ext_dim=0 dim=2 elapsed=0.000s
[INFO] [HGB] small-sample fallback to defaults: pairs=0, threshold=3
[INFO] [STAGE] logdet S (Z-projected) rho_dim=2 penalty_rank=1 elapsed=0.000s
[INFO] [#1271-diag] p=2 penalty_rank=1 nullspace_dim=1 logS=-1.612911 logH=4.378553 half_diff=2.995732 h_above1=1 h_min=9.964e-2 h_max=8.001e2 rho=[0.0000,0.0000] lambda=[1.000e0,1.000e0]
[INFO] [reml-geometry] dense_spectral reason=constraints_present p=13 nnz_x=na nnz_h_est=na density_h_est=na threshold=0.1000
[INFO] [IFT-REJECTED] reason=large_drho max_drho=7.778e0 cap=2.000e0 drho_dim=2
[INFO] [STAGE] PIRLS update_with_curvature iter=1 curvature=Fisher elapsed=0.000s source=rebuilt
[INFO] [PIRLS solve-end] iters=1 elapsed=0.0013s g_norm_initial=8.107e1 g_norm_final=9.014e-10 convergence_rate=1.112e-11 status=Converged
[INFO] [STAGE] inner pirls solve iters=1 status=Converged max_eta=0.7 jeffreys_logdet=none rows=full(derivative-request) elapsed=0.002s
[INFO] [STAGE] logdet S (Z-projected) rho_dim=2 penalty_rank=1 elapsed=0.000s
[INFO] [#1271-diag] p=2 penalty_rank=1 nullspace_dim=1 logS=6.165225 logH=12.156689 half_diff=2.995732 h_above1=2 h_min=1.725e2 h_max=1.103e3 rho=[7.2287,7.7781] lambda=[1.378e3,2.388e3]
[INFO] [OUTER] standard REML: n_params=2, gradient=Analytic, hessian=Either -> solver=Arc, search_hessian_source=Analytic [solver=Arc;hessian=Analytic;matrix-free=false] [EFS with runtime barrier-curvature guard]
[INFO] [reml-geometry] dense_spectral reason=constraints_present p=13 nnz_x=na nnz_h_est=na density_h_est=na threshold=0.1000
[INFO] [STAGE] PIRLS update_with_curvature iter=1 curvature=Fisher elapsed=0.000s source=rebuilt
[INFO] [PIRLS solve-end] iters=1 elapsed=0.0014s g_norm_initial=8.107e1 g_norm_final=1.189e-9 convergence_rate=1.467e-11 status=Converged
[INFO] [STAGE] inner pirls solve iters=1 status=Converged max_eta=0.7 jeffreys_logdet=none rows=full(derivative-request) elapsed=0.002s
[INFO] [STAGE] logdet S (Z-projected) rho_dim=2 penalty_rank=1 elapsed=0.000s
[INFO] [#1271-diag] p=2 penalty_rank=1 nullspace_dim=1 logS=-1.612911 logH=4.378553 half_diff=2.995732 h_above1=1 h_min=9.964e-2 h_max=8.001e2 rho=[0.0000,0.0000] lambda=[1.000e0,1.000e0]
[INFO] [STAGE] reml_laml cost_only_done k=2 ext_dim=0 dim=2 elapsed=0.000s
[INFO] [OUTER hessian-route] choice=dense reason=below_crossover n=400 p=2 k=2 callback_kernel=false subspace_trace=false scale_prefers_operator=false dense_workspace_bytes=224
[INFO] [OUTER hessian-elapsed] choice=dense reason=below_crossover n=400 p=2 k=2 elapsed=0.000s
[INFO] [HGB] small-sample fallback to defaults: pairs=0, threshold=3
[INFO] [reml-geometry] dense_spectral reason=constraints_present p=13 nnz_x=na nnz_h_est=na density_h_est=na threshold=0.1000
[INFO] [STAGE] PIRLS update_with_curvature iter=1 curvature=Fisher elapsed=0.000s source=rebuilt
[INFO] [PIRLS solve-end] iters=1 elapsed=0.0013s g_norm_initial=8.107e1 g_norm_final=1.189e-9 convergence_rate=1.467e-11 status=Converged
[INFO] [STAGE] inner pirls solve iters=1 status=Converged max_eta=0.7 jeffreys_logdet=none rows=full(derivative-request) elapsed=0.002s
[INFO] [STAGE] logdet S (Z-projected) rho_dim=2 penalty_rank=1 elapsed=0.000s
[INFO] [#1271-diag] p=2 penalty_rank=1 nullspace_dim=1 logS=-1.612911 logH=4.378553 half_diff=2.995732 h_above1=1 h_min=9.964e-2 h_max=8.001e2 rho=[0.0000,0.0000] lambda=[1.000e0,1.000e0]
[INFO] [STAGE] logdet S (Z-projected) rho_dim=2 penalty_rank=1 elapsed=0.000s
[INFO] [#1271-diag] p=2 penalty_rank=1 nullspace_dim=1 logS=-1.612911 logH=4.378553 half_diff=2.995732 h_above1=1 h_min=9.964e-2 h_max=8.001e2 rho=[0.0000,0.0000] lambda=[1.000e0,1.000e0]
[INFO] [STAGE] reml_laml cost_only_done k=2 ext_dim=0 dim=2 elapsed=0.000s
[INFO] [HGB] small-sample fallback to defaults: pairs=0, threshold=3
[INFO] [CERTIFICATE] standard REML: the objective published no criterion resolution; using the last-bit floor 3.961e-15 of the value alone (#2812)
[INFO] [CERTIFICATE-BOUND] standard REML: fidelity=Screening, rho=[0.0, 0.0], bound 5.960464e-6 set by solver-band (derived_standard=false, |Pg|=5.017420e-8, |g|=5.017420e-8, solver_band=5.960464e-6, cost=-1.683873e1)
[INFO] [CERTIFICATE] standard REML: gradient |g|=5.017e-8 |Pg|=5.017e-8 bound=5.960e-6 (rung=solver-band derived_standard=false) hessian_psd=not-spent curvature_source=screening-not-spent railed=[] → stationary
[INFO] [reml-geometry] dense_spectral reason=constraints_present p=13 nnz_x=na nnz_h_est=na density_h_est=na threshold=0.1000
[INFO] [STAGE] PIRLS update_with_curvature iter=1 curvature=Fisher elapsed=0.000s source=rebuilt
[INFO] [PIRLS solve-end] iters=1 elapsed=0.0013s g_norm_initial=8.107e1 g_norm_final=2.716e-9 convergence_rate=3.350e-11 status=Converged
[INFO] [STAGE] inner pirls solve iters=1 status=Converged max_eta=0.7 jeffreys_logdet=none rows=full(derivative-request) elapsed=0.002s
[INFO] [STAGE] logdet S (Z-projected) rho_dim=2 penalty_rank=1 elapsed=0.000s
[INFO] [#1271-diag] p=2 penalty_rank=1 nullspace_dim=1 logS=6.165225 logH=12.156689 half_diff=2.995732 h_above1=2 h_min=1.725e2 h_max=1.103e3 rho=[7.2287,7.7781] lambda=[1.378e3,2.388e3]
[INFO] [STAGE] reml_laml cost_only_done k=2 ext_dim=0 dim=2 elapsed=0.000s
[INFO] [OUTER hessian-route] choice=dense reason=below_crossover n=400 p=2 k=2 callback_kernel=false subspace_trace=false scale_prefers_operator=false dense_workspace_bytes=224
[INFO] [OUTER hessian-elapsed] choice=dense reason=below_crossover n=400 p=2 k=2 elapsed=0.000s
[INFO] [HGB] small-sample fallback to defaults: pairs=0, threshold=3
[INFO] [reml-geometry] dense_spectral reason=constraints_present p=13 nnz_x=na nnz_h_est=na density_h_est=na threshold=0.1000
[INFO] [STAGE] PIRLS update_with_curvature iter=1 curvature=Fisher elapsed=0.000s source=rebuilt
[INFO] [PIRLS solve-end] iters=1 elapsed=0.0013s g_norm_initial=8.107e1 g_norm_final=2.716e-9 convergence_rate=3.350e-11 status=Converged
[INFO] [STAGE] inner pirls solve iters=1 status=Converged max_eta=0.7 jeffreys_logdet=none rows=full(derivative-request) elapsed=0.002s
[INFO] [STAGE] logdet S (Z-projected) rho_dim=2 penalty_rank=1 elapsed=0.000s
[INFO] [#1271-diag] p=2 penalty_rank=1 nullspace_dim=1 logS=6.165225 logH=12.156689 half_diff=2.995732 h_above1=2 h_min=1.725e2 h_max=1.103e3 rho=[7.2287,7.7781] lambda=[1.378e3,2.388e3]
[INFO] [STAGE] logdet S (Z-projected) rho_dim=2 penalty_rank=1 elapsed=0.000s
[INFO] [#1271-diag] p=2 penalty_rank=1 nullspace_dim=1 logS=6.165225 logH=12.156689 half_diff=2.995732 h_above1=2 h_min=1.725e2 h_max=1.103e3 rho=[7.2287,7.7781] lambda=[1.378e3,2.388e3]
[INFO] [STAGE] reml_laml cost_only_done k=2 ext_dim=0 dim=2 elapsed=0.000s
[INFO] [HGB] small-sample fallback to defaults: pairs=0, threshold=3
[INFO] [CERTIFICATE] standard REML: the objective published no criterion resolution; using the last-bit floor 3.961e-15 of the value alone (#2812)
[INFO] [CERTIFICATE-BOUND] standard REML: fidelity=Screening, rho=[7.228689099835958, 7.778135703907827], bound 5.960464e-6 set by solver-band (derived_standard=false, |Pg|=1.435768e-7, |g|=1.435768e-7, solver_band=5.960464e-6, cost=-1.683873e1)
[INFO] [CERTIFICATE] standard REML: gradient |g|=1.436e-7 |Pg|=1.436e-7 bound=5.960e-6 (rung=solver-band derived_standard=false) hessian_psd=not-spent curvature_source=screening-not-spent railed=[] → stationary
[INFO] [reml-geometry] dense_spectral reason=constraints_present p=13 nnz_x=na nnz_h_est=na density_h_est=na threshold=0.1000
[INFO] [STAGE] PIRLS update_with_curvature iter=1 curvature=Fisher elapsed=0.000s source=rebuilt
[INFO] [PIRLS solve-end] iters=1 elapsed=0.0014s g_norm_initial=8.107e1 g_norm_final=1.189e-9 convergence_rate=1.467e-11 status=Converged
[INFO] [STAGE] inner pirls solve iters=1 status=Converged max_eta=0.7 jeffreys_logdet=none rows=full(derivative-request) elapsed=0.002s
[INFO] [STAGE] logdet S (Z-projected) rho_dim=2 penalty_rank=1 elapsed=0.000s
[INFO] [#1271-diag] p=2 penalty_rank=1 nullspace_dim=1 logS=-1.612911 logH=4.378553 half_diff=2.995732 h_above1=1 h_min=9.964e-2 h_max=8.001e2 rho=[0.0000,0.0000] lambda=[1.000e0,1.000e0]
[INFO] [STAGE] reml_laml cost_only_done k=2 ext_dim=0 dim=2 elapsed=0.000s
[INFO] [OUTER hessian-route] choice=dense reason=below_crossover n=400 p=2 k=2 callback_kernel=false subspace_trace=false scale_prefers_operator=false dense_workspace_bytes=224
[INFO] [OUTER hessian-elapsed] choice=dense reason=below_crossover n=400 p=2 k=2 elapsed=0.000s
[INFO] [HGB] small-sample fallback to defaults: pairs=0, threshold=3
[INFO] [reml-geometry] dense_spectral reason=constraints_present p=13 nnz_x=na nnz_h_est=na density_h_est=na threshold=0.1000
[INFO] [STAGE] PIRLS update_with_curvature iter=1 curvature=Fisher elapsed=0.000s source=rebuilt
[INFO] [PIRLS solve-end] iters=1 elapsed=0.0013s g_norm_initial=8.107e1 g_norm_final=1.189e-9 convergence_rate=1.467e-11 status=Converged
[INFO] [STAGE] inner pirls solve iters=1 status=Converged max_eta=0.7 jeffreys_logdet=none rows=full(derivative-request) elapsed=0.002s
[INFO] [STAGE] logdet S (Z-projected) rho_dim=2 penalty_rank=1 elapsed=0.000s
[INFO] [#1271-diag] p=2 penalty_rank=1 nullspace_dim=1 logS=-1.612911 logH=4.378553 half_diff=2.995732 h_above1=1 h_min=9.964e-2 h_max=8.001e2 rho=[0.0000,0.0000] lambda=[1.000e0,1.000e0]
[INFO] [STAGE] reml_laml cost_only_done k=2 ext_dim=0 dim=2 elapsed=0.000s
[INFO] [OUTER hessian-route] choice=dense reason=below_crossover n=400 p=2 k=2 callback_kernel=false subspace_trace=false scale_prefers_operator=false dense_workspace_bytes=224
[INFO] [OUTER hessian-elapsed] choice=dense reason=below_crossover n=400 p=2 k=2 elapsed=0.000s
[INFO] [HGB] small-sample fallback to defaults: pairs=0, threshold=3
[INFO] [reml-geometry] dense_spectral reason=constraints_present p=13 nnz_x=na nnz_h_est=na density_h_est=na threshold=0.1000
[INFO] [STAGE] PIRLS update_with_curvature iter=1 curvature=Fisher elapsed=0.000s source=rebuilt
[INFO] [PIRLS solve-end] iters=1 elapsed=0.0013s g_norm_initial=8.107e1 g_norm_final=1.189e-9 convergence_rate=1.467e-11 status=Converged
[INFO] [STAGE] inner pirls solve iters=1 status=Converged max_eta=0.7 jeffreys_logdet=none rows=full(derivative-request) elapsed=0.002s
[INFO] [STAGE] logdet S (Z-projected) rho_dim=2 penalty_rank=1 elapsed=0.000s
[INFO] [#1271-diag] p=2 penalty_rank=1 nullspace_dim=1 logS=-1.612911 logH=4.378553 half_diff=2.995732 h_above1=1 h_min=9.964e-2 h_max=8.001e2 rho=[0.0000,0.0000] lambda=[1.000e0,1.000e0]
[INFO] [STAGE] logdet S (Z-projected) rho_dim=2 penalty_rank=1 elapsed=0.000s
[INFO] [#1271-diag] p=2 penalty_rank=1 nullspace_dim=1 logS=-1.612911 logH=4.378553 half_diff=2.995732 h_above1=1 h_min=9.964e-2 h_max=8.001e2 rho=[0.0000,0.0000] lambda=[1.000e0,1.000e0]
[INFO] [STAGE] reml_laml cost_only_done k=2 ext_dim=0 dim=2 elapsed=0.000s
[INFO] [OUTER hessian-route] choice=dense reason=below_crossover n=400 p=2 k=2 callback_kernel=false subspace_trace=false scale_prefers_operator=false dense_workspace_bytes=224
[INFO] [OUTER hessian-elapsed] choice=dense reason=below_crossover n=400 p=2 k=2 elapsed=0.000s
[INFO] [HGB] small-sample fallback to defaults: pairs=0, threshold=3
[INFO] [CERTIFICATE] standard REML: the objective published no criterion resolution; using the last-bit floor 3.961e-15 of the value alone (#2812)
[INFO] [CERTIFICATE-BOUND] standard REML: fidelity=Mint, rho=[0.0, 0.0], bound 5.960464e-6 set by solver-band (derived_standard=false, |Pg|=5.017420e-8, |g|=5.017420e-8, solver_band=5.960464e-6, cost=-1.683873e1)
[INFO] [CERTIFICATE] standard REML: gradient |g|=5.017e-8 |Pg|=5.017e-8 bound=5.960e-6 (rung=solver-band derived_standard=false) hessian_psd=yes curvature_source=terminal-analytic railed=[] → stationary
[INFO] [STAGE] PIRLS update_with_curvature iter=1 curvature=Fisher elapsed=0.000s source=rebuilt
[INFO] [PIRLS solve-end] iters=1 elapsed=0.0013s g_norm_initial=8.107e1 g_norm_final=1.189e-9 convergence_rate=1.467e-11 status=Converged
[INFO] [STAGE] logdet S (Z-projected) rho_dim=2 penalty_rank=1 elapsed=0.000s
[INFO] [#1271-diag] p=2 penalty_rank=1 nullspace_dim=1 logS=-1.612911 logH=4.378553 half_diff=2.995732 h_above1=1 h_min=9.964e-2 h_max=8.001e2 rho=[0.0000,0.0000] lambda=[1.000e0,1.000e0]
[INFO] [STAGE] reml_laml cost_only_done k=2 ext_dim=0 dim=2 elapsed=0.000s
[INFO] [OUTER hessian-route] choice=dense reason=below_crossover n=400 p=2 k=2 callback_kernel=false subspace_trace=false scale_prefers_operator=false dense_workspace_bytes=224
[INFO] [OUTER hessian-elapsed] choice=dense reason=below_crossover n=400 p=2 k=2 elapsed=0.000s
[INFO] LAML rho Hessian has no identified directions (active_rank=0/2, structural_zero=0, curvature_resolution=7.130e-22); smoothing correction is exactly zero.
[WARN] [INDEF-HESS] rho=[0.0, 0.0]
[WARN] [INDEF-HESS] eigenvalues=[0.0, 2.5087300750772703e-8]
[WARN] [INDEF-HESS] active_rank=0/2 structural_zero=0 unresolvable_curvature=1 below_gradient_floor=1 curvature_resolution=7.130e-22
[WARN] [INDEF-HESS] classifications=["R", "G"] (A=active; Z=certified null of the penalty map, excused by STRUCTURE; R=under the measured curvature resolution ||dH||_2, excused by RESOLUTION; G=under the outer loop's own gradient floor, i.e. a saturation null, excused by the CHAIN RULE)
[WARN] [INDEF-HESS] min_eigenvalue=0.0000e0 min_eigenvector=[1.0, 0.0]
[WARN] [INDEF-HESS] outer_gradient=[-1.9107592860966315e-37, -5.017419658923893e-8]
[WARN] [INDEF-HESS] reparam_split sigma=[0.0, 2.5087300750772703e-8] reparam=sum_k g_k v_k^2=[-1.9107592860966315e-37, -5.017419658923893e-8] intrinsic=sigma-reparam=[1.9107592860966315e-37, 7.526149734001163e-8] gradient_floor=sum_k |g_k| v_k^2=[1.9107592860966315e-37, 5.017419658923893e-8] (a certified-null direction has intrinsic == 0 EXACTLY, so |sigma| == floor and the gate's boundary runs through it; see #2676)
[WARN] [INDEF-HESS] penalty_count=2 ranges=[(0, 13), (0, 13)] ranks=[10, 2]
[WARN] [INDEF-HESS] pair=(0,1) relative_defect=9.993101e-1 best_scale=3.714004e-2 tr_ii=1.0000e0 tr_jj=1.0000e0 v_neg[i]-v_neg[j]/sqrt2=7.0711e-1
[INFO] [smoothing-correction] branch=first-order severity=routine has_matrix=false reason="certified rho spectrum unavailable: nothing for cubature to reuse"
[INFO] [STAGE] logdet S (Z-projected) rho_dim=2 penalty_rank=1 elapsed=0.000s
[INFO] [#1271-diag] p=2 penalty_rank=1 nullspace_dim=1 logS=-1.612911 logH=4.378553 half_diff=2.995732 h_above1=1 h_min=9.964e-2 h_max=8.001e2 rho=[0.0000,0.0000] lambda=[1.000e0,1.000e0]
[INFO] [STAGE] reml_laml cost_only_done k=2 ext_dim=0 dim=2 elapsed=0.000s
[INFO] [OUTER hessian-route] choice=dense reason=below_crossover n=400 p=2 k=2 callback_kernel=false subspace_trace=false scale_prefers_operator=false dense_workspace_bytes=224
[INFO] [OUTER hessian-elapsed] choice=dense reason=below_crossover n=400 p=2 k=2 elapsed=0.000s
[INFO] [GAM fit] n=400 p=13 k=2 fam=LikelihoodSpec { response: Gaussian, link: Standard(Identity) } link=Identity X=dense reml_iter=200 firth=false
[INFO] [reml-geometry] dense_spectral reason=constraints_present p=13 nnz_x=na nnz_h_est=na density_h_est=na threshold=0.1000
[INFO] [STAGE] PIRLS update_with_curvature iter=1 curvature=Fisher elapsed=0.000s source=rebuilt
[INFO] [PIRLS iter-end] iter=  1 elapsed=0.0013s lm_lambda=3.33e-7 g_norm=1.432e-4 last_dev_change=9.654e0 last_halving=1
[INFO] [PIRLS iter-breakdown] iter=  1 attempts=1 curvature=0.001s solve=0.000s predred=0.000s candidate=0.000s other=0.000s
[INFO] [PIRLS lm-trajectory] iter=  1 start_lambda=1.000e-6 final_lambda=3.333e-7 log10_ratio=-0.477 accept_rho=1.000 attempts=1
[INFO] [STAGE] PIRLS update_with_curvature iter=2 curvature=Fisher elapsed=0.000s source=reused_prev_accept
[INFO] [PIRLS iter-end] iter=  2 elapsed=0.0009s lm_lambda=1.11e-7 g_norm=1.580e-7 last_dev_change=5.526e-10 last_halving=1
[INFO] [PIRLS iter-breakdown] iter=  2 attempts=1 curvature=0.000s solve=0.000s predred=0.000s candidate=0.000s other=0.000s
[INFO] [PIRLS lm-trajectory] iter=  2 start_lambda=3.333e-7 final_lambda=1.111e-7 log10_ratio=-0.477 accept_rho=1.000 attempts=1
[INFO] [STAGE] PIRLS update_with_curvature iter=3 curvature=Fisher elapsed=0.000s source=reused_prev_accept
[INFO] [PIRLS solve-end] iters=3 elapsed=0.0035s g_norm_initial=7.686e2 g_norm_final=2.505e-9 convergence_rate=1.483e-4 status=Converged
[INFO] [STAGE] inner pirls solve iters=3 status=Converged max_eta=1.1 jeffreys_logdet=none rows=full(derivative-request) elapsed=0.004s
[INFO] [STAGE] logdet S (Z-projected) rho_dim=2 penalty_rank=2 elapsed=0.000s
[INFO] [#1271-diag] p=3 penalty_rank=2 nullspace_dim=1 logS=-8.921211 logH=8.422690 half_diff=8.671950 h_above1=2 h_min=2.224e-3 h_max=1.183e4 rho=[0.0000,0.0000] lambda=[1.000e0,1.000e0]
[INFO] [STAGE] reml_laml cost_only_done k=2 ext_dim=0 dim=3 elapsed=0.000s
[INFO] [HGB] small-sample fallback to defaults: pairs=0, threshold=3
[INFO] [STAGE] logdet S (Z-projected) rho_dim=2 penalty_rank=2 elapsed=0.000s
[INFO] [#1271-diag] p=3 penalty_rank=2 nullspace_dim=1 logS=-8.921211 logH=8.422690 half_diff=8.671950 h_above1=2 h_min=2.224e-3 h_max=1.183e4 rho=[0.0000,0.0000] lambda=[1.000e0,1.000e0]
[INFO] [reml-geometry] dense_spectral reason=constraints_present p=13 nnz_x=na nnz_h_est=na density_h_est=na threshold=0.1000
[INFO] [IFT-REJECTED] reason=large_drho max_drho=1.142e1 cap=2.000e0 drho_dim=2
[INFO] [STAGE] PIRLS update_with_curvature iter=1 curvature=Fisher elapsed=0.000s source=rebuilt
[INFO] [PIRLS iter-end] iter=  1 elapsed=0.0012s lm_lambda=3.33e-7 g_norm=3.328e-4 last_dev_change=5.365e0 last_halving=1
[INFO] [PIRLS iter-breakdown] iter=  1 attempts=1 curvature=0.001s solve=0.000s predred=0.000s candidate=0.000s other=0.000s
[INFO] [PIRLS lm-trajectory] iter=  1 start_lambda=1.000e-6 final_lambda=3.333e-7 log10_ratio=-0.477 accept_rho=1.000 attempts=1
[INFO] [STAGE] PIRLS update_with_curvature iter=2 curvature=Fisher elapsed=0.000s source=reused_prev_accept
[INFO] [PIRLS solve-end] iters=2 elapsed=0.0022s g_norm_initial=8.464e2 g_norm_final=7.767e-11 convergence_rate=3.029e-7 status=Converged
[INFO] [STAGE] inner pirls solve iters=2 status=Converged max_eta=0.9 jeffreys_logdet=none rows=full(derivative-request) elapsed=0.003s
[INFO] [STAGE] logdet S (Z-projected) rho_dim=2 penalty_rank=4 elapsed=0.000s
[INFO] [#1271-diag] p=5 penalty_rank=4 nullspace_dim=1 logS=32.102077 logH=38.772053 half_diff=3.334988 h_above1=5 h_min=1.192e2 h_max=1.176e5 rho=[10.3696,11.4229] lambda=[3.188e4,9.139e4]
[INFO] [OUTER] standard REML: n_params=2, gradient=Analytic, hessian=Either -> solver=Arc, search_hessian_source=Analytic [solver=Arc;hessian=Analytic;matrix-free=false] [EFS with runtime barrier-curvature guard]
[INFO] [reml-geometry] dense_spectral reason=constraints_present p=13 nnz_x=na nnz_h_est=na density_h_est=na threshold=0.1000
[INFO] [STAGE] PIRLS update_with_curvature iter=1 curvature=Fisher elapsed=0.000s source=rebuilt
[INFO] [PIRLS iter-end] iter=  1 elapsed=0.0013s lm_lambda=3.33e-7 g_norm=1.432e-4 last_dev_change=9.654e0 last_halving=1
[INFO] [PIRLS iter-breakdown] iter=  1 attempts=1 curvature=0.001s solve=0.000s predred=0.000s candidate=0.000s other=0.000s
[INFO] [PIRLS lm-trajectory] iter=  1 start_lambda=1.000e-6 final_lambda=3.333e-7 log10_ratio=-0.477 accept_rho=1.000 attempts=1
[INFO] [STAGE] PIRLS update_with_curvature iter=2 curvature=Fisher elapsed=0.000s source=reused_prev_accept
[INFO] [PIRLS iter-end] iter=  2 elapsed=0.0009s lm_lambda=1.11e-7 g_norm=1.580e-7 last_dev_change=5.526e-10 last_halving=1
[INFO] [PIRLS iter-breakdown] iter=  2 attempts=1 curvature=0.000s solve=0.000s predred=0.000s candidate=0.000s other=0.000s
[INFO] [PIRLS lm-trajectory] iter=  2 start_lambda=3.333e-7 final_lambda=1.111e-7 log10_ratio=-0.477 accept_rho=1.000 attempts=1
[INFO] [STAGE] PIRLS update_with_curvature iter=3 curvature=Fisher elapsed=0.000s source=reused_prev_accept
[INFO] [PIRLS solve-end] iters=3 elapsed=0.0035s g_norm_initial=7.686e2 g_norm_final=2.505e-9 convergence_rate=1.483e-4 status=Converged
[INFO] [STAGE] inner pirls solve iters=3 status=Converged max_eta=1.1 jeffreys_logdet=none rows=full(derivative-request) elapsed=0.004s
[INFO] [STAGE] logdet S (Z-projected) rho_dim=2 penalty_rank=2 elapsed=0.000s
[INFO] [#1271-diag] p=3 penalty_rank=2 nullspace_dim=1 logS=-8.921211 logH=8.422690 half_diff=8.671950 h_above1=2 h_min=2.224e-3 h_max=1.183e4 rho=[0.0000,0.0000] lambda=[1.000e0,1.000e0]
[INFO] [STAGE] reml_laml cost_only_done k=2 ext_dim=0 dim=3 elapsed=0.000s
[INFO] [OUTER hessian-route] choice=dense reason=below_crossover n=400 p=3 k=2 callback_kernel=false subspace_trace=false scale_prefers_operator=false dense_workspace_bytes=504
[INFO] [OUTER hessian-elapsed] choice=dense reason=below_crossover n=400 p=3 k=2 elapsed=0.000s
[INFO] [HGB] small-sample fallback to defaults: pairs=0, threshold=3
[INFO] [OUTER schedule] inner-PIRLS cap transition (ARC bridge) arc_iter=0 g_ratio=n/a last_iters=3 converged=true ift_residual=n/a accept_rho=1.000 prev=0 new=5 (capped)
[INFO] [STAGE] outer eval start order=ValueGradientHessian dim=2
[INFO] [reml-geometry] dense_spectral reason=constraints_present p=13 nnz_x=na nnz_h_est=na density_h_est=na threshold=0.1000
[INFO] [IFT-CACHE] outcome=miss drho_dim=2 p=13 elapsed=0.000s
[INFO] [ADAPTIVE-KKT] outer_g_norm=4.754e-1 effective_tol=1.000e-10 floor=1.000e-12 ceiling=1.000e-10
[INFO] [STAGE] PIRLS update_with_curvature iter=1 curvature=Fisher elapsed=0.000s source=rebuilt
[INFO] [PIRLS iter-end] iter=  1 elapsed=0.0014s lm_lambda=3.33e-7 g_norm=3.374e-8 last_dev_change=1.054e-4 last_halving=1
[INFO] [PIRLS iter-breakdown] iter=  1 attempts=1 curvature=0.001s solve=0.000s predred=0.000s candidate=0.000s other=0.000s
[INFO] [PIRLS lm-trajectory] iter=  1 start_lambda=1.000e-6 final_lambda=3.333e-7 log10_ratio=-0.477 accept_rho=1.000 attempts=1
[INFO] [STAGE] PIRLS update_with_curvature iter=2 curvature=Fisher elapsed=0.000s source=reused_prev_accept
[INFO] [PIRLS exact-decrement] applicable=true decrement_sq=1.638293e-18 threshold=1.161833e-13 pass=true gradient_norm=1.849605e-10 relative_gradient=4.727206e-12 dimension_scale=7.211103e1 natural_scale=3.812681e1 objective=9.195836e-1 actual_reduction=1.332268e-15 predicted_reduction=1.419161e-15 linear_model_term=-2.747709e-15 direction_norm=7.835717e-7 data_reduction=-2.109424e-14 penalty_reduction=2.242051e-14
[INFO] [PIRLS solve-end] iters=2 elapsed=0.0029s g_norm_initial=3.821e1 g_norm_final=1.850e-10 convergence_rate=2.200e-6 status=Converged
[INFO] [STAGE] inner pirls solve iters=2 status=Converged max_eta=1.1 jeffreys_logdet=none rows=full(derivative-request) elapsed=0.004s
[INFO] [IFT-QUALITY] quality=6.155e-6 ift=2.000e0 pred_residual=1.094e-5 cap_predicted=3.000e0 iters=2
[INFO] [STAGE] logdet S (Z-projected) rho_dim=2 penalty_rank=2 elapsed=0.000s
[INFO] [#1271-diag] p=3 penalty_rank=2 nullspace_dim=1 logS=-7.589738 logH=9.088437 half_diff=8.339088 h_above1=2 h_min=4.327e-3 h_max=1.183e4 rho=[0.0000,0.6657] lambda=[1.000e0,1.946e0]
[INFO] [STAGE] reml_laml cost_only_done k=2 ext_dim=0 dim=3 elapsed=0.000s
[INFO] [OUTER hessian-route] choice=dense reason=below_crossover n=400 p=3 k=2 callback_kernel=false subspace_trace=false scale_prefers_operator=false dense_workspace_bytes=504
[INFO] [OUTER hessian-elapsed] choice=dense reason=below_crossover n=400 p=3 k=2 elapsed=0.000s
[INFO] [HGB] small-sample fallback to defaults: pairs=1, threshold=3
[INFO] [STAGE] outer eval end order=ValueGradientHessian elapsed=0.005s cost=-4.987443e2 |g|=4.521e-1
[INFO] [OUTER] eval#1 (hess) cost=-4.987443e2 |g|=4.521e-1 rho=[0.666,0.000]
[INFO] [OUTER schedule] inner-PIRLS cap transition (ARC bridge) arc_iter=1 g_ratio=1.000e0 last_iters=2 converged=true ift_residual=6.155e-6 accept_rho=1.000 prev=5 new=3 (capped)
[INFO] [STAGE] outer eval start order=ValueGradientHessian dim=2
[INFO] [reml-geometry] dense_spectral reason=constraints_present p=13 nnz_x=na nnz_h_est=na density_h_est=na threshold=0.1000
[INFO] [IFT-CACHE] outcome=miss drho_dim=2 p=13 elapsed=0.000s
[INFO] [ADAPTIVE-KKT] outer_g_norm=4.521e-1 effective_tol=1.000e-10 floor=1.000e-12 ceiling=1.000e-10
[INFO] [STAGE] PIRLS update_with_curvature iter=1 curvature=Fisher elapsed=0.000s source=rebuilt
[INFO] [PIRLS iter-end] iter=  1 elapsed=0.0014s lm_lambda=3.70e-8 g_norm=7.922e-9 last_dev_change=2.114e-4 last_halving=1
[INFO] [PIRLS iter-breakdown] iter=  1 attempts=1 curvature=0.001s solve=0.000s predred=0.000s candidate=0.000s other=0.000s
[INFO] [PIRLS lm-trajectory] iter=  1 start_lambda=1.111e-7 final_lambda=3.704e-8 log10_ratio=-0.477 accept_rho=1.000 attempts=1
[INFO] [STAGE] PIRLS update_with_curvature iter=2 curvature=Fisher elapsed=0.000s source=reused_prev_accept
[INFO] [PIRLS exact-decrement] applicable=true decrement_sq=2.479844e-23 threshold=1.162551e-13 pass=true gradient_norm=1.760370e-12 relative_gradient=4.498202e-14 dimension_scale=7.211103e1 natural_scale=3.813496e1 objective=9.201520e-1 actual_reduction=-1.110223e-16 predicted_reduction=-5.558308e-18 linear_model_term=-1.618701e-17 direction_norm=5.300198e-8 data_reduction=-1.920686e-14 penalty_reduction=1.903555e-14
[INFO] [PIRLS solve-end] iters=2 elapsed=0.0028s g_norm_initial=3.830e1 g_norm_final=1.760e-12 convergence_rate=2.144e-7 status=Converged
[INFO] [STAGE] inner pirls solve iters=2 status=Converged max_eta=1.1 jeffreys_logdet=none rows=full(derivative-request) elapsed=0.004s
[INFO] [IFT-QUALITY] quality=2.185e-5 ift=3.000e0 pred_residual=3.883e-5 cap_predicted=4.500e0 iters=2
[INFO] [STAGE] logdet S (Z-projected) rho_dim=2 penalty_rank=2 elapsed=0.000s
[INFO] [#1271-diag] p=3 penalty_rank=2 nullspace_dim=1 logS=-5.040768 logH=10.362981 half_diff=7.701875 h_above1=2 h_min=1.548e-2 h_max=1.183e4 rho=[-0.0000,1.9402] lambda=[1.000e0,6.960e0]
[INFO] [STAGE] reml_laml cost_only_done k=2 ext_dim=0 dim=3 elapsed=0.000s
[INFO] [OUTER hessian-route] choice=dense reason=below_crossover n=400 p=3 k=2 callback_kernel=false subspace_trace=false scale_prefers_operator=false dense_workspace_bytes=504
[INFO] [OUTER hessian-elapsed] choice=dense reason=below_crossover n=400 p=3 k=2 elapsed=0.000s
[INFO] [HGB] small-sample fallback to defaults: pairs=1, threshold=3
[INFO] [STAGE] outer eval end order=ValueGradientHessian elapsed=0.005s cost=-4.992583e2 |g|=3.289e-1
[INFO] [OUTER] eval#2 (hess) cost=-4.992583e2 |g|=3.289e-1 rho=[1.940,-0.000]
[INFO] [STAGE] outer eval start order=ValueGradientHessian dim=2
[INFO] [reml-geometry] dense_spectral reason=constraints_present p=13 nnz_x=na nnz_h_est=na density_h_est=na threshold=0.1000
[INFO] [IFT-CACHE] outcome=miss drho_dim=2 p=13 elapsed=0.000s
[INFO] [ADAPTIVE-KKT] outer_g_norm=3.289e-1 effective_tol=1.000e-10 floor=1.000e-12 ceiling=1.000e-10
[INFO] [STAGE] PIRLS update_with_curvature iter=1 curvature=Fisher elapsed=0.000s source=rebuilt
[INFO] [PIRLS solve-end] iters=1 elapsed=0.0014s g_norm_initial=3.895e1 g_norm_final=4.060e-9 convergence_rate=1.042e-10 status=Converged
[INFO] [STAGE] inner pirls solve iters=1 status=Converged max_eta=1.1 jeffreys_logdet=none rows=full(derivative-request) elapsed=0.002s
[INFO] [IFT-QUALITY] quality=1.117e-4 ift=4.500e0 pred_residual=1.984e-4 cap_predicted=6.750e0 iters=1
[INFO] [STAGE] logdet S (Z-projected) rho_dim=2 penalty_rank=2 elapsed=0.000s
[INFO] [#1271-diag] p=3 penalty_rank=2 nullspace_dim=1 logS=-1.317110 logH=12.225254 half_diff=6.771182 h_above1=2 h_min=9.956e-2 h_max=1.183e4 rho=[-0.0000,3.8021] lambda=[1.000e0,4.479e1]
[INFO] [STAGE] reml_laml cost_only_done k=2 ext_dim=0 dim=3 elapsed=0.000s
[INFO] [OUTER hessian-route] choice=dense reason=below_crossover n=400 p=3 k=2 callback_kernel=false subspace_trace=false scale_prefers_operator=false dense_workspace_bytes=504
[INFO] [OUTER hessian-elapsed] choice=dense reason=below_crossover n=400 p=3 k=2 elapsed=0.000s
[INFO] [HGB] small-sample fallback to defaults: pairs=1, threshold=3
[INFO] [STAGE] outer eval end order=ValueGradientHessian elapsed=0.003s cost=-4.992618e2 |g|=5.950e-1
[INFO] [OUTER] eval#3 (hess) cost=-4.992618e2 |g|=5.950e-1 rho=[3.802,-0.000]
[INFO] [STAGE] outer eval start order=ValueGradientHessian dim=2
[INFO] [reml-geometry] dense_spectral reason=constraints_present p=13 nnz_x=na nnz_h_est=na density_h_est=na threshold=0.1000
[INFO] [IFT-CACHE] outcome=miss drho_dim=2 p=13 elapsed=0.000s
[INFO] [ADAPTIVE-KKT] outer_g_norm=5.950e-1 effective_tol=1.000e-10 floor=1.000e-12 ceiling=1.000e-10
[INFO] [STAGE] PIRLS update_with_curvature iter=1 curvature=Fisher elapsed=0.000s source=rebuilt
[INFO] [PIRLS solve-end] iters=1 elapsed=0.0014s g_norm_initial=3.880e1 g_norm_final=8.954e-10 convergence_rate=2.308e-11 status=Converged
[INFO] [STAGE] inner pirls solve iters=1 status=Converged max_eta=1.1 jeffreys_logdet=none rows=full(derivative-request) elapsed=0.002s
[INFO] [IFT-QUALITY] quality=2.572e-5 ift=6.750e0 pred_residual=4.571e-5 cap_predicted=1.012e1 iters=1
[INFO] [STAGE] logdet S (Z-projected) rho_dim=2 penalty_rank=2 elapsed=0.000s
[INFO] [#1271-diag] p=3 penalty_rank=2 nullspace_dim=1 logS=-1.434195 logH=12.166682 half_diff=6.800439 h_above1=2 h_min=9.390e-2 h_max=1.183e4 rho=[-0.0000,3.7435] lambda=[1.000e0,4.225e1]
[INFO] [STAGE] reml_laml cost_only_done k=2 ext_dim=0 dim=3 elapsed=0.000s
[INFO] [OUTER hessian-route] choice=dense reason=below_crossover n=400 p=3 k=2 callback_kernel=false subspace_trace=false scale_prefers_operator=false dense_workspace_bytes=504
[INFO] [OUTER hessian-elapsed] choice=dense reason=below_crossover n=400 p=3 k=2 elapsed=0.000s
[INFO] [HGB] small-sample fallback to defaults: pairs=2, threshold=3
[INFO] [STAGE] outer eval end order=ValueGradientHessian elapsed=0.003s cost=-4.992948e2 |g|=5.331e-1
[INFO] [OUTER] eval#4 (hess) cost=-4.992948e2 |g|=5.331e-1 rho=[3.744,-0.000]
[INFO] [STAGE] outer eval start order=ValueGradientHessian dim=2
[INFO] [reml-geometry] dense_spectral reason=constraints_present p=13 nnz_x=na nnz_h_est=na density_h_est=na threshold=0.1000
[INFO] [IFT-CACHE] outcome=miss drho_dim=2 p=13 elapsed=0.000s
[INFO] [ADAPTIVE-KKT] outer_g_norm=5.331e-1 effective_tol=1.000e-10 floor=1.000e-12 ceiling=1.000e-10
[INFO] [STAGE] PIRLS update_with_curvature iter=1 curvature=Fisher elapsed=0.000s source=rebuilt
[INFO] [PIRLS solve-end] iters=1 elapsed=0.0014s g_norm_initial=4.338e1 g_norm_final=2.119e-9 convergence_rate=4.885e-11 status=Converged
[INFO] [STAGE] inner pirls solve iters=1 status=Converged max_eta=1.1 jeffreys_logdet=none rows=full(derivative-request) elapsed=0.002s
[INFO] [IFT-QUALITY] quality=2.176e-4 ift=1.012e1 pred_residual=3.866e-4 cap_predicted=1.519e1 iters=1
[INFO] [STAGE] logdet S (Z-projected) rho_dim=2 penalty_rank=2 elapsed=0.000s
[INFO] [#1271-diag] p=3 penalty_rank=2 nullspace_dim=1 logS=-2.458106 logH=11.654528 half_diff=7.056317 h_above1=2 h_min=5.629e-2 h_max=1.183e4 rho=[-0.0000,3.2316] lambda=[1.000e0,2.532e1]
[INFO] [STAGE] reml_laml cost_only_done k=2 ext_dim=0 dim=3 elapsed=0.000s
[INFO] [OUTER hessian-route] choice=dense reason=below_crossover n=400 p=3 k=2 callback_kernel=false subspace_trace=false scale_prefers_operator=false dense_workspace_bytes=504
[INFO] [OUTER hessian-elapsed] choice=dense reason=below_crossover n=400 p=3 k=2 elapsed=0.000s
[INFO] [STAGE] outer eval end order=ValueGradientHessian elapsed=0.003s cost=-4.994532e2 |g|=1.207e-1
[INFO] [OUTER] eval#5 (hess) cost=-4.994532e2 |g|=1.207e-1 rho=[3.232,-0.000]
[INFO] [STAGE] outer eval start order=ValueGradientHessian dim=2
[INFO] [reml-geometry] dense_spectral reason=constraints_present p=13 nnz_x=na nnz_h_est=na density_h_est=na threshold=0.1000
[INFO] [IFT-CACHE] outcome=miss drho_dim=2 p=13 elapsed=0.000s
[INFO] [ADAPTIVE-KKT] outer_g_norm=1.207e-1 effective_tol=1.000e-10 floor=1.000e-12 ceiling=1.000e-10
[INFO] [STAGE] PIRLS update_with_curvature iter=1 curvature=Fisher elapsed=0.000s source=rebuilt
[INFO] [PIRLS solve-end] iters=1 elapsed=0.0014s g_norm_initial=3.934e1 g_norm_final=3.787e-10 convergence_rate=9.625e-12 status=Converged
[INFO] [STAGE] inner pirls solve iters=1 status=Converged max_eta=1.1 jeffreys_logdet=none rows=full(derivative-request) elapsed=0.002s
[INFO] [IFT-QUALITY] quality=4.885e-5 ift=1.519e1 pred_residual=8.681e-5 cap_predicted=2.278e1 iters=1
[INFO] [STAGE] logdet S (Z-projected) rho_dim=2 penalty_rank=2 elapsed=0.000s
[INFO] [#1271-diag] p=3 penalty_rank=2 nullspace_dim=1 logS=-2.848062 logH=11.459497 half_diff=7.153780 h_above1=2 h_min=4.632e-2 h_max=1.183e4 rho=[-0.0000,3.0366] lambda=[1.000e0,2.083e1]
[INFO] [STAGE] reml_laml cost_only_done k=2 ext_dim=0 dim=3 elapsed=0.000s
[INFO] [OUTER hessian-route] choice=dense reason=below_crossover n=400 p=3 k=2 callback_kernel=false subspace_trace=false scale_prefers_operator=false dense_workspace_bytes=504
[INFO] [OUTER hessian-elapsed] choice=dense reason=below_crossover n=400 p=3 k=2 elapsed=0.000s
[INFO] [STAGE] outer eval end order=ValueGradientHessian elapsed=0.003s cost=-4.994658e2 |g|=1.109e-2
[INFO] [OUTER] eval#6 (hess) cost=-4.994658e2 |g|=1.109e-2 rho=[3.037,-0.000]
[INFO] [STAGE] outer eval start order=ValueGradientHessian dim=2
[INFO] [reml-geometry] dense_spectral reason=constraints_present p=13 nnz_x=na nnz_h_est=na density_h_est=na threshold=0.1000
[INFO] [IFT-CACHE] outcome=miss drho_dim=2 p=13 elapsed=0.000s
[INFO] [ADAPTIVE-KKT] outer_g_norm=1.109e-2 effective_tol=1.000e-10 floor=1.000e-12 ceiling=1.000e-10
[INFO] [STAGE] PIRLS update_with_curvature iter=1 curvature=Fisher elapsed=0.000s source=rebuilt
[INFO] [PIRLS solve-end] iters=1 elapsed=0.0014s g_norm_initial=3.834e1 g_norm_final=7.423e-11 convergence_rate=1.936e-12 status=Converged
[INFO] [STAGE] inner pirls solve iters=1 status=Converged max_eta=1.1 jeffreys_logdet=none rows=full(derivative-request) elapsed=0.002s
[INFO] [IFT-QUALITY] quality=4.440e-6 ift=2.278e1 pred_residual=7.891e-6 cap_predicted=3.417e1 iters=1
[INFO] [STAGE] logdet S (Z-projected) rho_dim=2 penalty_rank=2 elapsed=0.000s
[INFO] [#1271-diag] p=3 penalty_rank=2 nullspace_dim=1 logS=-2.891592 logH=11.437727 half_diff=7.164659 h_above1=2 h_min=4.532e-2 h_max=1.183e4 rho=[-0.0000,3.0148] lambda=[1.000e0,2.039e1]
[INFO] [STAGE] reml_laml cost_only_done k=2 ext_dim=0 dim=3 elapsed=0.000s
[INFO] [OUTER hessian-route] choice=dense reason=below_crossover n=400 p=3 k=2 callback_kernel=false subspace_trace=false scale_prefers_operator=false dense_workspace_bytes=504
[INFO] [OUTER hessian-elapsed] choice=dense reason=below_crossover n=400 p=3 k=2 elapsed=0.000s
[INFO] [STAGE] outer eval end order=ValueGradientHessian elapsed=0.003s cost=-4.994659e2 |g|=1.196e-4
[INFO] [OUTER] eval#7 (hess) cost=-4.994659e2 |g|=1.196e-4 rho=[3.015,-0.000]
[INFO] [OUTER schedule] inner-PIRLS cap transition (ARC bridge) arc_iter=6 g_ratio=2.644e-4 last_iters=1 converged=true ift_residual=4.440e-6 accept_rho=1.000 prev=3 new=0 (uncapped)
[INFO] [STAGE] outer eval start order=ValueGradientHessian dim=2
[INFO] [reml-geometry] dense_spectral reason=constraints_present p=13 nnz_x=na nnz_h_est=na density_h_est=na threshold=0.1000
[INFO] [IFT-CACHE] outcome=miss drho_dim=2 p=13 elapsed=0.000s
[INFO] [ADAPTIVE-KKT] outer_g_norm=1.196e-4 effective_tol=1.000e-10 floor=1.000e-12 ceiling=1.000e-10
[INFO] [STAGE] PIRLS update_with_curvature iter=1 curvature=Fisher elapsed=0.000s source=rebuilt
[INFO] [PIRLS solve-end] iters=1 elapsed=0.0014s g_norm_initial=3.826e1 g_norm_final=5.127e-11 convergence_rate=1.340e-12 status=Converged
[INFO] [STAGE] inner pirls solve iters=1 status=Converged max_eta=1.1 jeffreys_logdet=none rows=full(derivative-request) elapsed=0.002s
[INFO] [IFT-QUALITY] quality=4.779e-8 ift=3.417e1 pred_residual=8.493e-8 cap_predicted=5.126e1 iters=1
[INFO] [STAGE] logdet S (Z-projected) rho_dim=2 penalty_rank=2 elapsed=0.000s
[INFO] [#1271-diag] p=3 penalty_rank=2 nullspace_dim=1 logS=-2.892071 logH=11.437487 half_diff=7.164779 h_above1=2 h_min=4.531e-2 h_max=1.183e4 rho=[-0.0000,3.0146] lambda=[1.000e0,2.038e1]
[INFO] [STAGE] reml_laml cost_only_done k=2 ext_dim=0 dim=3 elapsed=0.000s
[INFO] [OUTER hessian-route] choice=dense reason=below_crossover n=400 p=3 k=2 callback_kernel=false subspace_trace=false scale_prefers_operator=false dense_workspace_bytes=504
[INFO] [OUTER hessian-elapsed] choice=dense reason=below_crossover n=400 p=3 k=2 elapsed=0.000s
[INFO] [STAGE] outer eval end order=ValueGradientHessian elapsed=0.003s cost=-4.994659e2 |g|=1.430e-8
[INFO] [OUTER] eval#8 (hess) cost=-4.994659e2 |g|=1.430e-8 rho=[3.015,-0.000]
[INFO] [reml-geometry] dense_spectral reason=constraints_present p=13 nnz_x=na nnz_h_est=na density_h_est=na threshold=0.1000
[INFO] [STAGE] PIRLS update_with_curvature iter=1 curvature=Fisher elapsed=0.000s source=rebuilt
[INFO] [PIRLS iter-end] iter=  1 elapsed=0.0013s lm_lambda=3.33e-7 g_norm=1.427e-4 last_dev_change=9.652e0 last_halving=1
[INFO] [PIRLS iter-breakdown] iter=  1 attempts=1 curvature=0.001s solve=0.000s predred=0.000s candidate=0.000s other=0.000s
[INFO] [PIRLS lm-trajectory] iter=  1 start_lambda=1.000e-6 final_lambda=3.333e-7 log10_ratio=-0.477 accept_rho=1.000 attempts=1
[INFO] [STAGE] PIRLS update_with_curvature iter=2 curvature=Fisher elapsed=0.000s source=reused_prev_accept
[INFO] [PIRLS iter-end] iter=  2 elapsed=0.0009s lm_lambda=1.11e-7 g_norm=9.196e-9 last_dev_change=4.170e-11 last_halving=1
[INFO] [PIRLS iter-breakdown] iter=  2 attempts=1 curvature=0.000s solve=0.000s predred=0.000s candidate=0.000s other=0.000s
[INFO] [PIRLS lm-trajectory] iter=  2 start_lambda=3.333e-7 final_lambda=1.111e-7 log10_ratio=-0.477 accept_rho=1.000 attempts=1
[INFO] [STAGE] PIRLS update_with_curvature iter=3 curvature=Fisher elapsed=0.000s source=reused_prev_accept
[INFO] [PIRLS exact-decrement] applicable=true decrement_sq=2.470979e-22 threshold=1.164473e-13 pass=true gradient_norm=7.037926e-12 relative_gradient=1.797366e-13 dimension_scale=7.211103e1 natural_scale=3.815689e1 objective=9.216729e-1 actual_reduction=1.110223e-16 predicted_reduction=1.899107e-16 linear_model_term=-3.841600e-16 direction_norm=9.258736e-8 data_reduction=6.661338e-15 penalty_reduction=-6.460110e-15
[INFO] [PIRLS solve-end] iters=3 elapsed=0.0038s g_norm_initial=7.686e2 g_norm_final=7.038e-12 convergence_rate=2.092e-5 status=Converged
[INFO] [STAGE] inner pirls solve iters=3 status=Converged max_eta=1.1 jeffreys_logdet=none rows=full(derivative-request) elapsed=0.005s
[INFO] [STAGE] logdet S (Z-projected) rho_dim=2 penalty_rank=2 elapsed=0.000s
[INFO] [#1271-diag] p=3 penalty_rank=2 nullspace_dim=1 logS=-2.892071 logH=11.437487 half_diff=7.164779 h_above1=2 h_min=4.531e-2 h_max=1.183e4 rho=[-0.0000,3.0146] lambda=[1.000e0,2.038e1]
[INFO] [STAGE] logdet S (Z-projected) rho_dim=2 penalty_rank=2 elapsed=0.000s
[INFO] [#1271-diag] p=3 penalty_rank=2 nullspace_dim=1 logS=-2.892071 logH=11.437487 half_diff=7.164779 h_above1=2 h_min=4.531e-2 h_max=1.183e4 rho=[-0.0000,3.0146] lambda=[1.000e0,2.038e1]
[INFO] [STAGE] reml_laml cost_only_done k=2 ext_dim=0 dim=3 elapsed=0.000s
[INFO] [HGB] small-sample fallback to defaults: pairs=0, threshold=3
[INFO] [CERTIFICATE] standard REML: the objective published no criterion resolution; using the last-bit floor 1.111e-13 of the value alone (#2812)
[INFO] [CERTIFICATE-BOUND] standard REML: fidelity=Screening, rho=[3.0145743011234765, -3.993006491379165e-24], bound 5.960464e-6 set by solver-band (derived_standard=false, |Pg|=1.429786e-8, |g|=1.429786e-8, solver_band=5.960464e-6, cost=-4.994659e2)
[INFO] [CERTIFICATE] standard REML: gradient |g|=1.430e-8 |Pg|=1.430e-8 bound=5.960e-6 (rung=solver-band derived_standard=false) hessian_psd=not-spent curvature_source=screening-not-spent railed=[] → stationary
[INFO] [reml-geometry] dense_spectral reason=constraints_present p=13 nnz_x=na nnz_h_est=na density_h_est=na threshold=0.1000
[INFO] [STAGE] PIRLS update_with_curvature iter=1 curvature=Fisher elapsed=0.000s source=rebuilt
[INFO] [PIRLS iter-end] iter=  1 elapsed=0.0012s lm_lambda=3.33e-7 g_norm=3.190e-4 last_dev_change=4.656e0 last_halving=1
[INFO] [PIRLS iter-breakdown] iter=  1 attempts=1 curvature=0.001s solve=0.000s predred=0.000s candidate=0.000s other=0.000s
[INFO] [PIRLS lm-trajectory] iter=  1 start_lambda=1.000e-6 final_lambda=3.333e-7 log10_ratio=-0.477 accept_rho=1.000 attempts=1
[INFO] [STAGE] PIRLS update_with_curvature iter=2 curvature=Fisher elapsed=0.000s source=reused_prev_accept
[INFO] [PIRLS solve-end] iters=2 elapsed=0.0022s g_norm_initial=7.683e2 g_norm_final=8.020e-11 convergence_rate=3.231e-7 status=Converged
[INFO] [STAGE] inner pirls solve iters=2 status=Converged max_eta=0.9 jeffreys_logdet=none rows=full(derivative-request) elapsed=0.003s
[INFO] [STAGE] logdet S (Z-projected) rho_dim=2 penalty_rank=4 elapsed=0.000s
[INFO] [#1271-diag] p=5 penalty_rank=4 nullspace_dim=1 logS=32.102077 logH=38.772053 half_diff=3.334988 h_above1=5 h_min=1.192e2 h_max=1.176e5 rho=[10.3696,11.4229] lambda=[3.188e4,9.139e4]
[INFO] [STAGE] reml_laml cost_only_done k=2 ext_dim=0 dim=5 elapsed=0.000s
[INFO] [OUTER hessian-route] choice=dense reason=below_crossover n=400 p=5 k=2 callback_kernel=false subspace_trace=false scale_prefers_operator=false dense_workspace_bytes=1400
[INFO] [OUTER hessian-elapsed] choice=dense reason=below_crossover n=400 p=5 k=2 elapsed=0.000s
[INFO] [HGB] small-sample fallback to defaults: pairs=0, threshold=3
[INFO] [OUTER schedule] inner-PIRLS cap transition (ARC bridge) arc_iter=6 g_ratio=n/a last_iters=2 converged=true ift_residual=n/a accept_rho=1.000 prev=0 new=4 (capped)
[INFO] [STAGE] outer eval start order=ValueGradientHessian dim=2
[INFO] [reml-geometry] dense_spectral reason=constraints_present p=13 nnz_x=na nnz_h_est=na density_h_est=na threshold=0.1000
[INFO] [IFT-REJECTED] reason=large_drho max_drho=1.857e1 cap=2.000e0 drho_dim=2
[INFO] [ADAPTIVE-KKT] outer_g_norm=8.100e1 effective_tol=1.000e-10 floor=1.000e-12 ceiling=1.000e-10
[INFO] [STAGE] PIRLS update_with_curvature iter=1 curvature=Fisher elapsed=0.000s source=rebuilt
[INFO] [PIRLS iter-end] iter=  1 elapsed=0.0013s lm_lambda=3.70e-8 g_norm=9.706e-6 last_dev_change=2.588e0 last_halving=1
[INFO] [PIRLS iter-breakdown] iter=  1 attempts=1 curvature=0.001s solve=0.000s predred=0.000s candidate=0.000s other=0.000s
[INFO] [PIRLS lm-trajectory] iter=  1 start_lambda=1.111e-7 final_lambda=3.704e-8 log10_ratio=-0.477 accept_rho=1.000 attempts=1
[INFO] [STAGE] PIRLS update_with_curvature iter=2 curvature=Fisher elapsed=0.000s source=reused_prev_accept
[INFO] [PIRLS iter-end] iter=  2 elapsed=0.0010s lm_lambda=1.23e-8 g_norm=2.423e-8 last_dev_change=7.040e-12 last_halving=1
[INFO] [PIRLS iter-breakdown] iter=  2 attempts=1 curvature=0.000s solve=0.000s predred=0.000s candidate=0.000s other=0.000s
[INFO] [PIRLS lm-trajectory] iter=  2 start_lambda=3.704e-8 final_lambda=1.235e-8 log10_ratio=-0.477 accept_rho=1.000 attempts=1
[INFO] [STAGE] PIRLS update_with_curvature iter=3 curvature=Fisher elapsed=0.000s source=reused_prev_accept
[INFO] [PIRLS solve-end] iters=3 elapsed=0.0035s g_norm_initial=3.818e2 g_norm_final=1.722e-8 convergence_rate=3.560e-4 status=StalledAtValidMinimum
[INFO] [STAGE] inner pirls solve iters=3 status=Converged max_eta=1.1 jeffreys_logdet=none rows=full(derivative-request) elapsed=0.005s
[INFO] [STAGE] logdet S (Z-projected) rho_dim=2 penalty_rank=2 elapsed=0.000s
[INFO] [#1271-diag] p=3 penalty_rank=2 nullspace_dim=1 logS=-23.201328 logH=1.283069 half_diff=12.242199 h_above1=2 h_min=1.763e-6 h_max=1.183e4 rho=[10.4101,-7.1459] lambda=[3.319e4,7.881e-4]
[INFO] [STAGE] reml_laml cost_only_done k=2 ext_dim=0 dim=3 elapsed=0.000s
[INFO] [OUTER hessian-route] choice=dense reason=below_crossover n=400 p=3 k=2 callback_kernel=false subspace_trace=false scale_prefers_operator=false dense_workspace_bytes=504
[INFO] [OUTER hessian-elapsed] choice=dense reason=below_crossover n=400 p=3 k=2 elapsed=0.000s
[INFO] [HGB] small-sample fallback to defaults: pairs=0, threshold=3
[INFO] [STAGE] outer eval end order=ValueGradientHessian elapsed=0.006s cost=-4.948891e2 |g|=4.976e-1
[INFO] [OUTER] eval#1 (hess) cost=-4.948891e2 |g|=4.976e-1 rho=[-7.146,10.410]
[INFO] [OUTER schedule] inner-PIRLS cap transition (ARC bridge) arc_iter=6 g_ratio=1.000e0 last_iters=3 converged=true ift_residual=n/a accept_rho=1.000 prev=4 new=5 (capped)
[INFO] [STAGE] outer eval start order=ValueGradientHessian dim=2
[INFO] [reml-geometry] dense_spectral reason=constraints_present p=13 nnz_x=na nnz_h_est=na density_h_est=na threshold=0.1000
[INFO] [IFT-CACHE] outcome=miss drho_dim=2 p=13 elapsed=0.000s
[INFO] [ADAPTIVE-KKT] outer_g_norm=4.976e-1 effective_tol=1.000e-10 floor=1.000e-12 ceiling=1.000e-10
[INFO] [STAGE] PIRLS update_with_curvature iter=1 curvature=Fisher elapsed=0.000s source=rebuilt
[INFO] [PIRLS iter-end] iter=  1 elapsed=0.0012s lm_lambda=3.33e-7 g_norm=4.161e-8 last_dev_change=9.673e-5 last_halving=1
[INFO] [PIRLS iter-breakdown] iter=  1 attempts=1 curvature=0.001s solve=0.000s predred=0.000s candidate=0.000s other=0.000s
[INFO] [PIRLS lm-trajectory] iter=  1 start_lambda=1.000e-6 final_lambda=3.333e-7 log10_ratio=-0.477 accept_rho=1.000 attempts=1
[INFO] [STAGE] PIRLS update_with_curvature iter=2 curvature=Fisher elapsed=0.000s source=reused_prev_accept
[INFO] [PIRLS exact-decrement] applicable=true decrement_sq=5.937981e-16 threshold=1.161554e-13 pass=true gradient_norm=8.449241e-11 relative_gradient=2.159625e-12 dimension_scale=7.211103e1 natural_scale=3.812365e1 objective=9.193631e-1 actual_reduction=0.000000e0 predicted_reduction=3.252416e-17 linear_model_term=-3.269261e-17 direction_norm=2.777016e-7 data_reduction=0.000000e0 penalty_reduction=2.397184e-17
[INFO] [PIRLS solve-end] iters=2 elapsed=0.0027s g_norm_initial=3.831e1 g_norm_final=8.449e-11 convergence_rate=1.485e-6 status=Converged
[INFO] [STAGE] inner pirls solve iters=2 status=Converged max_eta=1.1 jeffreys_logdet=none rows=full(derivative-request) elapsed=0.004s
[INFO] [IFT-QUALITY] quality=1.035e-5 ift=2.000e0 pred_residual=1.836e-5 cap_predicted=3.000e0 iters=2
[INFO] [STAGE] logdet S (Z-projected) rho_dim=2 penalty_rank=2 elapsed=0.000s
[INFO] [#1271-diag] p=3 penalty_rank=2 nullspace_dim=1 logS=-23.201328 logH=1.283069 half_diff=12.242199 h_above1=2 h_min=1.763e-6 h_max=1.183e4 rho=[10.3899,-7.1459] lambda=[3.253e4,7.881e-4]
[INFO] [STAGE] reml_laml cost_only_done k=2 ext_dim=0 dim=3 elapsed=0.000s
[INFO] [OUTER hessian-route] choice=dense reason=below_crossover n=400 p=3 k=2 callback_kernel=false subspace_trace=false scale_prefers_operator=false dense_workspace_bytes=504
[INFO] [OUTER hessian-elapsed] choice=dense reason=below_crossover n=400 p=3 k=2 elapsed=0.000s
[INFO] [HGB] small-sample fallback to defaults: pairs=1, threshold=3
[INFO] [STAGE] outer eval end order=ValueGradientHessian elapsed=0.004s cost=-4.948891e2 |g|=4.976e-1
[INFO] [OUTER] eval#2 (hess) cost=-4.948891e2 |g|=4.976e-1 rho=[-7.146,10.390]
[INFO] [OUTER schedule] inner-PIRLS cap transition (ARC bridge) arc_iter=7 g_ratio=1.000e0 last_iters=2 converged=true ift_residual=1.035e-5 accept_rho=1.000 prev=5 new=3 (capped)
[INFO] [STAGE] outer eval start order=ValueGradientHessian dim=2
[INFO] [reml-geometry] dense_spectral reason=constraints_present p=13 nnz_x=na nnz_h_est=na density_h_est=na threshold=0.1000
[INFO] [IFT-CACHE] outcome=miss drho_dim=2 p=13 elapsed=0.000s
[INFO] [ADAPTIVE-KKT] outer_g_norm=4.976e-1 effective_tol=1.000e-10 floor=1.000e-12 ceiling=1.000e-10
[INFO] [STAGE] PIRLS update_with_curvature iter=1 curvature=Fisher elapsed=0.000s source=rebuilt
[INFO] [PIRLS solve-end] iters=1 elapsed=0.0013s g_norm_initial=3.831e1 g_norm_final=1.678e-9 convergence_rate=4.379e-11 status=Converged
[INFO] [STAGE] inner pirls solve iters=1 status=Converged max_eta=1.1 jeffreys_logdet=none rows=full(derivative-request) elapsed=0.002s
[INFO] [IFT-QUALITY] quality=2.681e-5 ift=3.000e0 pred_residual=4.758e-5 cap_predicted=4.500e0 iters=1
[INFO] [STAGE] logdet S (Z-projected) rho_dim=2 penalty_rank=2 elapsed=0.000s
[INFO] [#1271-diag] p=3 penalty_rank=2 nullspace_dim=1 logS=-22.207493 logH=1.779654 half_diff=11.993573 h_above1=2 h_min=2.897e-6 h_max=1.183e4 rho=[10.3899,-6.6467] lambda=[3.253e4,1.298e-3]
[INFO] [STAGE] reml_laml cost_only_done k=2 ext_dim=0 dim=3 elapsed=0.000s
[INFO] [OUTER hessian-route] choice=dense reason=below_crossover n=400 p=3 k=2 callback_kernel=false subspace_trace=false scale_prefers_operator=false dense_workspace_bytes=504
[INFO] [OUTER hessian-elapsed] choice=dense reason=below_crossover n=400 p=3 k=2 elapsed=0.000s
[INFO] [HGB] small-sample fallback to defaults: pairs=2, threshold=3
[INFO] [STAGE] outer eval end order=ValueGradientHessian elapsed=0.003s cost=-4.951377e2 |g|=4.984e-1
[INFO] [OUTER] eval#3 (hess) cost=-4.951377e2 |g|=4.984e-1 rho=[-6.647,10.390]
[INFO] [STAGE] outer eval start order=ValueGradientHessian dim=2
[INFO] [reml-geometry] dense_spectral reason=constraints_present p=13 nnz_x=na nnz_h_est=na density_h_est=na threshold=0.1000
[INFO] [IFT-CACHE] outcome=miss drho_dim=2 p=13 elapsed=0.000s
[INFO] [ADAPTIVE-KKT] outer_g_norm=4.984e-1 effective_tol=1.000e-10 floor=1.000e-12 ceiling=1.000e-10
[INFO] [STAGE] PIRLS update_with_curvature iter=1 curvature=Fisher elapsed=0.000s source=rebuilt
[INFO] [PIRLS iter-end] iter=  1 elapsed=0.0012s lm_lambda=1.23e-8 g_norm=2.981e-8 last_dev_change=9.673e-5 last_halving=1
[INFO] [PIRLS iter-breakdown] iter=  1 attempts=1 curvature=0.001s solve=0.000s predred=0.000s candidate=0.000s other=0.000s
[INFO] [PIRLS lm-trajectory] iter=  1 start_lambda=3.704e-8 final_lambda=1.235e-8 log10_ratio=-0.477 accept_rho=1.000 attempts=1
[INFO] [STAGE] PIRLS update_with_curvature iter=2 curvature=Fisher elapsed=0.000s source=reused_prev_accept
[INFO] [PIRLS iter-end] iter=  2 elapsed=0.0010s lm_lambda=4.12e-9 g_norm=7.372e-9 last_dev_change=4.825e-12 last_halving=1
[INFO] [PIRLS iter-breakdown] iter=  2 attempts=1 curvature=0.000s solve=0.000s predred=0.000s candidate=0.000s other=0.000s
[INFO] [PIRLS lm-trajectory] iter=  2 start_lambda=1.235e-8 final_lambda=4.115e-9 log10_ratio=-0.477 accept_rho=1.000 attempts=1
[INFO] [STAGE] PIRLS update_with_curvature iter=3 curvature=Fisher elapsed=0.000s source=reused_prev_accept
[INFO] [PIRLS solve-end] iters=3 elapsed=0.0036s g_norm_initial=3.831e1 g_norm_final=6.854e-10 convergence_rate=2.615e-4 status=Converged
[INFO] [STAGE] inner pirls solve iters=3 status=Converged max_eta=1.1 jeffreys_logdet=none rows=full(derivative-request) elapsed=0.004s
[INFO] [IFT-QUALITY] quality=1.000e-3 ift=4.500e0 pred_residual=1.777e-3 cap_predicted=6.750e0 iters=3
[INFO] [STAGE] logdet S (Z-projected) rho_dim=2 penalty_rank=2 elapsed=0.000s
[INFO] [#1271-diag] p=3 penalty_rank=2 nullspace_dim=1 logS=-19.049475 logH=3.358530 half_diff=11.204003 h_above1=2 h_min=1.405e-5 h_max=1.183e4 rho=[10.3899,-5.0649] lambda=[3.253e4,6.315e-3]
[INFO] [STAGE] reml_laml cost_only_done k=2 ext_dim=0 dim=3 elapsed=0.000s
[INFO] [OUTER hessian-route] choice=dense reason=below_crossover n=400 p=3 k=2 callback_kernel=false subspace_trace=false scale_prefers_operator=false dense_workspace_bytes=504
[INFO] [OUTER hessian-elapsed] choice=dense reason=below_crossover n=400 p=3 k=2 elapsed=0.000s
[INFO] [HGB] small-sample fallback to defaults: pairs=2, threshold=3
[INFO] [STAGE] outer eval end order=ValueGradientHessian elapsed=0.005s cost=-4.959271e2 |g|=4.995e-1
[INFO] [OUTER] eval#4 (hess) cost=-4.959271e2 |g|=4.995e-1 rho=[-5.065,10.390]
[INFO] [OUTER schedule] inner-PIRLS cap transition (ARC bridge) arc_iter=9 g_ratio=1.004e0 last_iters=3 converged=true ift_residual=1.000e-3 accept_rho=1.000 prev=3 new=4 (capped)
[INFO] [STAGE] outer eval start order=ValueGradientHessian dim=2
[INFO] [reml-geometry] dense_spectral reason=constraints_present p=13 nnz_x=na nnz_h_est=na density_h_est=na threshold=0.1000
[INFO] [IFT-CACHE] outcome=miss drho_dim=2 p=13 elapsed=0.000s
[INFO] [ADAPTIVE-KKT] outer_g_norm=4.995e-1 effective_tol=1.000e-10 floor=1.000e-12 ceiling=1.000e-10
[INFO] [STAGE] PIRLS update_with_curvature iter=1 curvature=Fisher elapsed=0.000s source=rebuilt
[INFO] [PIRLS iter-end] iter=  1 elapsed=0.0012s lm_lambda=3.33e-7 g_norm=1.555e-6 last_dev_change=9.676e-5 last_halving=1
[INFO] [PIRLS iter-breakdown] iter=  1 attempts=1 curvature=0.001s solve=0.000s predred=0.000s candidate=0.000s other=0.000s
[INFO] [PIRLS lm-trajectory] iter=  1 start_lambda=1.000e-6 final_lambda=3.333e-7 log10_ratio=-0.477 accept_rho=1.000 attempts=1
[INFO] [STAGE] PIRLS update_with_curvature iter=2 curvature=Fisher elapsed=0.000s source=reused_prev_accept
[INFO] [PIRLS iter-end] iter=  2 elapsed=0.0009s lm_lambda=1.11e-7 g_norm=8.450e-8 last_dev_change=8.900e-11 last_halving=1
[INFO] [PIRLS iter-breakdown] iter=  2 attempts=1 curvature=0.000s solve=0.000s predred=0.000s candidate=0.000s other=0.000s
[INFO] [PIRLS lm-trajectory] iter=  2 start_lambda=3.333e-7 final_lambda=1.111e-7 log10_ratio=-0.477 accept_rho=1.000 attempts=1
[INFO] [STAGE] PIRLS update_with_curvature iter=3 curvature=Fisher elapsed=0.000s source=reused_prev_accept
[INFO] [PIRLS solve-end] iters=3 elapsed=0.0034s g_norm_initial=3.832e1 g_norm_final=1.544e-9 convergence_rate=3.428e-4 status=Converged
[INFO] [STAGE] inner pirls solve iters=3 status=Converged max_eta=1.1 jeffreys_logdet=none rows=full(derivative-request) elapsed=0.004s
[INFO] [IFT-QUALITY] quality=1.158e-3 ift=6.750e0 pred_residual=2.058e-3 cap_predicted=1.012e1 iters=3
[INFO] [STAGE] logdet S (Z-projected) rho_dim=2 penalty_rank=2 elapsed=0.000s
[INFO] [#1271-diag] p=3 penalty_rank=2 nullspace_dim=1 logS=-9.045946 logH=8.360322 half_diff=8.703134 h_above1=2 h_min=2.089e-3 h_max=1.183e4 rho=[10.3899,-0.0624] lambda=[3.253e4,9.395e-1]
[INFO] [STAGE] reml_laml cost_only_done k=2 ext_dim=0 dim=3 elapsed=0.000s
[INFO] [OUTER hessian-route] choice=dense reason=below_crossover n=400 p=3 k=2 callback_kernel=false subspace_trace=false scale_prefers_operator=false dense_workspace_bytes=504
[INFO] [OUTER hessian-elapsed] choice=dense reason=below_crossover n=400 p=3 k=2 elapsed=0.000s
[INFO] [HGB] small-sample fallback to defaults: pairs=2, threshold=3
[INFO] [STAGE] outer eval end order=ValueGradientHessian elapsed=0.005s cost=-4.984050e2 |g|=4.769e-1
[INFO] [OUTER] eval#5 (hess) cost=-4.984050e2 |g|=4.769e-1 rho=[-0.062,10.390]
[INFO] [STAGE] outer eval start order=ValueGradientHessian dim=2
[INFO] [reml-geometry] dense_spectral reason=constraints_present p=13 nnz_x=na nnz_h_est=na density_h_est=na threshold=0.1000
[INFO] [IFT-CACHE] outcome=miss drho_dim=2 p=13 elapsed=0.000s
[INFO] [ADAPTIVE-KKT] outer_g_norm=4.769e-1 effective_tol=1.000e-10 floor=1.000e-12 ceiling=1.000e-10
[INFO] [STAGE] PIRLS update_with_curvature iter=1 curvature=Fisher elapsed=0.000s source=rebuilt
[INFO] [PIRLS iter-end] iter=  1 elapsed=0.0012s lm_lambda=3.33e-7 g_norm=2.467e-7 last_dev_change=1.122e-4 last_halving=1
[INFO] [PIRLS iter-breakdown] iter=  1 attempts=1 curvature=0.001s solve=0.000s predred=0.000s candidate=0.000s other=0.000s
[INFO] [PIRLS lm-trajectory] iter=  1 start_lambda=1.000e-6 final_lambda=3.333e-7 log10_ratio=-0.477 accept_rho=1.000 attempts=1
[INFO] [STAGE] PIRLS update_with_curvature iter=2 curvature=Fisher elapsed=0.000s source=reused_prev_accept
[INFO] [PIRLS exact-decrement] applicable=true decrement_sq=1.215780e-23 threshold=1.176657e-13 pass=true gradient_norm=4.522605e-12 relative_gradient=1.150795e-13 dimension_scale=7.211103e1 natural_scale=3.829983e1 objective=9.313169e-1 actual_reduction=0.000000e0 predicted_reduction=1.967505e-17 linear_model_term=-5.745881e-17 direction_norm=1.445817e-8 data_reduction=-2.689504e-11 penalty_reduction=2.689505e-11
[INFO] [PIRLS solve-end] iters=2 elapsed=0.0026s g_norm_initial=3.900e1 g_norm_final=4.523e-12 convergence_rate=3.405e-7 status=Converged
[INFO] [STAGE] inner pirls solve iters=2 status=Converged max_eta=1.1 jeffreys_logdet=none rows=full(derivative-request) elapsed=0.003s
[INFO] [IFT-QUALITY] quality=2.693e-4 ift=1.012e1 pred_residual=4.785e-4 cap_predicted=1.519e1 iters=2
[INFO] [STAGE] logdet S (Z-projected) rho_dim=2 penalty_rank=2 elapsed=0.000s
[INFO] [#1271-diag] p=3 penalty_rank=2 nullspace_dim=1 logS=0.397587 logH=13.083316 half_diff=6.342864 h_above1=2 h_min=2.345e-1 h_max=1.184e4 rho=[10.3899,4.6594] lambda=[3.253e4,1.056e2]
[INFO] [STAGE] reml_laml cost_only_done k=2 ext_dim=0 dim=3 elapsed=0.000s
[INFO] [OUTER hessian-route] choice=dense reason=below_crossover n=400 p=3 k=2 callback_kernel=false subspace_trace=false scale_prefers_operator=false dense_workspace_bytes=504
[INFO] [OUTER hessian-elapsed] choice=dense reason=below_crossover n=400 p=3 k=2 elapsed=0.000s
[INFO] [HGB] small-sample fallback to defaults: pairs=2, threshold=3
[INFO] [STAGE] outer eval end order=ValueGradientHessian elapsed=0.004s cost=-4.982112e2 |g|=2.058e0
[INFO] [OUTER] eval#6 (hess) cost=-4.982112e2 |g|=2.058e0 rho=[4.659,10.390]
[INFO] [OUTER schedule] inner-PIRLS cap transition (ARC bridge) arc_iter=10 g_ratio=4.136e0 last_iters=2 converged=true ift_residual=2.693e-4 accept_rho=1.000 prev=4 new=3 (capped)
[INFO] [STAGE] outer eval start order=ValueGradientHessian dim=2
[INFO] [reml-geometry] dense_spectral reason=constraints_present p=13 nnz_x=na nnz_h_est=na density_h_est=na threshold=0.1000
[INFO] [IFT-CACHE] outcome=miss drho_dim=2 p=13 elapsed=0.000s
[INFO] [pirls-path] repeated path=dense_transformed reason=constraints_present count=128 (suppressing identical decisions)
[INFO] [ADAPTIVE-KKT] outer_g_norm=2.058e0 effective_tol=1.000e-10 floor=1.000e-12 ceiling=1.000e-10
[INFO] [STAGE] PIRLS update_with_curvature iter=1 curvature=Fisher elapsed=0.000s source=rebuilt
[INFO] [PIRLS iter-end] iter=  1 elapsed=0.0012s lm_lambda=3.70e-8 g_norm=4.503e-8 last_dev_change=1.330e-4 last_halving=1
[INFO] [PIRLS iter-breakdown] iter=  1 attempts=1 curvature=0.001s solve=0.000s predred=0.000s candidate=0.000s other=0.000s
[INFO] [PIRLS lm-trajectory] iter=  1 start_lambda=1.111e-7 final_lambda=3.704e-8 log10_ratio=-0.477 accept_rho=1.000 attempts=1
[INFO] [STAGE] PIRLS update_with_curvature iter=2 curvature=Fisher elapsed=0.000s source=reused_prev_accept
[INFO] [PIRLS exact-decrement] applicable=true decrement_sq=2.662069e-23 threshold=1.163758e-13 pass=true gradient_norm=2.686740e-12 relative_gradient=6.862907e-14 dimension_scale=7.211103e1 natural_scale=3.814871e1 objective=9.211070e-1 actual_reduction=1.110223e-16 predicted_reduction=1.045646e-16 linear_model_term=-1.935755e-16 direction_norm=7.198543e-8 data_reduction=-5.646594e-13 penalty_reduction=5.646972e-13
[INFO] [PIRLS solve-end] iters=2 elapsed=0.0026s g_norm_initial=3.947e1 g_norm_final=2.687e-12 convergence_rate=2.609e-7 status=Converged
[INFO] [STAGE] inner pirls solve iters=2 status=Converged max_eta=1.1 jeffreys_logdet=none rows=full(derivative-request) elapsed=0.003s
[INFO] [IFT-QUALITY] quality=3.162e-4 ift=1.519e1 pred_residual=5.620e-4 cap_predicted=2.278e1 iters=2
[INFO] [STAGE] logdet S (Z-projected) rho_dim=2 penalty_rank=2 elapsed=0.000s
[INFO] [#1271-diag] p=3 penalty_rank=2 nullspace_dim=1 logS=-3.454236 logH=11.156346 half_diff=7.305291 h_above1=2 h_min=3.421e-2 h_max=1.183e4 rho=[10.3899,2.7335] lambda=[3.253e4,1.539e1]
[INFO] [STAGE] reml_laml cost_only_done k=2 ext_dim=0 dim=3 elapsed=0.000s
[INFO] [OUTER hessian-route] choice=dense reason=below_crossover n=400 p=3 k=2 callback_kernel=false subspace_trace=false scale_prefers_operator=false dense_workspace_bytes=504
[INFO] [OUTER hessian-elapsed] choice=dense reason=below_crossover n=400 p=3 k=2 elapsed=0.000s
[INFO] [HGB] small-sample fallback to defaults: pairs=2, threshold=3
[INFO] [STAGE] outer eval end order=ValueGradientHessian elapsed=0.004s cost=-4.994479e2 |g|=1.222e-1
[INFO] [OUTER] eval#7 (hess) cost=-4.994479e2 |g|=1.222e-1 rho=[2.733,10.390]
[INFO] [STAGE] outer eval start order=ValueGradientHessian dim=2
[INFO] [reml-geometry] dense_spectral reason=constraints_present p=13 nnz_x=na nnz_h_est=na density_h_est=na threshold=0.1000
[INFO] [IFT-CACHE] outcome=miss drho_dim=2 p=13 elapsed=0.000s
[INFO] [ADAPTIVE-KKT] outer_g_norm=1.222e-1 effective_tol=1.000e-10 floor=1.000e-12 ceiling=1.000e-10
[INFO] [STAGE] PIRLS update_with_curvature iter=1 curvature=Fisher elapsed=0.000s source=rebuilt
[INFO] [PIRLS solve-end] iters=1 elapsed=0.0014s g_norm_initial=3.830e1 g_norm_final=7.111e-10 convergence_rate=1.857e-11 status=Converged
[INFO] [STAGE] inner pirls solve iters=1 status=Converged max_eta=1.1 jeffreys_logdet=none rows=full(derivative-request) elapsed=0.002s
[INFO] [IFT-QUALITY] quality=1.962e-6 ift=2.278e1 pred_residual=3.487e-6 cap_predicted=3.417e1 iters=1
[INFO] [STAGE] logdet S (Z-projected) rho_dim=2 penalty_rank=2 elapsed=0.000s
[INFO] [#1271-diag] p=3 penalty_rank=2 nullspace_dim=1 logS=-2.807983 logH=11.479542 half_diff=7.143762 h_above1=2 h_min=4.726e-2 h_max=1.183e4 rho=[10.3898,3.0566] lambda=[3.253e4,2.126e1]
[INFO] [STAGE] reml_laml cost_only_done k=2 ext_dim=0 dim=3 elapsed=0.000s
[INFO] [OUTER hessian-route] choice=dense reason=below_crossover n=400 p=3 k=2 callback_kernel=false subspace_trace=false scale_prefers_operator=false dense_workspace_bytes=504
[INFO] [OUTER hessian-elapsed] choice=dense reason=below_crossover n=400 p=3 k=2 elapsed=0.000s
[INFO] [STAGE] outer eval end order=ValueGradientHessian elapsed=0.003s cost=-4.994654e2 |g|=2.140e-2
[INFO] [OUTER] eval#8 (hess) cost=-4.994654e2 |g|=2.140e-2 rho=[3.057,10.390]
[INFO] [STAGE] outer eval start order=ValueGradientHessian dim=2
[INFO] [reml-geometry] dense_spectral reason=constraints_present p=13 nnz_x=na nnz_h_est=na density_h_est=na threshold=0.1000
[INFO] [IFT-CACHE] outcome=miss drho_dim=2 p=13 elapsed=0.000s
[INFO] [ADAPTIVE-KKT] outer_g_norm=2.140e-2 effective_tol=1.000e-10 floor=1.000e-12 ceiling=1.000e-10
[INFO] [STAGE] PIRLS update_with_curvature iter=1 curvature=Fisher elapsed=0.000s source=rebuilt
[INFO] [PIRLS solve-end] iters=1 elapsed=0.0014s g_norm_initial=3.831e1 g_norm_final=2.442e-10 convergence_rate=6.374e-12 status=Converged
[INFO] [STAGE] inner pirls solve iters=1 status=Converged max_eta=1.1 jeffreys_logdet=none rows=full(derivative-request) elapsed=0.002s
[INFO] [IFT-QUALITY] quality=1.276e-7 ift=3.417e1 pred_residual=2.267e-7 cap_predicted=5.126e1 iters=1
[INFO] [STAGE] logdet S (Z-projected) rho_dim=2 penalty_rank=2 elapsed=0.000s
[INFO] [#1271-diag] p=3 penalty_rank=2 nullspace_dim=1 logS=-2.890246 logH=11.438400 half_diff=7.164323 h_above1=2 h_min=4.535e-2 h_max=1.183e4 rho=[10.3896,3.0155] lambda=[3.252e4,2.040e1]
[INFO] [STAGE] reml_laml cost_only_done k=2 ext_dim=0 dim=3 elapsed=0.000s
[INFO] [OUTER hessian-route] choice=dense reason=below_crossover n=400 p=3 k=2 callback_kernel=false subspace_trace=false scale_prefers_operator=false dense_workspace_bytes=504
[INFO] [OUTER hessian-elapsed] choice=dense reason=below_crossover n=400 p=3 k=2 elapsed=0.000s
[INFO] [HGB] engage after 10 iters (max warmup reached)
[INFO] [HGB] target_mse=4.581e-6 s_i=1.000e0 s_l=1.000e0 s_t=1.000e0 eps²_i=1.527e-6 eps²_l=1.527e-6 eps²_t=1.527e-6 τ=1.000e-10 rtol=1.236e-3 k=0 floor_active=[]
[INFO] [STAGE] outer eval end order=ValueGradientHessian elapsed=0.003s cost=-4.994659e2 |g|=4.552e-4
[INFO] [OUTER] eval#9 (hess) cost=-4.994659e2 |g|=4.552e-4 rho=[3.015,10.390]
[INFO] [OUTER schedule] inner-PIRLS cap transition (ARC bridge) arc_iter=13 g_ratio=9.147e-4 last_iters=1 converged=true ift_residual=1.276e-7 accept_rho=1.000 prev=3 new=0 (uncapped)
[INFO] [STAGE] outer eval start order=ValueGradientHessian dim=2
[INFO] [reml-geometry] dense_spectral reason=constraints_present p=13 nnz_x=na nnz_h_est=na density_h_est=na threshold=0.1000
[INFO] [IFT-CACHE] outcome=miss drho_dim=2 p=13 elapsed=0.000s
[INFO] [ADAPTIVE-KKT] outer_g_norm=1.000e-10 effective_tol=1.000e-10 floor=1.000e-10 ceiling=1.000e-10
[INFO] [STAGE] PIRLS update_with_curvature iter=1 curvature=Fisher elapsed=0.000s source=rebuilt
[INFO] [PIRLS solve-end] iters=1 elapsed=0.0013s g_norm_initial=3.830e1 g_norm_final=8.069e-11 convergence_rate=2.107e-12 status=Converged
[INFO] [STAGE] inner pirls solve iters=1 status=Converged max_eta=1.1 jeffreys_logdet=none rows=full(derivative-request) elapsed=0.002s
[INFO] [IFT-QUALITY] quality=1.719e-9 ift=5.126e1 pred_residual=3.056e-9 cap_predicted=7.689e1 iters=1
[INFO] [STAGE] logdet S (Z-projected) rho_dim=2 penalty_rank=2 elapsed=0.000s
[INFO] [#1271-diag] p=3 penalty_rank=2 nullspace_dim=1 logS=-2.892071 logH=11.437488 half_diff=7.164779 h_above1=2 h_min=4.531e-2 h_max=1.183e4 rho=[10.3758,3.0146] lambda=[3.207e4,2.038e1]
[INFO] [STAGE] reml_laml cost_only_done k=2 ext_dim=0 dim=3 elapsed=0.000s
[INFO] [OUTER hessian-route] choice=dense reason=below_crossover n=400 p=3 k=2 callback_kernel=false subspace_trace=false scale_prefers_operator=false dense_workspace_bytes=504
[INFO] [OUTER hessian-elapsed] choice=dense reason=below_crossover n=400 p=3 k=2 elapsed=0.000s
[INFO] [HGB] target_mse=2.072e-9 s_i=1.000e0 s_l=1.000e0 s_t=1.000e0 eps²_i=6.906e-10 eps²_l=6.906e-10 eps²_t=6.906e-10 τ=1.000e-10 rtol=2.628e-5 k=0 floor_active=[]
[INFO] [STAGE] outer eval end order=ValueGradientHessian elapsed=0.003s cost=-4.994659e2 |g|=2.442e-7
[INFO] [OUTER] eval#10 (hess) cost=-4.994659e2 |g|=2.442e-7 rho=[3.015,10.376]
[INFO] [reml-geometry] dense_spectral reason=constraints_present p=13 nnz_x=na nnz_h_est=na density_h_est=na threshold=0.1000
[INFO] [STAGE] PIRLS update_with_curvature iter=1 curvature=Fisher elapsed=0.000s source=rebuilt
[INFO] [PIRLS iter-end] iter=  1 elapsed=0.0013s lm_lambda=3.33e-7 g_norm=1.711e-4 last_dev_change=9.652e0 last_halving=1
[INFO] [PIRLS iter-breakdown] iter=  1 attempts=1 curvature=0.001s solve=0.000s predred=0.000s candidate=0.000s other=0.000s
[INFO] [PIRLS lm-trajectory] iter=  1 start_lambda=1.000e-6 final_lambda=3.333e-7 log10_ratio=-0.477 accept_rho=1.000 attempts=1
[INFO] [STAGE] PIRLS update_with_curvature iter=2 curvature=Fisher elapsed=0.000s source=reused_prev_accept
[INFO] [PIRLS iter-end] iter=  2 elapsed=0.0009s lm_lambda=1.11e-7 g_norm=8.341e-9 last_dev_change=2.458e-11 last_halving=1
[INFO] [PIRLS iter-breakdown] iter=  2 attempts=1 curvature=0.000s solve=0.000s predred=0.000s candidate=0.000s other=0.000s
[INFO] [PIRLS lm-trajectory] iter=  2 start_lambda=3.333e-7 final_lambda=1.111e-7 log10_ratio=-0.477 accept_rho=1.000 attempts=1
[INFO] [STAGE] PIRLS update_with_curvature iter=3 curvature=Fisher elapsed=0.000s source=reused_prev_accept
[INFO] [PIRLS exact-decrement] applicable=true decrement_sq=1.608359e-22 threshold=1.164473e-13 pass=true gradient_norm=6.634693e-12 relative_gradient=1.694387e-13 dimension_scale=7.211103e1 natural_scale=3.815689e1 objective=9.216729e-1 actual_reduction=2.220446e-16 predicted_reduction=1.179355e-16 linear_model_term=-2.290557e-16 direction_norm=7.002701e-8 data_reduction=3.996803e-15 penalty_reduction=-3.836341e-15
[INFO] [PIRLS solve-end] iters=3 elapsed=0.0038s g_norm_initial=7.685e2 g_norm_final=6.635e-12 convergence_rate=2.051e-5 status=Converged
[INFO] [STAGE] inner pirls solve iters=3 status=Converged max_eta=1.1 jeffreys_logdet=none rows=full(derivative-request) elapsed=0.005s
[INFO] [STAGE] logdet S (Z-projected) rho_dim=2 penalty_rank=2 elapsed=0.000s
[INFO] [#1271-diag] p=3 penalty_rank=2 nullspace_dim=1 logS=-2.892071 logH=11.437488 half_diff=7.164779 h_above1=2 h_min=4.531e-2 h_max=1.183e4 rho=[10.3758,3.0146] lambda=[3.207e4,2.038e1]
[INFO] [STAGE] logdet S (Z-projected) rho_dim=2 penalty_rank=2 elapsed=0.000s
[INFO] [#1271-diag] p=3 penalty_rank=2 nullspace_dim=1 logS=-2.892071 logH=11.437488 half_diff=7.164779 h_above1=2 h_min=4.531e-2 h_max=1.183e4 rho=[10.3758,3.0146] lambda=[3.207e4,2.038e1]
[INFO] [STAGE] reml_laml cost_only_done k=2 ext_dim=0 dim=3 elapsed=0.000s
[INFO] [HGB] small-sample fallback to defaults: pairs=0, threshold=3
[INFO] [CERTIFICATE] standard REML: the objective published no criterion resolution; using the last-bit floor 1.111e-13 of the value alone (#2812)
[INFO] [CERTIFICATE-BOUND] standard REML: fidelity=Screening, rho=[3.0145747018731224, 10.375799770296554], bound 5.960464e-6 set by solver-band (derived_standard=false, |Pg|=2.442312e-7, |g|=2.442312e-7, solver_band=5.960464e-6, cost=-4.994659e2)
[INFO] [CERTIFICATE] standard REML: gradient |g|=2.442e-7 |Pg|=2.442e-7 bound=5.960e-6 (rung=solver-band derived_standard=false) hessian_psd=not-spent curvature_source=screening-not-spent railed=[] → stationary
[INFO] [reml-geometry] dense_spectral reason=constraints_present p=13 nnz_x=na nnz_h_est=na density_h_est=na threshold=0.1000
[INFO] [STAGE] PIRLS update_with_curvature iter=1 curvature=Fisher elapsed=0.000s source=rebuilt
[INFO] [PIRLS iter-end] iter=  1 elapsed=0.0014s lm_lambda=3.33e-7 g_norm=1.427e-4 last_dev_change=9.652e0 last_halving=1
[INFO] [PIRLS iter-breakdown] iter=  1 attempts=1 curvature=0.001s solve=0.000s predred=0.000s candidate=0.000s other=0.000s
[INFO] [PIRLS lm-trajectory] iter=  1 start_lambda=1.000e-6 final_lambda=3.333e-7 log10_ratio=-0.477 accept_rho=1.000 attempts=1
[INFO] [STAGE] PIRLS update_with_curvature iter=2 curvature=Fisher elapsed=0.000s source=reused_prev_accept
[INFO] [PIRLS iter-end] iter=  2 elapsed=0.0009s lm_lambda=1.11e-7 g_norm=9.196e-9 last_dev_change=4.170e-11 last_halving=1
[INFO] [PIRLS iter-breakdown] iter=  2 attempts=1 curvature=0.000s solve=0.000s predred=0.000s candidate=0.000s other=0.000s
[INFO] [PIRLS lm-trajectory] iter=  2 start_lambda=3.333e-7 final_lambda=1.111e-7 log10_ratio=-0.477 accept_rho=1.000 attempts=1
[INFO] [STAGE] PIRLS update_with_curvature iter=3 curvature=Fisher elapsed=0.000s source=reused_prev_accept
[INFO] [PIRLS exact-decrement] applicable=true decrement_sq=2.470979e-22 threshold=1.164473e-13 pass=true gradient_norm=7.037926e-12 relative_gradient=1.797366e-13 dimension_scale=7.211103e1 natural_scale=3.815689e1 objective=9.216729e-1 actual_reduction=1.110223e-16 predicted_reduction=1.899107e-16 linear_model_term=-3.841600e-16 direction_norm=9.258736e-8 data_reduction=6.661338e-15 penalty_reduction=-6.460110e-15
[INFO] [PIRLS solve-end] iters=3 elapsed=0.0038s g_norm_initial=7.686e2 g_norm_final=7.038e-12 convergence_rate=2.092e-5 status=Converged
[INFO] [STAGE] inner pirls solve iters=3 status=Converged max_eta=1.1 jeffreys_logdet=none rows=full(derivative-request) elapsed=0.005s
[INFO] [STAGE] logdet S (Z-projected) rho_dim=2 penalty_rank=2 elapsed=0.000s
[INFO] [#1271-diag] p=3 penalty_rank=2 nullspace_dim=1 logS=-2.892071 logH=11.437487 half_diff=7.164779 h_above1=2 h_min=4.531e-2 h_max=1.183e4 rho=[-0.0000,3.0146] lambda=[1.000e0,2.038e1]
[INFO] [STAGE] reml_laml cost_only_done k=2 ext_dim=0 dim=3 elapsed=0.000s
[INFO] [OUTER hessian-route] choice=dense reason=below_crossover n=400 p=3 k=2 callback_kernel=false subspace_trace=false scale_prefers_operator=false dense_workspace_bytes=504
[INFO] [OUTER hessian-elapsed] choice=dense reason=below_crossover n=400 p=3 k=2 elapsed=0.000s
[INFO] [HGB] small-sample fallback to defaults: pairs=0, threshold=3
[INFO] [reml-geometry] dense_spectral reason=constraints_present p=13 nnz_x=na nnz_h_est=na density_h_est=na threshold=0.1000
[INFO] [STAGE] PIRLS update_with_curvature iter=1 curvature=Fisher elapsed=0.000s source=rebuilt
[INFO] [PIRLS iter-end] iter=  1 elapsed=0.0013s lm_lambda=3.33e-7 g_norm=1.427e-4 last_dev_change=9.652e0 last_halving=1
[INFO] [PIRLS iter-breakdown] iter=  1 attempts=1 curvature=0.001s solve=0.000s predred=0.000s candidate=0.000s other=0.000s
[INFO] [PIRLS lm-trajectory] iter=  1 start_lambda=1.000e-6 final_lambda=3.333e-7 log10_ratio=-0.477 accept_rho=1.000 attempts=1
[INFO] [STAGE] PIRLS update_with_curvature iter=2 curvature=Fisher elapsed=0.000s source=reused_prev_accept
[INFO] [PIRLS iter-end] iter=  2 elapsed=0.0009s lm_lambda=1.11e-7 g_norm=9.196e-9 last_dev_change=4.170e-11 last_halving=1
[INFO] [PIRLS iter-breakdown] iter=  2 attempts=1 curvature=0.000s solve=0.000s predred=0.000s candidate=0.000s other=0.000s
[INFO] [PIRLS lm-trajectory] iter=  2 start_lambda=3.333e-7 final_lambda=1.111e-7 log10_ratio=-0.477 accept_rho=1.000 attempts=1
[INFO] [STAGE] PIRLS update_with_curvature iter=3 curvature=Fisher elapsed=0.000s source=reused_prev_accept
[INFO] [PIRLS exact-decrement] applicable=true decrement_sq=2.470979e-22 threshold=1.164473e-13 pass=true gradient_norm=7.037926e-12 relative_gradient=1.797366e-13 dimension_scale=7.211103e1 natural_scale=3.815689e1 objective=9.216729e-1 actual_reduction=1.110223e-16 predicted_reduction=1.899107e-16 linear_model_term=-3.841600e-16 direction_norm=9.258736e-8 data_reduction=6.661338e-15 penalty_reduction=-6.460110e-15
[INFO] [PIRLS solve-end] iters=3 elapsed=0.0037s g_norm_initial=7.686e2 g_norm_final=7.038e-12 convergence_rate=2.092e-5 status=Converged
[INFO] [STAGE] inner pirls solve iters=3 status=Converged max_eta=1.1 jeffreys_logdet=none rows=full(derivative-request) elapsed=0.005s
[INFO] [STAGE] logdet S (Z-projected) rho_dim=2 penalty_rank=2 elapsed=0.000s
[INFO] [#1271-diag] p=3 penalty_rank=2 nullspace_dim=1 logS=-2.892071 logH=11.437487 half_diff=7.164779 h_above1=2 h_min=4.531e-2 h_max=1.183e4 rho=[-0.0000,3.0146] lambda=[1.000e0,2.038e1]
[INFO] [STAGE] reml_laml cost_only_done k=2 ext_dim=0 dim=3 elapsed=0.000s
[INFO] [OUTER hessian-route] choice=dense reason=below_crossover n=400 p=3 k=2 callback_kernel=false subspace_trace=false scale_prefers_operator=false dense_workspace_bytes=504
[INFO] [OUTER hessian-elapsed] choice=dense reason=below_crossover n=400 p=3 k=2 elapsed=0.000s
[INFO] [HGB] small-sample fallback to defaults: pairs=0, threshold=3
[INFO] [reml-geometry] dense_spectral reason=constraints_present p=13 nnz_x=na nnz_h_est=na density_h_est=na threshold=0.1000
[INFO] [STAGE] PIRLS update_with_curvature iter=1 curvature=Fisher elapsed=0.000s source=rebuilt
[INFO] [PIRLS iter-end] iter=  1 elapsed=0.0013s lm_lambda=3.33e-7 g_norm=1.427e-4 last_dev_change=9.652e0 last_halving=1
[INFO] [PIRLS iter-breakdown] iter=  1 attempts=1 curvature=0.001s solve=0.000s predred=0.000s candidate=0.000s other=0.000s
[INFO] [PIRLS lm-trajectory] iter=  1 start_lambda=1.000e-6 final_lambda=3.333e-7 log10_ratio=-0.477 accept_rho=1.000 attempts=1
[INFO] [STAGE] PIRLS update_with_curvature iter=2 curvature=Fisher elapsed=0.000s source=reused_prev_accept
[INFO] [PIRLS iter-end] iter=  2 elapsed=0.0009s lm_lambda=1.11e-7 g_norm=9.196e-9 last_dev_change=4.170e-11 last_halving=1
[INFO] [PIRLS iter-breakdown] iter=  2 attempts=1 curvature=0.000s solve=0.000s predred=0.000s candidate=0.000s other=0.000s
[INFO] [PIRLS lm-trajectory] iter=  2 start_lambda=3.333e-7 final_lambda=1.111e-7 log10_ratio=-0.477 accept_rho=1.000 attempts=1
[INFO] [STAGE] PIRLS update_with_curvature iter=3 curvature=Fisher elapsed=0.000s source=reused_prev_accept
[INFO] [PIRLS exact-decrement] applicable=true decrement_sq=2.470979e-22 threshold=1.164473e-13 pass=true gradient_norm=7.037926e-12 relative_gradient=1.797366e-13 dimension_scale=7.211103e1 natural_scale=3.815689e1 objective=9.216729e-1 actual_reduction=1.110223e-16 predicted_reduction=1.899107e-16 linear_model_term=-3.841600e-16 direction_norm=9.258736e-8 data_reduction=6.661338e-15 penalty_reduction=-6.460110e-15
[INFO] [PIRLS solve-end] iters=3 elapsed=0.0038s g_norm_initial=7.686e2 g_norm_final=7.038e-12 convergence_rate=2.092e-5 status=Converged
[INFO] [STAGE] inner pirls solve iters=3 status=Converged max_eta=1.1 jeffreys_logdet=none rows=full(derivative-request) elapsed=0.005s
[INFO] [STAGE] logdet S (Z-projected) rho_dim=2 penalty_rank=2 elapsed=0.000s
[INFO] [#1271-diag] p=3 penalty_rank=2 nullspace_dim=1 logS=-2.892071 logH=11.437487 half_diff=7.164779 h_above1=2 h_min=4.531e-2 h_max=1.183e4 rho=[-0.0000,3.0146] lambda=[1.000e0,2.038e1]
[INFO] [STAGE] logdet S (Z-projected) rho_dim=2 penalty_rank=2 elapsed=0.000s
[INFO] [#1271-diag] p=3 penalty_rank=2 nullspace_dim=1 logS=-2.892071 logH=11.437487 half_diff=7.164779 h_above1=2 h_min=4.531e-2 h_max=1.183e4 rho=[-0.0000,3.0146] lambda=[1.000e0,2.038e1]
[INFO] [STAGE] reml_laml cost_only_done k=2 ext_dim=0 dim=3 elapsed=0.000s
[INFO] [OUTER hessian-route] choice=dense reason=below_crossover n=400 p=3 k=2 callback_kernel=false subspace_trace=false scale_prefers_operator=false dense_workspace_bytes=504
[INFO] [OUTER hessian-elapsed] choice=dense reason=below_crossover n=400 p=3 k=2 elapsed=0.000s
[INFO] [HGB] small-sample fallback to defaults: pairs=0, threshold=3
[INFO] [CERTIFICATE] standard REML: the objective published no criterion resolution; using the last-bit floor 1.111e-13 of the value alone (#2812)
[INFO] [CERTIFICATE-BOUND] standard REML: fidelity=Mint, rho=[3.0145743011234765, -3.993006491379165e-24], bound 5.960464e-6 set by solver-band (derived_standard=false, |Pg|=1.429786e-8, |g|=1.429786e-8, solver_band=5.960464e-6, cost=-4.994659e2)
[INFO] [CERTIFICATE] standard REML: gradient |g|=1.430e-8 |Pg|=1.430e-8 bound=5.960e-6 (rung=solver-band derived_standard=false) hessian_psd=yes curvature_source=terminal-analytic railed=[] → stationary
[INFO] [STAGE] PIRLS update_with_curvature iter=1 curvature=Fisher elapsed=0.000s source=rebuilt
[INFO] [PIRLS iter-end] iter=  1 elapsed=0.0013s lm_lambda=3.33e-7 g_norm=1.427e-4 last_dev_change=9.652e0 last_halving=1
[INFO] [PIRLS iter-breakdown] iter=  1 attempts=1 curvature=0.001s solve=0.000s predred=0.000s candidate=0.000s other=0.000s
[INFO] [PIRLS lm-trajectory] iter=  1 start_lambda=1.000e-6 final_lambda=3.333e-7 log10_ratio=-0.477 accept_rho=1.000 attempts=1
[INFO] [STAGE] PIRLS update_with_curvature iter=2 curvature=Fisher elapsed=0.000s source=reused_prev_accept
[INFO] [PIRLS iter-end] iter=  2 elapsed=0.0009s lm_lambda=1.11e-7 g_norm=9.196e-9 last_dev_change=4.170e-11 last_halving=1
[INFO] [PIRLS iter-breakdown] iter=  2 attempts=1 curvature=0.000s solve=0.000s predred=0.000s candidate=0.000s other=0.000s
[INFO] [PIRLS lm-trajectory] iter=  2 start_lambda=3.333e-7 final_lambda=1.111e-7 log10_ratio=-0.477 accept_rho=1.000 attempts=1
[INFO] [STAGE] PIRLS update_with_curvature iter=3 curvature=Fisher elapsed=0.000s source=reused_prev_accept
[INFO] [PIRLS exact-decrement] applicable=true decrement_sq=2.470979e-22 threshold=1.164473e-13 pass=true gradient_norm=7.037926e-12 relative_gradient=1.797366e-13 dimension_scale=7.211103e1 natural_scale=3.815689e1 objective=9.216729e-1 actual_reduction=1.110223e-16 predicted_reduction=1.899107e-16 linear_model_term=-3.841600e-16 direction_norm=9.258736e-8 data_reduction=6.661338e-15 penalty_reduction=-6.460110e-15
[INFO] [PIRLS solve-end] iters=3 elapsed=0.0038s g_norm_initial=7.686e2 g_norm_final=7.038e-12 convergence_rate=2.092e-5 status=Converged
[INFO] [STAGE] logdet S (Z-projected) rho_dim=2 penalty_rank=2 elapsed=0.000s
[INFO] [#1271-diag] p=3 penalty_rank=2 nullspace_dim=1 logS=-2.892071 logH=11.437487 half_diff=7.164779 h_above1=2 h_min=4.531e-2 h_max=1.183e4 rho=[-0.0000,3.0146] lambda=[1.000e0,2.038e1]
[INFO] [STAGE] reml_laml cost_only_done k=2 ext_dim=0 dim=3 elapsed=0.000s
[INFO] [OUTER hessian-route] choice=dense reason=below_crossover n=400 p=3 k=2 callback_kernel=false subspace_trace=false scale_prefers_operator=false dense_workspace_bytes=504
[INFO] [OUTER hessian-elapsed] choice=dense reason=below_crossover n=400 p=3 k=2 elapsed=0.000s
[INFO] [sigma-cubature] upgrading 1 of 2 active rho direction(s), capturing 1.0000 of the first-order correction variance; the remainder keeps its first-order column
[INFO] [reml-geometry] dense_spectral reason=constraints_present p=13 nnz_x=na nnz_h_est=na density_h_est=na threshold=0.1000
[INFO] [IFT-CACHE] outcome=miss drho_dim=2 p=13 elapsed=0.000s
[INFO] [ADAPTIVE-KKT] outer_g_norm=1.430e-8 effective_tol=1.000e-10 floor=1.000e-12 ceiling=1.000e-10
[INFO] [STAGE] PIRLS update_with_curvature iter=1 curvature=Fisher elapsed=0.000s source=rebuilt
[INFO] [PIRLS iter-end] iter=  1 elapsed=0.0013s lm_lambda=3.33e-7 g_norm=6.791e-7 last_dev_change=1.998e-3 last_halving=1
[INFO] [PIRLS iter-breakdown] iter=  1 attempts=1 curvature=0.001s solve=0.000s predred=0.000s candidate=0.000s other=0.000s
[INFO] [PIRLS lm-trajectory] iter=  1 start_lambda=1.000e-6 final_lambda=3.333e-7 log10_ratio=-0.477 accept_rho=1.000 attempts=1
[INFO] [STAGE] PIRLS update_with_curvature iter=2 curvature=Fisher elapsed=0.000s source=reused_prev_accept
[INFO] [PIRLS exact-decrement] applicable=true decrement_sq=8.837739e-21 threshold=1.173575e-13 pass=true gradient_norm=8.945111e-11 relative_gradient=2.278253e-12 dimension_scale=7.211103e1 natural_scale=3.826303e1 objective=9.288774e-1 actual_reduction=1.332268e-14 predicted_reduction=1.340986e-14 linear_model_term=-2.679427e-14 direction_norm=3.780853e-7 data_reduction=-2.049128e-11 penalty_reduction=2.050469e-11
[INFO] [PIRLS solve-end] iters=2 elapsed=0.0028s g_norm_initial=3.979e1 g_norm_final=8.945e-11 convergence_rate=1.499e-6 status=Converged
[INFO] [STAGE] inner pirls solve iters=2 status=Converged max_eta=1.1 jeffreys_logdet=none rows=full(derivative-request) elapsed=0.004s
[INFO] [IFT-QUALITY] quality=2.519e-4 ift=2.000e0 pred_residual=4.475e-4 cap_predicted=3.000e0 iters=2
[INFO] [STAGE] logdet S (Z-projected) rho_dim=2 penalty_rank=2 elapsed=0.000s
[INFO] [#1271-diag] p=3 penalty_rank=2 nullspace_dim=1 logS=-0.059415 logH=12.854562 half_diff=6.456989 h_above1=2 h_min=1.866e-1 h_max=1.184e4 rho=[-0.0000,4.4309] lambda=[1.000e0,8.401e1]
[INFO] [reml-geometry] dense_spectral reason=constraints_present p=13 nnz_x=na nnz_h_est=na density_h_est=na threshold=0.1000
[INFO] [IFT-CACHE] outcome=miss drho_dim=2 p=13 elapsed=0.000s
[INFO] [ADAPTIVE-KKT] outer_g_norm=1.430e-8 effective_tol=1.000e-10 floor=1.000e-12 ceiling=1.000e-10
[INFO] [STAGE] PIRLS update_with_curvature iter=1 curvature=Fisher elapsed=0.000s source=rebuilt
[INFO] [PIRLS iter-end] iter=  1 elapsed=0.0013s lm_lambda=3.70e-8 g_norm=2.166e-7 last_dev_change=1.849e-3 last_halving=1
[INFO] [PIRLS iter-breakdown] iter=  1 attempts=1 curvature=0.001s solve=0.000s predred=0.000s candidate=0.000s other=0.000s
[INFO] [PIRLS lm-trajectory] iter=  1 start_lambda=1.111e-7 final_lambda=3.704e-8 log10_ratio=-0.477 accept_rho=1.000 attempts=1
[INFO] [STAGE] PIRLS update_with_curvature iter=2 curvature=Fisher elapsed=0.000s source=reused_prev_accept
[INFO] [PIRLS exact-decrement] applicable=true decrement_sq=3.383483e-23 threshold=1.170223e-13 pass=true gradient_norm=4.949818e-12 relative_gradient=1.261952e-13 dimension_scale=7.211103e1 natural_scale=3.822350e1 objective=9.262241e-1 actual_reduction=2.109424e-15 predicted_reduction=2.146708e-15 linear_model_term=-4.298380e-15 direction_norm=1.786252e-7 data_reduction=-4.409917e-12 penalty_reduction=4.412073e-12
[INFO] [PIRLS solve-end] iters=2 elapsed=0.0026s g_norm_initial=4.484e1 g_norm_final=4.950e-12 convergence_rate=3.322e-7 status=Converged
[INFO] [STAGE] inner pirls solve iters=2 status=Converged max_eta=1.1 jeffreys_logdet=none rows=full(derivative-request) elapsed=0.003s
[INFO] [IFT-QUALITY] quality=2.736e-4 ift=3.000e0 pred_residual=4.862e-4 cap_predicted=4.500e0 iters=2
[INFO] [STAGE] logdet S (Z-projected) rho_dim=2 penalty_rank=2 elapsed=0.000s
[INFO] [#1271-diag] p=3 penalty_rank=2 nullspace_dim=1 logS=-0.713861 logH=12.527064 half_diff=6.620462 h_above1=2 h_min=1.346e-1 h_max=1.183e4 rho=[-0.0000,4.1037] lambda=[1.000e0,6.056e1]
[INFO] [reml-geometry] dense_spectral reason=constraints_present p=13 nnz_x=na nnz_h_est=na density_h_est=na threshold=0.1000
[INFO] [IFT-CACHE] outcome=miss drho_dim=2 p=13 elapsed=0.000s
[INFO] [ADAPTIVE-KKT] outer_g_norm=1.430e-8 effective_tol=1.000e-10 floor=1.000e-12 ceiling=1.000e-10
[INFO] [STAGE] PIRLS update_with_curvature iter=1 curvature=Fisher elapsed=0.000s source=rebuilt
[INFO] [PIRLS iter-end] iter=  1 elapsed=0.0013s lm_lambda=4.12e-9 g_norm=1.324e-7 last_dev_change=2.167e-2 last_halving=1
[INFO] [PIRLS iter-breakdown] iter=  1 attempts=1 curvature=0.001s solve=0.000s predred=0.000s candidate=0.000s other=0.000s
[INFO] [PIRLS lm-trajectory] iter=  1 start_lambda=1.235e-8 final_lambda=4.115e-9 log10_ratio=-0.477 accept_rho=1.000 attempts=1
[INFO] [STAGE] PIRLS update_with_curvature iter=2 curvature=Fisher elapsed=0.000s source=reused_prev_accept
[INFO] [PIRLS exact-decrement] applicable=true decrement_sq=2.663710e-22 threshold=1.162262e-13 pass=true gradient_norm=3.598899e-12 relative_gradient=9.196893e-14 dimension_scale=7.211103e1 natural_scale=3.813168e1 objective=9.199235e-1 actual_reduction=9.658940e-15 predicted_reduction=9.590493e-15 linear_model_term=-1.917534e-14 direction_norm=1.320311e-6 data_reduction=-2.280398e-13 penalty_reduction=2.377092e-13
[INFO] [PIRLS solve-end] iters=2 elapsed=0.0027s g_norm_initial=8.142e1 g_norm_final=3.599e-12 convergence_rate=2.102e-7 status=Converged
[INFO] [STAGE] inner pirls solve iters=2 status=Converged max_eta=1.1 jeffreys_logdet=none rows=full(derivative-request) elapsed=0.003s
[INFO] [IFT-QUALITY] quality=1.619e-3 ift=4.500e0 pred_residual=2.877e-3 cap_predicted=6.750e0 iters=2
[INFO] [STAGE] logdet S (Z-projected) rho_dim=2 penalty_rank=2 elapsed=0.000s
[INFO] [#1271-diag] p=3 penalty_rank=2 nullspace_dim=1 logS=-5.724726 logH=10.020978 half_diff=7.872852 h_above1=2 h_min=1.099e-2 h_max=1.183e4 rho=[-0.0000,1.5982] lambda=[1.000e0,4.944e0]
[INFO] [reml-geometry] dense_spectral reason=constraints_present p=13 nnz_x=na nnz_h_est=na density_h_est=na threshold=0.1000
[INFO] [IFT-CACHE] outcome=miss drho_dim=2 p=13 elapsed=0.000s
[INFO] [ADAPTIVE-KKT] outer_g_norm=1.430e-8 effective_tol=1.000e-10 floor=1.000e-12 ceiling=1.000e-10
[INFO] [STAGE] PIRLS update_with_curvature iter=1 curvature=Fisher elapsed=0.000s source=rebuilt
[INFO] [PIRLS solve-end] iters=1 elapsed=0.0014s g_norm_initial=3.860e1 g_norm_final=2.045e-10 convergence_rate=5.298e-12 status=Converged
[INFO] [STAGE] inner pirls solve iters=1 status=Converged max_eta=1.1 jeffreys_logdet=none rows=full(derivative-request) elapsed=0.002s
[INFO] [IFT-QUALITY] quality=1.626e-5 ift=6.750e0 pred_residual=2.890e-5 cap_predicted=1.012e1 iters=1
[INFO] [STAGE] logdet S (Z-projected) rho_dim=2 penalty_rank=2 elapsed=0.000s
[INFO] [#1271-diag] p=3 penalty_rank=2 nullspace_dim=1 logS=-6.383927 logH=9.691362 half_diff=8.037645 h_above1=2 h_min=7.908e-3 h_max=1.183e4 rho=[-0.0000,1.2686] lambda=[1.000e0,3.556e0]
[INFO] [reml-geometry] dense_spectral reason=constraints_present p=13 nnz_x=na nnz_h_est=na density_h_est=na threshold=0.1000
[INFO] [STAGE] logdet S (Z-projected) rho_dim=2 penalty_rank=2 elapsed=0.000s
[INFO] [#1271-diag] p=3 penalty_rank=2 nullspace_dim=1 logS=-0.713861 logH=12.527064 half_diff=6.620462 h_above1=2 h_min=1.346e-1 h_max=1.183e4 rho=[-0.0000,4.1037] lambda=[1.000e0,6.056e1]
[INFO] [reml-geometry] dense_spectral reason=constraints_present p=13 nnz_x=na nnz_h_est=na density_h_est=na threshold=0.1000
[INFO] [IFT-NOOP] reason=all_drho_below_eps max_drho=2.220e-16 drho_dim=2
[INFO] [ADAPTIVE-KKT] outer_g_norm=1.430e-8 effective_tol=1.000e-10 floor=1.000e-12 ceiling=1.000e-10
[INFO] [STAGE] PIRLS update_with_curvature iter=1 curvature=Fisher elapsed=0.000s source=rebuilt
[INFO] [PIRLS solve-end] iters=1 elapsed=0.0013s g_norm_initial=3.827e1 g_norm_final=5.124e-11 convergence_rate=1.339e-12 status=Converged
[INFO] [STAGE] inner pirls solve iters=1 status=Converged max_eta=1.1 jeffreys_logdet=none rows=full(derivative-request) elapsed=0.002s
[INFO] [STAGE] logdet S (Z-projected) rho_dim=2 penalty_rank=2 elapsed=0.000s
[INFO] [#1271-diag] p=3 penalty_rank=2 nullspace_dim=1 logS=-6.383927 logH=9.691362 half_diff=8.037645 h_above1=2 h_min=7.908e-3 h_max=1.183e4 rho=[-0.0000,1.2686] lambda=[1.000e0,3.556e0]
[INFO] [STAGE] PIRLS update_with_curvature iter=1 curvature=Fisher elapsed=0.000s source=rebuilt
[INFO] [STAGE] PIRLS update_with_curvature iter=1 curvature=Fisher elapsed=0.000s source=rebuilt
[INFO] [PIRLS iter-end] iter=  1 elapsed=0.0010s lm_lambda=3.33e-7 g_norm=1.186e-7 last_dev_change=9.970e-5 last_halving=1
[INFO] [PIRLS iter-breakdown] iter=  1 attempts=1 curvature=0.000s solve=0.000s predred=0.000s candidate=0.000s other=0.000s
[INFO] [PIRLS lm-trajectory] iter=  1 start_lambda=1.000e-6 final_lambda=3.333e-7 log10_ratio=-0.477 accept_rho=1.000 attempts=1
[INFO] [STAGE] PIRLS update_with_curvature iter=2 curvature=Fisher elapsed=0.000s source=reused_prev_accept
[INFO] [PIRLS iter-end] iter=  1 elapsed=0.0011s lm_lambda=3.33e-7 g_norm=2.196e-8 last_dev_change=9.664e-5 last_halving=1
[INFO] [PIRLS iter-breakdown] iter=  1 attempts=1 curvature=0.000s solve=0.000s predred=0.000s candidate=0.000s other=0.000s
[INFO] [PIRLS lm-trajectory] iter=  1 start_lambda=1.000e-6 final_lambda=3.333e-7 log10_ratio=-0.477 accept_rho=1.000 attempts=1
[INFO] [STAGE] PIRLS update_with_curvature iter=2 curvature=Fisher elapsed=0.000s source=reused_prev_accept
[INFO] [PIRLS exact-decrement] applicable=true decrement_sq=1.137197e-22 threshold=1.170223e-13 pass=true gradient_norm=8.608225e-12 relative_gradient=2.194660e-13 dimension_scale=7.211103e1 natural_scale=3.822350e1 objective=9.262241e-1 actual_reduction=2.220446e-16 predicted_reduction=8.596676e-17 linear_model_term=-1.786828e-16 direction_norm=3.655320e-8 data_reduction=-6.450729e-12 penalty_reduction=6.450935e-12
[INFO] [PIRLS exact-decrement] applicable=true decrement_sq=7.187787e-19 threshold=1.162064e-13 pass=true gradient_norm=1.656195e-10 relative_gradient=4.232608e-12 dimension_scale=7.211103e1 natural_scale=3.812942e1 objective=9.197661e-1 actual_reduction=2.109424e-15 predicted_reduction=2.004624e-15 linear_model_term=-3.954739e-15 direction_norm=7.022895e-7 data_reduction=7.660539e-14 penalty_reduction=-7.453771e-14
[INFO] [PIRLS solve-end] iters=2 elapsed=0.0022s g_norm_initial=3.854e1 g_norm_final=8.608e-12 convergence_rate=4.726e-7 status=Converged
[INFO] [PIRLS solve-end] iters=2 elapsed=0.0024s g_norm_initial=3.815e1 g_norm_final=1.656e-10 convergence_rate=2.084e-6 status=Converged
[INFO] [STAGE] sigma-cubature pirls solve rho=[-0.000,4.104] iters=2 status=Converged max_eta=1.1 elapsed=0.003s
[INFO] [STAGE] sigma-cubature pirls solve rho=[-0.000,1.269] iters=2 status=Converged max_eta=1.1 elapsed=0.003s
[INFO] [sigma-cubature] node=0 step=1.4175e0 wald_step=1.4163e0 ΔV=4.383655e-1 posterior_weight=5.053325e-1 evals=5 box_limited=false tr(φ̂·H(ρ)⁻¹)=1.048146e-1 tr(φ̂·H(ρ̂)⁻¹)=1.738665e-1
[INFO] [sigma-cubature] node=1 step=1.4175e0 wald_step=1.4163e0 ΔV=4.596964e-1 posterior_weight=4.946675e-1 evals=5 box_limited=false tr(φ̂·H(ρ)⁻¹)=6.662655e-1 tr(φ̂·H(ρ̂)⁻¹)=1.738665e-1
[INFO] [sigma-cubature] tr(correction)=2.086796e-1 tr(φ̂·H(ρ̂)⁻¹)=1.738665e-1
[INFO] [smoothing-correction] branch=cubature rank=1 points=2 near_boundary=false grad_norm=1.430e-8 max_rho_var=5.625e7 max_node_criterion_rise=4.597e-1 (proposal calibration rise 0.5)
[INFO] [reml-geometry] dense_spectral reason=constraints_present p=13 nnz_x=na nnz_h_est=na density_h_est=na threshold=0.1000
[INFO] [STAGE] logdet S (Z-projected) rho_dim=2 penalty_rank=2 elapsed=0.000s
[INFO] [#1271-diag] p=3 penalty_rank=2 nullspace_dim=1 logS=-2.892071 logH=11.437487 half_diff=7.164779 h_above1=2 h_min=4.531e-2 h_max=1.183e4 rho=[-0.0000,3.0146] lambda=[1.000e0,2.038e1]
[INFO] [STAGE] reml_laml cost_only_done k=2 ext_dim=0 dim=3 elapsed=0.000s
[INFO] [OUTER hessian-route] choice=dense reason=below_crossover n=400 p=3 k=2 callback_kernel=false subspace_trace=false scale_prefers_operator=false dense_workspace_bytes=504
[INFO] [OUTER hessian-elapsed] choice=dense reason=below_crossover n=400 p=3 k=2 elapsed=0.000s
[INFO] [reml-geometry] dense_spectral reason=constraints_present p=13 nnz_x=na nnz_h_est=na density_h_est=na threshold=0.1000
[INFO] [IFT-REJECTED] reason=large_drho max_drho=1.069e2 cap=1.012e1 drho_dim=2
[INFO] [TANGENT-REJECTED] reason=degenerate_drho d_rho_norm_sq=4.930e-32
[WARN] [GAM COST]   -> P-IRLS INNER LOOP FAILED. Error: Hessian matrix is not positive definite (minimum eigenvalue: -3.7644e29). This indicates a numerical instability.
[INFO] [reml-geometry] dense_spectral reason=constraints_present p=13 nnz_x=na nnz_h_est=na density_h_est=na threshold=0.1000
[INFO] [IFT-REJECTED] reason=large_drho max_drho=5.415e2 cap=1.012e1 drho_dim=2
[INFO] [TANGENT-REJECTED] reason=degenerate_drho d_rho_norm_sq=4.930e-32
[WARN] [GAM COST]   -> P-IRLS INNER LOOP FAILED. Error: Hessian matrix is not positive definite (minimum eigenvalue: -1.0664e218). This indicates a numerical instability.
[INFO] [reml-geometry] dense_spectral reason=constraints_present p=13 nnz_x=na nnz_h_est=na density_h_est=na threshold=0.1000
[INFO] [IFT-REJECTED] reason=large_drho max_drho=6.533e2 cap=1.012e1 drho_dim=2
[INFO] [TANGENT-REJECTED] reason=degenerate_drho d_rho_norm_sq=4.930e-32
[INFO] [STAGE] PIRLS update_with_curvature iter=1 curvature=Fisher elapsed=0.000s source=rebuilt
[INFO] [PIRLS solve-end] iters=1 elapsed=0.0012s g_norm_initial=3.848e1 g_norm_final=1.017e-10 convergence_rate=2.644e-12 status=Converged
[INFO] [STAGE] inner pirls solve iters=1 status=Converged max_eta=1.1 jeffreys_logdet=none rows=full(derivative-request) elapsed=0.002s
[INFO] [STAGE] logdet S (Z-projected) rho_dim=2 penalty_rank=2 elapsed=0.000s
[INFO] [#1271-diag] p=3 penalty_rank=2 nullspace_dim=1 logS=-1.918023 logH=11.924662 half_diff=6.921342 h_above1=2 h_min=7.373e-2 h_max=1.183e4 rho=[-653.2806,3.5016] lambda=[1.922e-284,3.317e1]
[INFO] [reml-geometry] dense_spectral reason=constraints_present p=13 nnz_x=na nnz_h_est=na density_h_est=na threshold=0.1000
[INFO] [IFT-REJECTED] reason=large_drho max_drho=1.296e3 cap=1.012e1 drho_dim=2
[INFO] [TANGENT-REJECTED] reason=alpha_negative alpha=-1.984e0 cap=2.000e0
[WARN] [GAM COST]   -> P-IRLS INNER LOOP FAILED. Error: Hessian matrix is not positive definite (minimum eigenvalue: -1.6875e262). This indicates a numerical instability.
[INFO] [reml-geometry] dense_spectral reason=constraints_present p=13 nnz_x=na nnz_h_est=na density_h_est=na threshold=0.1000
[INFO] [IFT-REJECTED] reason=large_drho max_drho=9.509e2 cap=1.012e1 drho_dim=2
[INFO] [TANGENT-REJECTED] reason=alpha_negative alpha=-1.456e0 cap=2.000e0
[WARN] [GAM COST]   -> P-IRLS INNER LOOP FAILED. Error: Hessian matrix is not positive definite (minimum eigenvalue: -1.6291e111). This indicates a numerical instability.
[INFO] [reml-geometry] dense_spectral reason=constraints_present p=13 nnz_x=na nnz_h_est=na density_h_est=na threshold=0.1000
[INFO] [IFT-REJECTED] reason=large_drho max_drho=5.113e2 cap=1.012e1 drho_dim=2
[INFO] [TANGENT-REJECTED] reason=alpha_negative alpha=-7.827e-1 cap=2.000e0
[INFO] [STAGE] PIRLS update_with_curvature iter=1 curvature=Fisher elapsed=0.000s source=rebuilt
[INFO] [PIRLS solve-end] iters=1 elapsed=0.0012s g_norm_initial=3.811e1 g_norm_final=1.480e-11 convergence_rate=3.882e-13 status=Converged
[INFO] [STAGE] inner pirls solve iters=1 status=Converged max_eta=1.1 jeffreys_logdet=none rows=full(derivative-request) elapsed=0.002s
[INFO] [STAGE] logdet S (Z-projected) rho_dim=2 penalty_rank=2 elapsed=0.000s
[INFO] [#1271-diag] p=3 penalty_rank=2 nullspace_dim=1 logS=-3.980077 logH=10.893384 half_diff=7.436731 h_above1=2 h_min=2.630e-2 h_max=1.183e4 rho=[-141.9342,2.4706] lambda=[2.284e-62,1.183e1]
[INFO] [GAM fit] n=400 p=13 k=2 fam=LikelihoodSpec { response: Gaussian, link: Standard(Identity) } link=Identity X=dense reml_iter=200 firth=false
[INFO] [reml-geometry] dense_spectral reason=constraints_present p=13 nnz_x=na nnz_h_est=na density_h_est=na threshold=0.1000
[INFO] [STAGE] PIRLS update_with_curvature iter=1 curvature=Fisher elapsed=0.000s source=rebuilt
[INFO] [PIRLS iter-end] iter=  1 elapsed=0.0010s lm_lambda=3.33e-7 g_norm=8.989e-4 last_dev_change=1.008e1 last_halving=1
[INFO] [PIRLS iter-breakdown] iter=  1 attempts=1 curvature=0.001s solve=0.000s predred=0.000s candidate=0.000s other=0.000s
[INFO] [PIRLS lm-trajectory] iter=  1 start_lambda=1.000e-6 final_lambda=3.333e-7 log10_ratio=-0.477 accept_rho=1.000 attempts=1
[INFO] [STAGE] PIRLS update_with_curvature iter=2 curvature=Fisher elapsed=0.000s source=reused_prev_accept
[INFO] [PIRLS iter-end] iter=  2 elapsed=0.0007s lm_lambda=1.11e-7 g_norm=3.083e-6 last_dev_change=3.021e-7 last_halving=1
[INFO] [PIRLS iter-breakdown] iter=  2 attempts=1 curvature=0.000s solve=0.000s predred=0.000s candidate=0.000s other=0.000s
[INFO] [PIRLS lm-trajectory] iter=  2 start_lambda=3.333e-7 final_lambda=1.111e-7 log10_ratio=-0.477 accept_rho=1.000 attempts=1
[INFO] [STAGE] PIRLS update_with_curvature iter=3 curvature=Fisher elapsed=0.000s source=reused_prev_accept
[INFO] [PIRLS iter-end] iter=  3 elapsed=0.0007s lm_lambda=3.70e-8 g_norm=2.361e-8 last_dev_change=1.423e-11 last_halving=1
[INFO] [PIRLS iter-breakdown] iter=  3 attempts=1 curvature=0.000s solve=0.000s predred=0.000s candidate=0.000s other=0.000s
[INFO] [PIRLS lm-trajectory] iter=  3 start_lambda=1.111e-7 final_lambda=3.704e-8 log10_ratio=-0.477 accept_rho=1.000 attempts=1
[INFO] [STAGE] PIRLS update_with_curvature iter=4 curvature=Fisher elapsed=0.000s source=reused_prev_accept
[INFO] [PIRLS exact-decrement] applicable=true decrement_sq=1.926481e-19 threshold=6.271186e-14 pass=true gradient_norm=1.203938e-10 relative_gradient=8.856835e-11 dimension_scale=7.211103e1 natural_scale=3.593315e-1 objective=4.963605e-1 actual_reduction=3.497203e-15 predicted_reduction=3.383003e-15 linear_model_term=-6.732529e-15 direction_norm=1.735638e-6 data_reduction=-5.795586e-12 penalty_reduction=5.799086e-12
[INFO] [PIRLS solve-end] iters=4 elapsed=0.0038s g_norm_initial=7.690e2 g_norm_final=1.204e-10 convergence_rate=6.290e-4 status=Converged
[INFO] [STAGE] inner pirls solve iters=4 status=Converged max_eta=1.0 jeffreys_logdet=none rows=full(derivative-request) elapsed=0.004s
[INFO] [STAGE] logdet S (Z-projected) rho_dim=2 penalty_rank=8 elapsed=0.000s
[INFO] [#1271-diag] p=9 penalty_rank=8 nullspace_dim=1 logS=-16.717955 logH=25.487240 half_diff=21.102598 h_above1=7 h_min=2.224e-3 h_max=7.601e4 rho=[0.0000,0.0000] lambda=[1.000e0,1.000e0]
[INFO] [STAGE] reml_laml cost_only_done k=2 ext_dim=0 dim=9 elapsed=0.000s
[INFO] [HGB] small-sample fallback to defaults: pairs=0, threshold=3
[INFO] [STAGE] logdet S (Z-projected) rho_dim=2 penalty_rank=8 elapsed=0.000s
[INFO] [#1271-diag] p=9 penalty_rank=8 nullspace_dim=1 logS=-16.717955 logH=25.487240 half_diff=21.102598 h_above1=7 h_min=2.224e-3 h_max=7.601e4 rho=[0.0000,0.0000] lambda=[1.000e0,1.000e0]
[INFO] [reml-geometry] dense_spectral reason=constraints_present p=13 nnz_x=na nnz_h_est=na density_h_est=na threshold=0.1000
[INFO] [IFT-REJECTED] reason=large_drho max_drho=1.142e1 cap=2.000e0 drho_dim=2
[INFO] [STAGE] PIRLS update_with_curvature iter=1 curvature=Fisher elapsed=0.000s source=rebuilt
[INFO] [PIRLS iter-end] iter=  1 elapsed=0.0010s lm_lambda=3.33e-7 g_norm=9.002e-4 last_dev_change=9.597e1 last_halving=1
[INFO] [PIRLS iter-breakdown] iter=  1 attempts=1 curvature=0.001s solve=0.000s predred=0.000s candidate=0.000s other=0.000s
[INFO] [PIRLS lm-trajectory] iter=  1 start_lambda=1.000e-6 final_lambda=3.333e-7 log10_ratio=-0.477 accept_rho=1.000 attempts=1
[INFO] [STAGE] PIRLS update_with_curvature iter=2 curvature=Fisher elapsed=0.000s source=reused_prev_accept
[INFO] [PIRLS solve-end] iters=2 elapsed=0.0018s g_norm_initial=9.035e2 g_norm_final=7.794e-10 convergence_rate=9.288e-7 status=Converged
[INFO] [STAGE] inner pirls solve iters=2 status=Converged max_eta=0.9 jeffreys_logdet=none rows=full(derivative-request) elapsed=0.002s
[INFO] [STAGE] logdet S (Z-projected) rho_dim=2 penalty_rank=8 elapsed=0.000s
[INFO] [#1271-diag] p=9 penalty_rank=8 nullspace_dim=1 logS=69.038448 logH=75.831584 half_diff=3.396568 h_above1=9 h_min=1.171e2 h_max=8.718e4 rho=[10.3696,11.4229] lambda=[3.188e4,9.139e4]
[INFO] [OUTER] standard REML: n_params=2, gradient=Analytic, hessian=Either -> solver=Arc, search_hessian_source=Analytic [solver=Arc;hessian=Analytic;matrix-free=false] [EFS with runtime barrier-curvature guard]
[INFO] [reml-geometry] dense_spectral reason=constraints_present p=13 nnz_x=na nnz_h_est=na density_h_est=na threshold=0.1000
[INFO] [STAGE] PIRLS update_with_curvature iter=1 curvature=Fisher elapsed=0.000s source=rebuilt
[INFO] [PIRLS iter-end] iter=  1 elapsed=0.0010s lm_lambda=3.33e-7 g_norm=8.989e-4 last_dev_change=1.008e1 last_halving=1
[INFO] [PIRLS iter-breakdown] iter=  1 attempts=1 curvature=0.001s solve=0.000s predred=0.000s candidate=0.000s other=0.000s
[INFO] [PIRLS lm-trajectory] iter=  1 start_lambda=1.000e-6 final_lambda=3.333e-7 log10_ratio=-0.477 accept_rho=1.000 attempts=1
[INFO] [STAGE] PIRLS update_with_curvature iter=2 curvature=Fisher elapsed=0.000s source=reused_prev_accept
[INFO] [PIRLS iter-end] iter=  2 elapsed=0.0007s lm_lambda=1.11e-7 g_norm=3.083e-6 last_dev_change=3.021e-7 last_halving=1
[INFO] [PIRLS iter-breakdown] iter=  2 attempts=1 curvature=0.000s solve=0.000s predred=0.000s candidate=0.000s other=0.000s
[INFO] [PIRLS lm-trajectory] iter=  2 start_lambda=3.333e-7 final_lambda=1.111e-7 log10_ratio=-0.477 accept_rho=1.000 attempts=1
[INFO] [STAGE] PIRLS update_with_curvature iter=3 curvature=Fisher elapsed=0.000s source=reused_prev_accept
[INFO] [PIRLS iter-end] iter=  3 elapsed=0.0006s lm_lambda=3.70e-8 g_norm=2.361e-8 last_dev_change=1.423e-11 last_halving=1
[INFO] [PIRLS iter-breakdown] iter=  3 attempts=1 curvature=0.000s solve=0.000s predred=0.000s candidate=0.000s other=0.000s
[INFO] [PIRLS lm-trajectory] iter=  3 start_lambda=1.111e-7 final_lambda=3.704e-8 log10_ratio=-0.477 accept_rho=1.000 attempts=1
[INFO] [STAGE] PIRLS update_with_curvature iter=4 curvature=Fisher elapsed=0.000s source=reused_prev_accept
[INFO] [PIRLS exact-decrement] applicable=true decrement_sq=1.926481e-19 threshold=6.271186e-14 pass=true gradient_norm=1.203938e-10 relative_gradient=8.856835e-11 dimension_scale=7.211103e1 natural_scale=3.593315e-1 objective=4.963605e-1 actual_reduction=3.497203e-15 predicted_reduction=3.383003e-15 linear_model_term=-6.732529e-15 direction_norm=1.735638e-6 data_reduction=-5.795586e-12 penalty_reduction=5.799086e-12
[INFO] [PIRLS solve-end] iters=4 elapsed=0.0037s g_norm_initial=7.690e2 g_norm_final=1.204e-10 convergence_rate=6.290e-4 status=Converged
[INFO] [STAGE] inner pirls solve iters=4 status=Converged max_eta=1.0 jeffreys_logdet=none rows=full(derivative-request) elapsed=0.004s
[INFO] [STAGE] logdet S (Z-projected) rho_dim=2 penalty_rank=8 elapsed=0.000s
[INFO] [#1271-diag] p=9 penalty_rank=8 nullspace_dim=1 logS=-16.717955 logH=25.487240 half_diff=21.102598 h_above1=7 h_min=2.224e-3 h_max=7.601e4 rho=[0.0000,0.0000] lambda=[1.000e0,1.000e0]
[INFO] [STAGE] reml_laml cost_only_done k=2 ext_dim=0 dim=9 elapsed=0.000s
[INFO] [OUTER hessian-route] choice=dense reason=below_crossover n=400 p=9 k=2 callback_kernel=false subspace_trace=false scale_prefers_operator=false dense_workspace_bytes=4536
[INFO] [OUTER hessian-elapsed] choice=dense reason=below_crossover n=400 p=9 k=2 elapsed=0.000s
[INFO] [HGB] small-sample fallback to defaults: pairs=0, threshold=3
[INFO] [OUTER schedule] inner-PIRLS cap transition (ARC bridge) arc_iter=0 g_ratio=n/a last_iters=4 converged=true ift_residual=n/a accept_rho=1.000 prev=0 new=6 (capped)
[INFO] [STAGE] outer eval start order=ValueGradientHessian dim=2
[INFO] [reml-geometry] dense_spectral reason=constraints_present p=13 nnz_x=na nnz_h_est=na density_h_est=na threshold=0.1000
[INFO] [IFT-CACHE] outcome=miss drho_dim=2 p=13 elapsed=0.000s
[INFO] [ADAPTIVE-KKT] outer_g_norm=1.517e0 effective_tol=1.000e-10 floor=1.000e-12 ceiling=1.000e-10
[INFO] [STAGE] PIRLS update_with_curvature iter=1 curvature=Fisher elapsed=0.000s source=rebuilt
[INFO] [PIRLS iter-end] iter=  1 elapsed=0.0010s lm_lambda=3.33e-7 g_norm=4.660e-5 last_dev_change=3.128e-4 last_halving=1
[INFO] [PIRLS iter-breakdown] iter=  1 attempts=1 curvature=0.001s solve=0.000s predred=0.000s candidate=0.000s other=0.000s
[INFO] [PIRLS lm-trajectory] iter=  1 start_lambda=1.000e-6 final_lambda=3.333e-7 log10_ratio=-0.477 accept_rho=1.000 attempts=1
[INFO] [STAGE] PIRLS update_with_curvature iter=2 curvature=Fisher elapsed=0.000s source=reused_prev_accept
[INFO] [PIRLS iter-end] iter=  2 elapsed=0.0007s lm_lambda=1.11e-7 g_norm=7.034e-8 last_dev_change=4.395e-10 last_halving=1
[INFO] [PIRLS iter-breakdown] iter=  2 attempts=1 curvature=0.000s solve=0.000s predred=0.000s candidate=0.000s other=0.000s
[INFO] [PIRLS lm-trajectory] iter=  2 start_lambda=3.333e-7 final_lambda=1.111e-7 log10_ratio=-0.477 accept_rho=1.000 attempts=1
[INFO] [STAGE] PIRLS update_with_curvature iter=3 curvature=Fisher elapsed=0.000s source=reused_prev_accept
[INFO] [PIRLS solve-end] iters=3 elapsed=0.0026s g_norm_initial=4.771e-1 g_norm_final=1.263e-9 convergence_rate=1.383e-3 status=Converged
[INFO] [STAGE] inner pirls solve iters=3 status=Converged max_eta=1.0 jeffreys_logdet=none rows=full(derivative-request) elapsed=0.003s
[INFO] [IFT-QUALITY] quality=1.468e-2 ift=2.000e0 pred_residual=2.800e-2 cap_predicted=2.000e0 iters=3
[INFO] [STAGE] logdet S (Z-projected) rho_dim=2 penalty_rank=8 elapsed=0.000s
[INFO] [#1271-diag] p=9 penalty_rank=8 nullspace_dim=1 logS=-10.390421 logH=26.786635 half_diff=18.588528 h_above1=7 h_min=3.151e-3 h_max=7.601e4 rho=[0.9384,0.3486] lambda=[2.556e0,1.417e0]
[INFO] [STAGE] reml_laml cost_only_done k=2 ext_dim=0 dim=9 elapsed=0.000s
[INFO] [OUTER hessian-route] choice=dense reason=below_crossover n=400 p=9 k=2 callback_kernel=false subspace_trace=false scale_prefers_operator=false dense_workspace_bytes=4536
[INFO] [OUTER hessian-elapsed] choice=dense reason=below_crossover n=400 p=9 k=2 elapsed=0.000s
[INFO] [HGB] small-sample fallback to defaults: pairs=0, threshold=3
[INFO] [STAGE] outer eval end order=ValueGradientHessian elapsed=0.004s cost=-6.103259e2 |g|=1.081e0
[INFO] [OUTER] eval#1 (hess) cost=-6.103259e2 |g|=1.081e0 rho=[0.938,0.349]
[INFO] [OUTER schedule] inner-PIRLS cap transition (ARC bridge) arc_iter=1 g_ratio=1.000e0 last_iters=3 converged=true ift_residual=1.468e-2 accept_rho=0.998 prev=6 new=5 (capped)
[INFO] [STAGE] outer eval start order=ValueGradientHessian dim=2
[INFO] [reml-geometry] dense_spectral reason=constraints_present p=13 nnz_x=na nnz_h_est=na density_h_est=na threshold=0.1000
[INFO] [IFT-REJECTED] reason=large_drho max_drho=2.396e0 cap=2.000e0 drho_dim=2
[INFO] [TANGENT-REJECTED] reason=alpha_above_cap alpha=1.952e0 cap=1.750e0
[INFO] [ADAPTIVE-KKT] outer_g_norm=1.081e0 effective_tol=1.000e-10 floor=1.000e-12 ceiling=1.000e-10
[INFO] [STAGE] PIRLS update_with_curvature iter=1 curvature=Fisher elapsed=0.000s source=rebuilt
[INFO] [PIRLS iter-end] iter=  1 elapsed=0.0010s lm_lambda=3.33e-7 g_norm=1.990e-4 last_dev_change=2.503e-3 last_halving=1
[INFO] [PIRLS iter-breakdown] iter=  1 attempts=1 curvature=0.001s solve=0.000s predred=0.000s candidate=0.000s other=0.000s
[INFO] [PIRLS lm-trajectory] iter=  1 start_lambda=1.000e-6 final_lambda=3.333e-7 log10_ratio=-0.477 accept_rho=1.000 attempts=1
[INFO] [STAGE] PIRLS update_with_curvature iter=2 curvature=Fisher elapsed=0.000s source=reused_prev_accept
[INFO] [PIRLS iter-end] iter=  2 elapsed=0.0007s lm_lambda=1.11e-7 g_norm=4.152e-8 last_dev_change=2.365e-9 last_halving=1
[INFO] [PIRLS iter-breakdown] iter=  2 attempts=1 curvature=0.000s solve=0.000s predred=0.000s candidate=0.000s other=0.000s
[INFO] [PIRLS lm-trajectory] iter=  2 start_lambda=3.333e-7 final_lambda=1.111e-7 log10_ratio=-0.477 accept_rho=1.000 attempts=1
[INFO] [STAGE] PIRLS update_with_curvature iter=3 curvature=Fisher elapsed=0.000s source=reused_prev_accept
[INFO] [PIRLS exact-decrement] applicable=true decrement_sq=6.911959e-22 threshold=6.403052e-14 pass=true gradient_norm=2.124939e-11 relative_gradient=1.457565e-11 dimension_scale=7.211103e1 natural_scale=4.578694e-1 objective=5.067976e-1 actual_reduction=4.440892e-16 predicted_reduction=5.594721e-16 linear_model_term=-1.118691e-15 direction_norm=1.314196e-7 data_reduction=-1.066669e-9 penalty_reduction=1.066669e-9
[INFO] [PIRLS solve-end] iters=3 elapsed=0.0028s g_norm_initial=3.322e-1 g_norm_final=2.125e-11 convergence_rate=3.999e-4 status=Converged
[INFO] [STAGE] inner pirls solve iters=3 status=Converged max_eta=1.0 jeffreys_logdet=none rows=full(derivative-request) elapsed=0.003s
[INFO] [STAGE] logdet S (Z-projected) rho_dim=2 penalty_rank=8 elapsed=0.000s
[INFO] [#1271-diag] p=9 penalty_rank=8 nullspace_dim=1 logS=1.567384 logH=30.925294 half_diff=14.678955 h_above1=7 h_min=3.456e-2 h_max=7.602e4 rho=[2.1327,2.7446] lambda=[8.438e0,1.556e1]
[INFO] [STAGE] reml_laml cost_only_done k=2 ext_dim=0 dim=9 elapsed=0.000s
[INFO] [OUTER hessian-route] choice=dense reason=below_crossover n=400 p=9 k=2 callback_kernel=false subspace_trace=false scale_prefers_operator=false dense_workspace_bytes=4536
[INFO] [OUTER hessian-elapsed] choice=dense reason=below_crossover n=400 p=9 k=2 elapsed=0.000s
[INFO] [HGB] small-sample fallback to defaults: pairs=0, threshold=3
[INFO] [STAGE] outer eval end order=ValueGradientHessian elapsed=0.004s cost=-6.112684e2 |g|=4.687e-1
[INFO] [OUTER] eval#2 (hess) cost=-6.112684e2 |g|=4.687e-1 rho=[2.133,2.745]
[INFO] [STAGE] outer eval start order=ValueGradientHessian dim=2
[INFO] [reml-geometry] dense_spectral reason=constraints_present p=13 nnz_x=na nnz_h_est=na density_h_est=na threshold=0.1000
[INFO] [IFT-CACHE] outcome=miss drho_dim=2 p=13 elapsed=0.000s
[INFO] [ADAPTIVE-KKT] outer_g_norm=4.687e-1 effective_tol=1.000e-10 floor=1.000e-12 ceiling=1.000e-10
[INFO] [STAGE] PIRLS update_with_curvature iter=1 curvature=Fisher elapsed=0.000s source=rebuilt
[INFO] [PIRLS iter-end] iter=  1 elapsed=0.0010s lm_lambda=3.33e-7 g_norm=4.804e-6 last_dev_change=2.249e-4 last_halving=1
[INFO] [PIRLS iter-breakdown] iter=  1 attempts=1 curvature=0.001s solve=0.000s predred=0.000s candidate=0.000s other=0.000s
[INFO] [PIRLS lm-trajectory] iter=  1 start_lambda=1.000e-6 final_lambda=3.333e-7 log10_ratio=-0.477 accept_rho=1.000 attempts=1
[INFO] [STAGE] PIRLS update_with_curvature iter=2 curvature=Fisher elapsed=0.000s source=reused_prev_accept
[INFO] [PIRLS solve-end] iters=2 elapsed=0.0019s g_norm_initial=6.096e0 g_norm_final=5.288e-9 convergence_rate=2.945e-5 status=Converged
[INFO] [STAGE] inner pirls solve iters=2 status=Converged max_eta=1.0 jeffreys_logdet=none rows=full(derivative-request) elapsed=0.002s
[INFO] [IFT-QUALITY] quality=3.889e-4 ift=2.000e0 pred_residual=7.336e-4 cap_predicted=2.000e0 iters=2
[INFO] [STAGE] logdet S (Z-projected) rho_dim=2 penalty_rank=8 elapsed=0.000s
[INFO] [#1271-diag] p=9 penalty_rank=8 nullspace_dim=1 logS=-0.575553 logH=30.154832 half_diff=15.365193 h_above1=7 h_min=2.373e-2 h_max=7.602e4 rho=[1.9009,2.3684] lambda=[6.692e0,1.068e1]
[INFO] [STAGE] reml_laml cost_only_done k=2 ext_dim=0 dim=9 elapsed=0.000s
[INFO] [OUTER hessian-route] choice=dense reason=below_crossover n=400 p=9 k=2 callback_kernel=false subspace_trace=false scale_prefers_operator=false dense_workspace_bytes=4536
[INFO] [OUTER hessian-elapsed] choice=dense reason=below_crossover n=400 p=9 k=2 elapsed=0.000s
[INFO] [HGB] small-sample fallback to defaults: pairs=1, threshold=3
[INFO] [STAGE] outer eval end order=ValueGradientHessian elapsed=0.003s cost=-6.113748e2 |g|=5.493e-2
[INFO] [OUTER] eval#3 (hess) cost=-6.113748e2 |g|=5.493e-2 rho=[1.901,2.368]
[INFO] [OUTER schedule] inner-PIRLS cap transition (ARC bridge) arc_iter=3 g_ratio=5.079e-2 last_iters=2 converged=true ift_residual=3.889e-4 accept_rho=1.000 prev=5 new=3 (capped)
[INFO] [STAGE] outer eval start order=ValueGradientHessian dim=2
[INFO] [reml-geometry] dense_spectral reason=constraints_present p=13 nnz_x=na nnz_h_est=na density_h_est=na threshold=0.1000
[INFO] [IFT-CACHE] outcome=miss drho_dim=2 p=13 elapsed=0.000s
[INFO] [ADAPTIVE-KKT] outer_g_norm=5.493e-2 effective_tol=1.000e-10 floor=1.000e-12 ceiling=1.000e-10
[INFO] [STAGE] PIRLS update_with_curvature iter=1 curvature=Fisher elapsed=0.000s source=rebuilt
[INFO] [PIRLS solve-end] iters=1 elapsed=0.0010s g_norm_initial=3.292e-1 g_norm_final=6.653e-9 convergence_rate=2.021e-8 status=Converged
[INFO] [STAGE] inner pirls solve iters=1 status=Converged max_eta=1.0 jeffreys_logdet=none rows=full(derivative-request) elapsed=0.002s
[INFO] [IFT-QUALITY] quality=9.092e-6 ift=2.000e0 pred_residual=1.715e-5 cap_predicted=2.000e0 iters=1
[INFO] [STAGE] logdet S (Z-projected) rho_dim=2 penalty_rank=8 elapsed=0.000s
[INFO] [#1271-diag] p=9 penalty_rank=8 nullspace_dim=1 logS=-0.852497 logH=30.037099 half_diff=15.444798 h_above1=7 h_min=2.163e-2 h_max=7.602e4 rho=[1.8858,2.2754] lambda=[6.591e0,9.732e0]
[INFO] [STAGE] reml_laml cost_only_done k=2 ext_dim=0 dim=9 elapsed=0.000s
[INFO] [OUTER hessian-route] choice=dense reason=below_crossover n=400 p=9 k=2 callback_kernel=false subspace_trace=false scale_prefers_operator=false dense_workspace_bytes=4536
[INFO] [OUTER hessian-elapsed] choice=dense reason=below_crossover n=400 p=9 k=2 elapsed=0.000s
[INFO] [HGB] small-sample fallback to defaults: pairs=2, threshold=3
[INFO] [STAGE] outer eval end order=ValueGradientHessian elapsed=0.002s cost=-6.113774e2 |g|=2.298e-3
[INFO] [OUTER] eval#4 (hess) cost=-6.113774e2 |g|=2.298e-3 rho=[1.886,2.275]
[INFO] [OUTER schedule] inner-PIRLS cap transition (ARC bridge) arc_iter=4 g_ratio=2.125e-3 last_iters=1 converged=true ift_residual=9.092e-6 accept_rho=1.000 prev=3 new=0 (uncapped)
[INFO] [STAGE] outer eval start order=ValueGradientHessian dim=2
[INFO] [reml-geometry] dense_spectral reason=constraints_present p=13 nnz_x=na nnz_h_est=na density_h_est=na threshold=0.1000
[INFO] [IFT-CACHE] outcome=miss drho_dim=2 p=13 elapsed=0.000s
[INFO] [ADAPTIVE-KKT] outer_g_norm=2.298e-3 effective_tol=1.000e-10 floor=1.000e-12 ceiling=1.000e-10
[INFO] [STAGE] PIRLS update_with_curvature iter=1 curvature=Fisher elapsed=0.000s source=rebuilt
[INFO] [PIRLS solve-end] iters=1 elapsed=0.0010s g_norm_initial=3.242e-1 g_norm_final=1.460e-9 convergence_rate=4.505e-9 status=Converged
[INFO] [STAGE] inner pirls solve iters=1 status=Converged max_eta=1.0 jeffreys_logdet=none rows=full(derivative-request) elapsed=0.002s
[INFO] [IFT-QUALITY] quality=1.451e-7 ift=2.000e0 pred_residual=2.737e-7 cap_predicted=2.000e0 iters=1
[INFO] [STAGE] logdet S (Z-projected) rho_dim=2 penalty_rank=8 elapsed=0.000s
[INFO] [#1271-diag] p=9 penalty_rank=8 nullspace_dim=1 logS=-0.862027 logH=30.032414 half_diff=15.447221 h_above1=7 h_min=2.153e-2 h_max=7.602e4 rho=[1.8857,2.2708] lambda=[6.591e0,9.688e0]
[INFO] [STAGE] reml_laml cost_only_done k=2 ext_dim=0 dim=9 elapsed=0.000s
[INFO] [OUTER hessian-route] choice=dense reason=below_crossover n=400 p=9 k=2 callback_kernel=false subspace_trace=false scale_prefers_operator=false dense_workspace_bytes=4536
[INFO] [OUTER hessian-elapsed] choice=dense reason=below_crossover n=400 p=9 k=2 elapsed=0.000s
[INFO] [STAGE] outer eval end order=ValueGradientHessian elapsed=0.002s cost=-6.113774e2 |g|=5.254e-6
[INFO] [OUTER] eval#5 (hess) cost=-6.113774e2 |g|=5.254e-6 rho=[1.886,2.271]
[INFO] [reml-geometry] dense_spectral reason=constraints_present p=13 nnz_x=na nnz_h_est=na density_h_est=na threshold=0.1000
[INFO] [STAGE] PIRLS update_with_curvature iter=1 curvature=Fisher elapsed=0.000s source=rebuilt
[INFO] [PIRLS iter-end] iter=  1 elapsed=0.0010s lm_lambda=3.33e-7 g_norm=5.103e-4 last_dev_change=1.007e1 last_halving=1
[INFO] [PIRLS iter-breakdown] iter=  1 attempts=1 curvature=0.001s solve=0.000s predred=0.000s candidate=0.000s other=0.000s
[INFO] [PIRLS lm-trajectory] iter=  1 start_lambda=1.000e-6 final_lambda=3.333e-7 log10_ratio=-0.477 accept_rho=1.000 attempts=1
[INFO] [STAGE] PIRLS update_with_curvature iter=2 curvature=Fisher elapsed=0.000s source=reused_prev_accept
[INFO] [PIRLS iter-end] iter=  2 elapsed=0.0007s lm_lambda=1.11e-7 g_norm=5.293e-7 last_dev_change=2.917e-8 last_halving=1
[INFO] [PIRLS iter-breakdown] iter=  2 attempts=1 curvature=0.000s solve=0.000s predred=0.000s candidate=0.000s other=0.000s
[INFO] [PIRLS lm-trajectory] iter=  2 start_lambda=3.333e-7 final_lambda=1.111e-7 log10_ratio=-0.477 accept_rho=1.000 attempts=1
[INFO] [STAGE] PIRLS update_with_curvature iter=3 curvature=Fisher elapsed=0.000s source=reused_prev_accept
[INFO] [PIRLS solve-end] iters=3 elapsed=0.0026s g_norm_initial=7.690e2 g_norm_final=4.897e-10 convergence_rate=8.603e-5 status=Converged
[INFO] [STAGE] inner pirls solve iters=3 status=Converged max_eta=1.0 jeffreys_logdet=none rows=full(derivative-request) elapsed=0.003s
[INFO] [STAGE] logdet S (Z-projected) rho_dim=2 penalty_rank=8 elapsed=0.000s
[INFO] [#1271-diag] p=9 penalty_rank=8 nullspace_dim=1 logS=-0.862027 logH=30.032414 half_diff=15.447221 h_above1=7 h_min=2.153e-2 h_max=7.602e4 rho=[1.8857,2.2708] lambda=[6.591e0,9.688e0]
[INFO] [STAGE] logdet S (Z-projected) rho_dim=2 penalty_rank=8 elapsed=0.000s
[INFO] [#1271-diag] p=9 penalty_rank=8 nullspace_dim=1 logS=-0.862027 logH=30.032414 half_diff=15.447221 h_above1=7 h_min=2.153e-2 h_max=7.602e4 rho=[1.8857,2.2708] lambda=[6.591e0,9.688e0]
[INFO] [STAGE] reml_laml cost_only_done k=2 ext_dim=0 dim=9 elapsed=0.000s
[INFO] [HGB] small-sample fallback to defaults: pairs=0, threshold=3
[INFO] [CERTIFICATE] standard REML: the objective published no criterion resolution; using the last-bit floor 1.360e-13 of the value alone (#2812)
[INFO] [CERTIFICATE-BOUND] standard REML: fidelity=Screening, rho=[1.885709653929411, 2.2708396001407194], bound 5.960464e-6 set by solver-band (derived_standard=false, |Pg|=5.254098e-6, |g|=5.254098e-6, solver_band=5.960464e-6, cost=-6.113774e2)
[INFO] [CERTIFICATE] standard REML: gradient |g|=5.254e-6 |Pg|=5.254e-6 bound=5.960e-6 (rung=solver-band derived_standard=false) hessian_psd=not-spent curvature_source=screening-not-spent railed=[] → stationary
[INFO] [reml-geometry] dense_spectral reason=constraints_present p=13 nnz_x=na nnz_h_est=na density_h_est=na threshold=0.1000
[INFO] [STAGE] PIRLS update_with_curvature iter=1 curvature=Fisher elapsed=0.000s source=rebuilt
[INFO] [PIRLS iter-end] iter=  1 elapsed=0.0010s lm_lambda=3.33e-7 g_norm=2.345e-4 last_dev_change=4.682e0 last_halving=1
[INFO] [PIRLS iter-breakdown] iter=  1 attempts=1 curvature=0.001s solve=0.000s predred=0.000s candidate=0.000s other=0.000s
[INFO] [PIRLS lm-trajectory] iter=  1 start_lambda=1.000e-6 final_lambda=3.333e-7 log10_ratio=-0.477 accept_rho=1.000 attempts=1
[INFO] [STAGE] PIRLS update_with_curvature iter=2 curvature=Fisher elapsed=0.000s source=reused_prev_accept
[INFO] [PIRLS solve-end] iters=2 elapsed=0.0018s g_norm_initial=7.692e2 g_norm_final=3.501e-11 convergence_rate=2.134e-7 status=Converged
[INFO] [STAGE] inner pirls solve iters=2 status=Converged max_eta=0.9 jeffreys_logdet=none rows=full(derivative-request) elapsed=0.002s
[INFO] [STAGE] logdet S (Z-projected) rho_dim=2 penalty_rank=8 elapsed=0.000s
[INFO] [#1271-diag] p=9 penalty_rank=8 nullspace_dim=1 logS=69.038448 logH=75.831584 half_diff=3.396568 h_above1=9 h_min=1.171e2 h_max=8.718e4 rho=[10.3696,11.4229] lambda=[3.188e4,9.139e4]
[INFO] [STAGE] reml_laml cost_only_done k=2 ext_dim=0 dim=9 elapsed=0.000s
[INFO] [OUTER hessian-route] choice=dense reason=below_crossover n=400 p=9 k=2 callback_kernel=false subspace_trace=false scale_prefers_operator=false dense_workspace_bytes=4536
[INFO] [OUTER hessian-elapsed] choice=dense reason=below_crossover n=400 p=9 k=2 elapsed=0.000s
[INFO] [HGB] small-sample fallback to defaults: pairs=0, threshold=3
[INFO] [OUTER schedule] inner-PIRLS cap transition (ARC bridge) arc_iter=4 g_ratio=n/a last_iters=2 converged=true ift_residual=n/a accept_rho=1.000 prev=0 new=4 (capped)
[INFO] [STAGE] outer eval start order=ValueGradientHessian dim=2
[INFO] [reml-geometry] dense_spectral reason=constraints_present p=13 nnz_x=na nnz_h_est=na density_h_est=na threshold=0.1000
[INFO] [IFT-REJECTED] reason=large_drho max_drho=1.857e1 cap=2.000e0 drho_dim=2
[INFO] [ADAPTIVE-KKT] outer_g_norm=8.138e1 effective_tol=1.000e-10 floor=1.000e-12 ceiling=1.000e-10
[INFO] [STAGE] PIRLS update_with_curvature iter=1 curvature=Fisher elapsed=0.000s source=rebuilt
[INFO] [PIRLS iter-end] iter=  1 elapsed=0.0009s lm_lambda=3.70e-8 g_norm=2.732e-5 last_dev_change=2.612e0 last_halving=1
[INFO] [PIRLS iter-breakdown] iter=  1 attempts=1 curvature=0.001s solve=0.000s predred=0.000s candidate=0.000s other=0.000s
[INFO] [PIRLS lm-trajectory] iter=  1 start_lambda=1.111e-7 final_lambda=3.704e-8 log10_ratio=-0.477 accept_rho=1.000 attempts=1
[INFO] [STAGE] PIRLS update_with_curvature iter=2 curvature=Fisher elapsed=0.000s source=reused_prev_accept
[INFO] [PIRLS iter-end] iter=  2 elapsed=0.0006s lm_lambda=1.23e-8 g_norm=4.565e-8 last_dev_change=3.705e-12 last_halving=1
[INFO] [PIRLS iter-breakdown] iter=  2 attempts=1 curvature=0.000s solve=0.000s predred=0.000s candidate=0.000s other=0.000s
[INFO] [PIRLS lm-trajectory] iter=  2 start_lambda=3.704e-8 final_lambda=1.235e-8 log10_ratio=-0.477 accept_rho=1.000 attempts=1
[INFO] [STAGE] PIRLS update_with_curvature iter=3 curvature=Fisher elapsed=0.000s source=reused_prev_accept
[INFO] [PIRLS iter-end] iter=  3 elapsed=0.0006s lm_lambda=4.12e-9 g_norm=3.222e-8 last_dev_change=6.210e-12 last_halving=1
[INFO] [PIRLS iter-breakdown] iter=  3 attempts=1 curvature=0.000s solve=0.000s predred=0.000s candidate=0.000s other=0.000s
[INFO] [PIRLS lm-trajectory] iter=  3 start_lambda=1.235e-8 final_lambda=4.115e-9 log10_ratio=-0.477 accept_rho=1.000 attempts=1
[INFO] [STAGE] PIRLS update_with_curvature iter=4 curvature=Fisher elapsed=0.000s source=reused_prev_accept
[INFO] [PIRLS iter-end] iter=  4 elapsed=0.0006s lm_lambda=1.37e-9 g_norm=1.431e-8 last_dev_change=4.947e-12 last_halving=1
[INFO] [PIRLS iter-breakdown] iter=  4 attempts=1 curvature=0.000s solve=0.000s predred=0.000s candidate=0.000s other=0.000s
[INFO] [PIRLS lm-trajectory] iter=  4 start_lambda=4.115e-9 final_lambda=1.372e-9 log10_ratio=-0.477 accept_rho=1.000 attempts=1
[INFO] [PIRLS solve-end] iters=4 elapsed=0.0034s g_norm_initial=3.933e2 g_norm_final=1.431e-8 convergence_rate=2.456e-3 status=MaxIterationsReached
[INFO] [STAGE] inner pirls solve iters=4 status=Converged max_eta=1.0 jeffreys_logdet=none rows=full(derivative-request) elapsed=0.004s
[INFO] [STAGE] logdet S (Z-projected) rho_dim=2 penalty_rank=10 elapsed=0.000s
[INFO] [#1271-diag] p=11 penalty_rank=10 nullspace_dim=1 logS=47.633993 logH=72.325876 half_diff=12.345941 h_above1=10 h_min=1.763e-6 h_max=8.884e4 rho=[10.0719,-7.1459] lambda=[2.367e4,7.881e-4]
[INFO] [STAGE] reml_laml cost_only_done k=2 ext_dim=0 dim=11 elapsed=0.000s
[INFO] [OUTER hessian-route] choice=dense reason=below_crossover n=400 p=11 k=2 callback_kernel=false subspace_trace=false scale_prefers_operator=false dense_workspace_bytes=6776
[INFO] [OUTER hessian-elapsed] choice=dense reason=below_crossover n=400 p=11 k=2 elapsed=0.000s
[INFO] [HGB] small-sample fallback to defaults: pairs=0, threshold=3
[INFO] [STAGE] outer eval end order=ValueGradientHessian elapsed=0.005s cost=-5.064437e2 |g|=1.015e1
[INFO] [OUTER] eval#1 (hess) cost=-5.064437e2 |g|=1.015e1 rho=[10.072,-7.146]
[INFO] [OUTER schedule] inner-PIRLS cap transition (ARC bridge) arc_iter=4 g_ratio=1.000e0 last_iters=4 converged=true ift_residual=n/a accept_rho=1.000 prev=4 new=6 (capped)
[INFO] [STAGE] outer eval start order=ValueGradientHessian dim=2
[INFO] [reml-geometry] dense_spectral reason=constraints_present p=13 nnz_x=na nnz_h_est=na density_h_est=na threshold=0.1000
[INFO] [IFT-CACHE] outcome=miss drho_dim=2 p=13 elapsed=0.000s
[INFO] [ADAPTIVE-KKT] outer_g_norm=1.015e1 effective_tol=1.000e-10 floor=1.000e-12 ceiling=1.000e-10
[INFO] [STAGE] PIRLS update_with_curvature iter=1 curvature=Fisher elapsed=0.000s source=rebuilt
[INFO] [PIRLS iter-end] iter=  1 elapsed=0.0009s lm_lambda=3.33e-7 g_norm=3.878e-7 last_dev_change=2.332e-6 last_halving=1
[INFO] [PIRLS iter-breakdown] iter=  1 attempts=1 curvature=0.001s solve=0.000s predred=0.000s candidate=0.000s other=0.000s
[INFO] [PIRLS lm-trajectory] iter=  1 start_lambda=1.000e-6 final_lambda=3.333e-7 log10_ratio=-0.477 accept_rho=1.000 attempts=1
[INFO] [STAGE] PIRLS update_with_curvature iter=2 curvature=Fisher elapsed=0.000s source=reused_prev_accept
[INFO] [PIRLS exact-decrement] applicable=true decrement_sq=1.734166e-17 threshold=1.103185e-13 pass=true gradient_norm=3.863481e-11 relative_gradient=5.747242e-13 dimension_scale=7.211103e1 natural_scale=6.622322e1 objective=8.731639e-1 actual_reduction=-1.110223e-16 predicted_reduction=5.936186e-18 linear_model_term=-1.151785e-17 direction_norm=4.775907e-8 data_reduction=8.355462e-10 penalty_reduction=-8.355463e-10
[INFO] [PIRLS solve-end] iters=2 elapsed=0.0019s g_norm_initial=2.981e-1 g_norm_final=3.863e-11 convergence_rate=1.138e-5 status=Converged
[INFO] [STAGE] inner pirls solve iters=2 status=Converged max_eta=1.0 jeffreys_logdet=none rows=full(derivative-request) elapsed=0.002s
[INFO] [IFT-QUALITY] quality=5.364e-5 ift=2.000e0 pred_residual=9.531e-5 cap_predicted=3.000e0 iters=2
[INFO] [STAGE] logdet S (Z-projected) rho_dim=2 penalty_rank=10 elapsed=0.000s
[INFO] [#1271-diag] p=11 penalty_rank=10 nullspace_dim=1 logS=48.766802 logH=73.433844 half_diff=12.333521 h_above1=10 h_min=1.763e-6 h_max=9.027e4 rho=[10.2135,-7.1459] lambda=[2.727e4,7.881e-4]
[INFO] [STAGE] reml_laml cost_only_done k=2 ext_dim=0 dim=11 elapsed=0.000s
[INFO] [OUTER hessian-route] choice=dense reason=below_crossover n=400 p=11 k=2 callback_kernel=false subspace_trace=false scale_prefers_operator=false dense_workspace_bytes=6776
[INFO] [OUTER hessian-elapsed] choice=dense reason=below_crossover n=400 p=11 k=2 elapsed=0.000s
[INFO] [HGB] small-sample fallback to defaults: pairs=1, threshold=3
[INFO] [STAGE] outer eval end order=ValueGradientHessian elapsed=0.003s cost=-5.050835e2 |g|=9.103e0
[INFO] [OUTER] eval#2 (hess) cost=-5.050835e2 |g|=9.103e0 rho=[10.213,-7.146]
[INFO] [OUTER schedule] inner-PIRLS cap transition (ARC bridge) arc_iter=5 g_ratio=8.971e-1 last_iters=2 converged=true ift_residual=5.364e-5 accept_rho=1.000 prev=6 new=3 (capped)
[INFO] [STAGE] outer eval start order=ValueGradientHessian dim=2
[INFO] [reml-geometry] dense_spectral reason=constraints_present p=13 nnz_x=na nnz_h_est=na density_h_est=na threshold=0.1000
[INFO] [IFT-REJECTED] reason=large_drho max_drho=4.557e0 cap=3.000e0 drho_dim=2
[INFO] [TANGENT-REJECTED] reason=alpha_negative alpha=-3.218e1 cap=2.000e0
[INFO] [ADAPTIVE-KKT] outer_g_norm=9.103e0 effective_tol=1.000e-10 floor=1.000e-12 ceiling=1.000e-10
[INFO] [STAGE] PIRLS update_with_curvature iter=1 curvature=Fisher elapsed=0.000s source=rebuilt
[INFO] [PIRLS iter-end] iter=  1 elapsed=0.0010s lm_lambda=3.70e-8 g_norm=5.042e-5 last_dev_change=2.673e-1 last_halving=1
[INFO] [PIRLS iter-breakdown] iter=  1 attempts=1 curvature=0.001s solve=0.000s predred=0.000s candidate=0.000s other=0.000s
[INFO] [PIRLS lm-trajectory] iter=  1 start_lambda=1.111e-7 final_lambda=3.704e-8 log10_ratio=-0.477 accept_rho=1.000 attempts=1
[INFO] [STAGE] PIRLS update_with_curvature iter=2 curvature=Fisher elapsed=0.000s source=reused_prev_accept
[INFO] [PIRLS iter-end] iter=  2 elapsed=0.0007s lm_lambda=1.23e-8 g_norm=1.694e-7 last_dev_change=6.181e-11 last_halving=1
[INFO] [PIRLS iter-breakdown] iter=  2 attempts=1 curvature=0.000s solve=0.000s predred=0.000s candidate=0.000s other=0.000s
[INFO] [PIRLS lm-trajectory] iter=  2 start_lambda=3.704e-8 final_lambda=1.235e-8 log10_ratio=-0.477 accept_rho=1.000 attempts=1
[INFO] [STAGE] PIRLS update_with_curvature iter=3 curvature=Fisher elapsed=0.000s source=reused_prev_accept
[INFO] [PIRLS iter-end] iter=  3 elapsed=0.0007s lm_lambda=4.12e-9 g_norm=1.154e-7 last_dev_change=9.512e-11 last_halving=1
[INFO] [PIRLS iter-breakdown] iter=  3 attempts=1 curvature=0.000s solve=0.000s predred=0.000s candidate=0.000s other=0.000s
[INFO] [PIRLS lm-trajectory] iter=  3 start_lambda=1.235e-8 final_lambda=4.115e-9 log10_ratio=-0.477 accept_rho=1.000 attempts=1
[INFO] [PIRLS solve-end] iters=3 elapsed=0.0031s g_norm_initial=3.274e1 g_norm_final=1.154e-7 convergence_rate=1.522e-3 status=MaxIterationsReached
[INFO] [STAGE] inner pirls solve iters=3 status=Converged max_eta=1.0 jeffreys_logdet=none rows=full(derivative-request) elapsed=0.004s
[INFO] [STAGE] logdet S (Z-projected) rho_dim=2 penalty_rank=8 elapsed=0.000s
[INFO] [#1271-diag] p=9 penalty_rank=8 nullspace_dim=1 logS=3.746037 logH=32.385744 half_diff=14.319853 h_above1=8 h_min=1.862e-6 h_max=7.942e4 rho=[5.6569,-7.0906] lambda=[2.863e2,8.329e-4]
[INFO] [STAGE] reml_laml cost_only_done k=2 ext_dim=0 dim=9 elapsed=0.000s
[INFO] [OUTER hessian-route] choice=dense reason=below_crossover n=400 p=9 k=2 callback_kernel=false subspace_trace=false scale_prefers_operator=false dense_workspace_bytes=4536
[INFO] [OUTER hessian-elapsed] choice=dense reason=below_crossover n=400 p=9 k=2 elapsed=0.000s
[INFO] [HGB] small-sample fallback to defaults: pairs=1, threshold=3
[INFO] [STAGE] outer eval end order=ValueGradientHessian elapsed=0.005s cost=-5.895459e2 |g|=1.166e1
[INFO] [OUTER] eval#3 (hess) cost=-5.895459e2 |g|=1.166e1 rho=[5.657,-7.091]
[INFO] [OUTER schedule] inner-PIRLS cap transition (ARC bridge) arc_iter=6 g_ratio=1.149e0 last_iters=3 converged=true ift_residual=5.364e-5 accept_rho=1.000 prev=3 new=4 (capped)
[INFO] [STAGE] outer eval start order=ValueGradientHessian dim=2
[INFO] [reml-geometry] dense_spectral reason=constraints_present p=13 nnz_x=na nnz_h_est=na density_h_est=na threshold=0.1000
[INFO] [IFT-CACHE] outcome=miss drho_dim=2 p=13 elapsed=0.000s
[INFO] [ADAPTIVE-KKT] outer_g_norm=1.166e1 effective_tol=1.000e-10 floor=1.000e-12 ceiling=1.000e-10
[INFO] [STAGE] PIRLS update_with_curvature iter=1 curvature=Fisher elapsed=0.000s source=rebuilt
[INFO] [PIRLS iter-end] iter=  1 elapsed=0.0009s lm_lambda=3.33e-7 g_norm=6.275e-6 last_dev_change=5.531e-3 last_halving=1
[INFO] [PIRLS iter-breakdown] iter=  1 attempts=1 curvature=0.001s solve=0.000s predred=0.000s candidate=0.000s other=0.000s
[INFO] [PIRLS lm-trajectory] iter=  1 start_lambda=1.000e-6 final_lambda=3.333e-7 log10_ratio=-0.477 accept_rho=1.000 attempts=1
[INFO] [STAGE] PIRLS update_with_curvature iter=2 curvature=Fisher elapsed=0.000s source=reused_prev_accept
[INFO] [PIRLS iter-end] iter=  2 elapsed=0.0006s lm_lambda=1.11e-7 g_norm=1.425e-7 last_dev_change=8.094e-12 last_halving=1
[INFO] [PIRLS iter-breakdown] iter=  2 attempts=1 curvature=0.000s solve=0.000s predred=0.000s candidate=0.000s other=0.000s
[INFO] [PIRLS lm-trajectory] iter=  2 start_lambda=3.333e-7 final_lambda=1.111e-7 log10_ratio=-0.477 accept_rho=1.000 attempts=1
[INFO] [STAGE] PIRLS update_with_curvature iter=3 curvature=Fisher elapsed=0.000s source=reused_prev_accept
[INFO] [PIRLS iter-end] iter=  3 elapsed=0.0007s lm_lambda=3.70e-8 g_norm=1.278e-7 last_dev_change=9.466e-12 last_halving=1
[INFO] [PIRLS iter-breakdown] iter=  3 attempts=1 curvature=0.000s solve=0.000s predred=0.000s candidate=0.000s other=0.000s
[INFO] [PIRLS lm-trajectory] iter=  3 start_lambda=1.111e-7 final_lambda=3.704e-8 log10_ratio=-0.477 accept_rho=1.000 attempts=1
[INFO] [STAGE] PIRLS update_with_curvature iter=4 curvature=Fisher elapsed=0.000s source=reused_prev_accept
[INFO] [PIRLS iter-end] iter=  4 elapsed=0.0006s lm_lambda=1.23e-8 g_norm=9.189e-8 last_dev_change=1.648e-11 last_halving=1
[INFO] [PIRLS iter-breakdown] iter=  4 attempts=1 curvature=0.000s solve=0.000s predred=0.000s candidate=0.000s other=0.000s
[INFO] [PIRLS lm-trajectory] iter=  4 start_lambda=3.704e-8 final_lambda=1.235e-8 log10_ratio=-0.477 accept_rho=1.000 attempts=1
[INFO] [PIRLS solve-end] iters=4 elapsed=0.0036s g_norm_initial=1.595e1 g_norm_final=9.189e-8 convergence_rate=8.712e-3 status=MaxIterationsReached
[INFO] [STAGE] inner pirls solve iters=4 status=Converged max_eta=1.0 jeffreys_logdet=none rows=full(derivative-request) elapsed=0.004s
[INFO] [IFT-QUALITY] quality=6.758e-3 ift=3.000e0 pred_residual=1.252e-2 cap_predicted=3.000e0 iters=4
[INFO] [STAGE] logdet S (Z-projected) rho_dim=2 penalty_rank=9 elapsed=0.000s
[INFO] [#1271-diag] p=10 penalty_rank=9 nullspace_dim=1 logS=-3.713982 logH=28.970099 half_diff=16.342040 h_above1=9 h_min=4.666e-6 h_max=8.908e4 rho=[3.7925,-6.1689] lambda=[4.437e1,2.094e-3]
[INFO] [STAGE] reml_laml cost_only_done k=2 ext_dim=0 dim=10 elapsed=0.000s
[INFO] [OUTER hessian-route] choice=dense reason=below_crossover n=400 p=10 k=2 callback_kernel=false subspace_trace=false scale_prefers_operator=false dense_workspace_bytes=5600
[INFO] [OUTER hessian-elapsed] choice=dense reason=below_crossover n=400 p=10 k=2 elapsed=0.000s
[INFO] [HGB] small-sample fallback to defaults: pairs=1, threshold=3
[INFO] [STAGE] outer eval end order=ValueGradientHessian elapsed=0.005s cost=-6.038655e2 |g|=4.091e0
[INFO] [OUTER] eval#4 (hess) cost=-6.038655e2 |g|=4.091e0 rho=[3.793,-6.169]
[INFO] [OUTER schedule] inner-PIRLS cap transition (ARC bridge) arc_iter=7 g_ratio=4.032e-1 last_iters=4 converged=true ift_residual=6.758e-3 accept_rho=1.000 prev=4 new=5 (capped)
[INFO] [STAGE] outer eval start order=ValueGradientHessian dim=2
[INFO] [reml-geometry] dense_spectral reason=constraints_present p=13 nnz_x=na nnz_h_est=na density_h_est=na threshold=0.1000
[INFO] [IFT-CACHE] outcome=miss drho_dim=2 p=13 elapsed=0.000s
[INFO] [ADAPTIVE-KKT] outer_g_norm=4.091e0 effective_tol=1.000e-10 floor=1.000e-12 ceiling=1.000e-10
[INFO] [STAGE] PIRLS update_with_curvature iter=1 curvature=Fisher elapsed=0.000s source=rebuilt
[INFO] [PIRLS iter-end] iter=  1 elapsed=0.0010s lm_lambda=3.33e-7 g_norm=1.241e-4 last_dev_change=1.671e-1 last_halving=1
[INFO] [PIRLS iter-breakdown] iter=  1 attempts=1 curvature=0.001s solve=0.000s predred=0.000s candidate=0.000s other=0.000s
[INFO] [PIRLS lm-trajectory] iter=  1 start_lambda=1.000e-6 final_lambda=3.333e-7 log10_ratio=-0.477 accept_rho=1.000 attempts=1
[INFO] [STAGE] PIRLS update_with_curvature iter=2 curvature=Fisher elapsed=0.000s source=reused_prev_accept
[INFO] [PIRLS iter-end] iter=  2 elapsed=0.0006s lm_lambda=1.11e-7 g_norm=3.990e-6 last_dev_change=5.587e-9 last_halving=1
[INFO] [PIRLS iter-breakdown] iter=  2 attempts=1 curvature=0.000s solve=0.000s predred=0.000s candidate=0.000s other=0.000s
[INFO] [PIRLS lm-trajectory] iter=  2 start_lambda=3.333e-7 final_lambda=1.111e-7 log10_ratio=-0.477 accept_rho=1.000 attempts=1
[INFO] [STAGE] PIRLS update_with_curvature iter=3 curvature=Fisher elapsed=0.000s source=reused_prev_accept
[INFO] [PIRLS iter-end] iter=  3 elapsed=0.0007s lm_lambda=3.70e-8 g_norm=1.430e-6 last_dev_change=3.142e-9 last_halving=1
[INFO] [PIRLS iter-breakdown] iter=  3 attempts=1 curvature=0.000s solve=0.000s predred=0.000s candidate=0.000s other=0.000s
[INFO] [PIRLS lm-trajectory] iter=  3 start_lambda=1.111e-7 final_lambda=3.704e-8 log10_ratio=-0.477 accept_rho=1.000 attempts=1
[INFO] [STAGE] PIRLS update_with_curvature iter=4 curvature=Fisher elapsed=0.000s source=reused_prev_accept
[INFO] [PIRLS iter-end] iter=  4 elapsed=0.0006s lm_lambda=1.23e-8 g_norm=2.246e-7 last_dev_change=4.523e-10 last_halving=1
[INFO] [PIRLS iter-breakdown] iter=  4 attempts=1 curvature=0.000s solve=0.000s predred=0.000s candidate=0.000s other=0.000s
[INFO] [PIRLS lm-trajectory] iter=  4 start_lambda=3.704e-8 final_lambda=1.235e-8 log10_ratio=-0.477 accept_rho=1.000 attempts=1
[INFO] [STAGE] PIRLS update_with_curvature iter=5 curvature=Fisher elapsed=0.000s source=reused_prev_accept
[INFO] [PIRLS iter-end] iter=  5 elapsed=0.0006s lm_lambda=4.12e-9 g_norm=1.314e-8 last_dev_change=1.141e-11 last_halving=1
[INFO] [PIRLS iter-breakdown] iter=  5 attempts=1 curvature=0.000s solve=0.000s predred=0.000s candidate=0.000s other=0.000s
[INFO] [PIRLS lm-trajectory] iter=  5 start_lambda=1.235e-8 final_lambda=4.115e-9 log10_ratio=-0.477 accept_rho=1.000 attempts=1
[INFO] [PIRLS solve-end] iters=5 elapsed=0.0044s g_norm_initial=1.705e2 g_norm_final=1.314e-8 convergence_rate=9.492e-3 status=MaxIterationsReached
[INFO] [STAGE] inner pirls solve iters=5 status=Converged max_eta=1.0 jeffreys_logdet=none rows=full(derivative-request) elapsed=0.005s
[INFO] [IFT-QUALITY] quality=6.613e-3 ift=3.000e0 pred_residual=1.240e-2 cap_predicted=3.000e0 iters=5
[INFO] [STAGE] logdet S (Z-projected) rho_dim=2 penalty_rank=8 elapsed=0.000s
[INFO] [#1271-diag] p=9 penalty_rank=8 nullspace_dim=1 logS=-8.815657 logH=25.321323 half_diff=17.068490 h_above1=8 h_min=6.407e-5 h_max=7.601e4 rho=[2.4994,-3.5472] lambda=[1.218e1,2.881e-2]
[INFO] [STAGE] reml_laml cost_only_done k=2 ext_dim=0 dim=9 elapsed=0.000s
[INFO] [OUTER hessian-route] choice=dense reason=below_crossover n=400 p=9 k=2 callback_kernel=false subspace_trace=false scale_prefers_operator=false dense_workspace_bytes=4536
[INFO] [OUTER hessian-elapsed] choice=dense reason=below_crossover n=400 p=9 k=2 elapsed=0.000s
[INFO] [HGB] small-sample fallback to defaults: pairs=1, threshold=3
[INFO] [STAGE] outer eval end order=ValueGradientHessian elapsed=0.006s cost=-6.086712e2 |g|=1.125e0
[INFO] [OUTER] eval#5 (hess) cost=-6.086712e2 |g|=1.125e0 rho=[2.499,-3.547]
[INFO] [OUTER schedule] inner-PIRLS cap transition (ARC bridge) arc_iter=8 g_ratio=1.109e-1 last_iters=5 converged=true ift_residual=6.613e-3 accept_rho=1.000 prev=5 new=6 (capped)
[INFO] [STAGE] outer eval start order=ValueGradientHessian dim=2
[INFO] [reml-geometry] dense_spectral reason=constraints_present p=13 nnz_x=na nnz_h_est=na density_h_est=na threshold=0.1000
[INFO] [IFT-CACHE] outcome=miss drho_dim=2 p=13 elapsed=0.000s
[INFO] [ADAPTIVE-KKT] outer_g_norm=1.125e0 effective_tol=1.000e-10 floor=1.000e-12 ceiling=1.000e-10
[INFO] [STAGE] PIRLS update_with_curvature iter=1 curvature=Fisher elapsed=0.000s source=rebuilt
[INFO] [PIRLS iter-end] iter=  1 elapsed=0.0010s lm_lambda=3.33e-7 g_norm=3.105e-5 last_dev_change=9.132e-3 last_halving=1
[INFO] [PIRLS iter-breakdown] iter=  1 attempts=1 curvature=0.001s solve=0.000s predred=0.000s candidate=0.000s other=0.000s
[INFO] [PIRLS lm-trajectory] iter=  1 start_lambda=1.000e-6 final_lambda=3.333e-7 log10_ratio=-0.477 accept_rho=1.000 attempts=1
[INFO] [STAGE] PIRLS update_with_curvature iter=2 curvature=Fisher elapsed=0.000s source=reused_prev_accept
[INFO] [PIRLS iter-end] iter=  2 elapsed=0.0006s lm_lambda=1.11e-7 g_norm=7.634e-7 last_dev_change=5.979e-10 last_halving=1
[INFO] [PIRLS iter-breakdown] iter=  2 attempts=1 curvature=0.000s solve=0.000s predred=0.000s candidate=0.000s other=0.000s
[INFO] [PIRLS lm-trajectory] iter=  2 start_lambda=3.333e-7 final_lambda=1.111e-7 log10_ratio=-0.477 accept_rho=1.000 attempts=1
[INFO] [STAGE] PIRLS update_with_curvature iter=3 curvature=Fisher elapsed=0.000s source=reused_prev_accept
[INFO] [PIRLS iter-end] iter=  3 elapsed=0.0006s lm_lambda=3.70e-8 g_norm=4.288e-8 last_dev_change=1.401e-11 last_halving=1
[INFO] [PIRLS iter-breakdown] iter=  3 attempts=1 curvature=0.000s solve=0.000s predred=0.000s candidate=0.000s other=0.000s
[INFO] [PIRLS lm-trajectory] iter=  3 start_lambda=1.111e-7 final_lambda=3.704e-8 log10_ratio=-0.477 accept_rho=1.000 attempts=1
[INFO] [STAGE] PIRLS update_with_curvature iter=4 curvature=Fisher elapsed=0.000s source=reused_prev_accept
[INFO] [PIRLS solve-end] iters=4 elapsed=0.0034s g_norm_initial=3.989e1 g_norm_final=8.273e-10 convergence_rate=2.134e-3 status=Converged
[INFO] [STAGE] inner pirls solve iters=4 status=Converged max_eta=1.0 jeffreys_logdet=none rows=full(derivative-request) elapsed=0.004s
[INFO] [IFT-QUALITY] quality=1.431e-3 ift=3.000e0 pred_residual=2.696e-3 cap_predicted=3.000e0 iters=4
[INFO] [STAGE] logdet S (Z-projected) rho_dim=2 penalty_rank=8 elapsed=0.000s
[INFO] [#1271-diag] p=9 penalty_rank=8 nullspace_dim=1 logS=-7.211496 logH=26.677853 half_diff=16.944675 h_above1=7 h_min=6.014e-4 h_max=7.601e4 rho=[2.0203,-1.3077] lambda=[7.541e0,2.704e-1]
[INFO] [STAGE] reml_laml cost_only_done k=2 ext_dim=0 dim=9 elapsed=0.000s
[INFO] [OUTER hessian-route] choice=dense reason=below_crossover n=400 p=9 k=2 callback_kernel=false subspace_trace=false scale_prefers_operator=false dense_workspace_bytes=4536
[INFO] [OUTER hessian-elapsed] choice=dense reason=below_crossover n=400 p=9 k=2 elapsed=0.000s
[INFO] [HGB] small-sample fallback to defaults: pairs=1, threshold=3
[INFO] [STAGE] outer eval end order=ValueGradientHessian elapsed=0.005s cost=-6.100609e2 |g|=5.262e-1
[INFO] [OUTER] eval#6 (hess) cost=-6.100609e2 |g|=5.262e-1 rho=[2.020,-1.308]
[INFO] [OUTER schedule] inner-PIRLS cap transition (ARC bridge) arc_iter=9 g_ratio=5.186e-2 last_iters=4 converged=true ift_residual=1.431e-3 accept_rho=0.998 prev=6 new=5 (capped)
[INFO] [STAGE] outer eval start order=ValueGradientHessian dim=2
[INFO] [reml-geometry] dense_spectral reason=constraints_present p=13 nnz_x=na nnz_h_est=na density_h_est=na threshold=0.1000
[INFO] [IFT-REJECTED] reason=large_drho max_drho=3.044e1 cap=3.000e0 drho_dim=2
[INFO] [TANGENT-REJECTED] reason=alpha_above_cap alpha=1.301e1 cap=2.000e0
[INFO] [ADAPTIVE-KKT] outer_g_norm=5.262e-1 effective_tol=1.000e-10 floor=1.000e-12 ceiling=1.000e-10
[INFO] [STAGE] PIRLS update_with_curvature iter=1 curvature=Fisher elapsed=0.000s source=rebuilt
[INFO] [PIRLS iter-end] iter=  1 elapsed=0.0010s lm_lambda=2.13e-5 g_norm=5.636e2 last_dev_change=5.878e8 last_halving=4
[INFO] [PIRLS iter-breakdown] iter=  1 attempts=4 curvature=0.001s solve=0.000s predred=0.000s candidate=0.000s other=0.000s
[INFO] [PIRLS lm-trajectory] iter=  1 start_lambda=1.000e-6 final_lambda=2.133e-5 log10_ratio=1.329 accept_rho=1.000 attempts=4
[INFO] [STAGE] PIRLS update_with_curvature iter=2 curvature=Fisher elapsed=0.000s source=reused_prev_accept
[INFO] [PIRLS solve-end] iters=2 elapsed=0.0016s g_norm_initial=4.315e10 g_norm_final=5.636e2 convergence_rate=1.143e-4 status=LmStepSearchExhausted
[INFO] [STAGE] inner pirls solve iters=2 status=LmStepSearchExhausted max_eta=1.0 jeffreys_logdet=none rows=full(derivative-request) elapsed=0.002s
[INFO] [ADAPTIVE-KKT] outer_g_norm=5.262e-1 effective_tol=1.000e-10 floor=1.000e-12 ceiling=1.000e-10
[INFO] [STAGE] PIRLS update_with_curvature iter=1 curvature=Fisher elapsed=0.000s source=rebuilt
[INFO] [PIRLS iter-end] iter=  1 elapsed=0.0011s lm_lambda=3.33e-7 g_norm=3.950e0 last_dev_change=1.401e1 last_halving=1
[INFO] [PIRLS iter-breakdown] iter=  1 attempts=1 curvature=0.001s solve=0.000s predred=0.000s candidate=0.000s other=0.000s
[INFO] [PIRLS lm-trajectory] iter=  1 start_lambda=1.000e-6 final_lambda=3.333e-7 log10_ratio=-0.477 accept_rho=1.000 attempts=1
[INFO] [STAGE] PIRLS update_with_curvature iter=2 curvature=Fisher elapsed=0.000s source=reused_prev_accept
[INFO] [PIRLS iter-end] iter=  2 elapsed=0.0007s lm_lambda=1.11e-7 g_norm=1.054e0 last_dev_change=2.482e-1 last_halving=1
[INFO] [PIRLS iter-breakdown] iter=  2 attempts=1 curvature=0.000s solve=0.000s predred=0.000s candidate=0.000s other=0.000s
[INFO] [PIRLS lm-trajectory] iter=  2 start_lambda=3.333e-7 final_lambda=1.111e-7 log10_ratio=-0.477 accept_rho=1.000 attempts=1
[INFO] [STAGE] PIRLS update_with_curvature iter=3 curvature=Fisher elapsed=0.000s source=reused_prev_accept
[INFO] [PIRLS iter-end] iter=  3 elapsed=0.0007s lm_lambda=3.70e-8 g_norm=6.661e-1 last_dev_change=1.509e-1 last_halving=1
[INFO] [PIRLS iter-breakdown] iter=  3 attempts=1 curvature=0.000s solve=0.000s predred=0.000s candidate=0.000s other=0.000s
[INFO] [PIRLS lm-trajectory] iter=  3 start_lambda=1.111e-7 final_lambda=3.704e-8 log10_ratio=-0.477 accept_rho=1.000 attempts=1
[INFO] [STAGE] PIRLS update_with_curvature iter=4 curvature=Fisher elapsed=0.000s source=reused_prev_accept
[INFO] [PIRLS iter-end] iter=  4 elapsed=0.0009s lm_lambda=1.23e-8 g_norm=1.581e-1 last_dev_change=5.171e-2 last_halving=1
[INFO] [PIRLS iter-breakdown] iter=  4 attempts=1 curvature=0.000s solve=0.000s predred=0.000s candidate=0.000s other=0.000s
[INFO] [PIRLS lm-trajectory] iter=  4 start_lambda=3.704e-8 final_lambda=1.235e-8 log10_ratio=-0.477 accept_rho=1.000 attempts=1
[INFO] [STAGE] PIRLS update_with_curvature iter=5 curvature=Fisher elapsed=0.000s source=reused_prev_accept
[INFO] [PIRLS iter-end] iter=  5 elapsed=0.0009s lm_lambda=4.12e-9 g_norm=4.264e-2 last_dev_change=1.006e-2 last_halving=1
[INFO] [PIRLS iter-breakdown] iter=  5 attempts=1 curvature=0.000s solve=0.000s predred=0.000s candidate=0.000s other=0.000s
[INFO] [PIRLS lm-trajectory] iter=  5 start_lambda=1.235e-8 final_lambda=4.115e-9 log10_ratio=-0.477 accept_rho=1.000 attempts=1
[INFO] [PIRLS solve-end] iters=5 elapsed=0.0051s g_norm_initial=1.091e7 g_norm_final=4.264e-2 convergence_rate=2.082e-2 status=MaxIterationsReached

thread 'shape_constrained_smooths_fit_without_alo_seed_validation_abort' (2052317) panicked at tests/regressions/misc/shape_constrained_alo_seed_validation_aborts_1191.rs:55:29:
fit 'y ~ s(x, shape=concave)' failed: Fatal outer-objective evaluation failure (outer ARC evaluation): fatal objective evaluation failure: outer eval failed: Parameter constraint violation: KKT residuals exceed tolerance: primal=0.000e0, dual=0.000e0, comp=6.765e-15, stat=5.636e2 (stat_rel=1.104e0 vs tol=5.000e-6; ‖grad‖∞=5.104e2); active=1/10; unreachable=5.636e2 blocked=1.776e-15
note: run with `RUST_BACKTRACE=1` environment variable to display a backtrace
test shape_constrained_smooths_fit_without_alo_seed_validation_abort ... FAILED

failures:

failures:
    shape_constrained_smooths_fit_without_alo_seed_validation_abort

test result: FAILED. 0 passed; 1 failed; 0 ignored; 0 measured; 0 filtered out; finished in 3.13s

