eta,mean
-2.944434435455,0.102488296917
-2.944434435455,0.102487962069
-2.944434435455,0.102487894488
