{
 "n_total": 1204602,
 "p": 2048,
 "n_sub": 40000,
 "seed": 0,
 "rogue_dims": [
  1269,
  1924,
  491
 ],
 "global_rms_scale": 0.04933616008749534,
 "mean_norm": 1.9164117048120577
}