{
 "meta": {
  "tag": "Qwen3-8B L18 (wikitext-103)",
  "path": "/projects/standard/hsiehph/sauer354/harvest_out/qwen3_8b_wikitext/resid_L18.npy",
  "n_total": 300000,
  "d": 4096,
  "n_sub": 80000,
  "seed": 0,
  "mean_norm": 102.12687338719974,
  "raw_mean_energy": 784041.6308508314,
  "top_var_frac": 0.9581007468433256
 },
 "N": 80000,
 "p": 4096,
 "var_total": 4096.0,
 "Ks": [
  32,
  64,
  128,
  256,
  512,
  1024,
  2048,
  4096
 ],
 "global_L": [
  31.12896156311035,
  30.285436630249023,
  20.13376808166504,
  19.21711540222168,
  18.411256790161133,
  17.410520553588867,
  16.358312606811523,
  15.077478408813477
 ],
 "global_single_power": {
  "d": 3.784372308640346,
  "c": 114.75107165915443,
  "s2": 13.912772833604874,
  "rmse": 1.6819197467616553
 },
 "global_ols": {
  "slope": -0.5195870697596509,
  "d_hat": 3.849210491179379,
  "n_rungs": 8
 },
 "global_ols_drop_last": {
  "slope": -0.477425402384072,
  "d_hat": 4.189136124749119
 },
 "global_local_slopes": {
  "Ks": [
   32,
   64,
   128,
   256,
   512,
   1024,
   2048,
   4096
  ],
  "slopes": [
   -0.07247673414877606,
   -1.3960717548850958,
   -0.22997145268332495,
   -0.23773507386690168,
   -0.36301264110753034,
   -0.5162733083477333,
   -1.0701876247488562
  ]
 },
 "global_mixture_2": {
  "dims": [
   3.78448984282408,
   Infinity
  ],
  "weights": [
   114.74880780204774,
   0.0009601465291882104
  ],
  "s2": 13.910734927582935,
  "rmse": 1.6819183589134752
 },
 "global_mixture_3": {
  "dims": [
   0.2,
   0.2,
   3.784372308640344
  ],
  "weights": [
   9.357622968840175e-14,
   9.357622968840175e-14,
   114.75107165915463
  ],
  "s2": 13.912772833604876,
  "rmse": 1.6819197467616551
 },
 "pca_strata": {
  "1": {
   "var_total": 34.97841262817383,
   "L": [
    21.517614364624023,
    20.686859130859375,
    19.86829948425293,
    18.9847354888916,
    18.105180740356445,
    17.070919036865234,
    16.02996253967285,
    14.709615707397461
   ],
   "single_power": {
    "d": 27.094588340754267,
    "c": 28.35128839406014,
    "s2": 0.0,
    "rmse": 0.29849535144692185
   },
   "ols": {
    "slope": -0.0762648596435513,
    "d_hat": 26.2243975711442
   },
   "ols_drop_last": {
    "slope": -0.07009481587592395,
    "d_hat": 28.532780563119456
   },
   "mixture_2": {
    "dims": [
     0.2000000000000008,
     27.19250388355155
    ],
    "weights": [
     0.00707120522687473,
     28.411872875876558
    ],
    "s2": 0.0,
    "rmse": 0.32856866150260394
   }
  },
  "2": {
   "var_total": 25.552133560180664,
   "L": [
    21.433996200561523,
    20.63667869567871,
    19.80136489868164,
    18.940217971801758,
    18.03936195373535,
    17.041107177734375,
    16.005884170532227,
    14.692811012268066
   ],
   "single_power": {
    "d": 27.253358474845683,
    "c": 28.205749214905435,
    "s2": 0.0,
    "rmse": 0.29429122571225413
   },
   "ols": {
    "slope": -0.07579312009220635,
    "d_hat": 26.387619319100388
   },
   "ols_drop_last": {
    "slope": -0.06966894506903702,
    "d_hat": 28.707195121415154
   },
   "mixture_2": {
    "dims": [
     27.350378780178627,
     9912.475174422825
    ],
    "weights": [
     28.26535117704594,
     9.357622969622761e-14
    ],
    "s2": 0.0,
    "rmse": 0.3237223525977702
   }
  },
  "16": {
   "var_total": 20.42241096496582,
   "L": [
    19.042184829711914,
    18.474159240722656,
    17.827655792236328,
    17.175472259521484,
    16.42442512512207,
    15.577824592590332,
    14.616499900817871,
    13.446144104003906
   ],
   "single_power": {
    "d": 29.841177723992732,
    "c": 24.628824229130043,
    "s2": 0.0,
    "rmse": 0.31802499010588425
   },
   "ols": {
    "slope": -0.06966638376833512,
    "d_hat": 28.708250548079164
   },
   "ols_drop_last": {
    "slope": -0.06268240730631726,
    "d_hat": 31.906879233695864
   },
   "mixture_2": {
    "dims": [
     0.2000000000000009,
     29.968568797490438
    ],
    "weights": [
     0.009183206672592013,
     24.69521289308237
    ],
    "s2": 0.0,
    "rmse": 0.35044171489311327
   }
  },
  "64": {
   "var_total": 15.993876457214355,
   "L": [
    15.491312026977539,
    15.220781326293945,
    14.853387832641602,
    14.370760917663574,
    13.825780868530273,
    13.157622337341309,
    12.40341854095459,
    11.430034637451172
   ],
   "single_power": {
    "d": 34.347266805489326,
    "c": 19.601195230702732,
    "s2": 0.0,
    "rmse": 0.3226142019835749
   },
   "ols": {
    "slope": -0.06104029953063024,
    "d_hat": 32.765238954903765
   },
   "ols_drop_last": {
    "slope": -0.05306724607391102,
    "d_hat": 37.68803071511265
   },
   "mixture_2": {
    "dims": [
     34.534062102002174,
     9999.964631506933
    ],
    "weights": [
     19.67409175014744,
     9.357622968840108e-14
    ],
    "s2": 0.0,
    "rmse": 0.35931160334532813
   }
  }
 },
 "global_R0": {
  "var_total": 4096.0,
  "L": [
   31.12896156311035,
   30.285436630249023,
   20.13376808166504,
   19.21711540222168,
   18.411256790161133,
   17.410520553588867,
   16.358312606811523,
   15.077478408813477
  ],
  "single_power": {
   "d": 3.784372308640346,
   "c": 114.75107165915443,
   "s2": 13.912772833604874,
   "rmse": 1.6819197467616553
  },
  "ols": {
   "slope": -0.5195870697596509,
   "d_hat": 3.849210491179379,
   "n_rungs": 8
  }
 }
}