{
 "meta": {
  "tag": "Qwen3.6-35B-A3B L17 (SuperGPQA; per DATA_MANIFEST)",
  "path": "/projects/standard/hsiehph/sauer354/msae_l17/L17_train.f32.npy",
  "n_total": 1204602,
  "d": 2048,
  "n_sub": 80000,
  "seed": 0,
  "mean_norm": 1.9164117048120577,
  "raw_mean_energy": 5.197115485382179,
  "top_var_frac": 0.025249073833863694
 },
 "N": 80000,
 "p": 2048,
 "var_total": 2048.000244140625,
 "Ks": [
  32,
  64,
  128,
  256,
  512,
  1024,
  2048,
  4096
 ],
 "global_L": [
  1707.3345947265625,
  1638.679443359375,
  1562.1031494140625,
  1483.947021484375,
  1389.07373046875,
  1283.750732421875,
  1167.6055908203125,
  1035.6087646484375
 ],
 "global_single_power": {
  "d": 20.90395729730465,
  "c": 2443.9320349514846,
  "s2": 1.9430042156583938,
  "rmse": 38.918047228032734
 },
 "global_ols": {
  "slope": -0.10060333651503715,
  "d_hat": 19.880056360765536,
  "n_rungs": 8
 },
 "global_ols_drop_last": {
  "slope": -0.09006189567979314,
  "d_hat": 22.20694984159358
 },
 "global_local_slopes": {
  "Ks": [
   32,
   64,
   128,
   256,
   512,
   1024,
   2048,
   4096
  ],
  "slopes": [
   -0.059281021838133524,
   -0.06912790132291356,
   -0.07414476612549666,
   -0.09544560153786324,
   -0.11392388360992174,
   -0.13702962762515977,
   -0.17338048519745483
  ]
 },
 "global_mixture_2": {
  "dims": [
   20.166094386596424,
   20.166432261404232
  ],
  "weights": [
   0.09485855039111468,
   2402.631166968293
  ],
  "s2": 52.7632729868588,
  "rmse": 39.44027226004531
 },
 "global_mixture_3": {
  "dims": [
   0.35919682994525465,
   0.566966653168379,
   18.906645040425765
  ],
  "weights": [
   96144.47850865357,
   82.06982109786523,
   2334.2876112804947
  ],
  "s2": 139.61751865457705,
  "rmse": 40.426216543243704
 },
 "pca_strata": {
  "1": {
   "var_total": 1964.910400390625,
   "L": [
    1684.3963623046875,
    1615.404541015625,
    1544.8387451171875,
    1468.8270263671875,
    1375.3543701171875,
    1271.2490234375,
    1152.3282470703125,
    1023.7283935546875
   ],
   "single_power": {
    "d": 21.029844418759637,
    "c": 2407.593076867577,
    "s2": 1.8772218093973554,
    "rmse": 39.95033086190463
   },
   "ols": {
    "slope": -0.10018935395275558,
    "d_hat": 19.96220078375895
   },
   "ols_drop_last": {
    "slope": -0.08947663689563988,
    "d_hat": 22.352203540379804
   },
   "mixture_2": {
    "dims": [
     20.289210036901466,
     20.289530614876874
    ],
    "weights": [
     0.10009797532736243,
     2366.643295849607
    ],
    "s2": 52.037330967760035,
    "rmse": 40.45931658997888
   }
  },
  "2": {
   "var_total": 1895.9912109375,
   "L": [
    1658.922607421875,
    1595.1529541015625,
    1524.6142578125,
    1448.7320556640625,
    1356.5892333984375,
    1255.37060546875,
    1139.07080078125,
    1010.0693969726562
   ],
   "single_power": {
    "d": 21.11218272762359,
    "c": 2370.752779938274,
    "s2": 1.8256205378746297,
    "rmse": 39.74562408359778
   },
   "ols": {
    "slope": -0.09984795157137825,
    "d_hat": 20.030455993584013
   },
   "ols_drop_last": {
    "slope": -0.08893130590826333,
    "d_hat": 22.4892683130403
   },
   "mixture_2": {
    "dims": [
     20.368894492765623,
     20.369226462633677
    ],
    "weights": [
     0.09728951428142989,
     2330.2515927008067
    ],
    "s2": 51.31757606385556,
    "rmse": 40.244855513087074
   }
  },
  "16": {
   "var_total": 1563.8143310546875,
   "L": [
    1471.754638671875,
    1431.83056640625,
    1375.0118408203125,
    1306.433349609375,
    1224.3748779296875,
    1136.99609375,
    1033.5660400390625,
    917.6774291992188
   ],
   "single_power": {
    "d": 22.08717395192655,
    "c": 2085.729491917008,
    "s2": 1.480756996077619,
    "rmse": 38.670882624965515
   },
   "ols": {
    "slope": -0.09580766701866451,
    "d_hat": 20.875156052076452
   },
   "ols_drop_last": {
    "slope": -0.08447142581225875,
    "d_hat": 23.676645454583458
   },
   "mixture_2": {
    "dims": [
     21.303445130766843,
     21.3039034277802
    ],
    "weights": [
     0.07257275053301931,
     2047.9575987020462
    ],
    "s2": 46.50965771329157,
    "rmse": 39.088744782840955
   }
  },
  "64": {
   "var_total": 1235.260986328125,
   "L": [
    1195.1619873046875,
    1172.44970703125,
    1136.055419921875,
    1085.627685546875,
    1024.82861328125,
    956.809814453125,
    875.86181640625,
    781.2833862304688
   ],
   "single_power": {
    "d": 24.634483335324134,
    "c": 1644.2794675364037,
    "s2": 1.108825426736408,
    "rmse": 33.50618861304344
   },
   "ols": {
    "slope": -0.08608652688700524,
    "d_hat": 23.232439178608562
   },
   "ols_drop_last": {
    "slope": -0.07437933914619628,
    "d_hat": 26.889187548021916
   },
   "mixture_2": {
    "dims": [
     23.727676785038966,
     23.729500750454413
    ],
    "weights": [
     0.018623700648869614,
     1610.263621399883
    ],
    "s2": 39.93349441159412,
    "rmse": 33.79663874657599
   }
  }
 },
 "global_R0": {
  "var_total": 2048.000244140625,
  "L": [
   1707.3345947265625,
   1638.679443359375,
   1562.1031494140625,
   1483.947021484375,
   1389.07373046875,
   1283.750732421875,
   1167.6055908203125,
   1035.6087646484375
  ],
  "single_power": {
   "d": 20.90395729730465,
   "c": 2443.9320349514846,
   "s2": 1.9430042156583938,
   "rmse": 38.918047228032734
  },
  "ols": {
   "slope": -0.10060333651503715,
   "d_hat": 19.880056360765536,
   "n_rungs": 8
  }
 }
}