{
 "meta": {
  "tag": "Qwen3-8B L6 (wikitext-103)",
  "path": "/projects/standard/hsiehph/sauer354/harvest_out/qwen3_8b_wikitext/resid_L6.npy",
  "n_total": 300000,
  "d": 4096,
  "n_sub": 80000,
  "seed": 0,
  "mean_norm": 26.606598287391638,
  "raw_mean_energy": 922.5663122046064,
  "top_var_frac": 0.04798656059894594
 },
 "N": 80000,
 "p": 4096,
 "var_total": 4096.0,
 "Ks": [
  32,
  64,
  128,
  256,
  512,
  1024,
  2048,
  4096
 ],
 "global_L": [
  3257.637939453125,
  3114.545166015625,
  2927.25390625,
  2749.6484375,
  2551.660400390625,
  2335.321044921875,
  2045.103759765625,
  1740.795166015625
 ],
 "global_single_power": {
  "d": 17.225699084979198,
  "c": 5042.810628885968,
  "s2": 3.7769980383822634,
  "rmse": 98.59915936166361
 },
 "global_ols": {
  "slope": -0.12458048027777213,
  "d_hat": 16.05387935205162,
  "n_rungs": 8
 },
 "global_ols_drop_last": {
  "slope": -0.10886759668917742,
  "d_hat": 18.370939203426182
 },
 "global_local_slopes": {
  "Ks": [
   32,
   64,
   128,
   256,
   512,
   1024,
   2048,
   4096
  ],
  "slopes": [
   -0.06488171551883917,
   -0.08958568520465827,
   -0.09042111519163692,
   -0.10796482299774557,
   -0.12801357276754233,
   -0.19177854724771287,
   -0.23289429398869393
  ]
 },
 "global_mixture_2": {
  "dims": [
   0.775446714213661,
   16.68104476436134
  ],
  "weights": [
   7.038193399825377,
   4983.010057491305
  ],
  "s2": 88.25749859890573,
  "rmse": 99.85106866743244
 },
 "global_mixture_3": {
  "dims": [
   0.5156211341348621,
   16.88355775403663,
   9916.908172630528
  ],
  "weights": [
   50.69193818778238,
   5005.034193436872,
   6.198000603162253e-09
  ],
  "s2": 56.84076810785573,
  "rmse": 99.37610744258178
 },
 "pca_strata": {
  "1": {
   "var_total": 3825.48388671875,
   "L": [
    3231.306640625,
    3046.629150390625,
    2892.85009765625,
    2731.69287109375,
    2523.20166015625,
    2302.59228515625,
    2037.3477783203125,
    1729.9847412109375
   ],
   "single_power": {
    "d": 17.41342351673004,
    "c": 4952.611076608863,
    "s2": 3.79284248336158,
    "rmse": 95.01485437457498
   },
   "ols": {
    "slope": -0.12298496132549185,
    "d_hat": 16.262150904018277
   },
   "ols_drop_last": {
    "slope": -0.10735156024760675,
    "d_hat": 18.630376637162914
   },
   "mixture_2": {
    "dims": [
     0.8197668791856937,
     16.85911275501643
    ],
    "weights": [
     4.894680138001218,
     4892.607684457711
    ],
    "s2": 87.81009258677145,
    "rmse": 96.22272845854665
   }
  },
  "2": {
   "var_total": 3716.49365234375,
   "L": [
    3202.3251953125,
    3044.152099609375,
    2877.853515625,
    2721.556396484375,
    2505.69287109375,
    2290.496826171875,
    2023.238037109375,
    1718.328369140625
   ],
   "single_power": {
    "d": 17.399452697572798,
    "c": 4928.286201685638,
    "s2": 3.722762323856106,
    "rmse": 96.57875947016329
   },
   "ols": {
    "slope": -0.12329895986439451,
    "d_hat": 16.220736997291954
   },
   "ols_drop_last": {
    "slope": -0.10758148139944305,
    "d_hat": 18.59056014086783
   },
   "mixture_2": {
    "dims": [
     0.8034375246221738,
     16.847294380575143
    ],
    "weights": [
     5.562126618487117,
     4868.662204373473
    ],
    "s2": 87.11814670810676,
    "rmse": 97.7922360494418
   }
  },
  "16": {
   "var_total": 3200.066650390625,
   "L": [
    2971.0263671875,
    2856.4267578125,
    2720.25048828125,
    2573.55029296875,
    2377.671875,
    2169.870849609375,
    1908.5623779296875,
    1618.4188232421875
   ],
   "single_power": {
    "d": 17.920790912899538,
    "c": 4555.440647493204,
    "s2": 3.3079087532419242,
    "rmse": 103.11340551739102
   },
   "ols": {
    "slope": -0.12084427088313379,
    "d_hat": 16.550226050303717
   },
   "ols_drop_last": {
    "slope": -0.10381492731112729,
    "d_hat": 19.26505225983655
   },
   "mixture_2": {
    "dims": [
     0.7389255716481278,
     17.357081142579943
    ],
    "weights": [
     8.403314663334726,
     4497.498101821994
    ],
    "s2": 81.53333848125125,
    "rmse": 104.19837632619289
   }
  },
  "64": {
   "var_total": 2587.031005859375,
   "L": [
    2487.58642578125,
    2425.355712890625,
    2336.2255859375,
    2214.5791015625,
    2061.63916015625,
    1878.8360595703125,
    1664.9261474609375,
    1415.8818359375
   ],
   "single_power": {
    "d": 19.342431734928425,
    "c": 3736.0284140045515,
    "s2": 2.6567124843540517,
    "rmse": 96.2674248752787
   },
   "ols": {
    "slope": -0.11267132131455508,
    "d_hat": 17.75074594551361
   },
   "ols_drop_last": {
    "slope": -0.09494263482548444,
    "d_hat": 21.06535176400183
   },
   "mixture_2": {
    "dims": [
     0.7717565769956087,
     18.72744246211836
    ],
    "weights": [
     4.219244517987755,
     3682.2402190220673
    ],
    "s2": 70.80149694889575,
    "rmse": 97.0858522211312
   }
  }
 },
 "global_R0": {
  "var_total": 4096.0,
  "L": [
   3257.637939453125,
   3114.545166015625,
   2927.25390625,
   2749.6484375,
   2551.660400390625,
   2335.321044921875,
   2045.103759765625,
   1740.795166015625
  ],
  "single_power": {
   "d": 17.225699084979198,
   "c": 5042.810628885968,
   "s2": 3.7769980383822634,
   "rmse": 98.59915936166361
  },
  "ols": {
   "slope": -0.12458048027777213,
   "d_hat": 16.05387935205162,
   "n_rungs": 8
  }
 }
}