{
 "meta": {
  "tag": "Qwen3-8B L30 (wikitext-103)",
  "path": "/projects/standard/hsiehph/sauer354/harvest_out/qwen3_8b_wikitext/resid_L30.npy",
  "n_total": 300000,
  "d": 4096,
  "n_sub": 80000,
  "seed": 0,
  "mean_norm": 392.87759077322056,
  "raw_mean_energy": 892219.905712165,
  "top_var_frac": 0.8123570058601391
 },
 "N": 80000,
 "p": 4096,
 "var_total": 4096.0,
 "Ks": [
  32,
  64,
  128,
  256,
  512,
  1024,
  2048,
  4096
 ],
 "global_L": [
  561.4490966796875,
  540.7481689453125,
  510.8341979980469,
  486.2356872558594,
  460.8009033203125,
  432.9365539550781,
  399.8351135253906,
  363.82427978515625
 ],
 "global_single_power": {
  "d": 23.548692112430402,
  "c": 767.6216628785727,
  "s2": 0.0,
  "rmse": 8.046563216595102
 },
 "global_ols": {
  "slope": -0.08753289338169591,
  "d_hat": 22.8485535292293,
  "n_rungs": 8
 },
 "global_ols_drop_last": {
  "slope": -0.08069872288431873,
  "d_hat": 24.783539670968416
 },
 "global_local_slopes": {
  "Ks": [
   32,
   64,
   128,
   256,
   512,
   1024,
   2048,
   4096
  ],
  "slopes": [
   -0.05419835278337867,
   -0.08210176494747567,
   -0.07119932624718601,
   -0.07751223888171556,
   -0.08998792876303552,
   -0.11475044102827796,
   -0.13616335080128017
  ]
 },
 "global_mixture_2": {
  "dims": [
   22.520348119588373,
   22.553451277586134
  ],
  "weights": [
   749.956988796013,
   0.0028913601556681155
  ],
  "s2": 20.79234792434709,
  "rmse": 8.211493328605279
 },
 "global_mixture_3": {
  "dims": [
   0.618369466489607,
   0.680714614439367,
   21.334847648985868
  ],
  "weights": [
   16.124362839757154,
   5.8300630378356475,
   730.0150087768745
  ],
  "s2": 44.77925350784769,
  "rmse": 8.421680818781267
 },
 "pca_strata": {
  "1": {
   "var_total": 642.9806518554688,
   "L": [
    548.952880859375,
    527.8792114257812,
    506.4794006347656,
    482.5338134765625,
    456.1712646484375,
    428.9010009765625,
    396.080322265625,
    359.4356384277344
   ],
   "single_power": {
    "d": 24.375722650097096,
    "c": 745.0739194764212,
    "s2": 0.0,
    "rmse": 9.443118120671112
   },
   "ols": {
    "slope": -0.08511127793616297,
    "d_hat": 23.498648457611974
   },
   "ols_drop_last": {
    "slope": -0.07724008000777827,
    "d_hat": 25.89329270242334
   },
   "mixture_2": {
    "dims": [
     23.326919748509944,
     23.341898188114065
    ],
    "weights": [
     0.0031251549101677313,
     727.8053870382165
    ],
    "s2": 19.98678984938728,
    "rmse": 9.594825567754087
   }
  },
  "2": {
   "var_total": 615.9517211914062,
   "L": [
    538.4307861328125,
    517.7061767578125,
    497.6339111328125,
    473.8674011230469,
    448.7689514160156,
    421.8811950683594,
    389.4507141113281,
    353.300048828125
   ],
   "single_power": {
    "d": 24.55946073617462,
    "c": 729.3790974313868,
    "s2": 0.0,
    "rmse": 9.490955039744984
   },
   "ols": {
    "slope": -0.08454508475843868,
    "d_hat": 23.65601744577321
   },
   "ols_drop_last": {
    "slope": -0.0764880660468829,
    "d_hat": 26.147869901353136
   },
   "mixture_2": {
    "dims": [
     23.502997915197728,
     23.51897030871648
    ],
    "weights": [
     0.0029923312656046923,
     712.3747258515962
    ],
    "s2": 19.61992422816798,
    "rmse": 9.637441709416718
   }
  },
  "16": {
   "var_total": 532.4521484375,
   "L": [
    498.2381896972656,
    482.26580810546875,
    464.35760498046875,
    444.21246337890625,
    421.7066955566406,
    397.1549987792969,
    366.8171081542969,
    332.64569091796875
   ],
   "single_power": {
    "d": 25.719993195216606,
    "c": 668.4502376890978,
    "s2": 0.0,
    "rmse": 9.710473273618453
   },
   "ols": {
    "slope": -0.08101660824513493,
    "d_hat": 24.68629634492383
   },
   "ols_drop_last": {
    "slope": -0.07230618252784636,
    "d_hat": 27.660152010234608
   },
   "mixture_2": {
    "dims": [
     24.60266395930601,
     24.614620177684493
    ],
    "weights": [
     0.002258834693848868,
     652.0015566251027
    ],
    "s2": 18.65724671450907,
    "rmse": 9.837981837339054
   }
  },
  "64": {
   "var_total": 443.93218994140625,
   "L": [
    429.5800476074219,
    421.1553649902344,
    408.4289855957031,
    393.1997375488281,
    373.7247314453125,
    351.4382629394531,
    324.8894958496094,
    294.4733581542969
   ],
   "single_power": {
    "d": 27.550225563494216,
    "c": 570.861471217054,
    "s2": 0.0,
    "rmse": 10.397622856387972
   },
   "ols": {
    "slope": -0.07630088799415655,
    "d_hat": 26.21201472980457
   },
   "ols_drop_last": {
    "slope": -0.06640019357857757,
    "d_hat": 30.120394116520348
   },
   "mixture_2": {
    "dims": [
     26.33910220861155,
     26.37321082900549
    ],
    "weights": [
     0.0022841848172920997,
     556.0751583589339
    ],
    "s2": 16.384075611463626,
    "rmse": 10.496234101488788
   }
  }
 },
 "global_R0": {
  "var_total": 4096.0,
  "L": [
   561.4490966796875,
   540.7481689453125,
   510.8341979980469,
   486.2356872558594,
   460.8009033203125,
   432.9365539550781,
   399.8351135253906,
   363.82427978515625
  ],
  "single_power": {
   "d": 23.548692112430402,
   "c": 767.6216628785727,
   "s2": 0.0,
   "rmse": 8.046563216595102
  },
  "ols": {
   "slope": -0.08753289338169591,
   "d_hat": 22.8485535292293,
   "n_rungs": 8
  }
 }
}