
running 1 test
test smooths::shape_constrained_fit_survives_its_own_inference_2601::every_shape_constraint_fits_clean_linear_data_2601 ... [INFO] [GAM fit] n=300 p=13 k=2 fam=LikelihoodSpec { response: Gaussian, link: Standard(Identity) } link=Identity X=dense reml_iter=200 firth=false
[INFO] [reml-geometry] dense_spectral reason=constraints_present p=13 nnz_x=na nnz_h_est=na density_h_est=na threshold=0.1000
[INFO] [pirls-path] path=dense_transformed reason=constraints_present p=13 nnz_x=0 nnz_xtwx_symbolic=na nnz_s_lambda=78 nnz_h_est=na density_h_est=na
[INFO] [STAGE] PIRLS update_with_curvature iter=1 curvature=Fisher elapsed=0.000s source=rebuilt
[INFO] [PIRLS iter-end] iter=  1 elapsed=0.0009s lm_lambda=3.33e-7 g_norm=1.064e-4 last_dev_change=5.195e1 last_halving=1
[INFO] [PIRLS iter-breakdown] iter=  1 attempts=1 curvature=0.001s solve=0.000s predred=0.000s candidate=0.000s other=0.000s
[INFO] [PIRLS lm-trajectory] iter=  1 start_lambda=1.000e-6 final_lambda=3.333e-7 log10_ratio=-0.477 accept_rho=1.000 attempts=1
[INFO] [STAGE] PIRLS update_with_curvature iter=2 curvature=Fisher elapsed=0.000s source=reused_prev_accept
[INFO] [PIRLS iter-end] iter=  2 elapsed=0.0004s lm_lambda=1.11e-7 g_norm=2.424e-9 last_dev_change=7.490e-10 last_halving=1
[INFO] [PIRLS iter-breakdown] iter=  2 attempts=1 curvature=0.000s solve=0.000s predred=0.000s candidate=0.000s other=0.000s
[INFO] [PIRLS lm-trajectory] iter=  2 start_lambda=3.333e-7 final_lambda=1.111e-7 log10_ratio=-0.477 accept_rho=1.000 attempts=1
[INFO] [STAGE] PIRLS update_with_curvature iter=3 curvature=Fisher elapsed=0.000s source=reused_prev_accept
[INFO] [PIRLS exact-decrement] applicable=true decrement_sq=2.419741e-25 threshold=1.479036e-13 pass=true gradient_norm=2.743499e-13 relative_gradient=2.251374e-13 dimension_scale=6.244998e1 natural_scale=2.185888e-1 objective=1.420252e0 actual_reduction=2.220446e-16 predicted_reduction=4.215702e-18 linear_model_term=-8.430511e-18 direction_norm=6.783825e-9 data_reduction=1.237055e-11 penalty_reduction=-1.237036e-11
[INFO] [PIRLS solve-end] iters=3 elapsed=0.0023s g_norm_initial=1.697e2 g_norm_final=2.743e-13 convergence_rate=1.174e-5 status=Converged
[INFO] [STAGE] inner pirls solve iters=3 status=Converged max_eta=2.0 jeffreys_logdet=none rows=full(derivative-request) elapsed=0.003s
[INFO] [STAGE] logdet S rho_dim=2 penalty_rank=12 elapsed=0.000s
[INFO] [#1271-diag] path=orig p=13 penalty_rank=12 nullspace_dim=1 rss=2.769771 pen=0.070734 Dp=2.840505 pirls_edf=10.7925 logS=-28.694904 logH=24.387249 half_diff=26.541077 h_above1=10 h_min=9.899e-2 h_max=1.875e3 rho=[0.0000,0.0000] lambda=[1.000e0,1.000e0]
  H_eig=[1.875e3,1.742e2,5.544e1,2.552e1,1.268e1,7.253e0,4.456e0,2.748e0,1.850e0,1.193e0,6.712e-1,5.109e-1,9.899e-2]
  Slam_eig=[1.079e0,6.958e-1,6.234e-1,9.104e-2,8.412e-2,7.205e-2,7.034e-2,6.774e-2,6.082e-2,4.594e-2,2.244e-2,4.472e-3,0.000e0]
[INFO] [STAGE] reml_laml cost_only_done k=2 ext_dim=0 dim=13 elapsed=0.000s
[INFO] [HGB] small-sample fallback to defaults: pairs=0, threshold=3
[INFO] [STAGE] logdet S rho_dim=2 penalty_rank=12 elapsed=0.000s
[INFO] [#1271-diag] path=orig p=13 penalty_rank=12 nullspace_dim=1 rss=2.769771 pen=0.070734 Dp=2.840505 pirls_edf=10.7925 logS=-28.694904 logH=24.387249 half_diff=26.541077 h_above1=10 h_min=9.899e-2 h_max=1.875e3 rho=[0.0000,0.0000] lambda=[1.000e0,1.000e0]
  H_eig=[1.875e3,1.742e2,5.544e1,2.552e1,1.268e1,7.253e0,4.456e0,2.748e0,1.850e0,1.193e0,6.712e-1,5.109e-1,9.899e-2]
  Slam_eig=[1.079e0,6.958e-1,6.234e-1,9.104e-2,8.412e-2,7.205e-2,7.034e-2,6.774e-2,6.082e-2,4.594e-2,2.244e-2,4.472e-3,0.000e0]
[INFO] [reml-geometry] dense_spectral reason=constraints_present p=13 nnz_x=na nnz_h_est=na density_h_est=na threshold=0.1000
[INFO] [IFT-REJECTED] reason=large_drho max_drho=7.462e0 cap=2.000e0 drho_dim=2
[INFO] [pirls-path] repeated path=dense_transformed reason=constraints_present count=2 (suppressing identical decisions)
[INFO] [STAGE] PIRLS update_with_curvature iter=1 curvature=Fisher elapsed=0.000s source=rebuilt
[INFO] [PIRLS iter-end] iter=  1 elapsed=0.0009s lm_lambda=3.33e-7 g_norm=7.587e-5 last_dev_change=3.376e1 last_halving=1
[INFO] [PIRLS iter-breakdown] iter=  1 attempts=1 curvature=0.001s solve=0.000s predred=0.000s candidate=0.000s other=0.000s
[INFO] [PIRLS lm-trajectory] iter=  1 start_lambda=1.000e-6 final_lambda=3.333e-7 log10_ratio=-0.477 accept_rho=1.000 attempts=1
[INFO] [STAGE] PIRLS update_with_curvature iter=2 curvature=Fisher elapsed=0.000s source=reused_prev_accept
[INFO] [PIRLS solve-end] iters=2 elapsed=0.0017s g_norm_initial=1.860e2 g_norm_final=1.822e-11 convergence_rate=3.130e-7 status=Converged
[INFO] [STAGE] inner pirls solve iters=2 status=Converged max_eta=1.4 jeffreys_logdet=none rows=full(derivative-request) elapsed=0.002s
[INFO] [STAGE] logdet S (Z-projected) rho_dim=2 penalty_rank=8 elapsed=0.000s
[INFO] [#1271-diag] p=9 penalty_rank=8 nullspace_dim=1 logS=35.334047 logH=43.603361 half_diff=4.134657 h_above1=9 h_min=5.716e1 h_max=2.418e3 rho=[6.9127,7.4621] lambda=[1.005e3,1.741e3]
[INFO] [OUTER] standard REML: n_params=2, gradient=Analytic, hessian=Either -> solver=Arc, search_hessian_source=Analytic [solver=Arc;hessian=Analytic;matrix-free=false] [EFS with runtime barrier-curvature guard]
[INFO] [reml-geometry] dense_spectral reason=constraints_present p=13 nnz_x=na nnz_h_est=na density_h_est=na threshold=0.1000
[INFO] [STAGE] PIRLS update_with_curvature iter=1 curvature=Fisher elapsed=0.000s source=rebuilt
[INFO] [PIRLS iter-end] iter=  1 elapsed=0.0007s lm_lambda=3.33e-7 g_norm=1.064e-4 last_dev_change=5.195e1 last_halving=1
[INFO] [PIRLS iter-breakdown] iter=  1 attempts=1 curvature=0.001s solve=0.000s predred=0.000s candidate=0.000s other=0.000s
[INFO] [PIRLS lm-trajectory] iter=  1 start_lambda=1.000e-6 final_lambda=3.333e-7 log10_ratio=-0.477 accept_rho=1.000 attempts=1
[INFO] [STAGE] PIRLS update_with_curvature iter=2 curvature=Fisher elapsed=0.000s source=reused_prev_accept
[INFO] [PIRLS iter-end] iter=  2 elapsed=0.0004s lm_lambda=1.11e-7 g_norm=2.424e-9 last_dev_change=7.490e-10 last_halving=1
[INFO] [PIRLS iter-breakdown] iter=  2 attempts=1 curvature=0.000s solve=0.000s predred=0.000s candidate=0.000s other=0.000s
[INFO] [PIRLS lm-trajectory] iter=  2 start_lambda=3.333e-7 final_lambda=1.111e-7 log10_ratio=-0.477 accept_rho=1.000 attempts=1
[INFO] [STAGE] PIRLS update_with_curvature iter=3 curvature=Fisher elapsed=0.000s source=reused_prev_accept
[INFO] [PIRLS exact-decrement] applicable=true decrement_sq=2.419741e-25 threshold=1.479036e-13 pass=true gradient_norm=2.743499e-13 relative_gradient=2.251374e-13 dimension_scale=6.244998e1 natural_scale=2.185888e-1 objective=1.420252e0 actual_reduction=2.220446e-16 predicted_reduction=4.215702e-18 linear_model_term=-8.430511e-18 direction_norm=6.783825e-9 data_reduction=1.237055e-11 penalty_reduction=-1.237036e-11
[INFO] [PIRLS solve-end] iters=3 elapsed=0.0021s g_norm_initial=1.697e2 g_norm_final=2.743e-13 convergence_rate=1.174e-5 status=Converged
[INFO] [STAGE] inner pirls solve iters=3 status=Converged max_eta=2.0 jeffreys_logdet=none rows=full(derivative-request) elapsed=0.003s
[INFO] [STAGE] logdet S rho_dim=2 penalty_rank=12 elapsed=0.000s
[INFO] [#1271-diag] path=orig p=13 penalty_rank=12 nullspace_dim=1 rss=2.769771 pen=0.070734 Dp=2.840505 pirls_edf=10.7925 logS=-28.694904 logH=24.387249 half_diff=26.541077 h_above1=10 h_min=9.899e-2 h_max=1.875e3 rho=[0.0000,0.0000] lambda=[1.000e0,1.000e0]
  H_eig=[1.875e3,1.742e2,5.544e1,2.552e1,1.268e1,7.253e0,4.456e0,2.748e0,1.850e0,1.193e0,6.712e-1,5.109e-1,9.899e-2]
  Slam_eig=[1.079e0,6.958e-1,6.234e-1,9.104e-2,8.412e-2,7.205e-2,7.034e-2,6.774e-2,6.082e-2,4.594e-2,2.244e-2,4.472e-3,0.000e0]
[INFO] [STAGE] reml_laml cost_only_done k=2 ext_dim=0 dim=13 elapsed=0.000s
[INFO] [OUTER hessian-route] choice=dense reason=kernel_absent n=300 p=13 k=2 callback_kernel=false subspace_trace=false scale_prefers_operator=false dense_workspace_bytes=9464
[INFO] [OUTER hessian-elapsed] choice=dense reason=kernel_absent n=300 p=13 k=2 elapsed=0.000s
[INFO] [HGB] small-sample fallback to defaults: pairs=0, threshold=3
[INFO] [OUTER schedule] inner-PIRLS cap transition (ARC bridge) arc_iter=0 g_ratio=n/a last_iters=3 converged=true ift_residual=n/a accept_rho=1.000 prev=0 new=5 (capped)
[INFO] [STAGE] outer eval start order=ValueGradientHessian dim=2
[INFO] [reml-geometry] dense_spectral reason=constraints_present p=13 nnz_x=na nnz_h_est=na density_h_est=na threshold=0.1000
[INFO] [IFT-CACHE] outcome=mode_response_hit drho_dim=2 p=13
[INFO] [pirls-path] repeated path=dense_transformed reason=constraints_present count=4 (suppressing identical decisions)
[INFO] [ADAPTIVE-KKT] outer_g_norm=5.124e0 effective_tol=1.000e-10 floor=1.000e-12 ceiling=1.000e-10
[INFO] [STAGE] PIRLS update_with_curvature iter=1 curvature=Fisher elapsed=0.000s source=rebuilt
[INFO] [PIRLS iter-end] iter=  1 elapsed=0.0007s lm_lambda=3.33e-7 g_norm=9.467e-7 last_dev_change=5.695e-4 last_halving=1
[INFO] [PIRLS iter-breakdown] iter=  1 attempts=1 curvature=0.000s solve=0.000s predred=0.000s candidate=0.000s other=0.000s
[INFO] [PIRLS lm-trajectory] iter=  1 start_lambda=1.000e-6 final_lambda=3.333e-7 log10_ratio=-0.477 accept_rho=1.000 attempts=1
[INFO] [STAGE] PIRLS update_with_curvature iter=2 curvature=Fisher elapsed=0.000s source=reused_prev_accept
[INFO] [PIRLS solve-end] iters=2 elapsed=0.0013s g_norm_initial=5.196e-2 g_norm_final=5.142e-10 convergence_rate=9.949e-5 status=Converged
[INFO] [STAGE] inner pirls solve iters=2 status=Converged max_eta=2.0 jeffreys_logdet=none rows=full(derivative-request) elapsed=0.002s
[INFO] [IFT-QUALITY] quality=1.210e-2 ift=2.000e0 pred_residual=3.099e-2 cap_predicted=2.000e0 iters=2
[INFO] [STAGE] logdet S rho_dim=2 penalty_rank=12 elapsed=0.000s
[INFO] [#1271-diag] path=orig p=13 penalty_rank=12 nullspace_dim=1 rss=2.776793 pen=0.047599 Dp=2.824392 pirls_edf=9.2716 logS=-12.792614 logH=27.104307 half_diff=19.948460 h_above1=11 h_min=5.683e-2 h_max=1.875e3 rho=[1.7021,-0.5592] lambda=[5.485e0,5.717e-1]
  H_eig=[1.875e3,1.743e2,5.561e1,2.571e1,1.294e1,7.721e0,5.793e0,4.864e0,3.544e0,2.072e0,1.210e0,8.897e-1,5.683e-2]
  Slam_eig=[3.848e0,3.817e0,6.017e-1,4.621e-1,4.188e-1,3.952e-1,3.777e-1,3.609e-1,2.638e-1,1.458e-1,5.045e-2,1.555e-2,0.000e0]
[INFO] [STAGE] reml_laml cost_only_done k=2 ext_dim=0 dim=13 elapsed=0.000s
[INFO] [OUTER hessian-route] choice=dense reason=kernel_absent n=300 p=13 k=2 callback_kernel=false subspace_trace=false scale_prefers_operator=false dense_workspace_bytes=9464
[INFO] [OUTER hessian-elapsed] choice=dense reason=kernel_absent n=300 p=13 k=2 elapsed=0.000s
[INFO] [HGB] small-sample fallback to defaults: pairs=0, threshold=3
[INFO] [STAGE] outer eval end order=ValueGradientHessian elapsed=0.003s cost=-2.527804e2 |g|=3.465e0
[INFO] [OUTER] eval#1 (hess) cost=-2.527804e2 |g|=3.465e0 rho=[1.702,-0.559]
[INFO] [OUTER schedule] inner-PIRLS cap transition (ARC bridge) arc_iter=1 g_ratio=1.000e0 last_iters=2 converged=true ift_residual=1.210e-2 accept_rho=1.001 prev=5 new=4 (capped)
[INFO] [STAGE] outer eval start order=ValueGradientHessian dim=2
[INFO] [reml-geometry] dense_spectral reason=constraints_present p=13 nnz_x=na nnz_h_est=na density_h_est=na threshold=0.1000
[INFO] [IFT-REJECTED] reason=large_drho max_drho=3.879e0 cap=2.000e0 drho_dim=2
[INFO] [TANGENT-REJECTED] reason=alpha_above_cap alpha=2.175e0 cap=1.750e0
[INFO] [ADAPTIVE-KKT] outer_g_norm=3.465e0 effective_tol=1.000e-10 floor=1.000e-12 ceiling=1.000e-10
[INFO] [STAGE] PIRLS update_with_curvature iter=1 curvature=Fisher elapsed=0.000s source=rebuilt
[INFO] [PIRLS iter-end] iter=  1 elapsed=0.0007s lm_lambda=3.70e-8 g_norm=7.035e-7 last_dev_change=2.170e-1 last_halving=1
[INFO] [PIRLS iter-breakdown] iter=  1 attempts=1 curvature=0.001s solve=0.000s predred=0.000s candidate=0.000s other=0.000s
[INFO] [PIRLS lm-trajectory] iter=  1 start_lambda=1.111e-7 final_lambda=3.704e-8 log10_ratio=-0.477 accept_rho=1.000 attempts=1
[INFO] [STAGE] PIRLS update_with_curvature iter=2 curvature=Fisher elapsed=0.000s source=reused_prev_accept
[INFO] [PIRLS solve-end] iters=2 elapsed=0.0014s g_norm_initial=3.614e0 g_norm_final=6.812e-11 convergence_rate=4.342e-6 status=Converged
[INFO] [STAGE] inner pirls solve iters=2 status=Converged max_eta=2.0 jeffreys_logdet=none rows=full(derivative-request) elapsed=0.002s
[INFO] [STAGE] logdet S rho_dim=2 penalty_rank=12 elapsed=0.000s
[INFO] [#1271-diag] path=orig p=13 penalty_rank=12 nullspace_dim=1 rss=2.810621 pen=0.022272 Dp=2.832893 pirls_edf=4.9184 logS=24.640969 logH=45.631176 half_diff=10.495104 h_above1=12 h_min=2.888e-2 h_max=1.883e3 rho=[5.5812,-1.2380] lambda=[2.654e2,2.900e-1]
  H_eig=[1.883e3,2.098e2,1.862e2,1.484e2,5.702e1,3.269e1,2.737e1,2.456e1,2.238e1,2.053e1,1.944e1,1.861e1,2.888e-2]
  Slam_eig=[1.847e2,1.847e2,2.237e1,2.235e1,1.912e1,1.838e1,1.759e1,1.296e1,6.905e0,1.955e0,2.347e-1,1.162e-2,0.000e0]
[INFO] [STAGE] reml_laml cost_only_done k=2 ext_dim=0 dim=13 elapsed=0.000s
[INFO] [OUTER hessian-route] choice=dense reason=kernel_absent n=300 p=13 k=2 callback_kernel=false subspace_trace=false scale_prefers_operator=false dense_workspace_bytes=9464
[INFO] [OUTER hessian-elapsed] choice=dense reason=kernel_absent n=300 p=13 k=2 elapsed=0.000s
[INFO] [HGB] small-sample fallback to defaults: pairs=0, threshold=3
[INFO] [STAGE] outer eval end order=ValueGradientHessian elapsed=0.003s cost=-2.617845e2 |g|=1.391e0
[INFO] [OUTER] eval#2 (hess) cost=-2.617845e2 |g|=1.391e0 rho=[5.581,-1.238]
[INFO] [STAGE] outer eval start order=ValueGradientHessian dim=2
[INFO] [reml-geometry] dense_spectral reason=constraints_present p=13 nnz_x=na nnz_h_est=na density_h_est=na threshold=0.1000
[INFO] [IFT-REJECTED] reason=large_drho max_drho=3.177e0 cap=2.000e0 drho_dim=2
[INFO] [TANGENT-PREDICT] alpha=8.164e-1 cap=1.750e0 drho_step_norm_sq=1.266e1 drho_prev_norm_sq=1.551e1
[INFO] [ADAPTIVE-KKT] outer_g_norm=1.391e0 effective_tol=1.000e-10 floor=1.000e-12 ceiling=1.000e-10
[INFO] [STAGE] PIRLS update_with_curvature iter=1 curvature=Fisher elapsed=0.000s source=rebuilt
[INFO] [PIRLS iter-end] iter=  1 elapsed=0.0007s lm_lambda=4.12e-9 g_norm=4.954e-7 last_dev_change=2.922e0 last_halving=1
[INFO] [PIRLS iter-breakdown] iter=  1 attempts=1 curvature=0.001s solve=0.000s predred=0.000s candidate=0.000s other=0.000s
[INFO] [PIRLS lm-trajectory] iter=  1 start_lambda=1.235e-8 final_lambda=4.115e-9 log10_ratio=-0.477 accept_rho=1.000 attempts=1
[INFO] [STAGE] PIRLS update_with_curvature iter=2 curvature=Fisher elapsed=0.000s source=reused_prev_accept
[INFO] [PIRLS exact-decrement] applicable=true decrement_sq=1.148474e-21 threshold=1.473590e-13 pass=true gradient_norm=6.586365e-12 relative_gradient=3.806390e-12 dimension_scale=6.244998e1 natural_scale=7.303442e-1 objective=1.415023e0 actual_reduction=4.418688e-14 predicted_reduction=4.454257e-14 linear_model_term=-8.907508e-14 direction_norm=2.242567e-6 data_reduction=2.072065e-10 penalty_reduction=-2.071623e-10
[INFO] [PIRLS solve-end] iters=2 elapsed=0.0016s g_norm_initial=6.438e1 g_norm_final=6.586e-12 convergence_rate=3.198e-7 status=Converged
[INFO] [STAGE] inner pirls solve iters=2 status=Converged max_eta=2.0 jeffreys_logdet=none rows=full(derivative-request) elapsed=0.002s
[INFO] [TANGENT-QUALITY] quality=4.379e-2 pred_residual=1.114e-1 iters=2
[INFO] [STAGE] logdet S rho_dim=2 penalty_rank=12 elapsed=0.000s
[INFO] [#1271-diag] path=orig p=13 penalty_rank=12 nullspace_dim=1 rss=2.818071 pen=0.011976 Dp=2.830046 pirls_edf=2.8241 logS=55.410908 logH=71.359902 half_diff=7.974497 h_above1=12 h_min=1.755e-2 h_max=4.550e3 rho=[8.7579,-1.7367] lambda=[6.361e3,1.761e-1]
  H_eig=[4.550e3,4.428e3,1.788e3,5.391e2,5.272e2,4.601e2,4.430e2,4.269e2,3.252e2,2.450e2,1.330e2,5.913e1,1.755e-2]
  Slam_eig=[4.426e3,4.426e3,5.361e2,5.355e2,4.583e2,4.405e2,4.216e2,3.106e2,1.654e2,4.606e1,1.448e-1,7.077e-3,0.000e0]
[INFO] [STAGE] reml_laml cost_only_done k=2 ext_dim=0 dim=13 elapsed=0.000s
[INFO] [OUTER hessian-route] choice=dense reason=kernel_absent n=300 p=13 k=2 callback_kernel=false subspace_trace=false scale_prefers_operator=false dense_workspace_bytes=9464
[INFO] [OUTER hessian-elapsed] choice=dense reason=kernel_absent n=300 p=13 k=2 elapsed=0.000s
[INFO] [HGB] small-sample fallback to defaults: pairs=0, threshold=3
[INFO] [STAGE] outer eval end order=ValueGradientHessian elapsed=0.003s cost=-2.644554e2 |g|=4.096e-1
[INFO] [OUTER] eval#3 (hess) cost=-2.644554e2 |g|=4.096e-1 rho=[8.758,-1.737]
[INFO] [STAGE] outer eval start order=ValueGradientHessian dim=2
[INFO] [reml-geometry] dense_spectral reason=constraints_present p=13 nnz_x=na nnz_h_est=na density_h_est=na threshold=0.1000
[INFO] [IFT-CACHE] outcome=mode_response_hit drho_dim=2 p=13
[INFO] [ADAPTIVE-KKT] outer_g_norm=4.096e-1 effective_tol=1.000e-10 floor=1.000e-12 ceiling=1.000e-10
[INFO] [STAGE] PIRLS update_with_curvature iter=1 curvature=Fisher elapsed=0.000s source=rebuilt
[INFO] [PIRLS solve-end] iters=1 elapsed=0.0008s g_norm_initial=2.473e0 g_norm_final=2.050e-9 convergence_rate=8.290e-10 status=Converged
[INFO] [STAGE] inner pirls solve iters=1 status=Converged max_eta=2.0 jeffreys_logdet=none rows=full(derivative-request) elapsed=0.001s
[INFO] [IFT-QUALITY] quality=4.381e-4 ift=2.000e0 pred_residual=1.114e-3 cap_predicted=2.000e0 iters=1
[INFO] [STAGE] logdet S rho_dim=2 penalty_rank=12 elapsed=0.000s
[INFO] [#1271-diag] path=orig p=13 penalty_rank=12 nullspace_dim=1 rss=2.818683 pen=0.009708 Dp=2.828391 pirls_edf=2.2160 logS=74.142717 logH=89.365306 half_diff=7.611294 h_above1=12 h_min=1.457e-2 h_max=2.998e4 rho=[10.6683,-1.9225] lambda=[4.297e4,1.462e-1]
  H_eig=[2.998e4,2.990e4,3.710e3,3.623e3,3.098e3,2.982e3,2.858e3,2.182e3,1.703e3,1.164e3,3.458e2,9.325e1,1.457e-2]
  Slam_eig=[2.990e4,2.990e4,3.622e3,3.618e3,3.096e3,2.975e3,2.848e3,2.098e3,1.118e3,3.110e2,1.203e-1,5.877e-3,0.000e0]
[INFO] [STAGE] reml_laml cost_only_done k=2 ext_dim=0 dim=13 elapsed=0.000s
[INFO] [OUTER hessian-route] choice=dense reason=kernel_absent n=300 p=13 k=2 callback_kernel=false subspace_trace=false scale_prefers_operator=false dense_workspace_bytes=9464
[INFO] [OUTER hessian-elapsed] choice=dense reason=kernel_absent n=300 p=13 k=2 elapsed=0.000s
[INFO] [HGB] small-sample fallback to defaults: pairs=0, threshold=3
[INFO] [STAGE] outer eval end order=ValueGradientHessian elapsed=0.002s cost=-2.649060e2 |g|=1.055e-1
[INFO] [OUTER] eval#4 (hess) cost=-2.649060e2 |g|=1.055e-1 rho=[10.668,-1.923]
[INFO] [OUTER schedule] inner-PIRLS cap transition (ARC bridge) arc_iter=4 g_ratio=3.044e-2 last_iters=1 converged=true ift_residual=4.381e-4 accept_rho=1.000 prev=4 new=3 (capped)
[INFO] [STAGE] outer eval start order=ValueGradientHessian dim=2
[INFO] [reml-geometry] dense_spectral reason=constraints_present p=13 nnz_x=na nnz_h_est=na density_h_est=na threshold=0.1000
[INFO] [IFT-CACHE] outcome=mode_response_hit drho_dim=2 p=13
[INFO] [pirls-path] repeated path=dense_transformed reason=constraints_present count=8 (suppressing identical decisions)
[INFO] [ADAPTIVE-KKT] outer_g_norm=1.055e-1 effective_tol=1.000e-10 floor=1.000e-12 ceiling=1.000e-10
[INFO] [STAGE] PIRLS update_with_curvature iter=1 curvature=Fisher elapsed=0.000s source=rebuilt
[INFO] [PIRLS solve-end] iters=1 elapsed=0.0008s g_norm_initial=5.940e-1 g_norm_final=3.674e-10 convergence_rate=6.185e-10 status=Converged
[INFO] [STAGE] inner pirls solve iters=1 status=Converged max_eta=2.0 jeffreys_logdet=none rows=full(derivative-request) elapsed=0.001s
[INFO] [IFT-QUALITY] quality=3.239e-5 ift=2.000e0 pred_residual=8.239e-5 cap_predicted=2.000e0 iters=1
[INFO] [STAGE] logdet S rho_dim=2 penalty_rank=12 elapsed=0.000s
[INFO] [#1271-diag] path=orig p=13 penalty_rank=12 nullspace_dim=1 rss=2.818763 pen=0.009478 Dp=2.828241 pirls_edf=2.0740 logS=85.922139 logH=101.006288 half_diff=7.542075 h_above1=12 h_min=1.429e-2 h_max=9.757e4 rho=[11.8502,-1.9424] lambda=[1.401e5,1.434e-1]
  H_eig=[9.757e4,9.749e4,1.186e4,1.180e4,1.010e4,9.707e3,9.295e3,6.877e3,3.706e3,1.984e3,8.322e2,1.008e2,1.429e-2]
  Slam_eig=[9.749e4,9.749e4,1.181e4,1.180e4,1.009e4,9.702e3,9.286e3,6.841e3,3.644e3,1.014e3,1.179e-1,5.761e-3,0.000e0]
[INFO] [STAGE] reml_laml cost_only_done k=2 ext_dim=0 dim=13 elapsed=0.000s
[INFO] [OUTER hessian-route] choice=dense reason=kernel_absent n=300 p=13 k=2 callback_kernel=false subspace_trace=false scale_prefers_operator=false dense_workspace_bytes=9464
[INFO] [OUTER hessian-elapsed] choice=dense reason=kernel_absent n=300 p=13 k=2 elapsed=0.000s
[INFO] [HGB] small-sample fallback to defaults: pairs=0, threshold=3
[INFO] [STAGE] outer eval end order=ValueGradientHessian elapsed=0.002s cost=-2.649832e2 |g|=3.611e-2
[INFO] [OUTER] eval#5 (hess) cost=-2.649832e2 |g|=3.611e-2 rho=[11.850,-1.942]
[INFO] [STAGE] outer eval start order=ValueGradientHessian dim=2
[INFO] [reml-geometry] dense_spectral reason=constraints_present p=13 nnz_x=na nnz_h_est=na density_h_est=na threshold=0.1000
[INFO] [IFT-CACHE] outcome=mode_response_hit drho_dim=2 p=13
[INFO] [ADAPTIVE-KKT] outer_g_norm=3.611e-2 effective_tol=1.000e-10 floor=1.000e-12 ceiling=1.000e-10
[INFO] [STAGE] PIRLS update_with_curvature iter=1 curvature=Fisher elapsed=0.000s source=rebuilt
[INFO] [PIRLS solve-end] iters=1 elapsed=0.0008s g_norm_initial=4.404e-1 g_norm_final=2.755e-10 convergence_rate=6.256e-10 status=Converged
[INFO] [STAGE] inner pirls solve iters=1 status=Converged max_eta=2.0 jeffreys_logdet=none rows=full(derivative-request) elapsed=0.001s
[INFO] [IFT-QUALITY] quality=8.497e-6 ift=2.000e0 pred_residual=2.161e-5 cap_predicted=2.000e0 iters=1
[INFO] [STAGE] logdet S rho_dim=2 penalty_rank=12 elapsed=0.000s
[INFO] [#1271-diag] path=orig p=13 penalty_rank=12 nullspace_dim=1 rss=2.818787 pen=0.009465 Dp=2.828251 pirls_edf=2.0266 logS=96.499202 logH=111.534300 half_diff=7.517549 h_above1=12 h_min=1.428e-2 h_max=2.808e5 rho=[12.9079,-1.9426] lambda=[4.035e5,1.433e-1]
  H_eig=[2.808e5,2.808e5,3.405e4,3.399e4,2.907e4,2.794e4,2.675e4,1.973e4,1.055e4,3.408e3,1.327e3,1.030e2,1.428e-2]
  Slam_eig=[2.808e5,2.808e5,3.401e4,3.397e4,2.907e4,2.794e4,2.674e4,1.970e4,1.049e4,2.920e3,1.179e-1,5.760e-3,0.000e0]
[INFO] [STAGE] reml_laml cost_only_done k=2 ext_dim=0 dim=13 elapsed=0.000s
[INFO] [OUTER hessian-route] choice=dense reason=kernel_absent n=300 p=13 k=2 callback_kernel=false subspace_trace=false scale_prefers_operator=false dense_workspace_bytes=9464
[INFO] [OUTER hessian-elapsed] choice=dense reason=kernel_absent n=300 p=13 k=2 elapsed=0.000s
[INFO] [HGB] small-sample fallback to defaults: pairs=0, threshold=3
[INFO] [STAGE] outer eval end order=ValueGradientHessian elapsed=0.002s cost=-2.650072e2 |g|=1.301e-2
[INFO] [OUTER] eval#6 (hess) cost=-2.650072e2 |g|=1.301e-2 rho=[12.908,-1.943]
[INFO] [OUTER schedule] inner-PIRLS cap transition (ARC bridge) arc_iter=6 g_ratio=3.754e-3 last_iters=1 converged=true ift_residual=8.497e-6 accept_rho=1.000 prev=3 new=0 (uncapped)
[INFO] [STAGE] outer eval start order=ValueGradientHessian dim=2
[INFO] [reml-geometry] dense_spectral reason=constraints_present p=13 nnz_x=na nnz_h_est=na density_h_est=na threshold=0.1000
[INFO] [IFT-CACHE] outcome=mode_response_hit drho_dim=2 p=13
[INFO] [ADAPTIVE-KKT] outer_g_norm=1.301e-2 effective_tol=1.000e-12 floor=1.000e-12 ceiling=1.000e-12
[INFO] [STAGE] PIRLS update_with_curvature iter=1 curvature=Fisher elapsed=0.000s source=rebuilt
[INFO] [PIRLS iter-end] iter=  1 elapsed=0.0010s lm_lambda=1.00e-9 g_norm=2.487e-10 last_dev_change=1.256e-6 last_halving=1
[INFO] [PIRLS iter-breakdown] iter=  1 attempts=1 curvature=0.001s solve=0.000s predred=0.000s candidate=0.000s other=0.000s
[INFO] [PIRLS lm-trajectory] iter=  1 start_lambda=1.000e-9 final_lambda=1.000e-9 log10_ratio=0.000 accept_rho=1.000 attempts=1
[INFO] [STAGE] PIRLS update_with_curvature iter=2 curvature=Fisher elapsed=0.000s source=reused_prev_accept
[INFO] [PIRLS exact-decrement] applicable=true decrement_sq=5.205679e-22 threshold=1.472657e-13 pass=true gradient_norm=4.753303e-12 relative_gradient=2.700590e-12 dimension_scale=6.244998e1 natural_scale=7.600980e-1 objective=1.414128e0 actual_reduction=0.000000e0 predicted_reduction=4.129761e-20 linear_model_term=-8.969255e-20 direction_norm=2.603138e-9 data_reduction=6.217249e-15 penalty_reduction=-6.316996e-15
[INFO] [PIRLS solve-end] iters=2 elapsed=0.0020s g_norm_initial=4.004e-1 g_norm_final=4.753e-12 convergence_rate=3.446e-6 status=Converged
[INFO] [STAGE] inner pirls solve iters=2 status=Converged max_eta=2.0 jeffreys_logdet=none rows=full(derivative-request) elapsed=0.002s
[INFO] [IFT-QUALITY] quality=2.824e-6 ift=2.000e0 pred_residual=7.183e-6 cap_predicted=2.000e0 iters=2
[INFO] [STAGE] logdet S rho_dim=2 penalty_rank=12 elapsed=0.000s
[INFO] [#1271-diag] path=orig p=13 penalty_rank=12 nullspace_dim=1 rss=2.818795 pen=0.009460 Dp=2.828255 pirls_edf=2.0096 logS=106.701612 logH=121.719544 half_diff=7.508966 h_above1=12 h_min=1.428e-2 h_max=7.789e5 rho=[13.9282,-1.9426] lambda=[1.119e6,1.433e-1]
  H_eig=[7.789e5,7.788e5,9.437e4,9.425e4,8.064e4,7.751e4,7.419e4,5.468e4,2.917e4,8.463e3,1.455e3,1.037e2,1.428e-2]
  Slam_eig=[7.788e5,7.788e5,9.433e4,9.423e4,8.064e4,7.750e4,7.418e4,5.465e4,2.911e4,8.101e3,1.179e-1,5.760e-3,0.000e0]
[INFO] [STAGE] reml_laml cost_only_done k=2 ext_dim=0 dim=13 elapsed=0.000s
[INFO] [OUTER hessian-route] choice=dense reason=kernel_absent n=300 p=13 k=2 callback_kernel=false subspace_trace=false scale_prefers_operator=false dense_workspace_bytes=9464
[INFO] [OUTER hessian-elapsed] choice=dense reason=kernel_absent n=300 p=13 k=2 elapsed=0.000s
[INFO] [HGB] small-sample fallback to defaults: pairs=0, threshold=3
[INFO] [STAGE] outer eval end order=ValueGradientHessian elapsed=0.004s cost=-2.650155e2 |g|=4.749e-3
[INFO] [OUTER] eval#7 (hess) cost=-2.650155e2 |g|=4.749e-3 rho=[13.928,-1.943]
[INFO] [STAGE] outer eval start order=ValueGradientHessian dim=2
[INFO] [reml-geometry] dense_spectral reason=constraints_present p=13 nnz_x=na nnz_h_est=na density_h_est=na threshold=0.1000
[INFO] [IFT-CACHE] outcome=mode_response_hit drho_dim=2 p=13
[INFO] [ADAPTIVE-KKT] outer_g_norm=4.749e-3 effective_tol=1.000e-12 floor=1.000e-12 ceiling=1.000e-12
[INFO] [STAGE] PIRLS update_with_curvature iter=1 curvature=Fisher elapsed=0.000s source=rebuilt
[INFO] [PIRLS iter-end] iter=  1 elapsed=0.0007s lm_lambda=1.00e-9 g_norm=2.504e-10 last_dev_change=4.304e-7 last_halving=1
[INFO] [PIRLS iter-breakdown] iter=  1 attempts=1 curvature=0.001s solve=0.000s predred=0.000s candidate=0.000s other=0.000s
[INFO] [PIRLS lm-trajectory] iter=  1 start_lambda=1.000e-9 final_lambda=1.000e-9 log10_ratio=0.000 accept_rho=1.000 attempts=1
[INFO] [STAGE] PIRLS update_with_curvature iter=2 curvature=Fisher elapsed=0.000s source=reused_prev_accept
[INFO] [PIRLS exact-decrement] applicable=true decrement_sq=1.089326e-21 threshold=1.472658e-13 pass=true gradient_norm=1.574974e-11 relative_gradient=8.947468e-12 dimension_scale=6.244998e1 natural_scale=7.602456e-1 objective=1.414128e0 actual_reduction=-2.220446e-16 predicted_reduction=6.567190e-20 linear_model_term=-1.204220e-19 direction_norm=2.768750e-9 data_reduction=5.995204e-15 penalty_reduction=-6.063726e-15
[INFO] [PIRLS solve-end] iters=2 elapsed=0.0015s g_norm_initial=3.872e-1 g_norm_final=1.575e-11 convergence_rate=6.377e-6 status=Converged
[INFO] [STAGE] inner pirls solve iters=2 status=Converged max_eta=2.0 jeffreys_logdet=none rows=full(derivative-request) elapsed=0.002s
[INFO] [IFT-QUALITY] quality=1.004e-6 ift=2.000e0 pred_residual=2.553e-6 cap_predicted=3.000e0 iters=2
[INFO] [STAGE] logdet S rho_dim=2 penalty_rank=12 elapsed=0.000s
[INFO] [#1271-diag] path=orig p=13 penalty_rank=12 nullspace_dim=1 rss=2.818798 pen=0.009459 Dp=2.828257 pirls_edf=2.0035 logS=116.774584 logH=131.786320 half_diff=7.505868 h_above1=12 h_min=1.428e-2 h_max=2.133e6 rho=[14.9355,-1.9426] lambda=[3.065e6,1.433e-1]
  H_eig=[2.133e6,2.132e6,2.583e5,2.580e5,2.208e5,2.122e5,2.031e5,1.497e5,7.976e4,2.251e4,1.488e3,1.040e2,1.428e-2]
  Slam_eig=[2.132e6,2.132e6,2.583e5,2.580e5,2.208e5,2.122e5,2.031e5,1.496e5,7.970e4,2.218e4,1.179e-1,5.760e-3,0.000e0]
[INFO] [STAGE] reml_laml cost_only_done k=2 ext_dim=0 dim=13 elapsed=0.000s
[INFO] [OUTER hessian-route] choice=dense reason=kernel_absent n=300 p=13 k=2 callback_kernel=false subspace_trace=false scale_prefers_operator=false dense_workspace_bytes=9464
[INFO] [OUTER hessian-elapsed] choice=dense reason=kernel_absent n=300 p=13 k=2 elapsed=0.000s
[INFO] [HGB] small-sample fallback to defaults: pairs=0, threshold=3
[INFO] [STAGE] outer eval end order=ValueGradientHessian elapsed=0.003s cost=-2.650186e2 |g|=1.742e-3
[INFO] [OUTER] eval#8 (hess) cost=-2.650186e2 |g|=1.742e-3 rho=[14.935,-1.943]
[INFO] [STAGE] outer eval start order=ValueGradientHessian dim=2
[INFO] [reml-geometry] dense_spectral reason=constraints_present p=13 nnz_x=na nnz_h_est=na density_h_est=na threshold=0.1000
[INFO] [IFT-CACHE] outcome=mode_response_hit drho_dim=2 p=13
[INFO] [ADAPTIVE-KKT] outer_g_norm=1.742e-3 effective_tol=1.000e-12 floor=1.000e-12 ceiling=1.000e-12
[INFO] [STAGE] PIRLS update_with_curvature iter=1 curvature=Fisher elapsed=0.000s source=rebuilt
[INFO] [PIRLS iter-end] iter=  1 elapsed=0.0007s lm_lambda=1.00e-9 g_norm=2.962e-10 last_dev_change=1.543e-7 last_halving=1
[INFO] [PIRLS iter-breakdown] iter=  1 attempts=1 curvature=0.001s solve=0.000s predred=0.000s candidate=0.000s other=0.000s
[INFO] [PIRLS lm-trajectory] iter=  1 start_lambda=1.000e-9 final_lambda=1.000e-9 log10_ratio=0.000 accept_rho=1.000 attempts=1
[INFO] [STAGE] PIRLS update_with_curvature iter=2 curvature=Fisher elapsed=0.000s source=reused_prev_accept
[INFO] [PIRLS exact-decrement] applicable=true decrement_sq=1.666043e-20 threshold=1.472658e-13 pass=true gradient_norm=6.115206e-11 relative_gradient=3.473957e-11 dimension_scale=6.244998e1 natural_scale=7.602996e-1 objective=1.414129e0 actual_reduction=0.000000e0 predicted_reduction=5.532830e-20 linear_model_term=-1.733719e-19 direction_norm=4.065653e-9 data_reduction=4.884981e-15 penalty_reduction=-4.871104e-15
[INFO] [PIRLS solve-end] iters=2 elapsed=0.0015s g_norm_initial=3.825e-1 g_norm_final=6.115e-11 convergence_rate=1.264e-5 status=Converged
[INFO] [STAGE] inner pirls solve iters=2 status=Converged max_eta=2.0 jeffreys_logdet=none rows=full(derivative-request) elapsed=0.002s
[INFO] [IFT-QUALITY] quality=3.647e-7 ift=3.000e0 pred_residual=9.277e-7 cap_predicted=4.500e0 iters=2
[INFO] [STAGE] logdet S rho_dim=2 penalty_rank=12 elapsed=0.000s
[INFO] [#1271-diag] path=orig p=13 penalty_rank=12 nullspace_dim=1 rss=2.818799 pen=0.009459 Dp=2.828257 pirls_edf=2.0012 logS=126.800567 logH=141.810039 half_diff=7.504736 h_above1=12 h_min=1.428e-2 h_max=5.812e6 rho=[15.9381,-1.9426] lambda=[8.352e6,1.433e-1]
  H_eig=[5.812e6,5.812e6,7.040e5,7.032e5,6.018e5,5.784e5,5.536e5,4.078e5,2.173e5,6.077e4,1.499e3,1.041e2,1.428e-2]
  Slam_eig=[5.812e6,5.812e6,7.040e5,7.032e5,6.018e5,5.784e5,5.536e5,4.078e5,2.172e5,6.045e4,1.179e-1,5.760e-3,0.000e0]
[INFO] [STAGE] reml_laml cost_only_done k=2 ext_dim=0 dim=13 elapsed=0.000s
[INFO] [OUTER hessian-route] choice=dense reason=kernel_absent n=300 p=13 k=2 callback_kernel=false subspace_trace=false scale_prefers_operator=false dense_workspace_bytes=9464
[INFO] [OUTER hessian-elapsed] choice=dense reason=kernel_absent n=300 p=13 k=2 elapsed=0.000s
[INFO] [HGB] small-sample fallback to defaults: pairs=0, threshold=3
[INFO] [HGB] engage after 10 iters (max warmup reached)
[INFO] [HGB] target_mse=3.036e-8 s_i=1.000e0 s_l=1.000e0 s_t=1.000e0 eps²_i=1.012e-8 eps²_l=1.012e-8 eps²_t=1.012e-8 τ=1.000e-10 rtol=1.006e-4 k=0 floor_active=[]
[INFO] [STAGE] outer eval end order=ValueGradientHessian elapsed=0.003s cost=-2.650197e2 |g|=6.403e-4
[INFO] [OUTER] eval#9 (hess) cost=-2.650197e2 |g|=6.403e-4 rho=[15.938,-1.943]
[INFO] [STAGE] outer eval start order=ValueGradientHessian dim=2
[INFO] [reml-geometry] dense_spectral reason=constraints_present p=13 nnz_x=na nnz_h_est=na density_h_est=na threshold=0.1000
[INFO] [IFT-CACHE] outcome=mode_response_hit drho_dim=2 p=13
[INFO] [ADAPTIVE-KKT] outer_g_norm=1.000e-12 effective_tol=1.000e-12 floor=1.000e-12 ceiling=1.000e-12
[INFO] [STAGE] PIRLS update_with_curvature iter=1 curvature=Fisher elapsed=0.000s source=rebuilt
[INFO] [PIRLS iter-end] iter=  1 elapsed=0.0007s lm_lambda=1.00e-9 g_norm=3.242e-10 last_dev_change=5.620e-8 last_halving=1
[INFO] [PIRLS iter-breakdown] iter=  1 attempts=1 curvature=0.001s solve=0.000s predred=0.000s candidate=0.000s other=0.000s
[INFO] [PIRLS lm-trajectory] iter=  1 start_lambda=1.000e-9 final_lambda=1.000e-9 log10_ratio=0.000 accept_rho=1.000 attempts=1
[INFO] [STAGE] PIRLS update_with_curvature iter=2 curvature=Fisher elapsed=0.000s source=reused_prev_accept
[INFO] [PIRLS exact-decrement] applicable=true decrement_sq=2.700420e-21 threshold=1.472658e-13 pass=true gradient_norm=1.319395e-10 relative_gradient=7.495200e-11 dimension_scale=6.244998e1 natural_scale=7.603194e-1 objective=1.414129e0 actual_reduction=0.000000e0 predicted_reduction=1.008774e-19 linear_model_term=-1.810535e-19 direction_norm=3.350320e-9 data_reduction=8.659740e-15 penalty_reduction=-8.596422e-15
[INFO] [PIRLS solve-end] iters=2 elapsed=0.0015s g_norm_initial=3.807e-1 g_norm_final=1.319e-10 convergence_rate=1.862e-5 status=Converged
[INFO] [STAGE] inner pirls solve iters=2 status=Converged max_eta=2.0 jeffreys_logdet=none rows=full(derivative-request) elapsed=0.003s
[INFO] [IFT-QUALITY] quality=1.335e-7 ift=4.500e0 pred_residual=3.395e-7 cap_predicted=6.750e0 iters=2
[INFO] [STAGE] logdet S rho_dim=2 penalty_rank=12 elapsed=0.000s
[INFO] [#1271-diag] path=orig p=13 penalty_rank=12 nullspace_dim=1 rss=2.818799 pen=0.009458 Dp=2.828257 pirls_edf=2.0004 logS=136.808203 logH=151.816844 half_diff=7.504321 h_above1=12 h_min=1.428e-2 h_max=1.581e7 rho=[16.9388,-1.9426] lambda=[2.272e7,1.433e-1]
  H_eig=[1.581e7,1.581e7,1.915e6,1.913e6,1.637e6,1.573e6,1.506e6,1.109e6,5.910e5,1.648e5,1.503e3,1.041e2,1.428e-2]
  Slam_eig=[1.581e7,1.581e7,1.915e6,1.913e6,1.637e6,1.573e6,1.506e6,1.109e6,5.909e5,1.645e5,1.179e-1,5.760e-3,0.000e0]
[INFO] [STAGE] reml_laml cost_only_done k=2 ext_dim=0 dim=13 elapsed=0.000s
[INFO] [OUTER hessian-route] choice=dense reason=kernel_absent n=300 p=13 k=2 callback_kernel=false subspace_trace=false scale_prefers_operator=false dense_workspace_bytes=9464
[INFO] [OUTER hessian-elapsed] choice=dense reason=kernel_absent n=300 p=13 k=2 elapsed=0.000s
[INFO] [HGB] small-sample fallback to defaults: pairs=0, threshold=3
[INFO] [HGB] target_mse=4.100e-9 s_i=1.000e0 s_l=1.000e0 s_t=1.000e0 eps²_i=1.367e-9 eps²_l=1.367e-9 eps²_t=1.367e-9 τ=1.000e-10 rtol=3.697e-5 k=0 floor_active=[]
[INFO] [STAGE] outer eval end order=ValueGradientHessian elapsed=0.004s cost=-2.650201e2 |g|=2.354e-4
[INFO] [OUTER] eval#10 (hess) cost=-2.650201e2 |g|=2.354e-4 rho=[16.939,-1.943]
[INFO] [STAGE] outer eval start order=ValueGradientHessian dim=2
[INFO] [reml-geometry] dense_spectral reason=constraints_present p=13 nnz_x=na nnz_h_est=na density_h_est=na threshold=0.1000
[INFO] [IFT-CACHE] outcome=mode_response_hit drho_dim=2 p=13
[INFO] [ADAPTIVE-KKT] outer_g_norm=1.000e-12 effective_tol=1.000e-12 floor=1.000e-12 ceiling=1.000e-12
[INFO] [STAGE] PIRLS update_with_curvature iter=1 curvature=Fisher elapsed=0.000s source=rebuilt
[INFO] [PIRLS iter-end] iter=  1 elapsed=0.0007s lm_lambda=1.00e-9 g_norm=4.102e-10 last_dev_change=2.057e-8 last_halving=1
[INFO] [PIRLS iter-breakdown] iter=  1 attempts=1 curvature=0.001s solve=0.000s predred=0.000s candidate=0.000s other=0.000s
[INFO] [PIRLS lm-trajectory] iter=  1 start_lambda=1.000e-9 final_lambda=1.000e-9 log10_ratio=0.000 accept_rho=1.000 attempts=1
[INFO] [STAGE] PIRLS update_with_curvature iter=2 curvature=Fisher elapsed=0.000s source=reused_prev_accept
[INFO] [PIRLS exact-decrement] applicable=true decrement_sq=6.578534e-19 threshold=1.472658e-13 pass=true gradient_norm=5.558455e-10 relative_gradient=3.157627e-10 dimension_scale=6.244998e1 natural_scale=7.603266e-1 objective=1.414129e0 actual_reduction=2.220446e-16 predicted_reduction=8.974091e-19 linear_model_term=-1.182542e-18 direction_norm=6.318368e-9 data_reduction=1.421085e-14 penalty_reduction=-1.386738e-14
[INFO] [PIRLS solve-end] iters=2 elapsed=0.0016s g_norm_initial=3.797e-1 g_norm_final=5.558e-10 convergence_rate=3.826e-5 status=Converged
[INFO] [STAGE] inner pirls solve iters=2 status=Converged max_eta=2.0 jeffreys_logdet=none rows=full(derivative-request) elapsed=0.003s
[INFO] [IFT-QUALITY] quality=4.902e-8 ift=6.750e0 pred_residual=1.247e-7 cap_predicted=1.012e1 iters=2
[INFO] [STAGE] logdet S rho_dim=2 penalty_rank=12 elapsed=0.000s
[INFO] [#1271-diag] path=orig p=13 penalty_rank=12 nullspace_dim=1 rss=2.818799 pen=0.009458 Dp=2.828258 pirls_edf=2.0001 logS=146.805821 logH=161.814158 half_diff=7.504168 h_above1=12 h_min=1.428e-2 h_max=4.297e7 rho=[17.9386,-1.9426] lambda=[6.175e7,1.433e-1]
  H_eig=[4.297e7,4.297e7,5.204e6,5.199e6,4.449e6,4.276e6,4.093e6,3.015e6,1.606e6,4.472e5,1.504e3,1.041e2,1.428e-2]
  Slam_eig=[4.297e7,4.297e7,5.204e6,5.199e6,4.449e6,4.276e6,4.093e6,3.015e6,1.606e6,4.469e5,1.179e-1,5.760e-3,0.000e0]
[INFO] [STAGE] reml_laml cost_only_done k=2 ext_dim=0 dim=13 elapsed=0.000s
[INFO] [OUTER hessian-route] choice=dense reason=kernel_absent n=300 p=13 k=2 callback_kernel=false subspace_trace=false scale_prefers_operator=false dense_workspace_bytes=9464
[INFO] [OUTER hessian-elapsed] choice=dense reason=kernel_absent n=300 p=13 k=2 elapsed=0.000s
[INFO] [HGB] small-sample fallback to defaults: pairs=1, threshold=3
[INFO] [HGB] target_mse=5.543e-10 s_i=1.000e0 s_l=1.000e0 s_t=1.000e0 eps²_i=1.848e-10 eps²_l=1.848e-10 eps²_t=1.848e-10 τ=1.000e-10 rtol=1.359e-5 k=0 floor_active=[]
[INFO] [STAGE] outer eval end order=ValueGradientHessian elapsed=0.004s cost=-2.650202e2 |g|=8.657e-5
[INFO] [OUTER] eval#11 (hess) cost=-2.650202e2 |g|=8.657e-5 rho=[17.939,-1.943]
[INFO] [OUTER] ARC finite cost stall deferred to exact second-order convergence: REML objective improved < 1.000e-7 (relative) over 3 consecutive outer steps and the stored best projected gradient is small (|g|=8.657e-5; bound 2.660e-1 set by score-relative; terms: solver-band 1.000e-3, score-relative 2.660e-1, probe-noise 4.040e-4 (sigma=4.050e-4 / delta=1.003e0)), but only ARC owns the synchronized reduced-Hessian certificate (value=-2.650202e2).
[INFO] [STAGE] outer eval start order=ValueGradientHessian dim=2
[INFO] [reml-geometry] dense_spectral reason=constraints_present p=13 nnz_x=na nnz_h_est=na density_h_est=na threshold=0.1000
[INFO] [IFT-CACHE] outcome=mode_response_hit drho_dim=2 p=13
[INFO] [ADAPTIVE-KKT] outer_g_norm=1.000e-12 effective_tol=1.000e-12 floor=1.000e-12 ceiling=1.000e-12
[INFO] [STAGE] PIRLS update_with_curvature iter=1 curvature=Fisher elapsed=0.000s source=rebuilt
[INFO] [PIRLS iter-end] iter=  1 elapsed=0.0007s lm_lambda=1.00e-9 g_norm=7.882e-10 last_dev_change=7.529e-9 last_halving=1
[INFO] [PIRLS iter-breakdown] iter=  1 attempts=1 curvature=0.001s solve=0.000s predred=0.000s candidate=0.000s other=0.000s
[INFO] [PIRLS lm-trajectory] iter=  1 start_lambda=1.000e-9 final_lambda=1.000e-9 log10_ratio=0.000 accept_rho=1.000 attempts=1
[INFO] [STAGE] PIRLS update_with_curvature iter=2 curvature=Fisher elapsed=0.000s source=reused_prev_accept
[INFO] [PIRLS exact-decrement] applicable=true decrement_sq=1.138994e-18 threshold=1.472658e-13 pass=true gradient_norm=1.444086e-9 relative_gradient=8.203499e-10 dimension_scale=6.244998e1 natural_scale=7.603293e-1 objective=1.414129e0 actual_reduction=4.440892e-16 predicted_reduction=-1.330038e-21 linear_model_term=1.633897e-22 direction_norm=1.499406e-11 data_reduction=4.529710e-14 penalty_reduction=-4.481918e-14
[INFO] [PIRLS solve-end] iters=2 elapsed=0.0015s g_norm_initial=3.784e-1 g_norm_final=1.444e-9 convergence_rate=6.177e-5 status=Converged
[INFO] [STAGE] inner pirls solve iters=2 status=Converged max_eta=2.0 jeffreys_logdet=none rows=full(derivative-request) elapsed=0.003s
[INFO] [IFT-QUALITY] quality=1.800e-8 ift=1.012e1 pred_residual=4.579e-8 cap_predicted=1.519e1 iters=2
[INFO] [STAGE] logdet S rho_dim=2 penalty_rank=12 elapsed=0.000s
[INFO] [#1271-diag] path=orig p=13 penalty_rank=12 nullspace_dim=1 rss=2.818799 pen=0.009458 Dp=2.828258 pirls_edf=2.0000 logS=156.790808 logH=171.799032 half_diff=7.504112 h_above1=12 h_min=1.428e-2 h_max=1.166e8 rho=[18.9371,-1.9426] lambda=[1.676e8,1.433e-1]
  H_eig=[1.166e8,1.166e8,1.413e7,1.411e7,1.208e7,1.161e7,1.111e7,8.183e6,4.359e6,1.213e6,1.505e3,1.041e2,1.428e-2]
  Slam_eig=[1.166e8,1.166e8,1.413e7,1.411e7,1.208e7,1.161e7,1.111e7,8.183e6,4.359e6,1.213e6,1.179e-1,5.760e-3,0.000e0]
[INFO] [STAGE] reml_laml cost_only_done k=2 ext_dim=0 dim=13 elapsed=0.000s
[INFO] [OUTER hessian-route] choice=dense reason=kernel_absent n=300 p=13 k=2 callback_kernel=false subspace_trace=false scale_prefers_operator=false dense_workspace_bytes=9464
[INFO] [OUTER hessian-elapsed] choice=dense reason=kernel_absent n=300 p=13 k=2 elapsed=0.000s
[INFO] [HGB] small-sample fallback to defaults: pairs=2, threshold=3
[INFO] [HGB] target_mse=7.495e-11 s_i=1.000e0 s_l=1.000e0 s_t=1.000e0 eps²_i=2.498e-11 eps²_l=2.498e-11 eps²_t=2.498e-11 τ=1.000e-10 rtol=4.998e-6 k=0 floor_active=[]
[INFO] [STAGE] outer eval end order=ValueGradientHessian elapsed=0.005s cost=-2.650203e2 |g|=3.182e-5
[INFO] [OUTER] eval#12 (hess) cost=-2.650203e2 |g|=3.182e-5 rho=[18.937,-1.943]
[INFO] [STAGE] outer eval start order=ValueGradientHessian dim=2
[INFO] [reml-geometry] dense_spectral reason=constraints_present p=13 nnz_x=na nnz_h_est=na density_h_est=na threshold=0.1000
[INFO] [IFT-CACHE] outcome=mode_response_hit drho_dim=2 p=13
[INFO] [pirls-path] repeated path=dense_transformed reason=constraints_present count=16 (suppressing identical decisions)
[INFO] [ADAPTIVE-KKT] outer_g_norm=1.000e-12 effective_tol=1.000e-12 floor=1.000e-12 ceiling=1.000e-12
[INFO] [STAGE] PIRLS update_with_curvature iter=1 curvature=Fisher elapsed=0.000s source=rebuilt
[INFO] [PIRLS iter-end] iter=  1 elapsed=0.0007s lm_lambda=1.00e-9 g_norm=2.905e-9 last_dev_change=2.739e-9 last_halving=1
[INFO] [PIRLS iter-breakdown] iter=  1 attempts=1 curvature=0.001s solve=0.000s predred=0.000s candidate=0.000s other=0.000s
[INFO] [PIRLS lm-trajectory] iter=  1 start_lambda=1.000e-9 final_lambda=1.000e-9 log10_ratio=0.000 accept_rho=1.000 attempts=1
[INFO] [STAGE] PIRLS update_with_curvature iter=2 curvature=Fisher elapsed=0.000s source=reused_prev_accept
[INFO] [PIRLS exact-decrement] applicable=true decrement_sq=2.039613e-18 threshold=1.472658e-13 pass=true gradient_norm=3.230137e-9 relative_gradient=1.834961e-9 dimension_scale=6.244998e1 natural_scale=7.603303e-1 objective=1.414129e0 actual_reduction=2.220446e-16 predicted_reduction=5.335494e-18 linear_model_term=-7.618973e-18 direction_norm=1.787850e-8 data_reduction=-2.087219e-14 penalty_reduction=2.104567e-14
[INFO] [PIRLS solve-end] iters=2 elapsed=0.0015s g_norm_initial=3.754e-1 g_norm_final=3.230e-9 convergence_rate=9.275e-5 status=Converged
[INFO] [STAGE] inner pirls solve iters=2 status=Converged max_eta=2.0 jeffreys_logdet=none rows=full(derivative-request) elapsed=0.003s
[INFO] [IFT-QUALITY] quality=6.599e-9 ift=1.519e1 pred_residual=1.679e-8 cap_predicted=2.278e1 iters=2
[INFO] [STAGE] logdet S rho_dim=2 penalty_rank=12 elapsed=0.000s
[INFO] [#1271-diag] path=orig p=13 penalty_rank=12 nullspace_dim=1 rss=2.818799 pen=0.009458 Dp=2.828258 pirls_edf=1.9999 logS=166.746834 logH=181.755015 half_diff=7.504091 h_above1=12 h_min=1.428e-2 h_max=3.156e8 rho=[19.9327,-1.9426] lambda=[4.536e8,1.433e-1]
  H_eig=[3.156e8,3.156e8,3.823e7,3.819e7,3.268e7,3.141e7,3.006e7,2.215e7,1.180e7,3.283e6,1.505e3,1.041e2,1.428e-2]
  Slam_eig=[3.156e8,3.156e8,3.823e7,3.819e7,3.268e7,3.141e7,3.006e7,2.215e7,1.180e7,3.283e6,1.179e-1,5.760e-3,0.000e0]
[INFO] [STAGE] reml_laml cost_only_done k=2 ext_dim=0 dim=13 elapsed=0.000s
[INFO] [OUTER hessian-route] choice=dense reason=kernel_absent n=300 p=13 k=2 callback_kernel=false subspace_trace=false scale_prefers_operator=false dense_workspace_bytes=9464
[INFO] [OUTER hessian-elapsed] choice=dense reason=kernel_absent n=300 p=13 k=2 elapsed=0.000s
[INFO] [HGB] target_mse=1.012e-11 s_i=1.000e0 s_l=1.000e0 s_t=1.000e0 eps²_i=3.374e-12 eps²_l=3.374e-12 eps²_t=3.374e-12 τ=1.000e-10 rtol=1.837e-6 k=0 floor_active=[]
[INFO] [STAGE] outer eval end order=ValueGradientHessian elapsed=0.005s cost=-2.650203e2 |g|=1.169e-5
[INFO] [OUTER] eval#13 (hess) cost=-2.650203e2 |g|=1.169e-5 rho=[19.933,-1.943]
[INFO] [STAGE] outer eval start order=ValueGradientHessian dim=2
[INFO] [reml-geometry] dense_spectral reason=constraints_present p=13 nnz_x=na nnz_h_est=na density_h_est=na threshold=0.1000
[INFO] [IFT-CACHE] outcome=mode_response_hit drho_dim=2 p=13
[INFO] [ADAPTIVE-KKT] outer_g_norm=1.000e-12 effective_tol=1.000e-12 floor=1.000e-12 ceiling=1.000e-12
[INFO] [STAGE] PIRLS update_with_curvature iter=1 curvature=Fisher elapsed=0.000s source=rebuilt
[INFO] [PIRLS iter-end] iter=  1 elapsed=0.0007s lm_lambda=1.00e-9 g_norm=5.863e-9 last_dev_change=9.780e-10 last_halving=1
[INFO] [PIRLS iter-breakdown] iter=  1 attempts=1 curvature=0.000s solve=0.000s predred=0.000s candidate=0.000s other=0.000s
[INFO] [PIRLS lm-trajectory] iter=  1 start_lambda=1.000e-9 final_lambda=1.000e-9 log10_ratio=0.000 accept_rho=1.000 attempts=1
[INFO] [STAGE] PIRLS update_with_curvature iter=2 curvature=Fisher elapsed=0.000s source=reused_prev_accept
[INFO] [PIRLS exact-decrement] applicable=true decrement_sq=2.238354e-18 threshold=1.472658e-13 pass=true gradient_norm=1.174506e-8 relative_gradient=6.672076e-9 dimension_scale=6.244998e1 natural_scale=7.603307e-1 objective=1.414129e0 actual_reduction=-2.220446e-16 predicted_reduction=1.508468e-18 linear_model_term=-8.684677e-18 direction_norm=3.169988e-8 data_reduction=2.642331e-14 penalty_reduction=-2.664015e-14
[INFO] [PIRLS solve-end] iters=2 elapsed=0.0015s g_norm_initial=3.677e-1 g_norm_final=1.175e-8 convergence_rate=1.787e-4 status=Converged
[INFO] [STAGE] inner pirls solve iters=2 status=Converged max_eta=2.0 jeffreys_logdet=none rows=full(derivative-request) elapsed=0.003s
[INFO] [IFT-QUALITY] quality=2.407e-9 ift=2.278e1 pred_residual=6.121e-9 cap_predicted=3.417e1 iters=2
[INFO] [STAGE] logdet S rho_dim=2 penalty_rank=12 elapsed=0.000s
[INFO] [#1271-diag] path=orig p=13 penalty_rank=12 nullspace_dim=1 rss=2.818799 pen=0.009458 Dp=2.828258 pirls_edf=1.9999 logS=176.626498 logH=191.634667 half_diff=7.504085 h_above1=12 h_min=1.428e-2 h_max=8.477e8 rho=[20.9207,-1.9426] lambda=[1.218e9,1.433e-1]
  H_eig=[8.477e8,8.477e8,1.027e8,1.026e8,8.777e7,8.436e7,8.074e7,5.948e7,3.168e7,8.817e6,1.505e3,1.041e2,1.428e-2]
  Slam_eig=[8.477e8,8.477e8,1.027e8,1.026e8,8.777e7,8.436e7,8.074e7,5.948e7,3.168e7,8.817e6,1.179e-1,5.760e-3,0.000e0]
[INFO] [STAGE] reml_laml cost_only_done k=2 ext_dim=0 dim=13 elapsed=0.000s
[INFO] [OUTER hessian-route] choice=dense reason=kernel_absent n=300 p=13 k=2 callback_kernel=false subspace_trace=false scale_prefers_operator=false dense_workspace_bytes=9464
[INFO] [OUTER hessian-elapsed] choice=dense reason=kernel_absent n=300 p=13 k=2 elapsed=0.000s
[WARN] [HGB] target_mse below mandatory floors; target_mse=1.367e-12 floors=3.000e-12
[INFO] [HGB] target_mse=1.367e-12 s_i=1.000e0 s_l=1.000e0 s_t=1.000e0 eps²_i=1.000e-12 eps²_l=1.000e-12 eps²_t=1.000e-12 τ=1.000e-10 rtol=1.000e-6 k=0 floor_active=[i,l,t]
[INFO] [STAGE] outer eval end order=ValueGradientHessian elapsed=0.004s cost=-2.650203e2 |g|=4.385e-6
[INFO] [OUTER] eval#14 (hess) cost=-2.650203e2 |g|=4.385e-6 rho=[20.921,-1.943]
[INFO] [OUTER] ARC finite cost stall deferred to exact second-order convergence: REML objective improved < 1.000e-7 (relative) over 3 consecutive outer steps and the stored best projected gradient is small (|g|=4.385e-6; bound 2.660e-1 set by score-relative; terms: solver-band 1.000e-3, score-relative 2.660e-1, probe-noise 2.069e-5 (sigma=2.066e-5 / delta=9.985e-1)), but only ARC owns the synchronized reduced-Hessian certificate (value=-2.650203e2).
[INFO] [reml-geometry] dense_spectral reason=constraints_present p=13 nnz_x=na nnz_h_est=na density_h_est=na threshold=0.1000
[INFO] [STAGE] PIRLS update_with_curvature iter=1 curvature=Fisher elapsed=0.000s source=rebuilt
[INFO] [PIRLS iter-end] iter=  1 elapsed=0.0007s lm_lambda=3.33e-7 g_norm=2.622e1 last_dev_change=4.901e1 last_halving=1
[INFO] [PIRLS iter-breakdown] iter=  1 attempts=1 curvature=0.001s solve=0.000s predred=0.000s candidate=0.000s other=0.000s
[INFO] [PIRLS lm-trajectory] iter=  1 start_lambda=1.000e-6 final_lambda=3.333e-7 log10_ratio=-0.477 accept_rho=1.000 attempts=1
[INFO] [STAGE] PIRLS update_with_curvature iter=2 curvature=Fisher elapsed=0.000s source=reused_prev_accept
[INFO] [PIRLS iter-end] iter=  2 elapsed=0.0004s lm_lambda=1.11e-7 g_norm=2.453e0 last_dev_change=2.913e0 last_halving=1
[INFO] [PIRLS iter-breakdown] iter=  2 attempts=1 curvature=0.000s solve=0.000s predred=0.000s candidate=0.000s other=0.000s
[INFO] [PIRLS lm-trajectory] iter=  2 start_lambda=3.333e-7 final_lambda=1.111e-7 log10_ratio=-0.477 accept_rho=1.000 attempts=1
[INFO] [STAGE] PIRLS update_with_curvature iter=3 curvature=Fisher elapsed=0.000s source=reused_prev_accept
[INFO] [PIRLS iter-end] iter=  3 elapsed=0.0004s lm_lambda=3.70e-8 g_norm=6.365e-2 last_dev_change=2.617e-2 last_halving=1
[INFO] [PIRLS iter-breakdown] iter=  3 attempts=1 curvature=0.000s solve=0.000s predred=0.000s candidate=0.000s other=0.000s
[INFO] [PIRLS lm-trajectory] iter=  3 start_lambda=1.111e-7 final_lambda=3.704e-8 log10_ratio=-0.477 accept_rho=1.000 attempts=1
[INFO] [STAGE] PIRLS update_with_curvature iter=4 curvature=Fisher elapsed=0.000s source=reused_prev_accept
[INFO] [PIRLS iter-end] iter=  4 elapsed=0.0004s lm_lambda=1.23e-8 g_norm=1.799e-2 last_dev_change=3.151e-4 last_halving=1
[INFO] [PIRLS iter-breakdown] iter=  4 attempts=1 curvature=0.000s solve=0.000s predred=0.000s candidate=0.000s other=0.000s
[INFO] [PIRLS lm-trajectory] iter=  4 start_lambda=3.704e-8 final_lambda=1.235e-8 log10_ratio=-0.477 accept_rho=1.000 attempts=1
[INFO] [STAGE] PIRLS update_with_curvature iter=5 curvature=Fisher elapsed=0.000s source=reused_prev_accept
[INFO] [PIRLS iter-end] iter=  5 elapsed=0.0004s lm_lambda=4.12e-9 g_norm=1.791e-2 last_dev_change=7.819e-4 last_halving=1
[INFO] [PIRLS iter-breakdown] iter=  5 attempts=1 curvature=0.000s solve=0.000s predred=0.000s candidate=0.000s other=0.000s
[INFO] [PIRLS lm-trajectory] iter=  5 start_lambda=1.235e-8 final_lambda=4.115e-9 log10_ratio=-0.477 accept_rho=1.000 attempts=1
[INFO] [STAGE] PIRLS update_with_curvature iter=6 curvature=Fisher elapsed=0.000s source=reused_prev_accept
[INFO] [PIRLS iter-end] iter=  6 elapsed=0.0004s lm_lambda=1.37e-9 g_norm=1.530e-2 last_dev_change=1.806e-3 last_halving=1
[INFO] [PIRLS iter-breakdown] iter=  6 attempts=1 curvature=0.000s solve=0.000s predred=0.000s candidate=0.000s other=0.000s
[INFO] [PIRLS lm-trajectory] iter=  6 start_lambda=4.115e-9 final_lambda=1.372e-9 log10_ratio=-0.477 accept_rho=1.000 attempts=1
[INFO] [STAGE] PIRLS update_with_curvature iter=7 curvature=Fisher elapsed=0.000s source=reused_prev_accept
[INFO] [PIRLS iter-end] iter=  7 elapsed=0.0004s lm_lambda=1.00e-9 g_norm=1.012e-2 last_dev_change=2.741e-3 last_halving=1
[INFO] [PIRLS iter-breakdown] iter=  7 attempts=1 curvature=0.000s solve=0.000s predred=0.000s candidate=0.000s other=0.000s
[INFO] [PIRLS lm-trajectory] iter=  7 start_lambda=1.372e-9 final_lambda=1.000e-9 log10_ratio=-0.137 accept_rho=1.000 attempts=1
[INFO] [STAGE] PIRLS update_with_curvature iter=8 curvature=Fisher elapsed=0.000s source=reused_prev_accept
[INFO] [PIRLS iter-end] iter=  8 elapsed=0.0004s lm_lambda=1.00e-9 g_norm=5.941e-3 last_dev_change=1.395e-3 last_halving=1
[INFO] [PIRLS iter-breakdown] iter=  8 attempts=1 curvature=0.000s solve=0.000s predred=0.000s candidate=0.000s other=0.000s
[INFO] [PIRLS lm-trajectory] iter=  8 start_lambda=1.000e-9 final_lambda=1.000e-9 log10_ratio=0.000 accept_rho=1.000 attempts=1
[INFO] [STAGE] PIRLS update_with_curvature iter=9 curvature=Fisher elapsed=0.000s source=reused_prev_accept
[INFO] [PIRLS iter-end] iter=  9 elapsed=0.0004s lm_lambda=1.00e-9 g_norm=3.489e-3 last_dev_change=4.810e-4 last_halving=1
[INFO] [PIRLS iter-breakdown] iter=  9 attempts=1 curvature=0.000s solve=0.000s predred=0.000s candidate=0.000s other=0.000s
[INFO] [PIRLS lm-trajectory] iter=  9 start_lambda=1.000e-9 final_lambda=1.000e-9 log10_ratio=0.000 accept_rho=1.000 attempts=1
[INFO] [STAGE] PIRLS update_with_curvature iter=10 curvature=Fisher elapsed=0.000s source=reused_prev_accept
[INFO] [PIRLS iter-end] iter= 10 elapsed=0.0004s lm_lambda=1.00e-9 g_norm=2.049e-3 last_dev_change=1.659e-4 last_halving=1
[INFO] [PIRLS iter-breakdown] iter= 10 attempts=1 curvature=0.000s solve=0.000s predred=0.000s candidate=0.000s other=0.000s
[INFO] [PIRLS lm-trajectory] iter= 10 start_lambda=1.000e-9 final_lambda=1.000e-9 log10_ratio=0.000 accept_rho=1.000 attempts=1
[INFO] [STAGE] PIRLS update_with_curvature iter=11 curvature=Fisher elapsed=0.000s source=reused_prev_accept
[INFO] [PIRLS iter-end] iter= 11 elapsed=0.0005s lm_lambda=1.00e-9 g_norm=1.203e-3 last_dev_change=5.720e-5 last_halving=1
[INFO] [PIRLS iter-breakdown] iter= 11 attempts=1 curvature=0.000s solve=0.000s predred=0.000s candidate=0.000s other=0.000s
[INFO] [PIRLS lm-trajectory] iter= 11 start_lambda=1.000e-9 final_lambda=1.000e-9 log10_ratio=0.000 accept_rho=1.000 attempts=1
[INFO] [STAGE] PIRLS update_with_curvature iter=12 curvature=Fisher elapsed=0.000s source=reused_prev_accept
[INFO] [PIRLS iter-end] iter= 12 elapsed=0.0004s lm_lambda=1.00e-9 g_norm=7.065e-4 last_dev_change=1.973e-5 last_halving=1
[INFO] [PIRLS iter-breakdown] iter= 12 attempts=1 curvature=0.000s solve=0.000s predred=0.000s candidate=0.000s other=0.000s
[INFO] [PIRLS lm-trajectory] iter= 12 start_lambda=1.000e-9 final_lambda=1.000e-9 log10_ratio=0.000 accept_rho=1.000 attempts=1
[INFO] [STAGE] PIRLS update_with_curvature iter=13 curvature=Fisher elapsed=0.000s source=reused_prev_accept
[INFO] [PIRLS iter-end] iter= 13 elapsed=0.0004s lm_lambda=1.00e-9 g_norm=4.149e-4 last_dev_change=6.802e-6 last_halving=1
[INFO] [PIRLS iter-breakdown] iter= 13 attempts=1 curvature=0.000s solve=0.000s predred=0.000s candidate=0.000s other=0.000s
[INFO] [PIRLS lm-trajectory] iter= 13 start_lambda=1.000e-9 final_lambda=1.000e-9 log10_ratio=0.000 accept_rho=1.000 attempts=1
[INFO] [STAGE] PIRLS update_with_curvature iter=14 curvature=Fisher elapsed=0.000s source=reused_prev_accept
[INFO] [PIRLS iter-end] iter= 14 elapsed=0.0004s lm_lambda=1.00e-9 g_norm=2.436e-4 last_dev_change=2.346e-6 last_halving=1
[INFO] [PIRLS iter-breakdown] iter= 14 attempts=1 curvature=0.000s solve=0.000s predred=0.000s candidate=0.000s other=0.000s
[INFO] [PIRLS lm-trajectory] iter= 14 start_lambda=1.000e-9 final_lambda=1.000e-9 log10_ratio=0.000 accept_rho=1.000 attempts=1
[INFO] [STAGE] PIRLS update_with_curvature iter=15 curvature=Fisher elapsed=0.000s source=reused_prev_accept
[INFO] [PIRLS iter-end] iter= 15 elapsed=0.0004s lm_lambda=1.00e-9 g_norm=1.431e-4 last_dev_change=8.089e-7 last_halving=1
[INFO] [PIRLS iter-breakdown] iter= 15 attempts=1 curvature=0.000s solve=0.000s predred=0.000s candidate=0.000s other=0.000s
[INFO] [PIRLS lm-trajectory] iter= 15 start_lambda=1.000e-9 final_lambda=1.000e-9 log10_ratio=0.000 accept_rho=1.000 attempts=1
[INFO] [STAGE] PIRLS update_with_curvature iter=16 curvature=Fisher elapsed=0.000s source=reused_prev_accept
[INFO] [PIRLS iter-end] iter= 16 elapsed=0.0004s lm_lambda=1.00e-9 g_norm=8.402e-5 last_dev_change=2.789e-7 last_halving=1
[INFO] [PIRLS iter-breakdown] iter= 16 attempts=1 curvature=0.000s solve=0.000s predred=0.000s candidate=0.000s other=0.000s
[INFO] [PIRLS lm-trajectory] iter= 16 start_lambda=1.000e-9 final_lambda=1.000e-9 log10_ratio=0.000 accept_rho=1.000 attempts=1
[INFO] [STAGE] PIRLS update_with_curvature iter=17 curvature=Fisher elapsed=0.000s source=reused_prev_accept
[INFO] [PIRLS iter-end] iter= 17 elapsed=0.0004s lm_lambda=1.00e-9 g_norm=4.934e-5 last_dev_change=9.619e-8 last_halving=1
[INFO] [PIRLS iter-breakdown] iter= 17 attempts=1 curvature=0.000s solve=0.000s predred=0.000s candidate=0.000s other=0.000s
[INFO] [PIRLS lm-trajectory] iter= 17 start_lambda=1.000e-9 final_lambda=1.000e-9 log10_ratio=0.000 accept_rho=1.000 attempts=1
[INFO] [STAGE] PIRLS update_with_curvature iter=18 curvature=Fisher elapsed=0.000s source=reused_prev_accept
[INFO] [PIRLS iter-end] iter= 18 elapsed=0.0005s lm_lambda=1.00e-9 g_norm=2.897e-5 last_dev_change=3.317e-8 last_halving=1
[INFO] [PIRLS iter-breakdown] iter= 18 attempts=1 curvature=0.000s solve=0.000s predred=0.000s candidate=0.000s other=0.000s
[INFO] [PIRLS lm-trajectory] iter= 18 start_lambda=1.000e-9 final_lambda=1.000e-9 log10_ratio=0.000 accept_rho=1.000 attempts=1
[INFO] [STAGE] PIRLS update_with_curvature iter=19 curvature=Fisher elapsed=0.000s source=reused_prev_accept
[INFO] [PIRLS iter-end] iter= 19 elapsed=0.0004s lm_lambda=1.00e-9 g_norm=1.701e-5 last_dev_change=1.144e-8 last_halving=1
[INFO] [PIRLS iter-breakdown] iter= 19 attempts=1 curvature=0.000s solve=0.000s predred=0.000s candidate=0.000s other=0.000s
[INFO] [PIRLS lm-trajectory] iter= 19 start_lambda=1.000e-9 final_lambda=1.000e-9 log10_ratio=0.000 accept_rho=1.000 attempts=1
[INFO] [STAGE] PIRLS update_with_curvature iter=20 curvature=Fisher elapsed=0.000s source=reused_prev_accept
[INFO] [PIRLS iter-end] iter= 20 elapsed=0.0004s lm_lambda=1.00e-9 g_norm=9.989e-6 last_dev_change=3.945e-9 last_halving=1
[INFO] [PIRLS iter-breakdown] iter= 20 attempts=1 curvature=0.000s solve=0.000s predred=0.000s candidate=0.000s other=0.000s
[INFO] [PIRLS lm-trajectory] iter= 20 start_lambda=1.000e-9 final_lambda=1.000e-9 log10_ratio=0.000 accept_rho=1.000 attempts=1
[INFO] [STAGE] PIRLS update_with_curvature iter=21 curvature=Fisher elapsed=0.000s source=reused_prev_accept
[INFO] [PIRLS iter-end] iter= 21 elapsed=0.0004s lm_lambda=1.00e-9 g_norm=5.871e-6 last_dev_change=1.361e-9 last_halving=1
[INFO] [PIRLS iter-breakdown] iter= 21 attempts=1 curvature=0.000s solve=0.000s predred=0.000s candidate=0.000s other=0.000s
[INFO] [PIRLS lm-trajectory] iter= 21 start_lambda=1.000e-9 final_lambda=1.000e-9 log10_ratio=0.000 accept_rho=1.000 attempts=1
[INFO] [STAGE] PIRLS update_with_curvature iter=22 curvature=Fisher elapsed=0.000s source=reused_prev_accept
[INFO] [PIRLS iter-end] iter= 22 elapsed=0.0004s lm_lambda=1.00e-9 g_norm=3.447e-6 last_dev_change=4.692e-10 last_halving=1
[INFO] [PIRLS iter-breakdown] iter= 22 attempts=1 curvature=0.000s solve=0.000s predred=0.000s candidate=0.000s other=0.000s
[INFO] [PIRLS lm-trajectory] iter= 22 start_lambda=1.000e-9 final_lambda=1.000e-9 log10_ratio=0.000 accept_rho=1.000 attempts=1
[INFO] [STAGE] PIRLS update_with_curvature iter=23 curvature=Fisher elapsed=0.000s source=reused_prev_accept
[INFO] [PIRLS iter-end] iter= 23 elapsed=0.0004s lm_lambda=1.00e-9 g_norm=2.026e-6 last_dev_change=1.618e-10 last_halving=1
[INFO] [PIRLS iter-breakdown] iter= 23 attempts=1 curvature=0.000s solve=0.000s predred=0.000s candidate=0.000s other=0.000s
[INFO] [PIRLS lm-trajectory] iter= 23 start_lambda=1.000e-9 final_lambda=1.000e-9 log10_ratio=0.000 accept_rho=1.000 attempts=1
[INFO] [STAGE] PIRLS update_with_curvature iter=24 curvature=Fisher elapsed=0.000s source=reused_prev_accept
[INFO] [PIRLS iter-end] iter= 24 elapsed=0.0005s lm_lambda=1.00e-9 g_norm=1.189e-6 last_dev_change=5.573e-11 last_halving=1
[INFO] [PIRLS iter-breakdown] iter= 24 attempts=1 curvature=0.000s solve=0.000s predred=0.000s candidate=0.000s other=0.000s
[INFO] [PIRLS lm-trajectory] iter= 24 start_lambda=1.000e-9 final_lambda=1.000e-9 log10_ratio=0.000 accept_rho=1.000 attempts=1
[INFO] [STAGE] PIRLS update_with_curvature iter=25 curvature=Fisher elapsed=0.000s source=reused_prev_accept
[INFO] [PIRLS iter-end] iter= 25 elapsed=0.0004s lm_lambda=1.00e-9 g_norm=6.969e-7 last_dev_change=1.927e-11 last_halving=1
[INFO] [PIRLS iter-breakdown] iter= 25 attempts=1 curvature=0.000s solve=0.000s predred=0.000s candidate=0.000s other=0.000s
[INFO] [PIRLS lm-trajectory] iter= 25 start_lambda=1.000e-9 final_lambda=1.000e-9 log10_ratio=0.000 accept_rho=1.000 attempts=1
[INFO] [STAGE] PIRLS update_with_curvature iter=26 curvature=Fisher elapsed=0.000s source=reused_prev_accept
[INFO] [PIRLS iter-end] iter= 26 elapsed=0.0004s lm_lambda=1.00e-9 g_norm=4.106e-7 last_dev_change=6.656e-12 last_halving=1
[INFO] [PIRLS iter-breakdown] iter= 26 attempts=1 curvature=0.000s solve=0.000s predred=0.000s candidate=0.000s other=0.000s
[INFO] [PIRLS lm-trajectory] iter= 26 start_lambda=1.000e-9 final_lambda=1.000e-9 log10_ratio=0.000 accept_rho=1.000 attempts=1
[INFO] [STAGE] PIRLS update_with_curvature iter=27 curvature=Fisher elapsed=0.000s source=reused_prev_accept
[INFO] [PIRLS iter-end] iter= 27 elapsed=0.0004s lm_lambda=1.00e-9 g_norm=2.436e-7 last_dev_change=2.285e-12 last_halving=1
[INFO] [PIRLS iter-breakdown] iter= 27 attempts=1 curvature=0.000s solve=0.000s predred=0.000s candidate=0.000s other=0.000s
[INFO] [PIRLS lm-trajectory] iter= 27 start_lambda=1.000e-9 final_lambda=1.000e-9 log10_ratio=0.000 accept_rho=1.000 attempts=1
[INFO] [STAGE] PIRLS update_with_curvature iter=28 curvature=Fisher elapsed=0.000s source=reused_prev_accept
[INFO] [PIRLS iter-end] iter= 28 elapsed=0.0005s lm_lambda=1.00e-9 g_norm=1.408e-7 last_dev_change=7.938e-13 last_halving=1
[INFO] [PIRLS iter-breakdown] iter= 28 attempts=1 curvature=0.000s solve=0.000s predred=0.000s candidate=0.000s other=0.000s
[INFO] [PIRLS lm-trajectory] iter= 28 start_lambda=1.000e-9 final_lambda=1.000e-9 log10_ratio=0.000 accept_rho=1.000 attempts=1
[INFO] [STAGE] PIRLS update_with_curvature iter=29 curvature=Fisher elapsed=0.000s source=reused_prev_accept
[INFO] [PIRLS iter-end] iter= 29 elapsed=0.0004s lm_lambda=1.00e-9 g_norm=8.733e-8 last_dev_change=2.744e-13 last_halving=1
[INFO] [PIRLS iter-breakdown] iter= 29 attempts=1 curvature=0.000s solve=0.000s predred=0.000s candidate=0.000s other=0.000s
[INFO] [PIRLS lm-trajectory] iter= 29 start_lambda=1.000e-9 final_lambda=1.000e-9 log10_ratio=0.000 accept_rho=1.000 attempts=1
[INFO] [STAGE] PIRLS update_with_curvature iter=30 curvature=Fisher elapsed=0.000s source=reused_prev_accept
[INFO] [PIRLS iter-end] iter= 30 elapsed=0.0004s lm_lambda=1.00e-9 g_norm=5.194e-8 last_dev_change=9.304e-14 last_halving=1
[INFO] [PIRLS iter-breakdown] iter= 30 attempts=1 curvature=0.000s solve=0.000s predred=0.000s candidate=0.000s other=0.000s
[INFO] [PIRLS lm-trajectory] iter= 30 start_lambda=1.000e-9 final_lambda=1.000e-9 log10_ratio=0.000 accept_rho=0.995 attempts=1
[INFO] [STAGE] PIRLS update_with_curvature iter=31 curvature=Fisher elapsed=0.000s source=reused_prev_accept
[INFO] [PIRLS exact-decrement] applicable=true decrement_sq=3.646630e-14 threshold=1.472658e-13 pass=true gradient_norm=2.635396e-8 relative_gradient=1.497103e-8 dimension_scale=6.244998e1 natural_scale=7.603307e-1 objective=1.414129e0 actual_reduction=3.241851e-14 predicted_reduction=3.192535e-14 linear_model_term=-3.983403e-14 direction_norm=1.052348e-6 data_reduction=1.392442e-12 penalty_reduction=-1.360145e-12
[INFO] [PIRLS solve-end] iters=31 elapsed=0.0187s g_norm_initial=6.187e2 g_norm_final=2.635e-8 convergence_rate=4.629e-1 status=Converged
[INFO] [STAGE] inner pirls solve iters=31 status=Converged max_eta=2.0 jeffreys_logdet=none rows=full(derivative-request) elapsed=0.020s
[INFO] [STAGE] logdet S rho_dim=2 penalty_rank=12 elapsed=0.000s
[INFO] [#1271-diag] path=orig p=13 penalty_rank=12 nullspace_dim=1 rss=2.818799 pen=0.009458 Dp=2.828258 pirls_edf=1.9999 logS=176.626498 logH=191.634665 half_diff=7.504084 h_above1=12 h_min=1.428e-2 h_max=8.477e8 rho=[20.9207,-1.9426] lambda=[1.218e9,1.433e-1]
  H_eig=[8.477e8,8.477e8,1.027e8,1.026e8,8.777e7,8.436e7,8.074e7,5.948e7,3.168e7,8.817e6,1.505e3,1.041e2,1.428e-2]
  Slam_eig=[8.477e8,8.477e8,1.027e8,1.026e8,8.777e7,8.436e7,8.074e7,5.948e7,3.168e7,8.817e6,1.179e-1,5.760e-3,0.000e0]
[INFO] [STAGE] logdet S rho_dim=2 penalty_rank=12 elapsed=0.000s
[INFO] [#1271-diag] path=orig p=13 penalty_rank=12 nullspace_dim=1 rss=2.818799 pen=0.009458 Dp=2.828258 pirls_edf=1.9999 logS=176.626498 logH=191.634667 half_diff=7.504085 h_above1=12 h_min=1.428e-2 h_max=8.477e8 rho=[20.9207,-1.9426] lambda=[1.218e9,1.433e-1]
  H_eig=[8.477e8,8.477e8,1.027e8,1.026e8,8.777e7,8.436e7,8.074e7,5.948e7,3.168e7,8.817e6,1.505e3,1.041e2,1.428e-2]
  Slam_eig=[8.477e8,8.477e8,1.027e8,1.026e8,8.777e7,8.436e7,8.074e7,5.948e7,3.168e7,8.817e6,1.179e-1,5.760e-3,0.000e0]
[INFO] [STAGE] reml_laml cost_only_done k=2 ext_dim=0 dim=13 elapsed=0.000s
[INFO] [HGB] small-sample fallback to defaults: pairs=0, threshold=3
[INFO] [CERTIFICATE] standard REML: the objective published no criterion resolution; using the last-bit floor 5.907e-14 of the value alone (#2812)
[INFO] [CERTIFICATE-BOUND] standard REML: fidelity=Screening, rho=[20.920656708401083, -1.9425818561439272], bound 4.470348e-6 set by solver-band (derived_standard=false, |Pg|=4.385203e-6, |g|=4.385203e-6, solver_band=4.470348e-6, cost=-2.650203e2)
[INFO] [CERTIFICATE] standard REML: gradient |g|=4.385e-6 |Pg|=4.385e-6 bound=4.470e-6 (rung=solver-band derived_standard=false) hessian_psd=not-spent curvature_source=screening-not-spent railed=[] → stationary
[INFO] [reml-geometry] dense_spectral reason=constraints_present p=13 nnz_x=na nnz_h_est=na density_h_est=na threshold=0.1000
[INFO] [STAGE] PIRLS update_with_curvature iter=1 curvature=Fisher elapsed=0.000s source=rebuilt
[INFO] [PIRLS iter-end] iter=  1 elapsed=0.0009s lm_lambda=3.33e-7 g_norm=6.352e-5 last_dev_change=2.582e1 last_halving=1
[INFO] [PIRLS iter-breakdown] iter=  1 attempts=1 curvature=0.001s solve=0.000s predred=0.000s candidate=0.000s other=0.000s
[INFO] [PIRLS lm-trajectory] iter=  1 start_lambda=1.000e-6 final_lambda=3.333e-7 log10_ratio=-0.477 accept_rho=1.000 attempts=1
[INFO] [STAGE] PIRLS update_with_curvature iter=2 curvature=Fisher elapsed=0.000s source=reused_prev_accept
[INFO] [PIRLS solve-end] iters=2 elapsed=0.0016s g_norm_initial=1.697e2 g_norm_final=1.550e-11 convergence_rate=3.022e-7 status=Converged
[INFO] [STAGE] inner pirls solve iters=2 status=Converged max_eta=1.4 jeffreys_logdet=none rows=full(derivative-request) elapsed=0.002s
[INFO] [STAGE] logdet S (Z-projected) rho_dim=2 penalty_rank=8 elapsed=0.000s
[INFO] [#1271-diag] p=9 penalty_rank=8 nullspace_dim=1 logS=35.334047 logH=43.603361 half_diff=4.134657 h_above1=9 h_min=5.716e1 h_max=2.418e3 rho=[6.9127,7.4621] lambda=[1.005e3,1.741e3]
[INFO] [STAGE] reml_laml cost_only_done k=2 ext_dim=0 dim=9 elapsed=0.000s
[INFO] [OUTER hessian-route] choice=dense reason=below_crossover n=300 p=9 k=2 callback_kernel=false subspace_trace=false scale_prefers_operator=false dense_workspace_bytes=4536
[INFO] [OUTER hessian-elapsed] choice=dense reason=below_crossover n=300 p=9 k=2 elapsed=0.000s
[INFO] [HGB] small-sample fallback to defaults: pairs=0, threshold=3
[INFO] [OUTER schedule] inner-PIRLS cap transition (ARC bridge) arc_iter=13 g_ratio=n/a last_iters=2 converged=true ift_residual=n/a accept_rho=0.999 prev=0 new=4 (capped)
[INFO] [STAGE] outer eval start order=ValueGradientHessian dim=2
[INFO] [reml-geometry] dense_spectral reason=constraints_present p=13 nnz_x=na nnz_h_est=na density_h_est=na threshold=0.1000
[INFO] [IFT-REJECTED] reason=large_drho max_drho=1.848e1 cap=2.000e0 drho_dim=2
[INFO] [ADAPTIVE-KKT] outer_g_norm=6.591e1 effective_tol=1.000e-10 floor=1.000e-12 ceiling=1.000e-10
[INFO] [STAGE] PIRLS update_with_curvature iter=1 curvature=Fisher elapsed=0.000s source=rebuilt
[INFO] [PIRLS iter-end] iter=  1 elapsed=0.0007s lm_lambda=3.70e-8 g_norm=6.949e-6 last_dev_change=1.363e1 last_halving=1
[INFO] [PIRLS iter-breakdown] iter=  1 attempts=1 curvature=0.001s solve=0.000s predred=0.000s candidate=0.000s other=0.000s
[INFO] [PIRLS lm-trajectory] iter=  1 start_lambda=1.111e-7 final_lambda=3.704e-8 log10_ratio=-0.477 accept_rho=1.000 attempts=1
[INFO] [STAGE] PIRLS update_with_curvature iter=2 curvature=Fisher elapsed=0.000s source=reused_prev_accept
[INFO] [PIRLS iter-end] iter=  2 elapsed=0.0004s lm_lambda=1.23e-8 g_norm=2.033e-8 last_dev_change=2.302e-11 last_halving=1
[INFO] [PIRLS iter-breakdown] iter=  2 attempts=1 curvature=0.000s solve=0.000s predred=0.000s candidate=0.000s other=0.000s
[INFO] [PIRLS lm-trajectory] iter=  2 start_lambda=3.704e-8 final_lambda=1.235e-8 log10_ratio=-0.477 accept_rho=1.000 attempts=1
[INFO] [STAGE] PIRLS update_with_curvature iter=3 curvature=Fisher elapsed=0.000s source=reused_prev_accept
[INFO] [PIRLS iter-end] iter=  3 elapsed=0.0004s lm_lambda=4.12e-9 g_norm=1.372e-8 last_dev_change=3.557e-11 last_halving=1
[INFO] [PIRLS iter-breakdown] iter=  3 attempts=1 curvature=0.000s solve=0.000s predred=0.000s candidate=0.000s other=0.000s
[INFO] [PIRLS lm-trajectory] iter=  3 start_lambda=1.235e-8 final_lambda=4.115e-9 log10_ratio=-0.477 accept_rho=1.000 attempts=1
[INFO] [STAGE] PIRLS update_with_curvature iter=4 curvature=Fisher elapsed=0.000s source=reused_prev_accept
[INFO] [PIRLS solve-end] iters=4 elapsed=0.0026s g_norm_initial=8.418e1 g_norm_final=5.610e-9 convergence_rate=2.857e-3 status=Converged
[INFO] [STAGE] inner pirls solve iters=4 status=Converged max_eta=2.0 jeffreys_logdet=none rows=full(derivative-request) elapsed=0.003s
[INFO] [STAGE] logdet S rho_dim=2 penalty_rank=12 elapsed=0.000s
[INFO] [#1271-diag] path=orig p=13 penalty_rank=12 nullspace_dim=1 rss=2.808618 pen=0.003699 Dp=2.812317 pirls_edf=5.3297 logS=0.886135 logH=32.974712 half_diff=16.044288 h_above1=12 h_min=1.638e-6 h_max=1.880e3 rho=[5.1609,-11.0221] lambda=[1.743e2,1.634e-5]
  H_eig=[1.880e3,1.852e2,1.230e2,1.123e2,5.472e1,2.945e1,2.135e1,1.801e1,1.610e1,1.543e1,1.364e1,1.248e1,1.638e-6]
  Slam_eig=[1.213e2,1.213e2,1.469e1,1.468e1,1.256e1,1.207e1,1.155e1,8.512e0,4.534e0,1.262e0,1.344e-5,6.565e-7,0.000e0]
[INFO] [STAGE] reml_laml cost_only_done k=2 ext_dim=0 dim=13 elapsed=0.000s
[INFO] [OUTER hessian-route] choice=dense reason=kernel_absent n=300 p=13 k=2 callback_kernel=false subspace_trace=false scale_prefers_operator=false dense_workspace_bytes=9464
[INFO] [OUTER hessian-elapsed] choice=dense reason=kernel_absent n=300 p=13 k=2 elapsed=0.000s
[INFO] [HGB] small-sample fallback to defaults: pairs=0, threshold=3
[INFO] [STAGE] outer eval end order=ValueGradientHessian elapsed=0.004s cost=-2.573251e2 |g|=1.551e0
[INFO] [OUTER] eval#1 (hess) cost=-2.573251e2 |g|=1.551e0 rho=[5.161,-11.022]
[INFO] [OUTER schedule] inner-PIRLS cap transition (ARC bridge) arc_iter=14 g_ratio=1.000e0 last_iters=4 converged=true ift_residual=n/a accept_rho=1.000 prev=4 new=6 (capped)
[INFO] [STAGE] outer eval start order=ValueGradientHessian dim=2
[INFO] [reml-geometry] dense_spectral reason=constraints_present p=13 nnz_x=na nnz_h_est=na density_h_est=na threshold=0.1000
[INFO] [IFT-CACHE] outcome=mode_response_hit drho_dim=2 p=13
[INFO] [ADAPTIVE-KKT] outer_g_norm=1.551e0 effective_tol=1.000e-10 floor=1.000e-12 ceiling=1.000e-10
[INFO] [STAGE] PIRLS update_with_curvature iter=1 curvature=Fisher elapsed=0.000s source=rebuilt
[INFO] [PIRLS iter-end] iter=  1 elapsed=0.0007s lm_lambda=3.33e-7 g_norm=9.589e-8 last_dev_change=1.621e-4 last_halving=1
[INFO] [PIRLS iter-breakdown] iter=  1 attempts=1 curvature=0.001s solve=0.000s predred=0.000s candidate=0.000s other=0.000s
[INFO] [PIRLS lm-trajectory] iter=  1 start_lambda=1.000e-6 final_lambda=3.333e-7 log10_ratio=-0.477 accept_rho=1.000 attempts=1
[INFO] [STAGE] PIRLS update_with_curvature iter=2 curvature=Fisher elapsed=0.000s source=reused_prev_accept
[INFO] [PIRLS exact-decrement] applicable=true decrement_sq=1.641472e-12 threshold=1.465783e-13 pass=false gradient_norm=2.789236e-9 relative_gradient=1.802234e-9 dimension_scale=6.244998e1 natural_scale=5.476546e-1 objective=1.407527e0 actual_reduction=4.329870e-14 predicted_reduction=4.324870e-14 linear_model_term=-4.405451e-14 direction_norm=2.119717e-5 data_reduction=6.331342e-10 penalty_reduction=-6.330910e-10
[INFO] [PIRLS solve-end] iters=2 elapsed=0.0015s g_norm_initial=1.190e-1 g_norm_final=2.789e-9 convergence_rate=1.531e-4 status=Converged
[INFO] [STAGE] inner pirls solve iters=2 status=Converged max_eta=2.0 jeffreys_logdet=none rows=full(derivative-request) elapsed=0.002s
[INFO] [IFT-QUALITY] quality=1.253e-3 ift=2.000e0 pred_residual=3.182e-3 cap_predicted=2.000e0 iters=2
[INFO] [STAGE] logdet S rho_dim=2 penalty_rank=12 elapsed=0.000s
[INFO] [#1271-diag] path=orig p=13 penalty_rank=12 nullspace_dim=1 rss=2.812481 pen=0.002573 Dp=2.815054 pirls_edf=4.5198 logS=10.457966 logH=39.589553 half_diff=14.565793 h_above1=12 h_min=2.442e-6 h_max=1.888e3 rho=[6.0383,-10.6205] lambda=[4.192e2,2.441e-5]
  H_eig=[1.888e3,2.965e2,2.926e2,1.652e2,6.055e1,4.009e1,3.918e1,3.466e1,3.293e1,3.106e1,2.919e1,2.385e1,2.442e-6]
  Slam_eig=[2.917e2,2.917e2,3.533e1,3.529e1,3.020e1,2.903e1,2.778e1,2.047e1,1.090e1,3.034e0,2.008e-5,9.810e-7,0.000e0]
[INFO] [STAGE] reml_laml cost_only_done k=2 ext_dim=0 dim=13 elapsed=0.000s
[INFO] [OUTER hessian-route] choice=dense reason=kernel_absent n=300 p=13 k=2 callback_kernel=false subspace_trace=false scale_prefers_operator=false dense_workspace_bytes=9464
[INFO] [OUTER hessian-elapsed] choice=dense reason=kernel_absent n=300 p=13 k=2 elapsed=0.000s
[INFO] [HGB] small-sample fallback to defaults: pairs=1, threshold=3
[INFO] [STAGE] outer eval end order=ValueGradientHessian elapsed=0.003s cost=-2.586581e2 |g|=1.229e0
[INFO] [OUTER] eval#2 (hess) cost=-2.586581e2 |g|=1.229e0 rho=[6.038,-10.621]
[INFO] [OUTER schedule] inner-PIRLS cap transition (ARC bridge) arc_iter=15 g_ratio=7.923e-1 last_iters=2 converged=true ift_residual=1.253e-3 accept_rho=1.000 prev=6 new=3 (capped)
[INFO] [STAGE] outer eval start order=ValueGradientHessian dim=2
[INFO] [reml-geometry] dense_spectral reason=constraints_present p=13 nnz_x=na nnz_h_est=na density_h_est=na threshold=0.1000
[INFO] [IFT-CACHE] outcome=mode_response_hit drho_dim=2 p=13
[INFO] [ADAPTIVE-KKT] outer_g_norm=1.229e0 effective_tol=1.000e-10 floor=1.000e-12 ceiling=1.000e-10
[INFO] [STAGE] PIRLS update_with_curvature iter=1 curvature=Fisher elapsed=0.000s source=rebuilt
[INFO] [PIRLS iter-end] iter=  1 elapsed=0.0007s lm_lambda=3.70e-8 g_norm=5.649e-8 last_dev_change=1.336e-3 last_halving=1
[INFO] [PIRLS iter-breakdown] iter=  1 attempts=1 curvature=0.000s solve=0.000s predred=0.000s candidate=0.000s other=0.000s
[INFO] [PIRLS lm-trajectory] iter=  1 start_lambda=1.111e-7 final_lambda=3.704e-8 log10_ratio=-0.477 accept_rho=1.000 attempts=1
[INFO] [STAGE] PIRLS update_with_curvature iter=2 curvature=Fisher elapsed=0.000s source=reused_prev_accept
[INFO] [PIRLS iter-end] iter=  2 elapsed=0.0004s lm_lambda=1.23e-8 g_norm=2.041e-8 last_dev_change=2.315e-11 last_halving=1
[INFO] [PIRLS iter-breakdown] iter=  2 attempts=1 curvature=0.000s solve=0.000s predred=0.000s candidate=0.000s other=0.000s
[INFO] [PIRLS lm-trajectory] iter=  2 start_lambda=3.704e-8 final_lambda=1.235e-8 log10_ratio=-0.477 accept_rho=1.000 attempts=1
[INFO] [STAGE] PIRLS update_with_curvature iter=3 curvature=Fisher elapsed=0.000s source=reused_prev_accept
[INFO] [PIRLS iter-end] iter=  3 elapsed=0.0004s lm_lambda=4.12e-9 g_norm=6.437e-9 last_dev_change=1.058e-11 last_halving=1
[INFO] [PIRLS iter-breakdown] iter=  3 attempts=1 curvature=0.000s solve=0.000s predred=0.000s candidate=0.000s other=0.000s
[INFO] [PIRLS lm-trajectory] iter=  3 start_lambda=1.235e-8 final_lambda=4.115e-9 log10_ratio=-0.477 accept_rho=1.000 attempts=1
[INFO] [PIRLS solve-end] iters=3 elapsed=0.0021s g_norm_initial=6.971e-1 g_norm_final=6.437e-9 convergence_rate=2.098e-3 status=MaxIterationsReached
[INFO] [STAGE] PIRLS dense newton solve backend=CPU p=13 rows=325 route="Householder QR of PSD root" backward_error=5.044e-18 damped_decrement_sq=1.241e-25
[INFO] [PIRLS final exact-decrement] decrement_sq=1.241195e-25 threshold=1.467154e-13 pass=true gradient_norm=7.099558e-15 status_before=MaxIterationsReached
[INFO] [STAGE] inner pirls solve iters=3 status=Converged max_eta=2.0 jeffreys_logdet=none rows=full(derivative-request) elapsed=0.004s
[INFO] [IFT-QUALITY] quality=2.113e-3 ift=2.000e0 pred_residual=5.373e-3 cap_predicted=2.000e0 iters=3
[INFO] [STAGE] logdet S rho_dim=2 penalty_rank=12 elapsed=0.000s
[INFO] [#1271-diag] path=orig p=13 penalty_rank=12 nullspace_dim=1 rss=2.816700 pen=0.000987 Dp=2.817687 pirls_edf=3.4358 logS=28.341834 logH=53.201748 half_diff=12.429957 h_above1=12 h_min=8.928e-6 h_max=2.021e3 rho=[7.5677,-9.3214] lambda=[1.935e3,8.949e-5]
  H_eig=[2.021e3,1.348e3,1.217e3,1.967e2,1.663e2,1.524e2,1.410e2,1.361e2,1.319e2,1.130e2,7.305e1,4.132e1,8.928e-6]
  Slam_eig=[1.346e3,1.346e3,1.631e2,1.629e2,1.394e2,1.340e2,1.282e2,9.446e1,5.031e1,1.400e1,7.361e-5,3.596e-6,0.000e0]
[INFO] [STAGE] reml_laml cost_only_done k=2 ext_dim=0 dim=13 elapsed=0.000s
[INFO] [OUTER hessian-route] choice=dense reason=kernel_absent n=300 p=13 k=2 callback_kernel=false subspace_trace=false scale_prefers_operator=false dense_workspace_bytes=9464
[INFO] [OUTER hessian-elapsed] choice=dense reason=kernel_absent n=300 p=13 k=2 elapsed=0.000s
[INFO] [HGB] small-sample fallback to defaults: pairs=1, threshold=3
[INFO] [STAGE] outer eval end order=ValueGradientHessian elapsed=0.005s cost=-2.606542e2 |g|=8.318e-1
[INFO] [OUTER] eval#3 (hess) cost=-2.606542e2 |g|=8.318e-1 rho=[7.568,-9.321]
[INFO] [OUTER schedule] inner-PIRLS cap transition (ARC bridge) arc_iter=16 g_ratio=5.363e-1 last_iters=3 converged=true ift_residual=2.113e-3 accept_rho=1.000 prev=3 new=4 (capped)
[INFO] [STAGE] outer eval start order=ValueGradientHessian dim=2
[INFO] [reml-geometry] dense_spectral reason=constraints_present p=13 nnz_x=na nnz_h_est=na density_h_est=na threshold=0.1000
[INFO] [IFT-CACHE] outcome=mode_response_hit drho_dim=2 p=13
[INFO] [ADAPTIVE-KKT] outer_g_norm=8.318e-1 effective_tol=1.000e-10 floor=1.000e-12 ceiling=1.000e-10
[INFO] [STAGE] PIRLS update_with_curvature iter=1 curvature=Fisher elapsed=0.000s source=rebuilt
[INFO] [PIRLS iter-end] iter=  1 elapsed=0.0007s lm_lambda=3.33e-7 g_norm=3.508e-7 last_dev_change=3.989e-4 last_halving=1
[INFO] [PIRLS iter-breakdown] iter=  1 attempts=1 curvature=0.001s solve=0.000s predred=0.000s candidate=0.000s other=0.000s
[INFO] [PIRLS lm-trajectory] iter=  1 start_lambda=1.000e-6 final_lambda=3.333e-7 log10_ratio=-0.477 accept_rho=1.000 attempts=1
[INFO] [STAGE] PIRLS update_with_curvature iter=2 curvature=Fisher elapsed=0.000s source=reused_prev_accept
[INFO] [PIRLS iter-end] iter=  2 elapsed=0.0004s lm_lambda=1.11e-7 g_norm=9.404e-8 last_dev_change=3.009e-11 last_halving=1
[INFO] [PIRLS iter-breakdown] iter=  2 attempts=1 curvature=0.000s solve=0.000s predred=0.000s candidate=0.000s other=0.000s
[INFO] [PIRLS lm-trajectory] iter=  2 start_lambda=3.333e-7 final_lambda=1.111e-7 log10_ratio=-0.477 accept_rho=1.000 attempts=1
[INFO] [STAGE] PIRLS update_with_curvature iter=3 curvature=Fisher elapsed=0.000s source=reused_prev_accept
[INFO] [PIRLS iter-end] iter=  3 elapsed=0.0004s lm_lambda=3.70e-8 g_norm=4.466e-8 last_dev_change=2.669e-11 last_halving=1
[INFO] [PIRLS iter-breakdown] iter=  3 attempts=1 curvature=0.000s solve=0.000s predred=0.000s candidate=0.000s other=0.000s
[INFO] [PIRLS lm-trajectory] iter=  3 start_lambda=1.111e-7 final_lambda=3.704e-8 log10_ratio=-0.477 accept_rho=1.000 attempts=1
[INFO] [STAGE] PIRLS update_with_curvature iter=4 curvature=Fisher elapsed=0.000s source=reused_prev_accept
[INFO] [PIRLS iter-end] iter=  4 elapsed=0.0004s lm_lambda=1.23e-8 g_norm=1.035e-8 last_dev_change=7.358e-12 last_halving=1
[INFO] [PIRLS iter-breakdown] iter=  4 attempts=1 curvature=0.000s solve=0.000s predred=0.000s candidate=0.000s other=0.000s
[INFO] [PIRLS lm-trajectory] iter=  4 start_lambda=3.704e-8 final_lambda=1.235e-8 log10_ratio=-0.477 accept_rho=1.000 attempts=1
[INFO] [PIRLS solve-end] iters=4 elapsed=0.0027s g_norm_initial=6.235e-1 g_norm_final=1.035e-8 convergence_rate=1.135e-2 status=MaxIterationsReached
[INFO] [STAGE] PIRLS dense newton solve backend=CPU p=13 rows=325 route="Householder QR of PSD root" backward_error=8.965e-18 damped_decrement_sq=3.937e-27
[INFO] [PIRLS final exact-decrement] decrement_sq=3.937174e-27 threshold=1.467579e-13 pass=true gradient_norm=1.333625e-13 status_before=MaxIterationsReached
[INFO] [STAGE] inner pirls solve iters=4 status=Converged max_eta=2.0 jeffreys_logdet=none rows=full(derivative-request) elapsed=0.004s
[INFO] [IFT-QUALITY] quality=7.925e-4 ift=2.000e0 pred_residual=2.016e-3 cap_predicted=2.000e0 iters=4
[INFO] [STAGE] logdet S rho_dim=2 penalty_rank=12 elapsed=0.000s
[INFO] [#1271-diag] path=orig p=13 penalty_rank=12 nullspace_dim=1 rss=2.818141 pen=0.000361 Dp=2.818503 pirls_edf=2.7747 logS=45.247331 logH=66.753793 half_diff=10.753231 h_above1=12 h_min=6.184e-5 h_max=5.074e3 rho=[8.8712,-7.3851] lambda=[7.124e3,6.205e-4]
  H_eig=[5.074e3,4.959e3,1.800e3,6.034e2,5.883e2,5.151e2,4.956e2,4.774e2,3.619e2,2.612e2,1.396e2,6.123e1,6.184e-5]
  Slam_eig=[4.957e3,4.957e3,6.004e2,5.998e2,5.132e2,4.933e2,4.721e2,3.478e2,1.853e2,5.156e1,5.104e-4,2.494e-5,0.000e0]
[INFO] [STAGE] reml_laml cost_only_done k=2 ext_dim=0 dim=13 elapsed=0.000s
[INFO] [OUTER hessian-route] choice=dense reason=kernel_absent n=300 p=13 k=2 callback_kernel=false subspace_trace=false scale_prefers_operator=false dense_workspace_bytes=9464
[INFO] [OUTER hessian-elapsed] choice=dense reason=kernel_absent n=300 p=13 k=2 elapsed=0.000s
[INFO] [HGB] small-sample fallback to defaults: pairs=1, threshold=3
[INFO] [STAGE] outer eval end order=ValueGradientHessian elapsed=0.005s cost=-2.622877e2 |g|=6.203e-1
[INFO] [OUTER] eval#4 (hess) cost=-2.622877e2 |g|=6.203e-1 rho=[8.871,-7.385]
[INFO] [OUTER schedule] inner-PIRLS cap transition (ARC bridge) arc_iter=17 g_ratio=4.000e-1 last_iters=4 converged=true ift_residual=7.925e-4 accept_rho=1.000 prev=4 new=5 (capped)
[INFO] [STAGE] outer eval start order=ValueGradientHessian dim=2
[INFO] [reml-geometry] dense_spectral reason=constraints_present p=13 nnz_x=na nnz_h_est=na density_h_est=na threshold=0.1000
[INFO] [IFT-REJECTED] reason=large_drho max_drho=2.259e0 cap=2.000e0 drho_dim=2
[INFO] [TANGENT-PREDICT] alpha=1.014e0 cap=2.000e0 drho_step_norm_sq=5.527e0 drho_prev_norm_sq=5.449e0
[INFO] [ADAPTIVE-KKT] outer_g_norm=6.203e-1 effective_tol=1.000e-10 floor=1.000e-12 ceiling=1.000e-10
[INFO] [STAGE] PIRLS update_with_curvature iter=1 curvature=Fisher elapsed=0.000s source=rebuilt
[INFO] [PIRLS iter-end] iter=  1 elapsed=0.0007s lm_lambda=3.33e-7 g_norm=9.349e-7 last_dev_change=1.308e-3 last_halving=1
[INFO] [PIRLS iter-breakdown] iter=  1 attempts=1 curvature=0.000s solve=0.000s predred=0.000s candidate=0.000s other=0.000s
[INFO] [PIRLS lm-trajectory] iter=  1 start_lambda=1.000e-6 final_lambda=3.333e-7 log10_ratio=-0.477 accept_rho=1.000 attempts=1
[INFO] [STAGE] PIRLS update_with_curvature iter=2 curvature=Fisher elapsed=0.000s source=reused_prev_accept
[INFO] [PIRLS iter-end] iter=  2 elapsed=0.0004s lm_lambda=1.11e-7 g_norm=1.717e-7 last_dev_change=9.089e-11 last_halving=1
[INFO] [PIRLS iter-breakdown] iter=  2 attempts=1 curvature=0.000s solve=0.000s predred=0.000s candidate=0.000s other=0.000s
[INFO] [PIRLS lm-trajectory] iter=  2 start_lambda=3.333e-7 final_lambda=1.111e-7 log10_ratio=-0.477 accept_rho=1.000 attempts=1
[INFO] [STAGE] PIRLS update_with_curvature iter=3 curvature=Fisher elapsed=0.000s source=reused_prev_accept
[INFO] [PIRLS iter-end] iter=  3 elapsed=0.0004s lm_lambda=3.70e-8 g_norm=2.329e-8 last_dev_change=1.019e-11 last_halving=1
[INFO] [PIRLS iter-breakdown] iter=  3 attempts=1 curvature=0.000s solve=0.000s predred=0.000s candidate=0.000s other=0.000s
[INFO] [PIRLS lm-trajectory] iter=  3 start_lambda=1.111e-7 final_lambda=3.704e-8 log10_ratio=-0.477 accept_rho=1.000 attempts=1
[INFO] [STAGE] PIRLS update_with_curvature iter=4 curvature=Fisher elapsed=0.000s source=reused_prev_accept
[INFO] [PIRLS solve-end] iters=4 elapsed=0.0025s g_norm_initial=1.693e0 g_norm_final=1.158e-9 convergence_rate=5.114e-3 status=Converged
[INFO] [STAGE] inner pirls solve iters=4 status=Converged max_eta=2.0 jeffreys_logdet=none rows=full(derivative-request) elapsed=0.003s
[INFO] [TANGENT-QUALITY] quality=7.511e-4 pred_residual=1.911e-3 iters=4
[INFO] [STAGE] logdet S rho_dim=2 penalty_rank=12 elapsed=0.000s
[INFO] [#1271-diag] path=orig p=13 penalty_rank=12 nullspace_dim=1 rss=2.818515 pen=0.000532 Dp=2.819047 pirls_edf=2.4422 logS=58.611855 logH=77.329097 half_diff=9.358621 h_above1=12 h_min=5.919e-4 h_max=1.210e4 rho=[9.7559,-5.1262] lambda=[1.726e4,5.939e-3]
  H_eig=[1.210e4,1.201e4,1.953e3,1.457e3,1.344e3,1.245e3,1.193e3,1.146e3,8.460e2,5.075e2,2.015e2,7.922e1,5.919e-4]
  Slam_eig=[1.201e4,1.201e4,1.454e3,1.453e3,1.243e3,1.195e3,1.144e3,8.425e2,4.488e2,1.249e2,4.885e-3,2.387e-4,0.000e0]
[INFO] [STAGE] reml_laml cost_only_done k=2 ext_dim=0 dim=13 elapsed=0.000s
[INFO] [OUTER hessian-route] choice=dense reason=kernel_absent n=300 p=13 k=2 callback_kernel=false subspace_trace=false scale_prefers_operator=false dense_workspace_bytes=9464
[INFO] [OUTER hessian-elapsed] choice=dense reason=kernel_absent n=300 p=13 k=2 elapsed=0.000s
[INFO] [HGB] small-sample fallback to defaults: pairs=1, threshold=3
[INFO] [STAGE] outer eval end order=ValueGradientHessian elapsed=0.004s cost=-2.636534e2 |g|=5.247e-1
[INFO] [OUTER] eval#5 (hess) cost=-2.636534e2 |g|=5.247e-1 rho=[9.756,-5.126]
[INFO] [STAGE] outer eval start order=ValueGradientHessian dim=2
[INFO] [reml-geometry] dense_spectral reason=constraints_present p=13 nnz_x=na nnz_h_est=na density_h_est=na threshold=0.1000
[INFO] [IFT-REJECTED] reason=large_drho max_drho=2.299e1 cap=2.000e0 drho_dim=2
[INFO] [TANGENT-REJECTED] reason=alpha_above_cap alpha=9.037e0 cap=2.000e0
[INFO] [ADAPTIVE-KKT] outer_g_norm=5.247e-1 effective_tol=1.000e-10 floor=1.000e-12 ceiling=1.000e-10
[INFO] [STAGE] PIRLS update_with_curvature iter=1 curvature=Fisher elapsed=0.000s source=rebuilt
[INFO] [PIRLS iter-end] iter=  1 elapsed=0.0011s lm_lambda=3.33e-7 g_norm=9.364e-1 last_dev_change=1.886e6 last_halving=1
[INFO] [PIRLS iter-breakdown] iter=  1 attempts=1 curvature=0.001s solve=0.000s predred=0.000s candidate=0.000s other=0.000s
[INFO] [PIRLS lm-trajectory] iter=  1 start_lambda=1.000e-6 final_lambda=3.333e-7 log10_ratio=-0.477 accept_rho=1.000 attempts=1
[INFO] [STAGE] PIRLS update_with_curvature iter=2 curvature=Fisher elapsed=0.000s source=reused_prev_accept
[INFO] [PIRLS iter-end] iter=  2 elapsed=0.0008s lm_lambda=1.11e-7 g_norm=2.534e-7 last_dev_change=2.704e-7 last_halving=1
[INFO] [PIRLS iter-breakdown] iter=  2 attempts=1 curvature=0.000s solve=0.000s predred=0.000s candidate=0.000s other=0.000s
[INFO] [PIRLS lm-trajectory] iter=  2 start_lambda=3.333e-7 final_lambda=1.111e-7 log10_ratio=-0.477 accept_rho=1.000 attempts=1
[INFO] [STAGE] PIRLS update_with_curvature iter=3 curvature=Fisher elapsed=0.000s source=reused_prev_accept
[INFO] [PIRLS exact-decrement] applicable=true decrement_sq=2.701354e-30 threshold=5.557488e-12 pass=true gradient_norm=5.051515e-14 relative_gradient=1.409718e-16 dimension_scale=6.244998e1 natural_scale=3.573350e2 objective=5.336610e1 actual_reduction=1.421085e-14 predicted_reduction=-4.289456e-20 linear_model_term=2.665526e-20 direction_norm=1.430104e-13 data_reduction=-9.613643e-12 penalty_reduction=9.627504e-12
[INFO] [PIRLS solve-end] iters=3 elapsed=0.0033s g_norm_initial=6.020e6 g_norm_final=5.052e-14 convergence_rate=2.032e-7 status=Converged
[INFO] [STAGE] inner pirls solve iters=3 status=Converged max_eta=1.0 jeffreys_logdet=none rows=full(derivative-request) elapsed=0.004s
[INFO] [STAGE] logdet S (Z-projected) rho_dim=2 penalty_rank=2 elapsed=0.000s
[INFO] [#1271-diag] p=3 penalty_rank=2 nullspace_dim=1 logS=30.506805 logH=36.210630 half_diff=2.851912 h_above1=3 h_min=3.000e2 h_max=1.458e7 rho=[11.1768,17.8611] lambda=[7.145e4,5.714e7]
[INFO] [STAGE] reml_laml cost_only_done k=2 ext_dim=0 dim=3 elapsed=0.000s
[INFO] [OUTER hessian-route] choice=dense reason=below_crossover n=300 p=3 k=2 callback_kernel=false subspace_trace=false scale_prefers_operator=false dense_workspace_bytes=504
[INFO] [OUTER hessian-elapsed] choice=dense reason=below_crossover n=300 p=3 k=2 elapsed=0.000s
[INFO] [HGB] small-sample fallback to defaults: pairs=1, threshold=3
[INFO] [STAGE] outer eval end order=ValueGradientHessian elapsed=0.005s cost=2.731115e2 |g|=5.111e-3
[INFO] [OUTER] eval#6 (hess) cost=2.731115e2 |g|=5.111e-3 rho=[11.177,17.861]
[INFO] [OUTER schedule] inner-PIRLS cap transition (ARC bridge) arc_iter=18 g_ratio=3.295e-3 last_iters=3 converged=true ift_residual=7.925e-4 accept_rho=1.000 prev=5 new=0 (uncapped)
[INFO] [STAGE] outer eval start order=ValueGradientHessian dim=2
[INFO] [reml-geometry] dense_spectral reason=constraints_present p=13 nnz_x=na nnz_h_est=na density_h_est=na threshold=0.1000
[INFO] [IFT-CACHE] outcome=miss drho_dim=2 p=13 elapsed=0.000s
[INFO] [ADAPTIVE-KKT] outer_g_norm=5.111e-3 effective_tol=1.000e-12 floor=1.000e-12 ceiling=1.000e-12
[INFO] [STAGE] PIRLS update_with_curvature iter=1 curvature=Fisher elapsed=0.000s source=rebuilt
[INFO] [PIRLS iter-end] iter=  1 elapsed=0.0011s lm_lambda=3.33e-7 g_norm=1.591e-5 last_dev_change=1.349e-4 last_halving=1
[INFO] [PIRLS iter-breakdown] iter=  1 attempts=1 curvature=0.001s solve=0.000s predred=0.000s candidate=0.000s other=0.000s
[INFO] [PIRLS lm-trajectory] iter=  1 start_lambda=1.000e-6 final_lambda=3.333e-7 log10_ratio=-0.477 accept_rho=1.000 attempts=1
[INFO] [STAGE] PIRLS update_with_curvature iter=2 curvature=Fisher elapsed=0.000s source=reused_prev_accept
[INFO] [PIRLS exact-decrement] applicable=true decrement_sq=3.238959e-30 threshold=5.557472e-12 pass=true gradient_norm=3.659184e-12 relative_gradient=1.021266e-14 dimension_scale=6.244998e1 natural_scale=3.572989e2 objective=5.336595e1 actual_reduction=0.000000e0 predicted_reduction=2.901591e-17 linear_model_term=-5.801845e-17 direction_norm=3.102977e-12 data_reduction=-7.002399e-11 penalty_reduction=7.002082e-11
[INFO] [PIRLS solve-end] iters=2 elapsed=0.0024s g_norm_initial=9.451e1 g_norm_final=3.659e-12 convergence_rate=1.968e-7 status=Converged
[INFO] [STAGE] inner pirls solve iters=2 status=Converged max_eta=1.0 jeffreys_logdet=none rows=full(derivative-request) elapsed=0.003s
[INFO] [IFT-QUALITY] quality=1.891e-6 ift=2.000e0 pred_residual=3.772e-6 cap_predicted=2.000e0 iters=2
[INFO] [STAGE] logdet S (Z-projected) rho_dim=2 penalty_rank=2 elapsed=0.000s
[INFO] [#1271-diag] p=3 penalty_rank=2 nullspace_dim=1 logS=30.347799 logH=36.051628 half_diff=2.851914 h_above1=3 h_min=3.000e2 h_max=1.346e7 rho=[11.1761,17.7815] lambda=[7.140e4,5.277e7]
[INFO] [STAGE] reml_laml cost_only_done k=2 ext_dim=0 dim=3 elapsed=0.000s
[INFO] [OUTER hessian-route] choice=dense reason=below_crossover n=300 p=3 k=2 callback_kernel=false subspace_trace=false scale_prefers_operator=false dense_workspace_bytes=504
[INFO] [OUTER hessian-elapsed] choice=dense reason=below_crossover n=300 p=3 k=2 elapsed=0.000s
[INFO] [HGB] small-sample fallback to defaults: pairs=2, threshold=3
[INFO] [STAGE] outer eval end order=ValueGradientHessian elapsed=0.004s cost=2.731111e2 |g|=5.532e-3
[INFO] [OUTER] eval#7 (hess) cost=2.731111e2 |g|=5.532e-3 rho=[11.176,17.781]
[INFO] [STAGE] outer eval start order=ValueGradientHessian dim=2
[INFO] [reml-geometry] dense_spectral reason=constraints_present p=13 nnz_x=na nnz_h_est=na density_h_est=na threshold=0.1000
[INFO] [IFT-CACHE] outcome=miss drho_dim=2 p=13 elapsed=0.000s
[INFO] [ADAPTIVE-KKT] outer_g_norm=5.532e-3 effective_tol=1.000e-12 floor=1.000e-12 ceiling=1.000e-12
[INFO] [STAGE] PIRLS update_with_curvature iter=1 curvature=Fisher elapsed=0.000s source=rebuilt
[INFO] [PIRLS iter-end] iter=  1 elapsed=0.0011s lm_lambda=3.70e-8 g_norm=5.441e-7 last_dev_change=9.464e-5 last_halving=1
[INFO] [PIRLS iter-breakdown] iter=  1 attempts=1 curvature=0.001s solve=0.000s predred=0.000s candidate=0.000s other=0.000s
[INFO] [PIRLS lm-trajectory] iter=  1 start_lambda=1.111e-7 final_lambda=3.704e-8 log10_ratio=-0.477 accept_rho=1.000 attempts=1
[INFO] [STAGE] PIRLS update_with_curvature iter=2 curvature=Fisher elapsed=0.000s source=reused_prev_accept
[INFO] [PIRLS exact-decrement] applicable=true decrement_sq=3.707636e-29 threshold=5.557437e-12 pass=true gradient_norm=1.159073e-13 relative_gradient=3.235659e-16 dimension_scale=6.244998e1 natural_scale=3.572184e2 objective=5.336561e1 actual_reduction=-7.105427e-15 predicted_reduction=2.565394e-20 linear_model_term=-1.030399e-19 direction_norm=3.417184e-13 data_reduction=1.877964e-11 penalty_reduction=-1.878959e-11
[INFO] [PIRLS solve-end] iters=2 elapsed=0.0023s g_norm_initial=4.168e1 g_norm_final=1.159e-13 convergence_rate=5.273e-8 status=Converged
[INFO] [STAGE] inner pirls solve iters=2 status=Converged max_eta=1.0 jeffreys_logdet=none rows=full(derivative-request) elapsed=0.003s
[INFO] [IFT-QUALITY] quality=4.201e-6 ift=2.000e0 pred_residual=8.381e-6 cap_predicted=3.000e0 iters=2
[INFO] [STAGE] logdet S (Z-projected) rho_dim=2 penalty_rank=2 elapsed=0.000s
[INFO] [#1271-diag] p=3 penalty_rank=2 nullspace_dim=1 logS=30.033115 logH=35.736952 half_diff=2.851918 h_above1=3 h_min=3.000e2 h_max=1.150e7 rho=[11.1747,17.6239] lambda=[7.131e4,4.508e7]
[INFO] [STAGE] reml_laml cost_only_done k=2 ext_dim=0 dim=3 elapsed=0.000s
[INFO] [OUTER hessian-route] choice=dense reason=below_crossover n=300 p=3 k=2 callback_kernel=false subspace_trace=false scale_prefers_operator=false dense_workspace_bytes=504
[INFO] [OUTER hessian-elapsed] choice=dense reason=below_crossover n=300 p=3 k=2 elapsed=0.000s
[INFO] [STAGE] outer eval end order=ValueGradientHessian elapsed=0.004s cost=2.731101e2 |g|=6.471e-3
[INFO] [OUTER] eval#8 (hess) cost=2.731101e2 |g|=6.471e-3 rho=[11.175,17.624]
[WARN] [OUTER] ARC cost-stall STUCK (NOT a flat valley): REML objective improved < 1.000e-7 (relative) over 3 outer steps but the projected gradient is FAR above the certified-stationary band (|g|=5.247e-1 > escape threshold 3.970e-1); refusing to halt-and-ship and continuing the descent (escape 1, value=-2.636534e2).
[INFO] [STAGE] outer eval start order=ValueGradientHessian dim=2
[INFO] [reml-geometry] dense_spectral reason=constraints_present p=13 nnz_x=na nnz_h_est=na density_h_est=na threshold=0.1000
[INFO] [IFT-CACHE] outcome=miss drho_dim=2 p=13 elapsed=0.000s
[INFO] [ADAPTIVE-KKT] outer_g_norm=6.471e-3 effective_tol=1.000e-12 floor=1.000e-12 ceiling=1.000e-12
[INFO] [STAGE] PIRLS update_with_curvature iter=1 curvature=Fisher elapsed=0.000s source=rebuilt
[INFO] [PIRLS iter-end] iter=  1 elapsed=0.0011s lm_lambda=4.12e-9 g_norm=4.565e-8 last_dev_change=1.727e-4 last_halving=1
[INFO] [PIRLS iter-breakdown] iter=  1 attempts=1 curvature=0.001s solve=0.000s predred=0.000s candidate=0.000s other=0.000s
[INFO] [PIRLS lm-trajectory] iter=  1 start_lambda=1.235e-8 final_lambda=4.115e-9 log10_ratio=-0.477 accept_rho=1.000 attempts=1
[INFO] [STAGE] PIRLS update_with_curvature iter=2 curvature=Fisher elapsed=0.000s source=reused_prev_accept
[INFO] [PIRLS exact-decrement] applicable=true decrement_sq=1.803594e-31 threshold=5.557350e-12 pass=true gradient_norm=4.618528e-14 relative_gradient=1.290021e-16 dimension_scale=6.244998e1 natural_scale=3.570196e2 objective=5.336477e1 actual_reduction=0.000000e0 predicted_reduction=-1.602586e-20 linear_model_term=1.194564e-20 direction_norm=1.070002e-13 data_reduction=7.169376e-12 penalty_reduction=-7.172459e-12
[INFO] [PIRLS solve-end] iters=2 elapsed=0.0024s g_norm_initial=2.751e1 g_norm_final=4.619e-14 convergence_rate=4.097e-8 status=Converged
[INFO] [STAGE] inner pirls solve iters=2 status=Converged max_eta=1.0 jeffreys_logdet=none rows=full(derivative-request) elapsed=0.003s
[INFO] [IFT-QUALITY] quality=1.037e-5 ift=3.000e0 pred_residual=2.069e-5 cap_predicted=4.500e0 iters=2
[INFO] [STAGE] logdet S (Z-projected) rho_dim=2 penalty_rank=2 elapsed=0.000s
[INFO] [#1271-diag] p=3 penalty_rank=2 nullspace_dim=1 logS=29.416773 logH=35.120629 half_diff=2.851928 h_above1=3 h_min=3.000e2 h_max=8.446e6 rho=[11.1720,17.3152] lambda=[7.111e4,3.311e7]
[INFO] [STAGE] reml_laml cost_only_done k=2 ext_dim=0 dim=3 elapsed=0.000s
[INFO] [OUTER hessian-route] choice=dense reason=below_crossover n=300 p=3 k=2 callback_kernel=false subspace_trace=false scale_prefers_operator=false dense_workspace_bytes=504
[INFO] [OUTER hessian-elapsed] choice=dense reason=below_crossover n=300 p=3 k=2 elapsed=0.000s
[INFO] [HGB] engage after 10 iters (max warmup reached)
[INFO] [HGB] target_mse=4.187e-7 s_i=1.000e0 s_l=1.000e0 s_t=1.000e0 eps²_i=1.396e-7 eps²_l=1.396e-7 eps²_t=1.396e-7 τ=1.000e-10 rtol=3.736e-4 k=0 floor_active=[]
[INFO] [STAGE] outer eval end order=ValueGradientHessian elapsed=0.004s cost=2.731078e2 |g|=8.792e-3
[INFO] [OUTER] eval#9 (hess) cost=2.731078e2 |g|=8.792e-3 rho=[11.172,17.315]
[INFO] [STAGE] outer eval start order=ValueGradientHessian dim=2
[INFO] [reml-geometry] dense_spectral reason=constraints_present p=13 nnz_x=na nnz_h_est=na density_h_est=na threshold=0.1000
[INFO] [IFT-CACHE] outcome=miss drho_dim=2 p=13 elapsed=0.000s
[INFO] [ADAPTIVE-KKT] outer_g_norm=1.000e-12 effective_tol=1.000e-12 floor=1.000e-12 ceiling=1.000e-12
[INFO] [STAGE] PIRLS update_with_curvature iter=1 curvature=Fisher elapsed=0.000s source=rebuilt
[INFO] [PIRLS iter-end] iter=  1 elapsed=0.0011s lm_lambda=1.00e-9 g_norm=1.132e-8 last_dev_change=5.064e-4 last_halving=1
[INFO] [PIRLS iter-breakdown] iter=  1 attempts=1 curvature=0.001s solve=0.000s predred=0.000s candidate=0.000s other=0.000s
[INFO] [PIRLS lm-trajectory] iter=  1 start_lambda=1.372e-9 final_lambda=1.000e-9 log10_ratio=-0.137 accept_rho=1.000 attempts=1
[INFO] [STAGE] PIRLS update_with_curvature iter=2 curvature=Fisher elapsed=0.000s source=reused_prev_accept
[INFO] [PIRLS exact-decrement] applicable=true decrement_sq=2.915541e-29 threshold=5.557085e-12 pass=true gradient_norm=9.350076e-14 relative_gradient=2.615996e-16 dimension_scale=6.244998e1 natural_scale=3.564193e2 objective=5.336223e1 actual_reduction=7.105427e-15 predicted_reduction=-5.556336e-21 linear_model_term=5.225046e-21 direction_norm=4.054303e-14 data_reduction=2.756906e-12 penalty_reduction=-2.748963e-12
[INFO] [PIRLS solve-end] iters=2 elapsed=0.0023s g_norm_initial=2.406e1 g_norm_final=9.350e-14 convergence_rate=6.234e-8 status=Converged
[INFO] [STAGE] inner pirls solve iters=2 status=Converged max_eta=1.0 jeffreys_logdet=none rows=full(derivative-request) elapsed=0.003s
[INFO] [IFT-QUALITY] quality=3.150e-5 ift=4.500e0 pred_residual=6.283e-5 cap_predicted=6.750e0 iters=2
[INFO] [STAGE] logdet S (Z-projected) rho_dim=2 penalty_rank=2 elapsed=0.000s
[INFO] [#1271-diag] p=3 penalty_rank=2 nullspace_dim=1 logS=28.234087 logH=33.938002 half_diff=2.851957 h_above1=3 h_min=3.000e2 h_max=4.669e6 rho=[11.1666,16.7223] lambda=[7.073e4,1.830e7]
[INFO] [STAGE] reml_laml cost_only_done k=2 ext_dim=0 dim=3 elapsed=0.000s
[INFO] [OUTER hessian-route] choice=dense reason=below_crossover n=300 p=3 k=2 callback_kernel=false subspace_trace=false scale_prefers_operator=false dense_workspace_bytes=504
[INFO] [OUTER hessian-elapsed] choice=dense reason=below_crossover n=300 p=3 k=2 elapsed=0.000s
[INFO] [HGB] target_mse=7.730e-7 s_i=1.000e0 s_l=1.000e0 s_t=1.000e0 eps²_i=2.577e-7 eps²_l=2.577e-7 eps²_t=2.577e-7 τ=1.000e-10 rtol=5.076e-4 k=0 floor_active=[]
[INFO] [STAGE] outer eval end order=ValueGradientHessian elapsed=0.004s cost=2.731007e2 |g|=1.581e-2
[INFO] [OUTER] eval#10 (hess) cost=2.731007e2 |g|=1.581e-2 rho=[11.167,16.722]
[INFO] [OUTER schedule] inner-PIRLS cap transition (ARC bridge) arc_iter=18 g_ratio=1.019e-2 last_iters=2 converged=true ift_residual=3.150e-5 accept_rho=1.000 prev=0 new=3 (capped)
[INFO] [STAGE] outer eval start order=ValueGradientHessian dim=2
[INFO] [reml-geometry] dense_spectral reason=constraints_present p=13 nnz_x=na nnz_h_est=na density_h_est=na threshold=0.1000
[INFO] [IFT-REJECTED] reason=large_drho max_drho=1.873e1 cap=6.750e0 drho_dim=2
[INFO] [TANGENT-REJECTED] reason=alpha_above_cap alpha=3.161e1 cap=2.000e0
[INFO] [ADAPTIVE-KKT] outer_g_norm=1.000e-10 effective_tol=1.000e-10 floor=1.000e-10 ceiling=1.000e-10
[INFO] [STAGE] PIRLS update_with_curvature iter=1 curvature=Fisher elapsed=0.000s source=rebuilt
[INFO] [PIRLS iter-end] iter=  1 elapsed=0.0007s lm_lambda=1.00e-9 g_norm=1.365e-6 last_dev_change=5.194e1 last_halving=1
[INFO] [PIRLS iter-breakdown] iter=  1 attempts=1 curvature=0.001s solve=0.000s predred=0.000s candidate=0.000s other=0.000s
[INFO] [PIRLS lm-trajectory] iter=  1 start_lambda=1.000e-9 final_lambda=1.000e-9 log10_ratio=0.000 accept_rho=1.000 attempts=1
[INFO] [STAGE] PIRLS update_with_curvature iter=2 curvature=Fisher elapsed=0.000s source=reused_prev_accept
[INFO] [PIRLS solve-end] iters=2 elapsed=0.0014s g_norm_initial=1.697e2 g_norm_final=8.526e-11 convergence_rate=7.089e-7 status=Converged
[INFO] [STAGE] inner pirls solve iters=2 status=Converged max_eta=2.0 jeffreys_logdet=none rows=full(derivative-request) elapsed=0.002s
[INFO] [STAGE] logdet S rho_dim=2 penalty_rank=12 elapsed=0.000s
[INFO] [#1271-diag] path=orig p=13 penalty_rank=12 nullspace_dim=1 rss=2.818663 pen=0.008889 Dp=2.827553 pirls_edf=2.2467 logS=72.377937 logH=87.726914 half_diff=7.674488 h_above1=12 h_min=1.332e-2 h_max=2.560e4 rho=[10.5097,-2.0123] lambda=[3.667e4,1.337e-1]
  H_eig=[2.560e4,2.552e4,3.194e3,3.092e3,2.644e3,2.547e3,2.442e3,1.929e3,1.618e3,1.004e3,3.103e2,9.143e1,1.332e-2]
  Slam_eig=[2.552e4,2.552e4,3.091e3,3.087e3,2.642e3,2.539e3,2.430e3,1.790e3,9.537e2,2.654e2,1.100e-1,5.373e-3,0.000e0]
[INFO] [STAGE] reml_laml cost_only_done k=2 ext_dim=0 dim=13 elapsed=0.000s
[INFO] [OUTER hessian-route] choice=dense reason=kernel_absent n=300 p=13 k=2 callback_kernel=false subspace_trace=false scale_prefers_operator=false dense_workspace_bytes=9464
[INFO] [OUTER hessian-elapsed] choice=dense reason=kernel_absent n=300 p=13 k=2 elapsed=0.000s
[INFO] [HGB] target_mse=2.499e-6 s_i=1.000e0 s_l=1.000e0 s_t=1.000e0 eps²_i=8.328e-7 eps²_l=8.328e-7 eps²_t=8.328e-7 τ=1.000e-10 rtol=9.126e-4 k=0 floor_active=[]
[INFO] [STAGE] outer eval end order=ValueGradientHessian elapsed=0.003s cost=-2.648872e2 |g|=1.244e-1
[INFO] [OUTER] eval#11 (hess) cost=-2.648872e2 |g|=1.244e-1 rho=[10.510,-2.012]
[INFO] [STAGE] outer eval start order=ValueGradientHessian dim=2
[INFO] [reml-geometry] dense_spectral reason=constraints_present p=13 nnz_x=na nnz_h_est=na density_h_est=na threshold=0.1000
[INFO] [IFT-CACHE] outcome=mode_response_hit drho_dim=2 p=13
[INFO] [ADAPTIVE-KKT] outer_g_norm=1.000e-10 effective_tol=1.000e-10 floor=1.000e-10 ceiling=1.000e-10
[INFO] [STAGE] PIRLS update_with_curvature iter=1 curvature=Fisher elapsed=0.000s source=rebuilt
[INFO] [PIRLS solve-end] iters=1 elapsed=0.0008s g_norm_initial=6.161e-1 g_norm_final=3.800e-10 convergence_rate=6.167e-10 status=Converged
[INFO] [STAGE] inner pirls solve iters=1 status=Converged max_eta=2.0 jeffreys_logdet=none rows=full(derivative-request) elapsed=0.001s
[INFO] [IFT-QUALITY] quality=3.870e-5 ift=6.750e0 pred_residual=9.842e-5 cap_predicted=1.012e1 iters=1
[INFO] [STAGE] logdet S rho_dim=2 penalty_rank=12 elapsed=0.000s
[INFO] [#1271-diag] path=orig p=13 penalty_rank=12 nullspace_dim=1 rss=2.818758 pen=0.009501 Dp=2.828259 pirls_edf=2.0847 logS=84.504135 logH=99.597477 half_diff=7.546671 h_above1=12 h_min=1.432e-2 h_max=8.465e4 rho=[11.7080,-1.9403] lambda=[1.215e5,1.437e-1]
  H_eig=[8.465e4,8.457e4,1.030e4,1.024e4,8.758e3,8.421e3,8.064e3,5.972e3,3.225e3,1.926e3,7.519e2,1.003e2,1.432e-2]
  Slam_eig=[8.457e4,8.457e4,1.024e4,1.023e4,8.756e3,8.416e3,8.055e3,5.934e3,3.161e3,8.797e2,1.182e-1,5.774e-3,0.000e0]
[INFO] [STAGE] reml_laml cost_only_done k=2 ext_dim=0 dim=13 elapsed=0.000s
[INFO] [OUTER hessian-route] choice=dense reason=kernel_absent n=300 p=13 k=2 callback_kernel=false subspace_trace=false scale_prefers_operator=false dense_workspace_bytes=9464
[INFO] [OUTER hessian-elapsed] choice=dense reason=kernel_absent n=300 p=13 k=2 elapsed=0.000s
[INFO] [HGB] target_mse=1.549e-4 s_i=1.000e0 s_l=1.000e0 s_t=1.000e0 eps²_i=5.162e-5 eps²_l=5.162e-5 eps²_t=5.162e-5 τ=1.000e-10 rtol=7.185e-3 k=0 floor_active=[]
[INFO] [STAGE] outer eval end order=ValueGradientHessian elapsed=0.002s cost=-2.649777e2 |g|=4.130e-2
[INFO] [OUTER] eval#12 (hess) cost=-2.649777e2 |g|=4.130e-2 rho=[11.708,-1.940]
[INFO] [STAGE] outer eval start order=ValueGradientHessian dim=2
[INFO] [reml-geometry] dense_spectral reason=constraints_present p=13 nnz_x=na nnz_h_est=na density_h_est=na threshold=0.1000
[INFO] [IFT-CACHE] outcome=mode_response_hit drho_dim=2 p=13
[INFO] [pirls-path] repeated path=dense_transformed reason=constraints_present count=32 (suppressing identical decisions)
[INFO] [ADAPTIVE-KKT] outer_g_norm=1.000e-10 effective_tol=1.000e-10 floor=1.000e-10 ceiling=1.000e-10
[INFO] [STAGE] PIRLS update_with_curvature iter=1 curvature=Fisher elapsed=0.000s source=rebuilt
[INFO] [PIRLS solve-end] iters=1 elapsed=0.0008s g_norm_initial=4.480e-1 g_norm_final=2.799e-10 convergence_rate=6.249e-10 status=Converged
[INFO] [STAGE] inner pirls solve iters=1 status=Converged max_eta=2.0 jeffreys_logdet=none rows=full(derivative-request) elapsed=0.001s
[INFO] [IFT-QUALITY] quality=9.872e-6 ift=1.012e1 pred_residual=2.511e-5 cap_predicted=1.519e1 iters=1
[INFO] [STAGE] logdet S rho_dim=2 penalty_rank=12 elapsed=0.000s
[INFO] [#1271-diag] path=orig p=13 penalty_rank=12 nullspace_dim=1 rss=2.818785 pen=0.009465 Dp=2.828250 pirls_edf=2.0304 logS=95.146621 logH=110.185574 half_diff=7.519477 h_above1=12 h_min=1.428e-2 h_max=2.453e5 rho=[12.7727,-1.9426] lambda=[3.525e5,1.433e-1]
  H_eig=[2.453e5,2.452e5,2.975e4,2.969e4,2.540e4,2.441e4,2.337e4,1.724e4,9.225e3,3.075e3,1.290e3,1.028e2,1.428e-2]
  Slam_eig=[2.452e5,2.452e5,2.971e4,2.967e4,2.539e4,2.441e4,2.336e4,1.721e4,9.166e3,2.551e3,1.179e-1,5.760e-3,0.000e0]
[INFO] [STAGE] reml_laml cost_only_done k=2 ext_dim=0 dim=13 elapsed=0.000s
[INFO] [OUTER hessian-route] choice=dense reason=kernel_absent n=300 p=13 k=2 callback_kernel=false subspace_trace=false scale_prefers_operator=false dense_workspace_bytes=9464
[INFO] [OUTER hessian-elapsed] choice=dense reason=kernel_absent n=300 p=13 k=2 elapsed=0.000s
[INFO] [HGB] target_mse=1.706e-5 s_i=1.000e0 s_l=1.000e0 s_t=1.000e0 eps²_i=5.687e-6 eps²_l=5.687e-6 eps²_t=5.687e-6 τ=1.000e-10 rtol=2.385e-3 k=0 floor_active=[]
[INFO] [STAGE] outer eval end order=ValueGradientHessian elapsed=0.003s cost=-2.650053e2 |g|=1.485e-2
[INFO] [OUTER] eval#13 (hess) cost=-2.650053e2 |g|=1.485e-2 rho=[12.773,-1.943]
[INFO] [OUTER schedule] inner-PIRLS cap transition (ARC bridge) arc_iter=21 g_ratio=9.573e-3 last_iters=1 converged=true ift_residual=9.872e-6 accept_rho=1.000 prev=3 new=0 (uncapped)
[INFO] [STAGE] outer eval start order=ValueGradientHessian dim=2
[INFO] [reml-geometry] dense_spectral reason=constraints_present p=13 nnz_x=na nnz_h_est=na density_h_est=na threshold=0.1000
[INFO] [IFT-CACHE] outcome=mode_response_hit drho_dim=2 p=13
[INFO] [ADAPTIVE-KKT] outer_g_norm=1.000e-12 effective_tol=1.000e-12 floor=1.000e-12 ceiling=1.000e-12
[INFO] [STAGE] PIRLS update_with_curvature iter=1 curvature=Fisher elapsed=0.000s source=rebuilt
[INFO] [PIRLS iter-end] iter=  1 elapsed=0.0007s lm_lambda=1.00e-9 g_norm=2.518e-10 last_dev_change=1.453e-6 last_halving=1
[INFO] [PIRLS iter-breakdown] iter=  1 attempts=1 curvature=0.001s solve=0.000s predred=0.000s candidate=0.000s other=0.000s
[INFO] [PIRLS lm-trajectory] iter=  1 start_lambda=1.000e-9 final_lambda=1.000e-9 log10_ratio=0.000 accept_rho=1.000 attempts=1
[INFO] [STAGE] PIRLS update_with_curvature iter=2 curvature=Fisher elapsed=0.000s source=reused_prev_accept
[INFO] [PIRLS exact-decrement] applicable=true decrement_sq=9.863725e-24 threshold=1.472657e-13 pass=true gradient_norm=7.877571e-12 relative_gradient=4.475727e-12 dimension_scale=6.244998e1 natural_scale=7.600651e-1 objective=1.414128e0 actual_reduction=2.220446e-16 predicted_reduction=5.070332e-20 linear_model_term=-1.024170e-19 direction_norm=2.690869e-9 data_reduction=7.771561e-15 penalty_reduction=-7.441964e-15
[INFO] [PIRLS solve-end] iters=2 elapsed=0.0016s g_norm_initial=4.031e-1 g_norm_final=7.878e-12 convergence_rate=4.421e-6 status=Converged
[INFO] [STAGE] inner pirls solve iters=2 status=Converged max_eta=2.0 jeffreys_logdet=none rows=full(derivative-request) elapsed=0.002s
[INFO] [IFT-QUALITY] quality=3.242e-6 ift=1.519e1 pred_residual=8.247e-6 cap_predicted=2.278e1 iters=2
[INFO] [STAGE] logdet S rho_dim=2 penalty_rank=12 elapsed=0.000s
[INFO] [#1271-diag] path=orig p=13 penalty_rank=12 nullspace_dim=1 rss=2.818794 pen=0.009461 Dp=2.828255 pirls_edf=2.0110 logS=105.375559 logH=120.394871 half_diff=7.509656 h_above1=12 h_min=1.428e-2 h_max=6.822e5 rho=[13.7956,-1.9426] lambda=[9.802e5,1.433e-1]
  H_eig=[6.822e5,6.821e5,8.265e4,8.255e4,7.063e4,6.788e4,6.498e4,4.789e4,2.555e4,7.465e3,1.447e3,1.037e2,1.428e-2]
  Slam_eig=[6.821e5,6.821e5,8.262e4,8.253e4,7.062e4,6.788e4,6.497e4,4.786e4,2.549e4,7.095e3,1.179e-1,5.760e-3,0.000e0]
[INFO] [STAGE] reml_laml cost_only_done k=2 ext_dim=0 dim=13 elapsed=0.000s
[INFO] [OUTER hessian-route] choice=dense reason=kernel_absent n=300 p=13 k=2 callback_kernel=false subspace_trace=false scale_prefers_operator=false dense_workspace_bytes=9464
[INFO] [OUTER hessian-elapsed] choice=dense reason=kernel_absent n=300 p=13 k=2 elapsed=0.000s
[INFO] [HGB] target_mse=2.204e-6 s_i=1.000e0 s_l=1.000e0 s_t=1.000e0 eps²_i=7.348e-7 eps²_l=7.348e-7 eps²_t=7.348e-7 τ=1.000e-10 rtol=8.572e-4 k=0 floor_active=[]
[INFO] [STAGE] outer eval end order=ValueGradientHessian elapsed=0.003s cost=-2.650149e2 |g|=5.417e-3
[INFO] [OUTER] eval#14 (hess) cost=-2.650149e2 |g|=5.417e-3 rho=[13.796,-1.943]
[INFO] [STAGE] outer eval start order=ValueGradientHessian dim=2
[INFO] [reml-geometry] dense_spectral reason=constraints_present p=13 nnz_x=na nnz_h_est=na density_h_est=na threshold=0.1000
[INFO] [IFT-CACHE] outcome=mode_response_hit drho_dim=2 p=13
[INFO] [ADAPTIVE-KKT] outer_g_norm=1.000e-12 effective_tol=1.000e-12 floor=1.000e-12 ceiling=1.000e-12
[INFO] [STAGE] PIRLS update_with_curvature iter=1 curvature=Fisher elapsed=0.000s source=rebuilt
[INFO] [PIRLS iter-end] iter=  1 elapsed=0.0007s lm_lambda=1.00e-9 g_norm=2.261e-10 last_dev_change=4.934e-7 last_halving=1
[INFO] [PIRLS iter-breakdown] iter=  1 attempts=1 curvature=0.001s solve=0.000s predred=0.000s candidate=0.000s other=0.000s
[INFO] [PIRLS lm-trajectory] iter=  1 start_lambda=1.000e-9 final_lambda=1.000e-9 log10_ratio=0.000 accept_rho=1.000 attempts=1
[INFO] [STAGE] PIRLS update_with_curvature iter=2 curvature=Fisher elapsed=0.000s source=reused_prev_accept
[INFO] [PIRLS exact-decrement] applicable=true decrement_sq=1.519469e-21 threshold=1.472658e-13 pass=true gradient_norm=2.669174e-11 relative_gradient=1.516375e-11 dimension_scale=6.244998e1 natural_scale=7.602337e-1 objective=1.414128e0 actual_reduction=0.000000e0 predicted_reduction=3.473873e-20 linear_model_term=-8.138197e-20 direction_norm=2.555611e-9 data_reduction=4.884981e-15 penalty_reduction=-4.921411e-15
[INFO] [PIRLS solve-end] iters=2 elapsed=0.0016s g_norm_initial=3.882e-1 g_norm_final=2.669e-11 convergence_rate=8.292e-6 status=Converged
[INFO] [STAGE] inner pirls solve iters=2 status=Converged max_eta=2.0 jeffreys_logdet=none rows=full(derivative-request) elapsed=0.002s
[INFO] [IFT-QUALITY] quality=1.147e-6 ift=2.278e1 pred_residual=2.918e-6 cap_predicted=3.417e1 iters=2
[INFO] [STAGE] logdet S rho_dim=2 penalty_rank=12 elapsed=0.000s
[INFO] [#1271-diag] path=orig p=13 penalty_rank=12 nullspace_dim=1 rss=2.818797 pen=0.009459 Dp=2.828257 pirls_edf=2.0040 logS=115.458513 logH=130.470752 half_diff=7.506119 h_above1=12 h_min=1.428e-2 h_max=1.870e6 rho=[14.8039,-1.9426] lambda=[2.687e6,1.433e-1]
  H_eig=[1.870e6,1.870e6,2.265e5,2.262e5,1.936e5,1.861e5,1.781e5,1.312e5,6.993e4,1.978e4,1.486e3,1.040e2,1.428e-2]
  Slam_eig=[1.870e6,1.870e6,2.264e5,2.262e5,1.936e5,1.860e5,1.781e5,1.312e5,6.987e4,1.945e4,1.179e-1,5.760e-3,0.000e0]
[INFO] [STAGE] reml_laml cost_only_done k=2 ext_dim=0 dim=13 elapsed=0.000s
[INFO] [OUTER hessian-route] choice=dense reason=kernel_absent n=300 p=13 k=2 callback_kernel=false subspace_trace=false scale_prefers_operator=false dense_workspace_bytes=9464
[INFO] [OUTER hessian-elapsed] choice=dense reason=kernel_absent n=300 p=13 k=2 elapsed=0.000s
[INFO] [HGB] target_mse=2.934e-7 s_i=1.000e0 s_l=1.000e0 s_t=1.000e0 eps²_i=9.781e-8 eps²_l=9.781e-8 eps²_t=9.781e-8 τ=1.000e-10 rtol=3.127e-4 k=0 floor_active=[]
[INFO] [STAGE] outer eval end order=ValueGradientHessian elapsed=0.003s cost=-2.650183e2 |g|=1.987e-3
[INFO] [OUTER] eval#15 (hess) cost=-2.650183e2 |g|=1.987e-3 rho=[14.804,-1.943]
[INFO] [STAGE] outer eval start order=ValueGradientHessian dim=2
[INFO] [reml-geometry] dense_spectral reason=constraints_present p=13 nnz_x=na nnz_h_est=na density_h_est=na threshold=0.1000
[INFO] [IFT-CACHE] outcome=mode_response_hit drho_dim=2 p=13
[INFO] [ADAPTIVE-KKT] outer_g_norm=1.000e-12 effective_tol=1.000e-12 floor=1.000e-12 ceiling=1.000e-12
[INFO] [STAGE] PIRLS update_with_curvature iter=1 curvature=Fisher elapsed=0.000s source=rebuilt
[INFO] [PIRLS iter-end] iter=  1 elapsed=0.0007s lm_lambda=1.00e-9 g_norm=2.379e-10 last_dev_change=1.763e-7 last_halving=1
[INFO] [PIRLS iter-breakdown] iter=  1 attempts=1 curvature=0.000s solve=0.000s predred=0.000s candidate=0.000s other=0.000s
[INFO] [PIRLS lm-trajectory] iter=  1 start_lambda=1.000e-9 final_lambda=1.000e-9 log10_ratio=0.000 accept_rho=1.000 attempts=1
[INFO] [STAGE] PIRLS update_with_curvature iter=2 curvature=Fisher elapsed=0.000s source=reused_prev_accept
[INFO] [PIRLS exact-decrement] applicable=true decrement_sq=3.070678e-21 threshold=1.472658e-13 pass=true gradient_norm=3.593081e-11 relative_gradient=2.041181e-11 dimension_scale=6.244998e1 natural_scale=7.602952e-1 objective=1.414129e0 actual_reduction=-4.440892e-16 predicted_reduction=6.424826e-20 linear_model_term=-1.114695e-19 direction_norm=2.571299e-9 data_reduction=5.329071e-15 penalty_reduction=-5.757547e-15
[INFO] [PIRLS solve-end] iters=2 elapsed=0.0015s g_norm_initial=3.829e-1 g_norm_final=3.593e-11 convergence_rate=9.687e-6 status=Converged
[INFO] [STAGE] inner pirls solve iters=2 status=Converged max_eta=2.0 jeffreys_logdet=none rows=full(derivative-request) elapsed=0.002s
[INFO] [IFT-QUALITY] quality=4.161e-7 ift=3.417e1 pred_residual=1.058e-6 cap_predicted=5.126e1 iters=2
[INFO] [STAGE] logdet S rho_dim=2 penalty_rank=12 elapsed=0.000s
[INFO] [#1271-diag] path=orig p=13 penalty_rank=12 nullspace_dim=1 rss=2.818799 pen=0.009459 Dp=2.828257 pirls_edf=2.0014 logS=125.488339 logH=140.497995 half_diff=7.504828 h_above1=12 h_min=1.428e-2 h_max=5.097e6 rho=[15.8068,-1.9426] lambda=[7.325e6,1.433e-1]
  H_eig=[5.097e6,5.097e6,6.174e5,6.168e5,5.278e5,5.072e5,4.855e5,3.577e5,1.906e5,5.334e4,1.498e3,1.041e2,1.428e-2]
  Slam_eig=[5.097e6,5.097e6,6.174e5,6.167e5,5.278e5,5.072e5,4.855e5,3.577e5,1.905e5,5.302e4,1.179e-1,5.760e-3,0.000e0]
[INFO] [STAGE] reml_laml cost_only_done k=2 ext_dim=0 dim=13 elapsed=0.000s
[INFO] [OUTER hessian-route] choice=dense reason=kernel_absent n=300 p=13 k=2 callback_kernel=false subspace_trace=false scale_prefers_operator=false dense_workspace_bytes=9464
[INFO] [OUTER hessian-elapsed] choice=dense reason=kernel_absent n=300 p=13 k=2 elapsed=0.000s
[INFO] [HGB] target_mse=3.947e-8 s_i=1.000e0 s_l=1.000e0 s_t=1.000e0 eps²_i=1.316e-8 eps²_l=1.316e-8 eps²_t=1.316e-8 τ=1.000e-10 rtol=1.147e-4 k=0 floor_active=[]
[INFO] [STAGE] outer eval end order=ValueGradientHessian elapsed=0.003s cost=-2.650196e2 |g|=7.300e-4
[INFO] [OUTER] eval#16 (hess) cost=-2.650196e2 |g|=7.300e-4 rho=[15.807,-1.943]
[INFO] [STAGE] outer eval start order=ValueGradientHessian dim=2
[INFO] [reml-geometry] dense_spectral reason=constraints_present p=13 nnz_x=na nnz_h_est=na density_h_est=na threshold=0.1000
[INFO] [IFT-CACHE] outcome=mode_response_hit drho_dim=2 p=13
[INFO] [ADAPTIVE-KKT] outer_g_norm=1.000e-12 effective_tol=1.000e-12 floor=1.000e-12 ceiling=1.000e-12
[INFO] [STAGE] PIRLS update_with_curvature iter=1 curvature=Fisher elapsed=0.000s source=rebuilt
[INFO] [PIRLS iter-end] iter=  1 elapsed=0.0007s lm_lambda=1.00e-9 g_norm=1.435e-10 last_dev_change=6.413e-8 last_halving=1
[INFO] [PIRLS iter-breakdown] iter=  1 attempts=1 curvature=0.001s solve=0.000s predred=0.000s candidate=0.000s other=0.000s
[INFO] [PIRLS lm-trajectory] iter=  1 start_lambda=1.000e-9 final_lambda=1.000e-9 log10_ratio=0.000 accept_rho=1.000 attempts=1
[INFO] [STAGE] PIRLS update_with_curvature iter=2 curvature=Fisher elapsed=0.000s source=reused_prev_accept
[INFO] [PIRLS exact-decrement] applicable=true decrement_sq=3.054811e-20 threshold=1.472658e-13 pass=true gradient_norm=9.634323e-11 relative_gradient=5.473059e-11 dimension_scale=6.244998e1 natural_scale=7.603178e-1 objective=1.414129e0 actual_reduction=-2.220446e-16 predicted_reduction=-1.480422e-20 linear_model_term=4.409190e-21 direction_norm=1.205780e-9 data_reduction=5.551115e-15 penalty_reduction=-5.764486e-15
[INFO] [PIRLS solve-end] iters=2 elapsed=0.0015s g_norm_initial=3.809e-1 g_norm_final=9.634e-11 convergence_rate=1.590e-5 status=Converged
[INFO] [STAGE] inner pirls solve iters=2 status=Converged max_eta=2.0 jeffreys_logdet=none rows=full(derivative-request) elapsed=0.003s
[INFO] [IFT-QUALITY] quality=1.523e-7 ift=5.126e1 pred_residual=3.874e-7 cap_predicted=7.689e1 iters=2
[INFO] [STAGE] logdet S rho_dim=2 penalty_rank=12 elapsed=0.000s
[INFO] [#1271-diag] path=orig p=13 penalty_rank=12 nullspace_dim=1 rss=2.818799 pen=0.009458 Dp=2.828257 pirls_edf=2.0005 logS=135.497624 logH=150.506333 half_diff=7.504355 h_above1=12 h_min=1.428e-2 h_max=1.387e7 rho=[16.8078,-1.9426] lambda=[1.993e7,1.433e-1]
  H_eig=[1.387e7,1.387e7,1.680e6,1.678e6,1.436e6,1.380e6,1.321e6,9.731e5,5.184e5,1.446e5,1.502e3,1.041e2,1.428e-2]
  Slam_eig=[1.387e7,1.387e7,1.680e6,1.678e6,1.436e6,1.380e6,1.321e6,9.731e5,5.183e5,1.443e5,1.179e-1,5.760e-3,0.000e0]
[INFO] [STAGE] reml_laml cost_only_done k=2 ext_dim=0 dim=13 elapsed=0.000s
[INFO] [OUTER hessian-route] choice=dense reason=kernel_absent n=300 p=13 k=2 callback_kernel=false subspace_trace=false scale_prefers_operator=false dense_workspace_bytes=9464
[INFO] [OUTER hessian-elapsed] choice=dense reason=kernel_absent n=300 p=13 k=2 elapsed=0.000s
[INFO] [HGB] small-sample fallback to defaults: pairs=2, threshold=3
[INFO] [HGB] target_mse=5.329e-9 s_i=1.000e0 s_l=1.000e0 s_t=1.000e0 eps²_i=1.776e-9 eps²_l=1.776e-9 eps²_t=1.776e-9 τ=1.000e-10 rtol=4.215e-5 k=0 floor_active=[]
[INFO] [STAGE] outer eval end order=ValueGradientHessian elapsed=0.004s cost=-2.650200e2 |g|=2.684e-4
[INFO] [OUTER] eval#17 (hess) cost=-2.650200e2 |g|=2.684e-4 rho=[16.808,-1.943]
[INFO] [STAGE] outer eval start order=ValueGradientHessian dim=2
[INFO] [reml-geometry] dense_spectral reason=constraints_present p=13 nnz_x=na nnz_h_est=na density_h_est=na threshold=0.1000
[INFO] [IFT-CACHE] outcome=mode_response_hit drho_dim=2 p=13
[INFO] [ADAPTIVE-KKT] outer_g_norm=1.000e-12 effective_tol=1.000e-12 floor=1.000e-12 ceiling=1.000e-12
[INFO] [STAGE] PIRLS update_with_curvature iter=1 curvature=Fisher elapsed=0.000s source=rebuilt
[INFO] [PIRLS iter-end] iter=  1 elapsed=0.0007s lm_lambda=1.00e-9 g_norm=3.502e-10 last_dev_change=2.347e-8 last_halving=1
[INFO] [PIRLS iter-breakdown] iter=  1 attempts=1 curvature=0.001s solve=0.000s predred=0.000s candidate=0.000s other=0.000s
[INFO] [PIRLS lm-trajectory] iter=  1 start_lambda=1.000e-9 final_lambda=1.000e-9 log10_ratio=0.000 accept_rho=1.000 attempts=1
[INFO] [STAGE] PIRLS update_with_curvature iter=2 curvature=Fisher elapsed=0.000s source=reused_prev_accept
[INFO] [PIRLS exact-decrement] applicable=true decrement_sq=2.976533e-20 threshold=1.472658e-13 pass=true gradient_norm=3.633846e-10 relative_gradient=2.064303e-10 dimension_scale=6.244998e1 natural_scale=7.603260e-1 objective=1.414129e0 actual_reduction=-2.220446e-16 predicted_reduction=-1.092491e-21 linear_model_term=-5.622060e-20 direction_norm=2.832915e-9 data_reduction=3.552714e-15 penalty_reduction=-3.831137e-15
[INFO] [PIRLS solve-end] iters=2 elapsed=0.0015s g_norm_initial=3.798e-1 g_norm_final=3.634e-10 convergence_rate=3.093e-5 status=Converged
[INFO] [STAGE] inner pirls solve iters=2 status=Converged max_eta=2.0 jeffreys_logdet=none rows=full(derivative-request) elapsed=0.002s
[INFO] [IFT-QUALITY] quality=5.596e-8 ift=7.689e1 pred_residual=1.423e-7 cap_predicted=1.153e2 iters=2
[INFO] [STAGE] logdet S rho_dim=2 penalty_rank=12 elapsed=0.000s
[INFO] [#1271-diag] path=orig p=13 penalty_rank=12 nullspace_dim=1 rss=2.818799 pen=0.009458 Dp=2.828258 pirls_edf=2.0001 logS=145.496487 logH=160.504849 half_diff=7.504181 h_above1=12 h_min=1.428e-2 h_max=3.769e7 rho=[17.8077,-1.9426] lambda=[5.417e7,1.433e-1]
  H_eig=[3.769e7,3.769e7,4.566e6,4.561e6,3.903e6,3.751e6,3.590e6,2.645e6,1.409e6,3.924e5,1.504e3,1.041e2,1.428e-2]
  Slam_eig=[3.769e7,3.769e7,4.566e6,4.561e6,3.903e6,3.751e6,3.590e6,2.645e6,1.409e6,3.921e5,1.179e-1,5.760e-3,0.000e0]
[INFO] [STAGE] reml_laml cost_only_done k=2 ext_dim=0 dim=13 elapsed=0.000s
[INFO] [OUTER hessian-route] choice=dense reason=kernel_absent n=300 p=13 k=2 callback_kernel=false subspace_trace=false scale_prefers_operator=false dense_workspace_bytes=9464
[INFO] [OUTER hessian-elapsed] choice=dense reason=kernel_absent n=300 p=13 k=2 elapsed=0.000s
[INFO] [HGB] small-sample fallback to defaults: pairs=2, threshold=3
[INFO] [HGB] target_mse=7.205e-10 s_i=1.000e0 s_l=1.000e0 s_t=1.000e0 eps²_i=2.402e-10 eps²_l=2.402e-10 eps²_t=2.402e-10 τ=1.000e-10 rtol=1.550e-5 k=0 floor_active=[]
[INFO] [STAGE] outer eval end order=ValueGradientHessian elapsed=0.004s cost=-2.650202e2 |g|=9.870e-5
[INFO] [OUTER] eval#18 (hess) cost=-2.650202e2 |g|=9.870e-5 rho=[17.808,-1.943]
[INFO] [OUTER] ARC finite cost stall deferred to exact second-order convergence: REML objective improved < 1.000e-7 (relative) over 3 consecutive outer steps and the stored best projected gradient is small (|g|=9.870e-5; bound 2.660e-1 set by score-relative; terms: solver-band 1.000e-3, score-relative 2.660e-1, probe-noise 4.605e-4 (sigma=4.619e-4 / delta=1.003e0)), but only ARC owns the synchronized reduced-Hessian certificate (value=-2.650202e2).
[INFO] [STAGE] outer eval start order=ValueGradientHessian dim=2
[INFO] [reml-geometry] dense_spectral reason=constraints_present p=13 nnz_x=na nnz_h_est=na density_h_est=na threshold=0.1000
[INFO] [IFT-CACHE] outcome=mode_response_hit drho_dim=2 p=13
[INFO] [ADAPTIVE-KKT] outer_g_norm=1.000e-12 effective_tol=1.000e-12 floor=1.000e-12 ceiling=1.000e-12
[INFO] [STAGE] PIRLS update_with_curvature iter=1 curvature=Fisher elapsed=0.000s source=rebuilt
[INFO] [PIRLS iter-end] iter=  1 elapsed=0.0007s lm_lambda=1.00e-9 g_norm=1.436e-9 last_dev_change=8.591e-9 last_halving=1
[INFO] [PIRLS iter-breakdown] iter=  1 attempts=1 curvature=0.001s solve=0.000s predred=0.000s candidate=0.000s other=0.000s
[INFO] [PIRLS lm-trajectory] iter=  1 start_lambda=1.000e-9 final_lambda=1.000e-9 log10_ratio=0.000 accept_rho=1.000 attempts=1
[INFO] [STAGE] PIRLS update_with_curvature iter=2 curvature=Fisher elapsed=0.000s source=reused_prev_accept
[INFO] [PIRLS exact-decrement] applicable=true decrement_sq=4.213435e-19 threshold=1.472658e-13 pass=true gradient_norm=2.594121e-9 relative_gradient=1.473657e-9 dimension_scale=6.244998e1 natural_scale=7.603291e-1 objective=1.414129e0 actual_reduction=-6.661338e-16 predicted_reduction=-2.053409e-19 linear_model_term=5.635350e-20 direction_norm=4.567282e-9 data_reduction=9.325873e-15 penalty_reduction=-9.834147e-15
[INFO] [PIRLS solve-end] iters=2 elapsed=0.0016s g_norm_initial=3.786e-1 g_norm_final=2.594e-9 convergence_rate=8.277e-5 status=Converged
[INFO] [STAGE] inner pirls solve iters=2 status=Converged max_eta=2.0 jeffreys_logdet=none rows=full(derivative-request) elapsed=0.003s
[INFO] [IFT-QUALITY] quality=2.047e-8 ift=1.153e2 pred_residual=5.206e-8 cap_predicted=1.730e2 iters=2
[INFO] [STAGE] logdet S rho_dim=2 penalty_rank=12 elapsed=0.000s
[INFO] [#1271-diag] path=orig p=13 penalty_rank=12 nullspace_dim=1 rss=2.818799 pen=0.009458 Dp=2.828258 pirls_edf=2.0000 logS=155.483671 logH=170.491904 half_diff=7.504116 h_above1=12 h_min=1.428e-2 h_max=1.023e8 rho=[18.8064,-1.9426] lambda=[1.471e8,1.433e-1]
  H_eig=[1.023e8,1.023e8,1.239e7,1.238e7,1.060e7,1.018e7,9.747e6,7.180e6,3.825e6,1.065e6,1.505e3,1.041e2,1.428e-2]
  Slam_eig=[1.023e8,1.023e8,1.239e7,1.238e7,1.060e7,1.018e7,9.747e6,7.180e6,3.825e6,1.064e6,1.179e-1,5.760e-3,0.000e0]
[INFO] [STAGE] reml_laml cost_only_done k=2 ext_dim=0 dim=13 elapsed=0.000s
[INFO] [OUTER hessian-route] choice=dense reason=kernel_absent n=300 p=13 k=2 callback_kernel=false subspace_trace=false scale_prefers_operator=false dense_workspace_bytes=9464
[INFO] [OUTER hessian-elapsed] choice=dense reason=kernel_absent n=300 p=13 k=2 elapsed=0.000s
[INFO] [HGB] small-sample fallback to defaults: pairs=2, threshold=3
[INFO] [HGB] target_mse=9.742e-11 s_i=1.000e0 s_l=1.000e0 s_t=1.000e0 eps²_i=3.247e-11 eps²_l=3.247e-11 eps²_t=3.247e-11 τ=1.000e-10 rtol=5.698e-6 k=0 floor_active=[]
[INFO] [STAGE] outer eval end order=ValueGradientHessian elapsed=0.004s cost=-2.650203e2 |g|=3.628e-5
[INFO] [OUTER] eval#19 (hess) cost=-2.650203e2 |g|=3.628e-5 rho=[18.806,-1.943]
[INFO] [STAGE] outer eval start order=ValueGradientHessian dim=2
[INFO] [reml-geometry] dense_spectral reason=constraints_present p=13 nnz_x=na nnz_h_est=na density_h_est=na threshold=0.1000
[INFO] [IFT-CACHE] outcome=mode_response_hit drho_dim=2 p=13
[INFO] [ADAPTIVE-KKT] outer_g_norm=1.000e-12 effective_tol=1.000e-12 floor=1.000e-12 ceiling=1.000e-12
[INFO] [STAGE] PIRLS update_with_curvature iter=1 curvature=Fisher elapsed=0.000s source=rebuilt
[INFO] [PIRLS iter-end] iter=  1 elapsed=0.0007s lm_lambda=1.00e-9 g_norm=2.244e-9 last_dev_change=3.129e-9 last_halving=1
[INFO] [PIRLS iter-breakdown] iter=  1 attempts=1 curvature=0.001s solve=0.000s predred=0.000s candidate=0.000s other=0.000s
[INFO] [PIRLS lm-trajectory] iter=  1 start_lambda=1.000e-9 final_lambda=1.000e-9 log10_ratio=0.000 accept_rho=1.000 attempts=1
[INFO] [STAGE] PIRLS update_with_curvature iter=2 curvature=Fisher elapsed=0.000s source=reused_prev_accept
[INFO] [PIRLS exact-decrement] applicable=true decrement_sq=4.060377e-18 threshold=1.472658e-13 pass=true gradient_norm=2.812807e-9 relative_gradient=1.597886e-9 dimension_scale=6.244998e1 natural_scale=7.603302e-1 objective=1.414129e0 actual_reduction=2.220446e-16 predicted_reduction=-7.977477e-19 linear_model_term=6.977690e-19 direction_norm=3.721935e-9 data_reduction=3.930190e-14 penalty_reduction=-3.911108e-14
[INFO] [PIRLS solve-end] iters=2 elapsed=0.0015s g_norm_initial=3.760e-1 g_norm_final=2.813e-9 convergence_rate=8.649e-5 status=Converged
[INFO] [STAGE] inner pirls solve iters=2 status=Converged max_eta=2.0 jeffreys_logdet=none rows=full(derivative-request) elapsed=0.003s
[INFO] [IFT-QUALITY] quality=7.528e-9 ift=1.730e2 pred_residual=1.915e-8 cap_predicted=2.595e2 iters=2
[INFO] [STAGE] logdet S rho_dim=2 penalty_rank=12 elapsed=0.000s
[INFO] [#1271-diag] path=orig p=13 penalty_rank=12 nullspace_dim=1 rss=2.818799 pen=0.009458 Dp=2.828258 pirls_edf=1.9999 logS=165.445223 logH=180.453409 half_diff=7.504093 h_above1=12 h_min=1.428e-2 h_max=2.771e8 rho=[19.8025,-1.9426] lambda=[3.982e8,1.433e-1]
  H_eig=[2.771e8,2.771e8,3.356e7,3.353e7,2.869e7,2.758e7,2.639e7,1.944e7,1.036e7,2.883e6,1.505e3,1.041e2,1.428e-2]
  Slam_eig=[2.771e8,2.771e8,3.356e7,3.353e7,2.869e7,2.758e7,2.639e7,1.944e7,1.036e7,2.882e6,1.179e-1,5.760e-3,0.000e0]
[INFO] [STAGE] reml_laml cost_only_done k=2 ext_dim=0 dim=13 elapsed=0.000s
[INFO] [OUTER hessian-route] choice=dense reason=kernel_absent n=300 p=13 k=2 callback_kernel=false subspace_trace=false scale_prefers_operator=false dense_workspace_bytes=9464
[INFO] [OUTER hessian-elapsed] choice=dense reason=kernel_absent n=300 p=13 k=2 elapsed=0.000s
[INFO] [HGB] target_mse=1.316e-11 s_i=1.000e0 s_l=1.000e0 s_t=1.000e0 eps²_i=4.387e-12 eps²_l=4.387e-12 eps²_t=4.387e-12 τ=1.000e-10 rtol=2.094e-6 k=0 floor_active=[]
[INFO] [STAGE] outer eval end order=ValueGradientHessian elapsed=0.004s cost=-2.650203e2 |g|=1.331e-5
[INFO] [OUTER] eval#20 (hess) cost=-2.650203e2 |g|=1.331e-5 rho=[19.803,-1.943]
[INFO] [STAGE] outer eval start order=ValueGradientHessian dim=2
[INFO] [reml-geometry] dense_spectral reason=constraints_present p=13 nnz_x=na nnz_h_est=na density_h_est=na threshold=0.1000
[INFO] [IFT-CACHE] outcome=mode_response_hit drho_dim=2 p=13
[INFO] [ADAPTIVE-KKT] outer_g_norm=1.000e-12 effective_tol=1.000e-12 floor=1.000e-12 ceiling=1.000e-12
[INFO] [STAGE] PIRLS update_with_curvature iter=1 curvature=Fisher elapsed=0.000s source=rebuilt
[INFO] [PIRLS iter-end] iter=  1 elapsed=0.0007s lm_lambda=1.00e-9 g_norm=8.451e-9 last_dev_change=1.121e-9 last_halving=1
[INFO] [PIRLS iter-breakdown] iter=  1 attempts=1 curvature=0.001s solve=0.000s predred=0.000s candidate=0.000s other=0.000s
[INFO] [PIRLS lm-trajectory] iter=  1 start_lambda=1.000e-9 final_lambda=1.000e-9 log10_ratio=0.000 accept_rho=1.000 attempts=1
[INFO] [STAGE] PIRLS update_with_curvature iter=2 curvature=Fisher elapsed=0.000s source=reused_prev_accept
[INFO] [PIRLS exact-decrement] applicable=true decrement_sq=2.529201e-16 threshold=1.472658e-13 pass=true gradient_norm=6.800235e-9 relative_gradient=3.863044e-9 dimension_scale=6.244998e1 natural_scale=7.603306e-1 objective=1.414129e0 actual_reduction=-6.661338e-16 predicted_reduction=-8.408924e-17 linear_model_term=6.165794e-17 direction_norm=5.604477e-8 data_reduction=3.086420e-14 penalty_reduction=-3.147482e-14
[INFO] [PIRLS solve-end] iters=2 elapsed=0.0015s g_norm_initial=3.692e-1 g_norm_final=6.800e-9 convergence_rate=1.357e-4 status=Converged
[INFO] [STAGE] inner pirls solve iters=2 status=Converged max_eta=2.0 jeffreys_logdet=none rows=full(derivative-request) elapsed=0.003s
[INFO] [IFT-QUALITY] quality=2.748e-9 ift=2.595e2 pred_residual=6.990e-9 cap_predicted=3.892e2 iters=2
[INFO] [STAGE] logdet S rho_dim=2 penalty_rank=12 elapsed=0.000s
[INFO] [#1271-diag] path=orig p=13 penalty_rank=12 nullspace_dim=1 rss=2.818799 pen=0.009458 Dp=2.828258 pirls_edf=1.9999 logS=175.339638 logH=190.347806 half_diff=7.504084 h_above1=12 h_min=1.428e-2 h_max=7.453e8 rho=[20.7920,-1.9426] lambda=[1.071e9,1.433e-1]
  H_eig=[7.453e8,7.453e8,9.028e7,9.018e7,7.717e7,7.417e7,7.099e7,5.230e7,2.786e7,7.753e6,1.505e3,1.041e2,1.428e-2]
  Slam_eig=[7.453e8,7.453e8,9.028e7,9.018e7,7.717e7,7.417e7,7.099e7,5.230e7,2.786e7,7.752e6,1.179e-1,5.760e-3,0.000e0]
[INFO] [STAGE] reml_laml cost_only_done k=2 ext_dim=0 dim=13 elapsed=0.000s
[INFO] [OUTER hessian-route] choice=dense reason=kernel_absent n=300 p=13 k=2 callback_kernel=false subspace_trace=false scale_prefers_operator=false dense_workspace_bytes=9464
[INFO] [OUTER hessian-elapsed] choice=dense reason=kernel_absent n=300 p=13 k=2 elapsed=0.000s
[WARN] [HGB] target_mse below mandatory floors; target_mse=1.773e-12 floors=3.000e-12
[INFO] [HGB] target_mse=1.773e-12 s_i=1.000e0 s_l=1.000e0 s_t=1.000e0 eps²_i=1.000e-12 eps²_l=1.000e-12 eps²_t=1.000e-12 τ=1.000e-10 rtol=1.000e-6 k=0 floor_active=[i,l,t]
[INFO] [STAGE] outer eval end order=ValueGradientHessian elapsed=0.004s cost=-2.650203e2 |g|=4.896e-6
[INFO] [OUTER] eval#21 (hess) cost=-2.650203e2 |g|=4.896e-6 rho=[20.792,-1.943]
[INFO] [OUTER] ARC finite cost stall deferred to exact second-order convergence: REML objective improved < 1.000e-7 (relative) over 3 consecutive outer steps and the stored best projected gradient is small (|g|=4.896e-6; bound 2.660e-1 set by score-relative; terms: solver-band 1.000e-3, score-relative 2.660e-1, probe-noise 2.271e-5 (sigma=2.268e-5 / delta=9.987e-1)), but only ARC owns the synchronized reduced-Hessian certificate (value=-2.650203e2).
[INFO] [STAGE] outer eval start order=ValueGradientHessian dim=2
[INFO] [reml-geometry] dense_spectral reason=constraints_present p=13 nnz_x=na nnz_h_est=na density_h_est=na threshold=0.1000
[INFO] [IFT-CACHE] outcome=mode_response_hit drho_dim=2 p=13
[INFO] [ADAPTIVE-KKT] outer_g_norm=1.000e-12 effective_tol=1.000e-12 floor=1.000e-12 ceiling=1.000e-12
[INFO] [STAGE] PIRLS update_with_curvature iter=1 curvature=Fisher elapsed=0.000s source=rebuilt
[INFO] [PIRLS iter-end] iter=  1 elapsed=0.0007s lm_lambda=1.00e-9 g_norm=1.754e-8 last_dev_change=3.845e-10 last_halving=1
[INFO] [PIRLS iter-breakdown] iter=  1 attempts=1 curvature=0.001s solve=0.000s predred=0.000s candidate=0.000s other=0.000s
[INFO] [PIRLS lm-trajectory] iter=  1 start_lambda=1.000e-9 final_lambda=1.000e-9 log10_ratio=0.000 accept_rho=1.000 attempts=1
[INFO] [STAGE] PIRLS update_with_curvature iter=2 curvature=Fisher elapsed=0.000s source=reused_prev_accept
[INFO] [PIRLS exact-decrement] applicable=true decrement_sq=2.895801e-17 threshold=1.472658e-13 pass=true gradient_norm=3.668260e-8 relative_gradient=2.083847e-8 dimension_scale=6.244998e1 natural_scale=7.603308e-1 objective=1.414129e0 actual_reduction=2.220446e-16 predicted_reduction=1.695596e-17 linear_model_term=-2.020435e-17 direction_norm=2.132052e-8 data_reduction=8.104628e-14 penalty_reduction=-8.093786e-14
[INFO] [PIRLS solve-end] iters=2 elapsed=0.0015s g_norm_initial=3.514e-1 g_norm_final=3.668e-8 convergence_rate=3.231e-4 status=Converged
[INFO] [STAGE] inner pirls solve iters=2 status=Converged max_eta=2.0 jeffreys_logdet=none rows=full(derivative-request) elapsed=0.003s
[INFO] [IFT-QUALITY] quality=9.902e-10 ift=3.892e2 pred_residual=2.518e-9 cap_predicted=5.839e2 iters=2
[INFO] [STAGE] logdet S rho_dim=2 penalty_rank=12 elapsed=0.000s
[INFO] [#1271-diag] path=orig p=13 penalty_rank=12 nullspace_dim=1 rss=2.818799 pen=0.009458 Dp=2.828258 pirls_edf=1.9999 logS=185.055044 logH=200.063207 half_diff=7.504082 h_above1=12 h_min=1.428e-2 h_max=1.969e9 rho=[21.7635,-1.9426] lambda=[2.830e9,1.433e-1]
  H_eig=[1.969e9,1.969e9,2.385e8,2.383e8,2.039e8,1.960e8,1.876e8,1.382e8,7.360e7,2.048e7,1.505e3,1.041e2,1.428e-2]
  Slam_eig=[1.969e9,1.969e9,2.385e8,2.383e8,2.039e8,1.960e8,1.876e8,1.382e8,7.360e7,2.048e7,1.179e-1,5.760e-3,0.000e0]
[INFO] [STAGE] reml_laml cost_only_done k=2 ext_dim=0 dim=13 elapsed=0.000s
[INFO] [OUTER hessian-route] choice=dense reason=kernel_absent n=300 p=13 k=2 callback_kernel=false subspace_trace=false scale_prefers_operator=false dense_workspace_bytes=9464
[INFO] [OUTER hessian-elapsed] choice=dense reason=kernel_absent n=300 p=13 k=2 elapsed=0.000s
[WARN] [HGB] target_mse below mandatory floors; target_mse=2.397e-13 floors=3.000e-12
[INFO] [HGB] target_mse=2.397e-13 s_i=1.000e0 s_l=1.000e0 s_t=1.000e0 eps²_i=1.000e-12 eps²_l=1.000e-12 eps²_t=1.000e-12 τ=1.000e-10 rtol=1.000e-6 k=0 floor_active=[i,l,t]
[INFO] [STAGE] outer eval end order=ValueGradientHessian elapsed=0.005s cost=-2.650203e2 |g|=2.075e-6
[INFO] [OUTER] eval#22 (hess) cost=-2.650203e2 |g|=2.075e-6 rho=[21.764,-1.943]
[INFO] [reml-geometry] dense_spectral reason=constraints_present p=13 nnz_x=na nnz_h_est=na density_h_est=na threshold=0.1000
[INFO] [STAGE] PIRLS update_with_curvature iter=1 curvature=Fisher elapsed=0.000s source=rebuilt
[INFO] [PIRLS iter-end] iter=  1 elapsed=0.0007s lm_lambda=3.33e-7 g_norm=3.066e1 last_dev_change=4.807e1 last_halving=1
[INFO] [PIRLS iter-breakdown] iter=  1 attempts=1 curvature=0.001s solve=0.000s predred=0.000s candidate=0.000s other=0.000s
[INFO] [PIRLS lm-trajectory] iter=  1 start_lambda=1.000e-6 final_lambda=3.333e-7 log10_ratio=-0.477 accept_rho=1.000 attempts=1
[INFO] [STAGE] PIRLS update_with_curvature iter=2 curvature=Fisher elapsed=0.000s source=reused_prev_accept
[INFO] [PIRLS iter-end] iter=  2 elapsed=0.0004s lm_lambda=1.11e-7 g_norm=3.396e0 last_dev_change=3.825e0 last_halving=1
[INFO] [PIRLS iter-breakdown] iter=  2 attempts=1 curvature=0.000s solve=0.000s predred=0.000s candidate=0.000s other=0.000s
[INFO] [PIRLS lm-trajectory] iter=  2 start_lambda=3.333e-7 final_lambda=1.111e-7 log10_ratio=-0.477 accept_rho=1.000 attempts=1
[INFO] [STAGE] PIRLS update_with_curvature iter=3 curvature=Fisher elapsed=0.000s source=reused_prev_accept
[INFO] [PIRLS iter-end] iter=  3 elapsed=0.0005s lm_lambda=3.70e-8 g_norm=1.199e-1 last_dev_change=4.800e-2 last_halving=1
[INFO] [PIRLS iter-breakdown] iter=  3 attempts=1 curvature=0.000s solve=0.000s predred=0.000s candidate=0.000s other=0.000s
[INFO] [PIRLS lm-trajectory] iter=  3 start_lambda=1.111e-7 final_lambda=3.704e-8 log10_ratio=-0.477 accept_rho=1.000 attempts=1
[INFO] [STAGE] PIRLS update_with_curvature iter=4 curvature=Fisher elapsed=0.000s source=reused_prev_accept
[INFO] [PIRLS iter-end] iter=  4 elapsed=0.0004s lm_lambda=1.23e-8 g_norm=1.811e-2 last_dev_change=4.006e-4 last_halving=1
[INFO] [PIRLS iter-breakdown] iter=  4 attempts=1 curvature=0.000s solve=0.000s predred=0.000s candidate=0.000s other=0.000s
[INFO] [PIRLS lm-trajectory] iter=  4 start_lambda=3.704e-8 final_lambda=1.235e-8 log10_ratio=-0.477 accept_rho=1.000 attempts=1
[INFO] [STAGE] PIRLS update_with_curvature iter=5 curvature=Fisher elapsed=0.000s source=reused_prev_accept
[INFO] [PIRLS iter-end] iter=  5 elapsed=0.0005s lm_lambda=4.12e-9 g_norm=1.658e-2 last_dev_change=9.114e-4 last_halving=1
[INFO] [PIRLS iter-breakdown] iter=  5 attempts=1 curvature=0.000s solve=0.000s predred=0.000s candidate=0.000s other=0.000s
[INFO] [PIRLS lm-trajectory] iter=  5 start_lambda=1.235e-8 final_lambda=4.115e-9 log10_ratio=-0.477 accept_rho=1.000 attempts=1
[INFO] [STAGE] PIRLS update_with_curvature iter=6 curvature=Fisher elapsed=0.000s source=reused_prev_accept
[INFO] [PIRLS iter-end] iter=  6 elapsed=0.0004s lm_lambda=1.37e-9 g_norm=1.485e-2 last_dev_change=2.278e-3 last_halving=1
[INFO] [PIRLS iter-breakdown] iter=  6 attempts=1 curvature=0.000s solve=0.000s predred=0.000s candidate=0.000s other=0.000s
[INFO] [PIRLS lm-trajectory] iter=  6 start_lambda=4.115e-9 final_lambda=1.372e-9 log10_ratio=-0.477 accept_rho=1.000 attempts=1
[INFO] [STAGE] PIRLS update_with_curvature iter=7 curvature=Fisher elapsed=0.000s source=reused_prev_accept
[INFO] [PIRLS iter-end] iter=  7 elapsed=0.0004s lm_lambda=1.00e-9 g_norm=1.101e-2 last_dev_change=4.169e-3 last_halving=1
[INFO] [PIRLS iter-breakdown] iter=  7 attempts=1 curvature=0.000s solve=0.000s predred=0.000s candidate=0.000s other=0.000s
[INFO] [PIRLS lm-trajectory] iter=  7 start_lambda=1.372e-9 final_lambda=1.000e-9 log10_ratio=-0.137 accept_rho=1.000 attempts=1
[INFO] [STAGE] PIRLS update_with_curvature iter=8 curvature=Fisher elapsed=0.000s source=reused_prev_accept
[INFO] [PIRLS iter-end] iter=  8 elapsed=0.0004s lm_lambda=1.00e-9 g_norm=7.449e-3 last_dev_change=2.761e-3 last_halving=1
[INFO] [PIRLS iter-breakdown] iter=  8 attempts=1 curvature=0.000s solve=0.000s predred=0.000s candidate=0.000s other=0.000s
[INFO] [PIRLS lm-trajectory] iter=  8 start_lambda=1.000e-9 final_lambda=1.000e-9 log10_ratio=0.000 accept_rho=1.000 attempts=1
[INFO] [STAGE] PIRLS update_with_curvature iter=9 curvature=Fisher elapsed=0.000s source=reused_prev_accept
[INFO] [PIRLS iter-end] iter=  9 elapsed=0.0004s lm_lambda=1.00e-9 g_norm=5.038e-3 last_dev_change=1.263e-3 last_halving=1
[INFO] [PIRLS iter-breakdown] iter=  9 attempts=1 curvature=0.000s solve=0.000s predred=0.000s candidate=0.000s other=0.000s
[INFO] [PIRLS lm-trajectory] iter=  9 start_lambda=1.000e-9 final_lambda=1.000e-9 log10_ratio=0.000 accept_rho=1.000 attempts=1
[INFO] [STAGE] PIRLS update_with_curvature iter=10 curvature=Fisher elapsed=0.000s source=reused_prev_accept
[INFO] [PIRLS iter-end] iter= 10 elapsed=0.0005s lm_lambda=1.00e-9 g_norm=3.408e-3 last_dev_change=5.779e-4 last_halving=1
[INFO] [PIRLS iter-breakdown] iter= 10 attempts=1 curvature=0.000s solve=0.000s predred=0.000s candidate=0.000s other=0.000s
[INFO] [PIRLS lm-trajectory] iter= 10 start_lambda=1.000e-9 final_lambda=1.000e-9 log10_ratio=0.000 accept_rho=1.000 attempts=1
[INFO] [STAGE] PIRLS update_with_curvature iter=11 curvature=Fisher elapsed=0.000s source=reused_prev_accept
[INFO] [PIRLS iter-end] iter= 11 elapsed=0.0004s lm_lambda=1.00e-9 g_norm=2.305e-3 last_dev_change=2.644e-4 last_halving=1
[INFO] [PIRLS iter-breakdown] iter= 11 attempts=1 curvature=0.000s solve=0.000s predred=0.000s candidate=0.000s other=0.000s
[INFO] [PIRLS lm-trajectory] iter= 11 start_lambda=1.000e-9 final_lambda=1.000e-9 log10_ratio=0.000 accept_rho=1.000 attempts=1
[INFO] [STAGE] PIRLS update_with_curvature iter=12 curvature=Fisher elapsed=0.000s source=reused_prev_accept
[INFO] [PIRLS iter-end] iter= 12 elapsed=0.0005s lm_lambda=1.00e-9 g_norm=1.559e-3 last_dev_change=1.210e-4 last_halving=1
[INFO] [PIRLS iter-breakdown] iter= 12 attempts=1 curvature=0.000s solve=0.000s predred=0.000s candidate=0.000s other=0.000s
[INFO] [PIRLS lm-trajectory] iter= 12 start_lambda=1.000e-9 final_lambda=1.000e-9 log10_ratio=0.000 accept_rho=1.000 attempts=1
[INFO] [STAGE] PIRLS update_with_curvature iter=13 curvature=Fisher elapsed=0.000s source=reused_prev_accept
[INFO] [PIRLS iter-end] iter= 13 elapsed=0.0004s lm_lambda=1.00e-9 g_norm=1.055e-3 last_dev_change=5.534e-5 last_halving=1
[INFO] [PIRLS iter-breakdown] iter= 13 attempts=1 curvature=0.000s solve=0.000s predred=0.000s candidate=0.000s other=0.000s
[INFO] [PIRLS lm-trajectory] iter= 13 start_lambda=1.000e-9 final_lambda=1.000e-9 log10_ratio=0.000 accept_rho=1.000 attempts=1
[INFO] [STAGE] PIRLS update_with_curvature iter=14 curvature=Fisher elapsed=0.000s source=reused_prev_accept
[INFO] [PIRLS iter-end] iter= 14 elapsed=0.0004s lm_lambda=1.00e-9 g_norm=7.133e-4 last_dev_change=2.532e-5 last_halving=1
[INFO] [PIRLS iter-breakdown] iter= 14 attempts=1 curvature=0.000s solve=0.000s predred=0.000s candidate=0.000s other=0.000s
[INFO] [PIRLS lm-trajectory] iter= 14 start_lambda=1.000e-9 final_lambda=1.000e-9 log10_ratio=0.000 accept_rho=1.000 attempts=1
[INFO] [STAGE] PIRLS update_with_curvature iter=15 curvature=Fisher elapsed=0.000s source=reused_prev_accept
[INFO] [PIRLS iter-end] iter= 15 elapsed=0.0004s lm_lambda=1.00e-9 g_norm=4.825e-4 last_dev_change=1.158e-5 last_halving=1
[INFO] [PIRLS iter-breakdown] iter= 15 attempts=1 curvature=0.000s solve=0.000s predred=0.000s candidate=0.000s other=0.000s
[INFO] [PIRLS lm-trajectory] iter= 15 start_lambda=1.000e-9 final_lambda=1.000e-9 log10_ratio=0.000 accept_rho=1.000 attempts=1
[INFO] [STAGE] PIRLS update_with_curvature iter=16 curvature=Fisher elapsed=0.000s source=reused_prev_accept
[INFO] [PIRLS iter-end] iter= 16 elapsed=0.0004s lm_lambda=1.00e-9 g_norm=3.264e-4 last_dev_change=5.299e-6 last_halving=1
[INFO] [PIRLS iter-breakdown] iter= 16 attempts=1 curvature=0.000s solve=0.000s predred=0.000s candidate=0.000s other=0.000s
[INFO] [PIRLS lm-trajectory] iter= 16 start_lambda=1.000e-9 final_lambda=1.000e-9 log10_ratio=0.000 accept_rho=1.000 attempts=1
[INFO] [STAGE] PIRLS update_with_curvature iter=17 curvature=Fisher elapsed=0.000s source=reused_prev_accept
[INFO] [PIRLS iter-end] iter= 17 elapsed=0.0004s lm_lambda=1.00e-9 g_norm=2.208e-4 last_dev_change=2.425e-6 last_halving=1
[INFO] [PIRLS iter-breakdown] iter= 17 attempts=1 curvature=0.000s solve=0.000s predred=0.000s candidate=0.000s other=0.000s
[INFO] [PIRLS lm-trajectory] iter= 17 start_lambda=1.000e-9 final_lambda=1.000e-9 log10_ratio=0.000 accept_rho=1.000 attempts=1
[INFO] [STAGE] PIRLS update_with_curvature iter=18 curvature=Fisher elapsed=0.000s source=reused_prev_accept
[INFO] [PIRLS iter-end] iter= 18 elapsed=0.0004s lm_lambda=1.00e-9 g_norm=1.493e-4 last_dev_change=1.109e-6 last_halving=1
[INFO] [PIRLS iter-breakdown] iter= 18 attempts=1 curvature=0.000s solve=0.000s predred=0.000s candidate=0.000s other=0.000s
[INFO] [PIRLS lm-trajectory] iter= 18 start_lambda=1.000e-9 final_lambda=1.000e-9 log10_ratio=0.000 accept_rho=1.000 attempts=1
[INFO] [STAGE] PIRLS update_with_curvature iter=19 curvature=Fisher elapsed=0.000s source=reused_prev_accept
[INFO] [PIRLS iter-end] iter= 19 elapsed=0.0004s lm_lambda=1.00e-9 g_norm=1.010e-4 last_dev_change=5.075e-7 last_halving=1
[INFO] [PIRLS iter-breakdown] iter= 19 attempts=1 curvature=0.000s solve=0.000s predred=0.000s candidate=0.000s other=0.000s
[INFO] [PIRLS lm-trajectory] iter= 19 start_lambda=1.000e-9 final_lambda=1.000e-9 log10_ratio=0.000 accept_rho=1.000 attempts=1
[INFO] [STAGE] PIRLS update_with_curvature iter=20 curvature=Fisher elapsed=0.000s source=reused_prev_accept
[INFO] [PIRLS iter-end] iter= 20 elapsed=0.0005s lm_lambda=1.00e-9 g_norm=6.830e-5 last_dev_change=2.322e-7 last_halving=1
[INFO] [PIRLS iter-breakdown] iter= 20 attempts=1 curvature=0.000s solve=0.000s predred=0.000s candidate=0.000s other=0.000s
[INFO] [PIRLS lm-trajectory] iter= 20 start_lambda=1.000e-9 final_lambda=1.000e-9 log10_ratio=0.000 accept_rho=1.000 attempts=1
[INFO] [STAGE] PIRLS update_with_curvature iter=21 curvature=Fisher elapsed=0.000s source=reused_prev_accept
[INFO] [PIRLS iter-end] iter= 21 elapsed=0.0004s lm_lambda=1.00e-9 g_norm=4.621e-5 last_dev_change=1.062e-7 last_halving=1
[INFO] [PIRLS iter-breakdown] iter= 21 attempts=1 curvature=0.000s solve=0.000s predred=0.000s candidate=0.000s other=0.000s
[INFO] [PIRLS lm-trajectory] iter= 21 start_lambda=1.000e-9 final_lambda=1.000e-9 log10_ratio=0.000 accept_rho=1.000 attempts=1
[INFO] [STAGE] PIRLS update_with_curvature iter=22 curvature=Fisher elapsed=0.000s source=reused_prev_accept
[INFO] [PIRLS iter-end] iter= 22 elapsed=0.0004s lm_lambda=1.00e-9 g_norm=3.127e-5 last_dev_change=4.860e-8 last_halving=1
[INFO] [PIRLS iter-breakdown] iter= 22 attempts=1 curvature=0.000s solve=0.000s predred=0.000s candidate=0.000s other=0.000s
[INFO] [PIRLS lm-trajectory] iter= 22 start_lambda=1.000e-9 final_lambda=1.000e-9 log10_ratio=0.000 accept_rho=1.000 attempts=1
[INFO] [STAGE] PIRLS update_with_curvature iter=23 curvature=Fisher elapsed=0.000s source=reused_prev_accept
[INFO] [PIRLS iter-end] iter= 23 elapsed=0.0004s lm_lambda=1.00e-9 g_norm=2.114e-5 last_dev_change=2.224e-8 last_halving=1
[INFO] [PIRLS iter-breakdown] iter= 23 attempts=1 curvature=0.000s solve=0.000s predred=0.000s candidate=0.000s other=0.000s
[INFO] [PIRLS lm-trajectory] iter= 23 start_lambda=1.000e-9 final_lambda=1.000e-9 log10_ratio=0.000 accept_rho=1.000 attempts=1
[INFO] [STAGE] PIRLS update_with_curvature iter=24 curvature=Fisher elapsed=0.000s source=reused_prev_accept
[INFO] [PIRLS iter-end] iter= 24 elapsed=0.0004s lm_lambda=1.00e-9 g_norm=1.431e-5 last_dev_change=1.017e-8 last_halving=1
[INFO] [PIRLS iter-breakdown] iter= 24 attempts=1 curvature=0.000s solve=0.000s predred=0.000s candidate=0.000s other=0.000s
[INFO] [PIRLS lm-trajectory] iter= 24 start_lambda=1.000e-9 final_lambda=1.000e-9 log10_ratio=0.000 accept_rho=1.000 attempts=1
[INFO] [STAGE] PIRLS update_with_curvature iter=25 curvature=Fisher elapsed=0.000s source=reused_prev_accept
[INFO] [PIRLS iter-end] iter= 25 elapsed=0.0005s lm_lambda=1.00e-9 g_norm=9.696e-6 last_dev_change=4.655e-9 last_halving=1
[INFO] [PIRLS iter-breakdown] iter= 25 attempts=1 curvature=0.000s solve=0.000s predred=0.000s candidate=0.000s other=0.000s
[INFO] [PIRLS lm-trajectory] iter= 25 start_lambda=1.000e-9 final_lambda=1.000e-9 log10_ratio=0.000 accept_rho=1.000 attempts=1
[INFO] [STAGE] PIRLS update_with_curvature iter=26 curvature=Fisher elapsed=0.000s source=reused_prev_accept
[INFO] [PIRLS iter-end] iter= 26 elapsed=0.0004s lm_lambda=1.00e-9 g_norm=6.549e-6 last_dev_change=2.129e-9 last_halving=1
[INFO] [PIRLS iter-breakdown] iter= 26 attempts=1 curvature=0.000s solve=0.000s predred=0.000s candidate=0.000s other=0.000s
[INFO] [PIRLS lm-trajectory] iter= 26 start_lambda=1.000e-9 final_lambda=1.000e-9 log10_ratio=0.000 accept_rho=1.000 attempts=1
[INFO] [STAGE] PIRLS update_with_curvature iter=27 curvature=Fisher elapsed=0.000s source=reused_prev_accept
[INFO] [PIRLS iter-end] iter= 27 elapsed=0.0004s lm_lambda=1.00e-9 g_norm=4.432e-6 last_dev_change=9.745e-10 last_halving=1
[INFO] [PIRLS iter-breakdown] iter= 27 attempts=1 curvature=0.000s solve=0.000s predred=0.000s candidate=0.000s other=0.000s
[INFO] [PIRLS lm-trajectory] iter= 27 start_lambda=1.000e-9 final_lambda=1.000e-9 log10_ratio=0.000 accept_rho=1.000 attempts=1
[INFO] [STAGE] PIRLS update_with_curvature iter=28 curvature=Fisher elapsed=0.000s source=reused_prev_accept
[INFO] [PIRLS iter-end] iter= 28 elapsed=0.0004s lm_lambda=1.00e-9 g_norm=3.003e-6 last_dev_change=4.458e-10 last_halving=1
[INFO] [PIRLS iter-breakdown] iter= 28 attempts=1 curvature=0.000s solve=0.000s predred=0.000s candidate=0.000s other=0.000s
[INFO] [PIRLS lm-trajectory] iter= 28 start_lambda=1.000e-9 final_lambda=1.000e-9 log10_ratio=0.000 accept_rho=1.000 attempts=1
[INFO] [STAGE] PIRLS update_with_curvature iter=29 curvature=Fisher elapsed=0.000s source=reused_prev_accept
[INFO] [PIRLS iter-end] iter= 29 elapsed=0.0004s lm_lambda=1.00e-9 g_norm=2.032e-6 last_dev_change=2.042e-10 last_halving=1
[INFO] [PIRLS iter-breakdown] iter= 29 attempts=1 curvature=0.000s solve=0.000s predred=0.000s candidate=0.000s other=0.000s
[INFO] [PIRLS lm-trajectory] iter= 29 start_lambda=1.000e-9 final_lambda=1.000e-9 log10_ratio=0.000 accept_rho=1.000 attempts=1
[INFO] [STAGE] PIRLS update_with_curvature iter=30 curvature=Fisher elapsed=0.000s source=reused_prev_accept
[INFO] [PIRLS iter-end] iter= 30 elapsed=0.0005s lm_lambda=1.00e-9 g_norm=1.381e-6 last_dev_change=9.334e-11 last_halving=1
[INFO] [PIRLS iter-breakdown] iter= 30 attempts=1 curvature=0.000s solve=0.000s predred=0.000s candidate=0.000s other=0.000s
[INFO] [PIRLS lm-trajectory] iter= 30 start_lambda=1.000e-9 final_lambda=1.000e-9 log10_ratio=0.000 accept_rho=1.000 attempts=1
[INFO] [STAGE] PIRLS update_with_curvature iter=31 curvature=Fisher elapsed=0.000s source=reused_prev_accept
[INFO] [PIRLS iter-end] iter= 31 elapsed=0.0004s lm_lambda=1.00e-9 g_norm=9.217e-7 last_dev_change=4.287e-11 last_halving=1
[INFO] [PIRLS iter-breakdown] iter= 31 attempts=1 curvature=0.000s solve=0.000s predred=0.000s candidate=0.000s other=0.000s
[INFO] [PIRLS lm-trajectory] iter= 31 start_lambda=1.000e-9 final_lambda=1.000e-9 log10_ratio=0.000 accept_rho=1.000 attempts=1
[INFO] [STAGE] PIRLS update_with_curvature iter=32 curvature=Fisher elapsed=0.000s source=reused_prev_accept
[INFO] [PIRLS iter-end] iter= 32 elapsed=0.0004s lm_lambda=1.00e-9 g_norm=6.463e-7 last_dev_change=1.958e-11 last_halving=1
[INFO] [PIRLS iter-breakdown] iter= 32 attempts=1 curvature=0.000s solve=0.000s predred=0.000s candidate=0.000s other=0.000s
[INFO] [PIRLS lm-trajectory] iter= 32 start_lambda=1.000e-9 final_lambda=1.000e-9 log10_ratio=0.000 accept_rho=1.000 attempts=1
[INFO] [STAGE] PIRLS update_with_curvature iter=33 curvature=Fisher elapsed=0.000s source=reused_prev_accept
[INFO] [PIRLS iter-end] iter= 33 elapsed=0.0004s lm_lambda=1.00e-9 g_norm=4.357e-7 last_dev_change=9.009e-12 last_halving=1
[INFO] [PIRLS iter-breakdown] iter= 33 attempts=1 curvature=0.000s solve=0.000s predred=0.000s candidate=0.000s other=0.000s
[INFO] [PIRLS lm-trajectory] iter= 33 start_lambda=1.000e-9 final_lambda=1.000e-9 log10_ratio=0.000 accept_rho=1.000 attempts=1
[INFO] [STAGE] PIRLS update_with_curvature iter=34 curvature=Fisher elapsed=0.000s source=reused_prev_accept
[INFO] [PIRLS iter-end] iter= 34 elapsed=0.0004s lm_lambda=1.00e-9 g_norm=2.824e-7 last_dev_change=4.078e-12 last_halving=1
[INFO] [PIRLS iter-breakdown] iter= 34 attempts=1 curvature=0.000s solve=0.000s predred=0.000s candidate=0.000s other=0.000s
[INFO] [PIRLS lm-trajectory] iter= 34 start_lambda=1.000e-9 final_lambda=1.000e-9 log10_ratio=0.000 accept_rho=1.000 attempts=1
[INFO] [STAGE] PIRLS update_with_curvature iter=35 curvature=Fisher elapsed=0.000s source=reused_prev_accept
[INFO] [PIRLS iter-end] iter= 35 elapsed=0.0005s lm_lambda=1.00e-9 g_norm=2.281e-7 last_dev_change=1.882e-12 last_halving=1
[INFO] [PIRLS iter-breakdown] iter= 35 attempts=1 curvature=0.000s solve=0.000s predred=0.000s candidate=0.000s other=0.000s
[INFO] [PIRLS lm-trajectory] iter= 35 start_lambda=1.000e-9 final_lambda=1.000e-9 log10_ratio=0.000 accept_rho=1.000 attempts=1
[INFO] [STAGE] PIRLS update_with_curvature iter=36 curvature=Fisher elapsed=0.000s source=reused_prev_accept
[INFO] [PIRLS iter-end] iter= 36 elapsed=0.0004s lm_lambda=1.00e-9 g_norm=1.370e-7 last_dev_change=8.602e-13 last_halving=1
[INFO] [PIRLS iter-breakdown] iter= 36 attempts=1 curvature=0.000s solve=0.000s predred=0.000s candidate=0.000s other=0.000s
[INFO] [PIRLS lm-trajectory] iter= 36 start_lambda=1.000e-9 final_lambda=1.000e-9 log10_ratio=0.000 accept_rho=1.001 attempts=1
[INFO] [STAGE] PIRLS update_with_curvature iter=37 curvature=Fisher elapsed=0.000s source=reused_prev_accept
[INFO] [PIRLS iter-end] iter= 37 elapsed=0.0004s lm_lambda=1.00e-9 g_norm=9.554e-8 last_dev_change=4.123e-13 last_halving=1
[INFO] [PIRLS iter-breakdown] iter= 37 attempts=1 curvature=0.000s solve=0.000s predred=0.000s candidate=0.000s other=0.000s
[INFO] [PIRLS lm-trajectory] iter= 37 start_lambda=1.000e-9 final_lambda=1.000e-9 log10_ratio=0.000 accept_rho=0.999 attempts=1
[INFO] [STAGE] PIRLS update_with_curvature iter=38 curvature=Fisher elapsed=0.000s source=reused_prev_accept
[INFO] [PIRLS iter-end] iter= 38 elapsed=0.0004s lm_lambda=1.00e-9 g_norm=7.554e-8 last_dev_change=1.772e-13 last_halving=1
[INFO] [PIRLS iter-breakdown] iter= 38 attempts=1 curvature=0.000s solve=0.000s predred=0.000s candidate=0.000s other=0.000s
[INFO] [PIRLS lm-trajectory] iter= 38 start_lambda=1.000e-9 final_lambda=1.000e-9 log10_ratio=0.000 accept_rho=0.999 attempts=1
[INFO] [STAGE] PIRLS update_with_curvature iter=39 curvature=Fisher elapsed=0.000s source=reused_prev_accept
[INFO] [PIRLS iter-end] iter= 39 elapsed=0.0004s lm_lambda=1.00e-9 g_norm=4.732e-8 last_dev_change=8.349e-14 last_halving=1
[INFO] [PIRLS iter-breakdown] iter= 39 attempts=1 curvature=0.000s solve=0.000s predred=0.000s candidate=0.000s other=0.000s
[INFO] [PIRLS lm-trajectory] iter= 39 start_lambda=1.000e-9 final_lambda=1.000e-9 log10_ratio=0.000 accept_rho=1.007 attempts=1
[INFO] [STAGE] PIRLS update_with_curvature iter=40 curvature=Fisher elapsed=0.000s source=reused_prev_accept
[INFO] [PIRLS exact-decrement] applicable=true decrement_sq=6.566004e-14 threshold=1.472658e-13 pass=true gradient_norm=4.291455e-8 relative_gradient=2.437869e-8 dimension_scale=6.244998e1 natural_scale=7.603308e-1 objective=1.414129e0 actual_reduction=3.663736e-14 predicted_reduction=3.700195e-14 linear_model_term=-4.390221e-14 direction_norm=9.828901e-7 data_reduction=2.344791e-12 penalty_reduction=-2.308134e-12
[INFO] [PIRLS solve-end] iters=40 elapsed=0.0242s g_norm_initial=1.385e3 g_norm_final=4.291e-8 convergence_rate=5.461e-1 status=Converged
[INFO] [STAGE] inner pirls solve iters=40 status=Converged max_eta=2.0 jeffreys_logdet=none rows=full(derivative-request) elapsed=0.026s
[INFO] [STAGE] logdet S rho_dim=2 penalty_rank=12 elapsed=0.000s
[INFO] [#1271-diag] path=orig p=13 penalty_rank=12 nullspace_dim=1 rss=2.818799 pen=0.009458 Dp=2.828258 pirls_edf=1.9999 logS=185.055044 logH=200.063207 half_diff=7.504082 h_above1=12 h_min=1.428e-2 h_max=1.969e9 rho=[21.7635,-1.9426] lambda=[2.830e9,1.433e-1]
  H_eig=[1.969e9,1.969e9,2.385e8,2.383e8,2.039e8,1.960e8,1.876e8,1.382e8,7.360e7,2.048e7,1.505e3,1.041e2,1.428e-2]
  Slam_eig=[1.969e9,1.969e9,2.385e8,2.383e8,2.039e8,1.960e8,1.876e8,1.382e8,7.360e7,2.048e7,1.179e-1,5.760e-3,0.000e0]
[INFO] [STAGE] logdet S rho_dim=2 penalty_rank=12 elapsed=0.000s
[INFO] [#1271-diag] path=orig p=13 penalty_rank=12 nullspace_dim=1 rss=2.818799 pen=0.009458 Dp=2.828258 pirls_edf=1.9999 logS=185.055044 logH=200.063207 half_diff=7.504082 h_above1=12 h_min=1.428e-2 h_max=1.969e9 rho=[21.7635,-1.9426] lambda=[2.830e9,1.433e-1]
  H_eig=[1.969e9,1.969e9,2.385e8,2.383e8,2.039e8,1.960e8,1.876e8,1.382e8,7.360e7,2.048e7,1.505e3,1.041e2,1.428e-2]
  Slam_eig=[1.969e9,1.969e9,2.385e8,2.383e8,2.039e8,1.960e8,1.876e8,1.382e8,7.360e7,2.048e7,1.179e-1,5.760e-3,0.000e0]
[INFO] [STAGE] reml_laml cost_only_done k=2 ext_dim=0 dim=13 elapsed=0.000s
[INFO] [HGB] small-sample fallback to defaults: pairs=0, threshold=3
[INFO] [CERTIFICATE] standard REML: the objective published no criterion resolution; using the last-bit floor 5.907e-14 of the value alone (#2812)
[INFO] [CERTIFICATE-BOUND] standard REML: fidelity=Screening, rho=[21.76351143282555, -1.942582098254708], bound 4.470348e-6 set by solver-band (derived_standard=false, |Pg|=2.074770e-6, |g|=2.074770e-6, solver_band=4.470348e-6, cost=-2.650203e2)
[INFO] [CERTIFICATE] standard REML: gradient |g|=2.075e-6 |Pg|=2.075e-6 bound=4.470e-6 (rung=solver-band derived_standard=false) hessian_psd=not-spent curvature_source=screening-not-spent railed=[] → stationary
[INFO] [reml-geometry] dense_spectral reason=constraints_present p=13 nnz_x=na nnz_h_est=na density_h_est=na threshold=0.1000
[INFO] [STAGE] PIRLS update_with_curvature iter=1 curvature=Fisher elapsed=0.000s source=rebuilt
[INFO] [PIRLS iter-end] iter=  1 elapsed=0.0007s lm_lambda=3.33e-7 g_norm=3.066e1 last_dev_change=4.807e1 last_halving=1
[INFO] [PIRLS iter-breakdown] iter=  1 attempts=1 curvature=0.001s solve=0.000s predred=0.000s candidate=0.000s other=0.000s
[INFO] [PIRLS lm-trajectory] iter=  1 start_lambda=1.000e-6 final_lambda=3.333e-7 log10_ratio=-0.477 accept_rho=1.000 attempts=1
[INFO] [STAGE] PIRLS update_with_curvature iter=2 curvature=Fisher elapsed=0.000s source=reused_prev_accept
[INFO] [PIRLS iter-end] iter=  2 elapsed=0.0004s lm_lambda=1.11e-7 g_norm=3.396e0 last_dev_change=3.825e0 last_halving=1
[INFO] [PIRLS iter-breakdown] iter=  2 attempts=1 curvature=0.000s solve=0.000s predred=0.000s candidate=0.000s other=0.000s
[INFO] [PIRLS lm-trajectory] iter=  2 start_lambda=3.333e-7 final_lambda=1.111e-7 log10_ratio=-0.477 accept_rho=1.000 attempts=1
[INFO] [STAGE] PIRLS update_with_curvature iter=3 curvature=Fisher elapsed=0.000s source=reused_prev_accept
[INFO] [PIRLS iter-end] iter=  3 elapsed=0.0004s lm_lambda=3.70e-8 g_norm=1.199e-1 last_dev_change=4.800e-2 last_halving=1
[INFO] [PIRLS iter-breakdown] iter=  3 attempts=1 curvature=0.000s solve=0.000s predred=0.000s candidate=0.000s other=0.000s
[INFO] [PIRLS lm-trajectory] iter=  3 start_lambda=1.111e-7 final_lambda=3.704e-8 log10_ratio=-0.477 accept_rho=1.000 attempts=1
[INFO] [STAGE] PIRLS update_with_curvature iter=4 curvature=Fisher elapsed=0.000s source=reused_prev_accept
[INFO] [PIRLS iter-end] iter=  4 elapsed=0.0004s lm_lambda=1.23e-8 g_norm=1.811e-2 last_dev_change=4.006e-4 last_halving=1
[INFO] [PIRLS iter-breakdown] iter=  4 attempts=1 curvature=0.000s solve=0.000s predred=0.000s candidate=0.000s other=0.000s
[INFO] [PIRLS lm-trajectory] iter=  4 start_lambda=3.704e-8 final_lambda=1.235e-8 log10_ratio=-0.477 accept_rho=1.000 attempts=1
[INFO] [STAGE] PIRLS update_with_curvature iter=5 curvature=Fisher elapsed=0.000s source=reused_prev_accept
[INFO] [PIRLS iter-end] iter=  5 elapsed=0.0004s lm_lambda=4.12e-9 g_norm=1.658e-2 last_dev_change=9.114e-4 last_halving=1
[INFO] [PIRLS iter-breakdown] iter=  5 attempts=1 curvature=0.000s solve=0.000s predred=0.000s candidate=0.000s other=0.000s
[INFO] [PIRLS lm-trajectory] iter=  5 start_lambda=1.235e-8 final_lambda=4.115e-9 log10_ratio=-0.477 accept_rho=1.000 attempts=1
[INFO] [STAGE] PIRLS update_with_curvature iter=6 curvature=Fisher elapsed=0.000s source=reused_prev_accept
[INFO] [PIRLS iter-end] iter=  6 elapsed=0.0004s lm_lambda=1.37e-9 g_norm=1.485e-2 last_dev_change=2.278e-3 last_halving=1
[INFO] [PIRLS iter-breakdown] iter=  6 attempts=1 curvature=0.000s solve=0.000s predred=0.000s candidate=0.000s other=0.000s
[INFO] [PIRLS lm-trajectory] iter=  6 start_lambda=4.115e-9 final_lambda=1.372e-9 log10_ratio=-0.477 accept_rho=1.000 attempts=1
[INFO] [STAGE] PIRLS update_with_curvature iter=7 curvature=Fisher elapsed=0.000s source=reused_prev_accept
[INFO] [PIRLS iter-end] iter=  7 elapsed=0.0004s lm_lambda=1.00e-9 g_norm=1.101e-2 last_dev_change=4.169e-3 last_halving=1
[INFO] [PIRLS iter-breakdown] iter=  7 attempts=1 curvature=0.000s solve=0.000s predred=0.000s candidate=0.000s other=0.000s
[INFO] [PIRLS lm-trajectory] iter=  7 start_lambda=1.372e-9 final_lambda=1.000e-9 log10_ratio=-0.137 accept_rho=1.000 attempts=1
[INFO] [STAGE] PIRLS update_with_curvature iter=8 curvature=Fisher elapsed=0.000s source=reused_prev_accept
[INFO] [PIRLS iter-end] iter=  8 elapsed=0.0004s lm_lambda=1.00e-9 g_norm=7.449e-3 last_dev_change=2.761e-3 last_halving=1
[INFO] [PIRLS iter-breakdown] iter=  8 attempts=1 curvature=0.000s solve=0.000s predred=0.000s candidate=0.000s other=0.000s
[INFO] [PIRLS lm-trajectory] iter=  8 start_lambda=1.000e-9 final_lambda=1.000e-9 log10_ratio=0.000 accept_rho=1.000 attempts=1
[INFO] [STAGE] PIRLS update_with_curvature iter=9 curvature=Fisher elapsed=0.000s source=reused_prev_accept
[INFO] [PIRLS iter-end] iter=  9 elapsed=0.0004s lm_lambda=1.00e-9 g_norm=5.038e-3 last_dev_change=1.263e-3 last_halving=1
[INFO] [PIRLS iter-breakdown] iter=  9 attempts=1 curvature=0.000s solve=0.000s predred=0.000s candidate=0.000s other=0.000s
[INFO] [PIRLS lm-trajectory] iter=  9 start_lambda=1.000e-9 final_lambda=1.000e-9 log10_ratio=0.000 accept_rho=1.000 attempts=1
[INFO] [STAGE] PIRLS update_with_curvature iter=10 curvature=Fisher elapsed=0.000s source=reused_prev_accept
[INFO] [PIRLS iter-end] iter= 10 elapsed=0.0004s lm_lambda=1.00e-9 g_norm=3.408e-3 last_dev_change=5.779e-4 last_halving=1
[INFO] [PIRLS iter-breakdown] iter= 10 attempts=1 curvature=0.000s solve=0.000s predred=0.000s candidate=0.000s other=0.000s
[INFO] [PIRLS lm-trajectory] iter= 10 start_lambda=1.000e-9 final_lambda=1.000e-9 log10_ratio=0.000 accept_rho=1.000 attempts=1
[INFO] [STAGE] PIRLS update_with_curvature iter=11 curvature=Fisher elapsed=0.000s source=reused_prev_accept
[INFO] [PIRLS iter-end] iter= 11 elapsed=0.0004s lm_lambda=1.00e-9 g_norm=2.305e-3 last_dev_change=2.644e-4 last_halving=1
[INFO] [PIRLS iter-breakdown] iter= 11 attempts=1 curvature=0.000s solve=0.000s predred=0.000s candidate=0.000s other=0.000s
[INFO] [PIRLS lm-trajectory] iter= 11 start_lambda=1.000e-9 final_lambda=1.000e-9 log10_ratio=0.000 accept_rho=1.000 attempts=1
[INFO] [STAGE] PIRLS update_with_curvature iter=12 curvature=Fisher elapsed=0.000s source=reused_prev_accept
[INFO] [PIRLS iter-end] iter= 12 elapsed=0.0004s lm_lambda=1.00e-9 g_norm=1.559e-3 last_dev_change=1.210e-4 last_halving=1
[INFO] [PIRLS iter-breakdown] iter= 12 attempts=1 curvature=0.000s solve=0.000s predred=0.000s candidate=0.000s other=0.000s
[INFO] [PIRLS lm-trajectory] iter= 12 start_lambda=1.000e-9 final_lambda=1.000e-9 log10_ratio=0.000 accept_rho=1.000 attempts=1
[INFO] [STAGE] PIRLS update_with_curvature iter=13 curvature=Fisher elapsed=0.000s source=reused_prev_accept
[INFO] [PIRLS iter-end] iter= 13 elapsed=0.0005s lm_lambda=1.00e-9 g_norm=1.055e-3 last_dev_change=5.534e-5 last_halving=1
[INFO] [PIRLS iter-breakdown] iter= 13 attempts=1 curvature=0.000s solve=0.000s predred=0.000s candidate=0.000s other=0.000s
[INFO] [PIRLS lm-trajectory] iter= 13 start_lambda=1.000e-9 final_lambda=1.000e-9 log10_ratio=0.000 accept_rho=1.000 attempts=1
[INFO] [STAGE] PIRLS update_with_curvature iter=14 curvature=Fisher elapsed=0.000s source=reused_prev_accept
[INFO] [PIRLS iter-end] iter= 14 elapsed=0.0004s lm_lambda=1.00e-9 g_norm=7.133e-4 last_dev_change=2.532e-5 last_halving=1
[INFO] [PIRLS iter-breakdown] iter= 14 attempts=1 curvature=0.000s solve=0.000s predred=0.000s candidate=0.000s other=0.000s
[INFO] [PIRLS lm-trajectory] iter= 14 start_lambda=1.000e-9 final_lambda=1.000e-9 log10_ratio=0.000 accept_rho=1.000 attempts=1
[INFO] [STAGE] PIRLS update_with_curvature iter=15 curvature=Fisher elapsed=0.000s source=reused_prev_accept
[INFO] [PIRLS iter-end] iter= 15 elapsed=0.0004s lm_lambda=1.00e-9 g_norm=4.825e-4 last_dev_change=1.158e-5 last_halving=1
[INFO] [PIRLS iter-breakdown] iter= 15 attempts=1 curvature=0.000s solve=0.000s predred=0.000s candidate=0.000s other=0.000s
[INFO] [PIRLS lm-trajectory] iter= 15 start_lambda=1.000e-9 final_lambda=1.000e-9 log10_ratio=0.000 accept_rho=1.000 attempts=1
[INFO] [STAGE] PIRLS update_with_curvature iter=16 curvature=Fisher elapsed=0.000s source=reused_prev_accept
[INFO] [PIRLS iter-end] iter= 16 elapsed=0.0004s lm_lambda=1.00e-9 g_norm=3.264e-4 last_dev_change=5.299e-6 last_halving=1
[INFO] [PIRLS iter-breakdown] iter= 16 attempts=1 curvature=0.000s solve=0.000s predred=0.000s candidate=0.000s other=0.000s
[INFO] [PIRLS lm-trajectory] iter= 16 start_lambda=1.000e-9 final_lambda=1.000e-9 log10_ratio=0.000 accept_rho=1.000 attempts=1
[INFO] [STAGE] PIRLS update_with_curvature iter=17 curvature=Fisher elapsed=0.000s source=reused_prev_accept
[INFO] [PIRLS iter-end] iter= 17 elapsed=0.0004s lm_lambda=1.00e-9 g_norm=2.208e-4 last_dev_change=2.425e-6 last_halving=1
[INFO] [PIRLS iter-breakdown] iter= 17 attempts=1 curvature=0.000s solve=0.000s predred=0.000s candidate=0.000s other=0.000s
[INFO] [PIRLS lm-trajectory] iter= 17 start_lambda=1.000e-9 final_lambda=1.000e-9 log10_ratio=0.000 accept_rho=1.000 attempts=1
[INFO] [STAGE] PIRLS update_with_curvature iter=18 curvature=Fisher elapsed=0.000s source=reused_prev_accept
[INFO] [PIRLS iter-end] iter= 18 elapsed=0.0005s lm_lambda=1.00e-9 g_norm=1.493e-4 last_dev_change=1.109e-6 last_halving=1
[INFO] [PIRLS iter-breakdown] iter= 18 attempts=1 curvature=0.000s solve=0.000s predred=0.000s candidate=0.000s other=0.000s
[INFO] [PIRLS lm-trajectory] iter= 18 start_lambda=1.000e-9 final_lambda=1.000e-9 log10_ratio=0.000 accept_rho=1.000 attempts=1
[INFO] [STAGE] PIRLS update_with_curvature iter=19 curvature=Fisher elapsed=0.000s source=reused_prev_accept
[INFO] [PIRLS iter-end] iter= 19 elapsed=0.0004s lm_lambda=1.00e-9 g_norm=1.010e-4 last_dev_change=5.075e-7 last_halving=1
[INFO] [PIRLS iter-breakdown] iter= 19 attempts=1 curvature=0.000s solve=0.000s predred=0.000s candidate=0.000s other=0.000s
[INFO] [PIRLS lm-trajectory] iter= 19 start_lambda=1.000e-9 final_lambda=1.000e-9 log10_ratio=0.000 accept_rho=1.000 attempts=1
[INFO] [STAGE] PIRLS update_with_curvature iter=20 curvature=Fisher elapsed=0.000s source=reused_prev_accept
[INFO] [PIRLS iter-end] iter= 20 elapsed=0.0004s lm_lambda=1.00e-9 g_norm=6.830e-5 last_dev_change=2.322e-7 last_halving=1
[INFO] [PIRLS iter-breakdown] iter= 20 attempts=1 curvature=0.000s solve=0.000s predred=0.000s candidate=0.000s other=0.000s
[INFO] [PIRLS lm-trajectory] iter= 20 start_lambda=1.000e-9 final_lambda=1.000e-9 log10_ratio=0.000 accept_rho=1.000 attempts=1
[INFO] [STAGE] PIRLS update_with_curvature iter=21 curvature=Fisher elapsed=0.000s source=reused_prev_accept
[INFO] [PIRLS iter-end] iter= 21 elapsed=0.0004s lm_lambda=1.00e-9 g_norm=4.621e-5 last_dev_change=1.062e-7 last_halving=1
[INFO] [PIRLS iter-breakdown] iter= 21 attempts=1 curvature=0.000s solve=0.000s predred=0.000s candidate=0.000s other=0.000s
[INFO] [PIRLS lm-trajectory] iter= 21 start_lambda=1.000e-9 final_lambda=1.000e-9 log10_ratio=0.000 accept_rho=1.000 attempts=1
[INFO] [STAGE] PIRLS update_with_curvature iter=22 curvature=Fisher elapsed=0.000s source=reused_prev_accept
[INFO] [PIRLS iter-end] iter= 22 elapsed=0.0004s lm_lambda=1.00e-9 g_norm=3.127e-5 last_dev_change=4.860e-8 last_halving=1
[INFO] [PIRLS iter-breakdown] iter= 22 attempts=1 curvature=0.000s solve=0.000s predred=0.000s candidate=0.000s other=0.000s
[INFO] [PIRLS lm-trajectory] iter= 22 start_lambda=1.000e-9 final_lambda=1.000e-9 log10_ratio=0.000 accept_rho=1.000 attempts=1
[INFO] [STAGE] PIRLS update_with_curvature iter=23 curvature=Fisher elapsed=0.000s source=reused_prev_accept
[INFO] [PIRLS iter-end] iter= 23 elapsed=0.0005s lm_lambda=1.00e-9 g_norm=2.114e-5 last_dev_change=2.224e-8 last_halving=1
[INFO] [PIRLS iter-breakdown] iter= 23 attempts=1 curvature=0.000s solve=0.000s predred=0.000s candidate=0.000s other=0.000s
[INFO] [PIRLS lm-trajectory] iter= 23 start_lambda=1.000e-9 final_lambda=1.000e-9 log10_ratio=0.000 accept_rho=1.000 attempts=1
[INFO] [STAGE] PIRLS update_with_curvature iter=24 curvature=Fisher elapsed=0.000s source=reused_prev_accept
[INFO] [PIRLS iter-end] iter= 24 elapsed=0.0005s lm_lambda=1.00e-9 g_norm=1.431e-5 last_dev_change=1.017e-8 last_halving=1
[INFO] [PIRLS iter-breakdown] iter= 24 attempts=1 curvature=0.000s solve=0.000s predred=0.000s candidate=0.000s other=0.000s
[INFO] [PIRLS lm-trajectory] iter= 24 start_lambda=1.000e-9 final_lambda=1.000e-9 log10_ratio=0.000 accept_rho=1.000 attempts=1
[INFO] [STAGE] PIRLS update_with_curvature iter=25 curvature=Fisher elapsed=0.000s source=reused_prev_accept
[INFO] [PIRLS iter-end] iter= 25 elapsed=0.0005s lm_lambda=1.00e-9 g_norm=9.696e-6 last_dev_change=4.655e-9 last_halving=1
[INFO] [PIRLS iter-breakdown] iter= 25 attempts=1 curvature=0.000s solve=0.000s predred=0.000s candidate=0.000s other=0.000s
[INFO] [PIRLS lm-trajectory] iter= 25 start_lambda=1.000e-9 final_lambda=1.000e-9 log10_ratio=0.000 accept_rho=1.000 attempts=1
[INFO] [STAGE] PIRLS update_with_curvature iter=26 curvature=Fisher elapsed=0.000s source=reused_prev_accept
[INFO] [PIRLS iter-end] iter= 26 elapsed=0.0005s lm_lambda=1.00e-9 g_norm=6.549e-6 last_dev_change=2.129e-9 last_halving=1
[INFO] [PIRLS iter-breakdown] iter= 26 attempts=1 curvature=0.000s solve=0.000s predred=0.000s candidate=0.000s other=0.000s
[INFO] [PIRLS lm-trajectory] iter= 26 start_lambda=1.000e-9 final_lambda=1.000e-9 log10_ratio=0.000 accept_rho=1.000 attempts=1
[INFO] [STAGE] PIRLS update_with_curvature iter=27 curvature=Fisher elapsed=0.000s source=reused_prev_accept
[INFO] [PIRLS iter-end] iter= 27 elapsed=0.0004s lm_lambda=1.00e-9 g_norm=4.432e-6 last_dev_change=9.745e-10 last_halving=1
[INFO] [PIRLS iter-breakdown] iter= 27 attempts=1 curvature=0.000s solve=0.000s predred=0.000s candidate=0.000s other=0.000s
[INFO] [PIRLS lm-trajectory] iter= 27 start_lambda=1.000e-9 final_lambda=1.000e-9 log10_ratio=0.000 accept_rho=1.000 attempts=1
[INFO] [STAGE] PIRLS update_with_curvature iter=28 curvature=Fisher elapsed=0.000s source=reused_prev_accept
[INFO] [PIRLS iter-end] iter= 28 elapsed=0.0004s lm_lambda=1.00e-9 g_norm=3.003e-6 last_dev_change=4.458e-10 last_halving=1
[INFO] [PIRLS iter-breakdown] iter= 28 attempts=1 curvature=0.000s solve=0.000s predred=0.000s candidate=0.000s other=0.000s
[INFO] [PIRLS lm-trajectory] iter= 28 start_lambda=1.000e-9 final_lambda=1.000e-9 log10_ratio=0.000 accept_rho=1.000 attempts=1
[INFO] [STAGE] PIRLS update_with_curvature iter=29 curvature=Fisher elapsed=0.000s source=reused_prev_accept
[INFO] [PIRLS iter-end] iter= 29 elapsed=0.0004s lm_lambda=1.00e-9 g_norm=2.032e-6 last_dev_change=2.042e-10 last_halving=1
[INFO] [PIRLS iter-breakdown] iter= 29 attempts=1 curvature=0.000s solve=0.000s predred=0.000s candidate=0.000s other=0.000s
[INFO] [PIRLS lm-trajectory] iter= 29 start_lambda=1.000e-9 final_lambda=1.000e-9 log10_ratio=0.000 accept_rho=1.000 attempts=1
[INFO] [STAGE] PIRLS update_with_curvature iter=30 curvature=Fisher elapsed=0.000s source=reused_prev_accept
[INFO] [PIRLS iter-end] iter= 30 elapsed=0.0004s lm_lambda=1.00e-9 g_norm=1.381e-6 last_dev_change=9.334e-11 last_halving=1
[INFO] [PIRLS iter-breakdown] iter= 30 attempts=1 curvature=0.000s solve=0.000s predred=0.000s candidate=0.000s other=0.000s
[INFO] [PIRLS lm-trajectory] iter= 30 start_lambda=1.000e-9 final_lambda=1.000e-9 log10_ratio=0.000 accept_rho=1.000 attempts=1
[INFO] [STAGE] PIRLS update_with_curvature iter=31 curvature=Fisher elapsed=0.000s source=reused_prev_accept
[INFO] [PIRLS iter-end] iter= 31 elapsed=0.0005s lm_lambda=1.00e-9 g_norm=9.217e-7 last_dev_change=4.287e-11 last_halving=1
[INFO] [PIRLS iter-breakdown] iter= 31 attempts=1 curvature=0.000s solve=0.000s predred=0.000s candidate=0.000s other=0.000s
[INFO] [PIRLS lm-trajectory] iter= 31 start_lambda=1.000e-9 final_lambda=1.000e-9 log10_ratio=0.000 accept_rho=1.000 attempts=1
[INFO] [STAGE] PIRLS update_with_curvature iter=32 curvature=Fisher elapsed=0.000s source=reused_prev_accept
[INFO] [PIRLS iter-end] iter= 32 elapsed=0.0004s lm_lambda=1.00e-9 g_norm=6.463e-7 last_dev_change=1.958e-11 last_halving=1
[INFO] [PIRLS iter-breakdown] iter= 32 attempts=1 curvature=0.000s solve=0.000s predred=0.000s candidate=0.000s other=0.000s
[INFO] [PIRLS lm-trajectory] iter= 32 start_lambda=1.000e-9 final_lambda=1.000e-9 log10_ratio=0.000 accept_rho=1.000 attempts=1
[INFO] [STAGE] PIRLS update_with_curvature iter=33 curvature=Fisher elapsed=0.000s source=reused_prev_accept
[INFO] [PIRLS iter-end] iter= 33 elapsed=0.0005s lm_lambda=1.00e-9 g_norm=4.357e-7 last_dev_change=9.009e-12 last_halving=1
[INFO] [PIRLS iter-breakdown] iter= 33 attempts=1 curvature=0.000s solve=0.000s predred=0.000s candidate=0.000s other=0.000s
[INFO] [PIRLS lm-trajectory] iter= 33 start_lambda=1.000e-9 final_lambda=1.000e-9 log10_ratio=0.000 accept_rho=1.000 attempts=1
[INFO] [STAGE] PIRLS update_with_curvature iter=34 curvature=Fisher elapsed=0.000s source=reused_prev_accept
[INFO] [PIRLS iter-end] iter= 34 elapsed=0.0004s lm_lambda=1.00e-9 g_norm=2.824e-7 last_dev_change=4.078e-12 last_halving=1
[INFO] [PIRLS iter-breakdown] iter= 34 attempts=1 curvature=0.000s solve=0.000s predred=0.000s candidate=0.000s other=0.000s
[INFO] [PIRLS lm-trajectory] iter= 34 start_lambda=1.000e-9 final_lambda=1.000e-9 log10_ratio=0.000 accept_rho=1.000 attempts=1
[INFO] [STAGE] PIRLS update_with_curvature iter=35 curvature=Fisher elapsed=0.000s source=reused_prev_accept
[INFO] [PIRLS iter-end] iter= 35 elapsed=0.0004s lm_lambda=1.00e-9 g_norm=2.281e-7 last_dev_change=1.882e-12 last_halving=1
[INFO] [PIRLS iter-breakdown] iter= 35 attempts=1 curvature=0.000s solve=0.000s predred=0.000s candidate=0.000s other=0.000s
[INFO] [PIRLS lm-trajectory] iter= 35 start_lambda=1.000e-9 final_lambda=1.000e-9 log10_ratio=0.000 accept_rho=1.000 attempts=1
[INFO] [STAGE] PIRLS update_with_curvature iter=36 curvature=Fisher elapsed=0.000s source=reused_prev_accept
[INFO] [PIRLS iter-end] iter= 36 elapsed=0.0005s lm_lambda=1.00e-9 g_norm=1.370e-7 last_dev_change=8.602e-13 last_halving=1
[INFO] [PIRLS iter-breakdown] iter= 36 attempts=1 curvature=0.000s solve=0.000s predred=0.000s candidate=0.000s other=0.000s
[INFO] [PIRLS lm-trajectory] iter= 36 start_lambda=1.000e-9 final_lambda=1.000e-9 log10_ratio=0.000 accept_rho=1.001 attempts=1
[INFO] [STAGE] PIRLS update_with_curvature iter=37 curvature=Fisher elapsed=0.000s source=reused_prev_accept
[INFO] [PIRLS iter-end] iter= 37 elapsed=0.0004s lm_lambda=1.00e-9 g_norm=9.554e-8 last_dev_change=4.123e-13 last_halving=1
[INFO] [PIRLS iter-breakdown] iter= 37 attempts=1 curvature=0.000s solve=0.000s predred=0.000s candidate=0.000s other=0.000s
[INFO] [PIRLS lm-trajectory] iter= 37 start_lambda=1.000e-9 final_lambda=1.000e-9 log10_ratio=0.000 accept_rho=0.999 attempts=1
[INFO] [STAGE] PIRLS update_with_curvature iter=38 curvature=Fisher elapsed=0.000s source=reused_prev_accept
[INFO] [PIRLS iter-end] iter= 38 elapsed=0.0004s lm_lambda=1.00e-9 g_norm=7.554e-8 last_dev_change=1.772e-13 last_halving=1
[INFO] [PIRLS iter-breakdown] iter= 38 attempts=1 curvature=0.000s solve=0.000s predred=0.000s candidate=0.000s other=0.000s
[INFO] [PIRLS lm-trajectory] iter= 38 start_lambda=1.000e-9 final_lambda=1.000e-9 log10_ratio=0.000 accept_rho=0.999 attempts=1
[INFO] [STAGE] PIRLS update_with_curvature iter=39 curvature=Fisher elapsed=0.000s source=reused_prev_accept
[INFO] [PIRLS iter-end] iter= 39 elapsed=0.0004s lm_lambda=1.00e-9 g_norm=4.732e-8 last_dev_change=8.349e-14 last_halving=1
[INFO] [PIRLS iter-breakdown] iter= 39 attempts=1 curvature=0.000s solve=0.000s predred=0.000s candidate=0.000s other=0.000s
[INFO] [PIRLS lm-trajectory] iter= 39 start_lambda=1.000e-9 final_lambda=1.000e-9 log10_ratio=0.000 accept_rho=1.007 attempts=1
[INFO] [STAGE] PIRLS update_with_curvature iter=40 curvature=Fisher elapsed=0.000s source=reused_prev_accept
[INFO] [PIRLS exact-decrement] applicable=true decrement_sq=6.566004e-14 threshold=1.472658e-13 pass=true gradient_norm=4.291455e-8 relative_gradient=2.437869e-8 dimension_scale=6.244998e1 natural_scale=7.603308e-1 objective=1.414129e0 actual_reduction=3.663736e-14 predicted_reduction=3.700195e-14 linear_model_term=-4.390221e-14 direction_norm=9.828901e-7 data_reduction=2.344791e-12 penalty_reduction=-2.308134e-12
[INFO] [PIRLS solve-end] iters=40 elapsed=0.0244s g_norm_initial=1.385e3 g_norm_final=4.291e-8 convergence_rate=5.461e-1 status=Converged
[INFO] [STAGE] inner pirls solve iters=40 status=Converged max_eta=2.0 jeffreys_logdet=none rows=full(derivative-request) elapsed=0.026s
[INFO] [STAGE] logdet S rho_dim=2 penalty_rank=12 elapsed=0.000s
[INFO] [#1271-diag] path=orig p=13 penalty_rank=12 nullspace_dim=1 rss=2.818799 pen=0.009458 Dp=2.828258 pirls_edf=1.9999 logS=185.055044 logH=200.063207 half_diff=7.504082 h_above1=12 h_min=1.428e-2 h_max=1.969e9 rho=[21.7635,-1.9426] lambda=[2.830e9,1.433e-1]
  H_eig=[1.969e9,1.969e9,2.385e8,2.383e8,2.039e8,1.960e8,1.876e8,1.382e8,7.360e7,2.048e7,1.505e3,1.041e2,1.428e-2]
  Slam_eig=[1.969e9,1.969e9,2.385e8,2.383e8,2.039e8,1.960e8,1.876e8,1.382e8,7.360e7,2.048e7,1.179e-1,5.760e-3,0.000e0]
[INFO] [STAGE] reml_laml cost_only_done k=2 ext_dim=0 dim=13 elapsed=0.000s
[INFO] [OUTER hessian-route] choice=dense reason=kernel_absent n=300 p=13 k=2 callback_kernel=false subspace_trace=false scale_prefers_operator=false dense_workspace_bytes=9464
[INFO] [OUTER hessian-elapsed] choice=dense reason=kernel_absent n=300 p=13 k=2 elapsed=0.000s
[INFO] [HGB] small-sample fallback to defaults: pairs=0, threshold=3
[INFO] [reml-geometry] dense_spectral reason=constraints_present p=13 nnz_x=na nnz_h_est=na density_h_est=na threshold=0.1000
[INFO] [STAGE] PIRLS update_with_curvature iter=1 curvature=Fisher elapsed=0.000s source=rebuilt
[INFO] [PIRLS iter-end] iter=  1 elapsed=0.0007s lm_lambda=3.33e-7 g_norm=3.066e1 last_dev_change=4.807e1 last_halving=1
[INFO] [PIRLS iter-breakdown] iter=  1 attempts=1 curvature=0.001s solve=0.000s predred=0.000s candidate=0.000s other=0.000s
[INFO] [PIRLS lm-trajectory] iter=  1 start_lambda=1.000e-6 final_lambda=3.333e-7 log10_ratio=-0.477 accept_rho=1.000 attempts=1
[INFO] [STAGE] PIRLS update_with_curvature iter=2 curvature=Fisher elapsed=0.000s source=reused_prev_accept
[INFO] [PIRLS iter-end] iter=  2 elapsed=0.0004s lm_lambda=1.11e-7 g_norm=3.396e0 last_dev_change=3.825e0 last_halving=1
[INFO] [PIRLS iter-breakdown] iter=  2 attempts=1 curvature=0.000s solve=0.000s predred=0.000s candidate=0.000s other=0.000s
[INFO] [PIRLS lm-trajectory] iter=  2 start_lambda=3.333e-7 final_lambda=1.111e-7 log10_ratio=-0.477 accept_rho=1.000 attempts=1
[INFO] [STAGE] PIRLS update_with_curvature iter=3 curvature=Fisher elapsed=0.000s source=reused_prev_accept
[INFO] [PIRLS iter-end] iter=  3 elapsed=0.0004s lm_lambda=3.70e-8 g_norm=1.199e-1 last_dev_change=4.800e-2 last_halving=1
[INFO] [PIRLS iter-breakdown] iter=  3 attempts=1 curvature=0.000s solve=0.000s predred=0.000s candidate=0.000s other=0.000s
[INFO] [PIRLS lm-trajectory] iter=  3 start_lambda=1.111e-7 final_lambda=3.704e-8 log10_ratio=-0.477 accept_rho=1.000 attempts=1
[INFO] [STAGE] PIRLS update_with_curvature iter=4 curvature=Fisher elapsed=0.000s source=reused_prev_accept
[INFO] [PIRLS iter-end] iter=  4 elapsed=0.0004s lm_lambda=1.23e-8 g_norm=1.811e-2 last_dev_change=4.006e-4 last_halving=1
[INFO] [PIRLS iter-breakdown] iter=  4 attempts=1 curvature=0.000s solve=0.000s predred=0.000s candidate=0.000s other=0.000s
[INFO] [PIRLS lm-trajectory] iter=  4 start_lambda=3.704e-8 final_lambda=1.235e-8 log10_ratio=-0.477 accept_rho=1.000 attempts=1
[INFO] [STAGE] PIRLS update_with_curvature iter=5 curvature=Fisher elapsed=0.000s source=reused_prev_accept
[INFO] [PIRLS iter-end] iter=  5 elapsed=0.0005s lm_lambda=4.12e-9 g_norm=1.658e-2 last_dev_change=9.114e-4 last_halving=1
[INFO] [PIRLS iter-breakdown] iter=  5 attempts=1 curvature=0.000s solve=0.000s predred=0.000s candidate=0.000s other=0.000s
[INFO] [PIRLS lm-trajectory] iter=  5 start_lambda=1.235e-8 final_lambda=4.115e-9 log10_ratio=-0.477 accept_rho=1.000 attempts=1
[INFO] [STAGE] PIRLS update_with_curvature iter=6 curvature=Fisher elapsed=0.000s source=reused_prev_accept
[INFO] [PIRLS iter-end] iter=  6 elapsed=0.0004s lm_lambda=1.37e-9 g_norm=1.485e-2 last_dev_change=2.278e-3 last_halving=1
[INFO] [PIRLS iter-breakdown] iter=  6 attempts=1 curvature=0.000s solve=0.000s predred=0.000s candidate=0.000s other=0.000s
[INFO] [PIRLS lm-trajectory] iter=  6 start_lambda=4.115e-9 final_lambda=1.372e-9 log10_ratio=-0.477 accept_rho=1.000 attempts=1
[INFO] [STAGE] PIRLS update_with_curvature iter=7 curvature=Fisher elapsed=0.000s source=reused_prev_accept
[INFO] [PIRLS iter-end] iter=  7 elapsed=0.0004s lm_lambda=1.00e-9 g_norm=1.101e-2 last_dev_change=4.169e-3 last_halving=1
[INFO] [PIRLS iter-breakdown] iter=  7 attempts=1 curvature=0.000s solve=0.000s predred=0.000s candidate=0.000s other=0.000s
[INFO] [PIRLS lm-trajectory] iter=  7 start_lambda=1.372e-9 final_lambda=1.000e-9 log10_ratio=-0.137 accept_rho=1.000 attempts=1
[INFO] [STAGE] PIRLS update_with_curvature iter=8 curvature=Fisher elapsed=0.000s source=reused_prev_accept
[INFO] [PIRLS iter-end] iter=  8 elapsed=0.0004s lm_lambda=1.00e-9 g_norm=7.449e-3 last_dev_change=2.761e-3 last_halving=1
[INFO] [PIRLS iter-breakdown] iter=  8 attempts=1 curvature=0.000s solve=0.000s predred=0.000s candidate=0.000s other=0.000s
[INFO] [PIRLS lm-trajectory] iter=  8 start_lambda=1.000e-9 final_lambda=1.000e-9 log10_ratio=0.000 accept_rho=1.000 attempts=1
[INFO] [STAGE] PIRLS update_with_curvature iter=9 curvature=Fisher elapsed=0.000s source=reused_prev_accept
[INFO] [PIRLS iter-end] iter=  9 elapsed=0.0004s lm_lambda=1.00e-9 g_norm=5.038e-3 last_dev_change=1.263e-3 last_halving=1
[INFO] [PIRLS iter-breakdown] iter=  9 attempts=1 curvature=0.000s solve=0.000s predred=0.000s candidate=0.000s other=0.000s
[INFO] [PIRLS lm-trajectory] iter=  9 start_lambda=1.000e-9 final_lambda=1.000e-9 log10_ratio=0.000 accept_rho=1.000 attempts=1
[INFO] [STAGE] PIRLS update_with_curvature iter=10 curvature=Fisher elapsed=0.000s source=reused_prev_accept
[INFO] [PIRLS iter-end] iter= 10 elapsed=0.0004s lm_lambda=1.00e-9 g_norm=3.408e-3 last_dev_change=5.779e-4 last_halving=1
[INFO] [PIRLS iter-breakdown] iter= 10 attempts=1 curvature=0.000s solve=0.000s predred=0.000s candidate=0.000s other=0.000s
[INFO] [PIRLS lm-trajectory] iter= 10 start_lambda=1.000e-9 final_lambda=1.000e-9 log10_ratio=0.000 accept_rho=1.000 attempts=1
[INFO] [STAGE] PIRLS update_with_curvature iter=11 curvature=Fisher elapsed=0.000s source=reused_prev_accept
[INFO] [PIRLS iter-end] iter= 11 elapsed=0.0004s lm_lambda=1.00e-9 g_norm=2.305e-3 last_dev_change=2.644e-4 last_halving=1
[INFO] [PIRLS iter-breakdown] iter= 11 attempts=1 curvature=0.000s solve=0.000s predred=0.000s candidate=0.000s other=0.000s
[INFO] [PIRLS lm-trajectory] iter= 11 start_lambda=1.000e-9 final_lambda=1.000e-9 log10_ratio=0.000 accept_rho=1.000 attempts=1
[INFO] [STAGE] PIRLS update_with_curvature iter=12 curvature=Fisher elapsed=0.000s source=reused_prev_accept
[INFO] [PIRLS iter-end] iter= 12 elapsed=0.0004s lm_lambda=1.00e-9 g_norm=1.559e-3 last_dev_change=1.210e-4 last_halving=1
[INFO] [PIRLS iter-breakdown] iter= 12 attempts=1 curvature=0.000s solve=0.000s predred=0.000s candidate=0.000s other=0.000s
[INFO] [PIRLS lm-trajectory] iter= 12 start_lambda=1.000e-9 final_lambda=1.000e-9 log10_ratio=0.000 accept_rho=1.000 attempts=1
[INFO] [STAGE] PIRLS update_with_curvature iter=13 curvature=Fisher elapsed=0.000s source=reused_prev_accept
[INFO] [PIRLS iter-end] iter= 13 elapsed=0.0004s lm_lambda=1.00e-9 g_norm=1.055e-3 last_dev_change=5.534e-5 last_halving=1
[INFO] [PIRLS iter-breakdown] iter= 13 attempts=1 curvature=0.000s solve=0.000s predred=0.000s candidate=0.000s other=0.000s
[INFO] [PIRLS lm-trajectory] iter= 13 start_lambda=1.000e-9 final_lambda=1.000e-9 log10_ratio=0.000 accept_rho=1.000 attempts=1
[INFO] [STAGE] PIRLS update_with_curvature iter=14 curvature=Fisher elapsed=0.000s source=reused_prev_accept
[INFO] [PIRLS iter-end] iter= 14 elapsed=0.0005s lm_lambda=1.00e-9 g_norm=7.133e-4 last_dev_change=2.532e-5 last_halving=1
[INFO] [PIRLS iter-breakdown] iter= 14 attempts=1 curvature=0.000s solve=0.000s predred=0.000s candidate=0.000s other=0.000s
[INFO] [PIRLS lm-trajectory] iter= 14 start_lambda=1.000e-9 final_lambda=1.000e-9 log10_ratio=0.000 accept_rho=1.000 attempts=1
[INFO] [STAGE] PIRLS update_with_curvature iter=15 curvature=Fisher elapsed=0.000s source=reused_prev_accept
[INFO] [PIRLS iter-end] iter= 15 elapsed=0.0004s lm_lambda=1.00e-9 g_norm=4.825e-4 last_dev_change=1.158e-5 last_halving=1
[INFO] [PIRLS iter-breakdown] iter= 15 attempts=1 curvature=0.000s solve=0.000s predred=0.000s candidate=0.000s other=0.000s
[INFO] [PIRLS lm-trajectory] iter= 15 start_lambda=1.000e-9 final_lambda=1.000e-9 log10_ratio=0.000 accept_rho=1.000 attempts=1
[INFO] [STAGE] PIRLS update_with_curvature iter=16 curvature=Fisher elapsed=0.000s source=reused_prev_accept
[INFO] [PIRLS iter-end] iter= 16 elapsed=0.0004s lm_lambda=1.00e-9 g_norm=3.264e-4 last_dev_change=5.299e-6 last_halving=1
[INFO] [PIRLS iter-breakdown] iter= 16 attempts=1 curvature=0.000s solve=0.000s predred=0.000s candidate=0.000s other=0.000s
[INFO] [PIRLS lm-trajectory] iter= 16 start_lambda=1.000e-9 final_lambda=1.000e-9 log10_ratio=0.000 accept_rho=1.000 attempts=1
[INFO] [STAGE] PIRLS update_with_curvature iter=17 curvature=Fisher elapsed=0.000s source=reused_prev_accept
[INFO] [PIRLS iter-end] iter= 17 elapsed=0.0004s lm_lambda=1.00e-9 g_norm=2.208e-4 last_dev_change=2.425e-6 last_halving=1
[INFO] [PIRLS iter-breakdown] iter= 17 attempts=1 curvature=0.000s solve=0.000s predred=0.000s candidate=0.000s other=0.000s
[INFO] [PIRLS lm-trajectory] iter= 17 start_lambda=1.000e-9 final_lambda=1.000e-9 log10_ratio=0.000 accept_rho=1.000 attempts=1
[INFO] [STAGE] PIRLS update_with_curvature iter=18 curvature=Fisher elapsed=0.000s source=reused_prev_accept
[INFO] [PIRLS iter-end] iter= 18 elapsed=0.0004s lm_lambda=1.00e-9 g_norm=1.493e-4 last_dev_change=1.109e-6 last_halving=1
[INFO] [PIRLS iter-breakdown] iter= 18 attempts=1 curvature=0.000s solve=0.000s predred=0.000s candidate=0.000s other=0.000s
[INFO] [PIRLS lm-trajectory] iter= 18 start_lambda=1.000e-9 final_lambda=1.000e-9 log10_ratio=0.000 accept_rho=1.000 attempts=1
[INFO] [STAGE] PIRLS update_with_curvature iter=19 curvature=Fisher elapsed=0.000s source=reused_prev_accept
[INFO] [PIRLS iter-end] iter= 19 elapsed=0.0004s lm_lambda=1.00e-9 g_norm=1.010e-4 last_dev_change=5.075e-7 last_halving=1
[INFO] [PIRLS iter-breakdown] iter= 19 attempts=1 curvature=0.000s solve=0.000s predred=0.000s candidate=0.000s other=0.000s
[INFO] [PIRLS lm-trajectory] iter= 19 start_lambda=1.000e-9 final_lambda=1.000e-9 log10_ratio=0.000 accept_rho=1.000 attempts=1
[INFO] [STAGE] PIRLS update_with_curvature iter=20 curvature=Fisher elapsed=0.000s source=reused_prev_accept
[INFO] [PIRLS iter-end] iter= 20 elapsed=0.0005s lm_lambda=1.00e-9 g_norm=6.830e-5 last_dev_change=2.322e-7 last_halving=1
[INFO] [PIRLS iter-breakdown] iter= 20 attempts=1 curvature=0.000s solve=0.000s predred=0.000s candidate=0.000s other=0.000s
[INFO] [PIRLS lm-trajectory] iter= 20 start_lambda=1.000e-9 final_lambda=1.000e-9 log10_ratio=0.000 accept_rho=1.000 attempts=1
[INFO] [STAGE] PIRLS update_with_curvature iter=21 curvature=Fisher elapsed=0.000s source=reused_prev_accept
[INFO] [PIRLS iter-end] iter= 21 elapsed=0.0004s lm_lambda=1.00e-9 g_norm=4.621e-5 last_dev_change=1.062e-7 last_halving=1
[INFO] [PIRLS iter-breakdown] iter= 21 attempts=1 curvature=0.000s solve=0.000s predred=0.000s candidate=0.000s other=0.000s
[INFO] [PIRLS lm-trajectory] iter= 21 start_lambda=1.000e-9 final_lambda=1.000e-9 log10_ratio=0.000 accept_rho=1.000 attempts=1
[INFO] [STAGE] PIRLS update_with_curvature iter=22 curvature=Fisher elapsed=0.000s source=reused_prev_accept
[INFO] [PIRLS iter-end] iter= 22 elapsed=0.0004s lm_lambda=1.00e-9 g_norm=3.127e-5 last_dev_change=4.860e-8 last_halving=1
[INFO] [PIRLS iter-breakdown] iter= 22 attempts=1 curvature=0.000s solve=0.000s predred=0.000s candidate=0.000s other=0.000s
[INFO] [PIRLS lm-trajectory] iter= 22 start_lambda=1.000e-9 final_lambda=1.000e-9 log10_ratio=0.000 accept_rho=1.000 attempts=1
[INFO] [STAGE] PIRLS update_with_curvature iter=23 curvature=Fisher elapsed=0.000s source=reused_prev_accept
[INFO] [PIRLS iter-end] iter= 23 elapsed=0.0004s lm_lambda=1.00e-9 g_norm=2.114e-5 last_dev_change=2.224e-8 last_halving=1
[INFO] [PIRLS iter-breakdown] iter= 23 attempts=1 curvature=0.000s solve=0.000s predred=0.000s candidate=0.000s other=0.000s
[INFO] [PIRLS lm-trajectory] iter= 23 start_lambda=1.000e-9 final_lambda=1.000e-9 log10_ratio=0.000 accept_rho=1.000 attempts=1
[INFO] [STAGE] PIRLS update_with_curvature iter=24 curvature=Fisher elapsed=0.000s source=reused_prev_accept
[INFO] [PIRLS iter-end] iter= 24 elapsed=0.0005s lm_lambda=1.00e-9 g_norm=1.431e-5 last_dev_change=1.017e-8 last_halving=1
[INFO] [PIRLS iter-breakdown] iter= 24 attempts=1 curvature=0.000s solve=0.000s predred=0.000s candidate=0.000s other=0.000s
[INFO] [PIRLS lm-trajectory] iter= 24 start_lambda=1.000e-9 final_lambda=1.000e-9 log10_ratio=0.000 accept_rho=1.000 attempts=1
[INFO] [STAGE] PIRLS update_with_curvature iter=25 curvature=Fisher elapsed=0.000s source=reused_prev_accept
[INFO] [PIRLS iter-end] iter= 25 elapsed=0.0004s lm_lambda=1.00e-9 g_norm=9.696e-6 last_dev_change=4.655e-9 last_halving=1
[INFO] [PIRLS iter-breakdown] iter= 25 attempts=1 curvature=0.000s solve=0.000s predred=0.000s candidate=0.000s other=0.000s
[INFO] [PIRLS lm-trajectory] iter= 25 start_lambda=1.000e-9 final_lambda=1.000e-9 log10_ratio=0.000 accept_rho=1.000 attempts=1
[INFO] [STAGE] PIRLS update_with_curvature iter=26 curvature=Fisher elapsed=0.000s source=reused_prev_accept
[INFO] [PIRLS iter-end] iter= 26 elapsed=0.0004s lm_lambda=1.00e-9 g_norm=6.549e-6 last_dev_change=2.129e-9 last_halving=1
[INFO] [PIRLS iter-breakdown] iter= 26 attempts=1 curvature=0.000s solve=0.000s predred=0.000s candidate=0.000s other=0.000s
[INFO] [PIRLS lm-trajectory] iter= 26 start_lambda=1.000e-9 final_lambda=1.000e-9 log10_ratio=0.000 accept_rho=1.000 attempts=1
[INFO] [STAGE] PIRLS update_with_curvature iter=27 curvature=Fisher elapsed=0.000s source=reused_prev_accept
[INFO] [PIRLS iter-end] iter= 27 elapsed=0.0004s lm_lambda=1.00e-9 g_norm=4.432e-6 last_dev_change=9.745e-10 last_halving=1
[INFO] [PIRLS iter-breakdown] iter= 27 attempts=1 curvature=0.000s solve=0.000s predred=0.000s candidate=0.000s other=0.000s
[INFO] [PIRLS lm-trajectory] iter= 27 start_lambda=1.000e-9 final_lambda=1.000e-9 log10_ratio=0.000 accept_rho=1.000 attempts=1
[INFO] [STAGE] PIRLS update_with_curvature iter=28 curvature=Fisher elapsed=0.000s source=reused_prev_accept
[INFO] [PIRLS iter-end] iter= 28 elapsed=0.0004s lm_lambda=1.00e-9 g_norm=3.003e-6 last_dev_change=4.458e-10 last_halving=1
[INFO] [PIRLS iter-breakdown] iter= 28 attempts=1 curvature=0.000s solve=0.000s predred=0.000s candidate=0.000s other=0.000s
[INFO] [PIRLS lm-trajectory] iter= 28 start_lambda=1.000e-9 final_lambda=1.000e-9 log10_ratio=0.000 accept_rho=1.000 attempts=1
[INFO] [STAGE] PIRLS update_with_curvature iter=29 curvature=Fisher elapsed=0.000s source=reused_prev_accept
[INFO] [PIRLS iter-end] iter= 29 elapsed=0.0004s lm_lambda=1.00e-9 g_norm=2.032e-6 last_dev_change=2.042e-10 last_halving=1
[INFO] [PIRLS iter-breakdown] iter= 29 attempts=1 curvature=0.000s solve=0.000s predred=0.000s candidate=0.000s other=0.000s
[INFO] [PIRLS lm-trajectory] iter= 29 start_lambda=1.000e-9 final_lambda=1.000e-9 log10_ratio=0.000 accept_rho=1.000 attempts=1
[INFO] [STAGE] PIRLS update_with_curvature iter=30 curvature=Fisher elapsed=0.000s source=reused_prev_accept
[INFO] [PIRLS iter-end] iter= 30 elapsed=0.0004s lm_lambda=1.00e-9 g_norm=1.381e-6 last_dev_change=9.334e-11 last_halving=1
[INFO] [PIRLS iter-breakdown] iter= 30 attempts=1 curvature=0.000s solve=0.000s predred=0.000s candidate=0.000s other=0.000s
[INFO] [PIRLS lm-trajectory] iter= 30 start_lambda=1.000e-9 final_lambda=1.000e-9 log10_ratio=0.000 accept_rho=1.000 attempts=1
[INFO] [STAGE] PIRLS update_with_curvature iter=31 curvature=Fisher elapsed=0.000s source=reused_prev_accept
[INFO] [PIRLS iter-end] iter= 31 elapsed=0.0004s lm_lambda=1.00e-9 g_norm=9.217e-7 last_dev_change=4.287e-11 last_halving=1
[INFO] [PIRLS iter-breakdown] iter= 31 attempts=1 curvature=0.000s solve=0.000s predred=0.000s candidate=0.000s other=0.000s
[INFO] [PIRLS lm-trajectory] iter= 31 start_lambda=1.000e-9 final_lambda=1.000e-9 log10_ratio=0.000 accept_rho=1.000 attempts=1
[INFO] [STAGE] PIRLS update_with_curvature iter=32 curvature=Fisher elapsed=0.000s source=reused_prev_accept
[INFO] [PIRLS iter-end] iter= 32 elapsed=0.0004s lm_lambda=1.00e-9 g_norm=6.463e-7 last_dev_change=1.958e-11 last_halving=1
[INFO] [PIRLS iter-breakdown] iter= 32 attempts=1 curvature=0.000s solve=0.000s predred=0.000s candidate=0.000s other=0.000s
[INFO] [PIRLS lm-trajectory] iter= 32 start_lambda=1.000e-9 final_lambda=1.000e-9 log10_ratio=0.000 accept_rho=1.000 attempts=1
[INFO] [STAGE] PIRLS update_with_curvature iter=33 curvature=Fisher elapsed=0.000s source=reused_prev_accept
[INFO] [PIRLS iter-end] iter= 33 elapsed=0.0004s lm_lambda=1.00e-9 g_norm=4.357e-7 last_dev_change=9.009e-12 last_halving=1
[INFO] [PIRLS iter-breakdown] iter= 33 attempts=1 curvature=0.000s solve=0.000s predred=0.000s candidate=0.000s other=0.000s
[INFO] [PIRLS lm-trajectory] iter= 33 start_lambda=1.000e-9 final_lambda=1.000e-9 log10_ratio=0.000 accept_rho=1.000 attempts=1
[INFO] [STAGE] PIRLS update_with_curvature iter=34 curvature=Fisher elapsed=0.000s source=reused_prev_accept
[INFO] [PIRLS iter-end] iter= 34 elapsed=0.0004s lm_lambda=1.00e-9 g_norm=2.824e-7 last_dev_change=4.078e-12 last_halving=1
[INFO] [PIRLS iter-breakdown] iter= 34 attempts=1 curvature=0.000s solve=0.000s predred=0.000s candidate=0.000s other=0.000s
[INFO] [PIRLS lm-trajectory] iter= 34 start_lambda=1.000e-9 final_lambda=1.000e-9 log10_ratio=0.000 accept_rho=1.000 attempts=1
[INFO] [STAGE] PIRLS update_with_curvature iter=35 curvature=Fisher elapsed=0.000s source=reused_prev_accept
[INFO] [PIRLS iter-end] iter= 35 elapsed=0.0004s lm_lambda=1.00e-9 g_norm=2.281e-7 last_dev_change=1.882e-12 last_halving=1
[INFO] [PIRLS iter-breakdown] iter= 35 attempts=1 curvature=0.000s solve=0.000s predred=0.000s candidate=0.000s other=0.000s
[INFO] [PIRLS lm-trajectory] iter= 35 start_lambda=1.000e-9 final_lambda=1.000e-9 log10_ratio=0.000 accept_rho=1.000 attempts=1
[INFO] [STAGE] PIRLS update_with_curvature iter=36 curvature=Fisher elapsed=0.000s source=reused_prev_accept
[INFO] [PIRLS iter-end] iter= 36 elapsed=0.0005s lm_lambda=1.00e-9 g_norm=1.370e-7 last_dev_change=8.602e-13 last_halving=1
[INFO] [PIRLS iter-breakdown] iter= 36 attempts=1 curvature=0.000s solve=0.000s predred=0.000s candidate=0.000s other=0.000s
[INFO] [PIRLS lm-trajectory] iter= 36 start_lambda=1.000e-9 final_lambda=1.000e-9 log10_ratio=0.000 accept_rho=1.001 attempts=1
[INFO] [STAGE] PIRLS update_with_curvature iter=37 curvature=Fisher elapsed=0.000s source=reused_prev_accept
[INFO] [PIRLS iter-end] iter= 37 elapsed=0.0004s lm_lambda=1.00e-9 g_norm=9.554e-8 last_dev_change=4.123e-13 last_halving=1
[INFO] [PIRLS iter-breakdown] iter= 37 attempts=1 curvature=0.000s solve=0.000s predred=0.000s candidate=0.000s other=0.000s
[INFO] [PIRLS lm-trajectory] iter= 37 start_lambda=1.000e-9 final_lambda=1.000e-9 log10_ratio=0.000 accept_rho=0.999 attempts=1
[INFO] [STAGE] PIRLS update_with_curvature iter=38 curvature=Fisher elapsed=0.000s source=reused_prev_accept
[INFO] [PIRLS iter-end] iter= 38 elapsed=0.0004s lm_lambda=1.00e-9 g_norm=7.554e-8 last_dev_change=1.772e-13 last_halving=1
[INFO] [PIRLS iter-breakdown] iter= 38 attempts=1 curvature=0.000s solve=0.000s predred=0.000s candidate=0.000s other=0.000s
[INFO] [PIRLS lm-trajectory] iter= 38 start_lambda=1.000e-9 final_lambda=1.000e-9 log10_ratio=0.000 accept_rho=0.999 attempts=1
[INFO] [STAGE] PIRLS update_with_curvature iter=39 curvature=Fisher elapsed=0.000s source=reused_prev_accept
[INFO] [PIRLS iter-end] iter= 39 elapsed=0.0004s lm_lambda=1.00e-9 g_norm=4.732e-8 last_dev_change=8.349e-14 last_halving=1
[INFO] [PIRLS iter-breakdown] iter= 39 attempts=1 curvature=0.000s solve=0.000s predred=0.000s candidate=0.000s other=0.000s
[INFO] [PIRLS lm-trajectory] iter= 39 start_lambda=1.000e-9 final_lambda=1.000e-9 log10_ratio=0.000 accept_rho=1.007 attempts=1
[INFO] [STAGE] PIRLS update_with_curvature iter=40 curvature=Fisher elapsed=0.000s source=reused_prev_accept
[INFO] [PIRLS exact-decrement] applicable=true decrement_sq=6.566004e-14 threshold=1.472658e-13 pass=true gradient_norm=4.291455e-8 relative_gradient=2.437869e-8 dimension_scale=6.244998e1 natural_scale=7.603308e-1 objective=1.414129e0 actual_reduction=3.663736e-14 predicted_reduction=3.700195e-14 linear_model_term=-4.390221e-14 direction_norm=9.828901e-7 data_reduction=2.344791e-12 penalty_reduction=-2.308134e-12
[INFO] [PIRLS solve-end] iters=40 elapsed=0.0241s g_norm_initial=1.385e3 g_norm_final=4.291e-8 convergence_rate=5.461e-1 status=Converged
[INFO] [STAGE] inner pirls solve iters=40 status=Converged max_eta=2.0 jeffreys_logdet=none rows=full(derivative-request) elapsed=0.026s
[INFO] [STAGE] logdet S rho_dim=2 penalty_rank=12 elapsed=0.000s
[INFO] [#1271-diag] path=orig p=13 penalty_rank=12 nullspace_dim=1 rss=2.818799 pen=0.009458 Dp=2.828258 pirls_edf=1.9999 logS=185.055044 logH=200.063207 half_diff=7.504082 h_above1=12 h_min=1.428e-2 h_max=1.969e9 rho=[21.7635,-1.9426] lambda=[2.830e9,1.433e-1]
  H_eig=[1.969e9,1.969e9,2.385e8,2.383e8,2.039e8,1.960e8,1.876e8,1.382e8,7.360e7,2.048e7,1.505e3,1.041e2,1.428e-2]
  Slam_eig=[1.969e9,1.969e9,2.385e8,2.383e8,2.039e8,1.960e8,1.876e8,1.382e8,7.360e7,2.048e7,1.179e-1,5.760e-3,0.000e0]
[INFO] [STAGE] reml_laml cost_only_done k=2 ext_dim=0 dim=13 elapsed=0.000s
[INFO] [OUTER hessian-route] choice=dense reason=kernel_absent n=300 p=13 k=2 callback_kernel=false subspace_trace=false scale_prefers_operator=false dense_workspace_bytes=9464
[INFO] [OUTER hessian-elapsed] choice=dense reason=kernel_absent n=300 p=13 k=2 elapsed=0.000s
[INFO] [HGB] small-sample fallback to defaults: pairs=0, threshold=3
[INFO] [reml-geometry] dense_spectral reason=constraints_present p=13 nnz_x=na nnz_h_est=na density_h_est=na threshold=0.1000
[INFO] [STAGE] PIRLS update_with_curvature iter=1 curvature=Fisher elapsed=0.000s source=rebuilt
[INFO] [PIRLS iter-end] iter=  1 elapsed=0.0007s lm_lambda=3.33e-7 g_norm=3.066e1 last_dev_change=4.807e1 last_halving=1
[INFO] [PIRLS iter-breakdown] iter=  1 attempts=1 curvature=0.001s solve=0.000s predred=0.000s candidate=0.000s other=0.000s
[INFO] [PIRLS lm-trajectory] iter=  1 start_lambda=1.000e-6 final_lambda=3.333e-7 log10_ratio=-0.477 accept_rho=1.000 attempts=1
[INFO] [STAGE] PIRLS update_with_curvature iter=2 curvature=Fisher elapsed=0.000s source=reused_prev_accept
[INFO] [PIRLS iter-end] iter=  2 elapsed=0.0004s lm_lambda=1.11e-7 g_norm=3.396e0 last_dev_change=3.825e0 last_halving=1
[INFO] [PIRLS iter-breakdown] iter=  2 attempts=1 curvature=0.000s solve=0.000s predred=0.000s candidate=0.000s other=0.000s
[INFO] [PIRLS lm-trajectory] iter=  2 start_lambda=3.333e-7 final_lambda=1.111e-7 log10_ratio=-0.477 accept_rho=1.000 attempts=1
[INFO] [STAGE] PIRLS update_with_curvature iter=3 curvature=Fisher elapsed=0.000s source=reused_prev_accept
[INFO] [PIRLS iter-end] iter=  3 elapsed=0.0004s lm_lambda=3.70e-8 g_norm=1.199e-1 last_dev_change=4.800e-2 last_halving=1
[INFO] [PIRLS iter-breakdown] iter=  3 attempts=1 curvature=0.000s solve=0.000s predred=0.000s candidate=0.000s other=0.000s
[INFO] [PIRLS lm-trajectory] iter=  3 start_lambda=1.111e-7 final_lambda=3.704e-8 log10_ratio=-0.477 accept_rho=1.000 attempts=1
[INFO] [STAGE] PIRLS update_with_curvature iter=4 curvature=Fisher elapsed=0.000s source=reused_prev_accept
[INFO] [PIRLS iter-end] iter=  4 elapsed=0.0004s lm_lambda=1.23e-8 g_norm=1.811e-2 last_dev_change=4.006e-4 last_halving=1
[INFO] [PIRLS iter-breakdown] iter=  4 attempts=1 curvature=0.000s solve=0.000s predred=0.000s candidate=0.000s other=0.000s
[INFO] [PIRLS lm-trajectory] iter=  4 start_lambda=3.704e-8 final_lambda=1.235e-8 log10_ratio=-0.477 accept_rho=1.000 attempts=1
[INFO] [STAGE] PIRLS update_with_curvature iter=5 curvature=Fisher elapsed=0.000s source=reused_prev_accept
[INFO] [PIRLS iter-end] iter=  5 elapsed=0.0005s lm_lambda=4.12e-9 g_norm=1.658e-2 last_dev_change=9.114e-4 last_halving=1
[INFO] [PIRLS iter-breakdown] iter=  5 attempts=1 curvature=0.000s solve=0.000s predred=0.000s candidate=0.000s other=0.000s
[INFO] [PIRLS lm-trajectory] iter=  5 start_lambda=1.235e-8 final_lambda=4.115e-9 log10_ratio=-0.477 accept_rho=1.000 attempts=1
[INFO] [STAGE] PIRLS update_with_curvature iter=6 curvature=Fisher elapsed=0.000s source=reused_prev_accept
[INFO] [PIRLS iter-end] iter=  6 elapsed=0.0004s lm_lambda=1.37e-9 g_norm=1.485e-2 last_dev_change=2.278e-3 last_halving=1
[INFO] [PIRLS iter-breakdown] iter=  6 attempts=1 curvature=0.000s solve=0.000s predred=0.000s candidate=0.000s other=0.000s
[INFO] [PIRLS lm-trajectory] iter=  6 start_lambda=4.115e-9 final_lambda=1.372e-9 log10_ratio=-0.477 accept_rho=1.000 attempts=1
[INFO] [STAGE] PIRLS update_with_curvature iter=7 curvature=Fisher elapsed=0.000s source=reused_prev_accept
[INFO] [PIRLS iter-end] iter=  7 elapsed=0.0004s lm_lambda=1.00e-9 g_norm=1.101e-2 last_dev_change=4.169e-3 last_halving=1
[INFO] [PIRLS iter-breakdown] iter=  7 attempts=1 curvature=0.000s solve=0.000s predred=0.000s candidate=0.000s other=0.000s
[INFO] [PIRLS lm-trajectory] iter=  7 start_lambda=1.372e-9 final_lambda=1.000e-9 log10_ratio=-0.137 accept_rho=1.000 attempts=1
[INFO] [STAGE] PIRLS update_with_curvature iter=8 curvature=Fisher elapsed=0.000s source=reused_prev_accept
[INFO] [PIRLS iter-end] iter=  8 elapsed=0.0004s lm_lambda=1.00e-9 g_norm=7.449e-3 last_dev_change=2.761e-3 last_halving=1
[INFO] [PIRLS iter-breakdown] iter=  8 attempts=1 curvature=0.000s solve=0.000s predred=0.000s candidate=0.000s other=0.000s
[INFO] [PIRLS lm-trajectory] iter=  8 start_lambda=1.000e-9 final_lambda=1.000e-9 log10_ratio=0.000 accept_rho=1.000 attempts=1
[INFO] [STAGE] PIRLS update_with_curvature iter=9 curvature=Fisher elapsed=0.000s source=reused_prev_accept
[INFO] [PIRLS iter-end] iter=  9 elapsed=0.0004s lm_lambda=1.00e-9 g_norm=5.038e-3 last_dev_change=1.263e-3 last_halving=1
[INFO] [PIRLS iter-breakdown] iter=  9 attempts=1 curvature=0.000s solve=0.000s predred=0.000s candidate=0.000s other=0.000s
[INFO] [PIRLS lm-trajectory] iter=  9 start_lambda=1.000e-9 final_lambda=1.000e-9 log10_ratio=0.000 accept_rho=1.000 attempts=1
[INFO] [STAGE] PIRLS update_with_curvature iter=10 curvature=Fisher elapsed=0.000s source=reused_prev_accept
[INFO] [PIRLS iter-end] iter= 10 elapsed=0.0004s lm_lambda=1.00e-9 g_norm=3.408e-3 last_dev_change=5.779e-4 last_halving=1
[INFO] [PIRLS iter-breakdown] iter= 10 attempts=1 curvature=0.000s solve=0.000s predred=0.000s candidate=0.000s other=0.000s
[INFO] [PIRLS lm-trajectory] iter= 10 start_lambda=1.000e-9 final_lambda=1.000e-9 log10_ratio=0.000 accept_rho=1.000 attempts=1
[INFO] [STAGE] PIRLS update_with_curvature iter=11 curvature=Fisher elapsed=0.000s source=reused_prev_accept
[INFO] [PIRLS iter-end] iter= 11 elapsed=0.0004s lm_lambda=1.00e-9 g_norm=2.305e-3 last_dev_change=2.644e-4 last_halving=1
[INFO] [PIRLS iter-breakdown] iter= 11 attempts=1 curvature=0.000s solve=0.000s predred=0.000s candidate=0.000s other=0.000s
[INFO] [PIRLS lm-trajectory] iter= 11 start_lambda=1.000e-9 final_lambda=1.000e-9 log10_ratio=0.000 accept_rho=1.000 attempts=1
[INFO] [STAGE] PIRLS update_with_curvature iter=12 curvature=Fisher elapsed=0.000s source=reused_prev_accept
[INFO] [PIRLS iter-end] iter= 12 elapsed=0.0005s lm_lambda=1.00e-9 g_norm=1.559e-3 last_dev_change=1.210e-4 last_halving=1
[INFO] [PIRLS iter-breakdown] iter= 12 attempts=1 curvature=0.000s solve=0.000s predred=0.000s candidate=0.000s other=0.000s
[INFO] [PIRLS lm-trajectory] iter= 12 start_lambda=1.000e-9 final_lambda=1.000e-9 log10_ratio=0.000 accept_rho=1.000 attempts=1
[INFO] [STAGE] PIRLS update_with_curvature iter=13 curvature=Fisher elapsed=0.000s source=reused_prev_accept
[INFO] [PIRLS iter-end] iter= 13 elapsed=0.0005s lm_lambda=1.00e-9 g_norm=1.055e-3 last_dev_change=5.534e-5 last_halving=1
[INFO] [PIRLS iter-breakdown] iter= 13 attempts=1 curvature=0.000s solve=0.000s predred=0.000s candidate=0.000s other=0.000s
[INFO] [PIRLS lm-trajectory] iter= 13 start_lambda=1.000e-9 final_lambda=1.000e-9 log10_ratio=0.000 accept_rho=1.000 attempts=1
[INFO] [STAGE] PIRLS update_with_curvature iter=14 curvature=Fisher elapsed=0.000s source=reused_prev_accept
[INFO] [PIRLS iter-end] iter= 14 elapsed=0.0004s lm_lambda=1.00e-9 g_norm=7.133e-4 last_dev_change=2.532e-5 last_halving=1
[INFO] [PIRLS iter-breakdown] iter= 14 attempts=1 curvature=0.000s solve=0.000s predred=0.000s candidate=0.000s other=0.000s
[INFO] [PIRLS lm-trajectory] iter= 14 start_lambda=1.000e-9 final_lambda=1.000e-9 log10_ratio=0.000 accept_rho=1.000 attempts=1
[INFO] [STAGE] PIRLS update_with_curvature iter=15 curvature=Fisher elapsed=0.000s source=reused_prev_accept
[INFO] [PIRLS iter-end] iter= 15 elapsed=0.0004s lm_lambda=1.00e-9 g_norm=4.825e-4 last_dev_change=1.158e-5 last_halving=1
[INFO] [PIRLS iter-breakdown] iter= 15 attempts=1 curvature=0.000s solve=0.000s predred=0.000s candidate=0.000s other=0.000s
[INFO] [PIRLS lm-trajectory] iter= 15 start_lambda=1.000e-9 final_lambda=1.000e-9 log10_ratio=0.000 accept_rho=1.000 attempts=1
[INFO] [STAGE] PIRLS update_with_curvature iter=16 curvature=Fisher elapsed=0.000s source=reused_prev_accept
[INFO] [PIRLS iter-end] iter= 16 elapsed=0.0004s lm_lambda=1.00e-9 g_norm=3.264e-4 last_dev_change=5.299e-6 last_halving=1
[INFO] [PIRLS iter-breakdown] iter= 16 attempts=1 curvature=0.000s solve=0.000s predred=0.000s candidate=0.000s other=0.000s
[INFO] [PIRLS lm-trajectory] iter= 16 start_lambda=1.000e-9 final_lambda=1.000e-9 log10_ratio=0.000 accept_rho=1.000 attempts=1
[INFO] [STAGE] PIRLS update_with_curvature iter=17 curvature=Fisher elapsed=0.000s source=reused_prev_accept
[INFO] [PIRLS iter-end] iter= 17 elapsed=0.0004s lm_lambda=1.00e-9 g_norm=2.208e-4 last_dev_change=2.425e-6 last_halving=1
[INFO] [PIRLS iter-breakdown] iter= 17 attempts=1 curvature=0.000s solve=0.000s predred=0.000s candidate=0.000s other=0.000s
[INFO] [PIRLS lm-trajectory] iter= 17 start_lambda=1.000e-9 final_lambda=1.000e-9 log10_ratio=0.000 accept_rho=1.000 attempts=1
[INFO] [STAGE] PIRLS update_with_curvature iter=18 curvature=Fisher elapsed=0.000s source=reused_prev_accept
[INFO] [PIRLS iter-end] iter= 18 elapsed=0.0004s lm_lambda=1.00e-9 g_norm=1.493e-4 last_dev_change=1.109e-6 last_halving=1
[INFO] [PIRLS iter-breakdown] iter= 18 attempts=1 curvature=0.000s solve=0.000s predred=0.000s candidate=0.000s other=0.000s
[INFO] [PIRLS lm-trajectory] iter= 18 start_lambda=1.000e-9 final_lambda=1.000e-9 log10_ratio=0.000 accept_rho=1.000 attempts=1
[INFO] [STAGE] PIRLS update_with_curvature iter=19 curvature=Fisher elapsed=0.000s source=reused_prev_accept
[INFO] [PIRLS iter-end] iter= 19 elapsed=0.0004s lm_lambda=1.00e-9 g_norm=1.010e-4 last_dev_change=5.075e-7 last_halving=1
[INFO] [PIRLS iter-breakdown] iter= 19 attempts=1 curvature=0.000s solve=0.000s predred=0.000s candidate=0.000s other=0.000s
[INFO] [PIRLS lm-trajectory] iter= 19 start_lambda=1.000e-9 final_lambda=1.000e-9 log10_ratio=0.000 accept_rho=1.000 attempts=1
[INFO] [STAGE] PIRLS update_with_curvature iter=20 curvature=Fisher elapsed=0.000s source=reused_prev_accept
[INFO] [PIRLS iter-end] iter= 20 elapsed=0.0004s lm_lambda=1.00e-9 g_norm=6.830e-5 last_dev_change=2.322e-7 last_halving=1
[INFO] [PIRLS iter-breakdown] iter= 20 attempts=1 curvature=0.000s solve=0.000s predred=0.000s candidate=0.000s other=0.000s
[INFO] [PIRLS lm-trajectory] iter= 20 start_lambda=1.000e-9 final_lambda=1.000e-9 log10_ratio=0.000 accept_rho=1.000 attempts=1
[INFO] [STAGE] PIRLS update_with_curvature iter=21 curvature=Fisher elapsed=0.000s source=reused_prev_accept
[INFO] [PIRLS iter-end] iter= 21 elapsed=0.0004s lm_lambda=1.00e-9 g_norm=4.621e-5 last_dev_change=1.062e-7 last_halving=1
[INFO] [PIRLS iter-breakdown] iter= 21 attempts=1 curvature=0.000s solve=0.000s predred=0.000s candidate=0.000s other=0.000s
[INFO] [PIRLS lm-trajectory] iter= 21 start_lambda=1.000e-9 final_lambda=1.000e-9 log10_ratio=0.000 accept_rho=1.000 attempts=1
[INFO] [STAGE] PIRLS update_with_curvature iter=22 curvature=Fisher elapsed=0.000s source=reused_prev_accept
[INFO] [PIRLS iter-end] iter= 22 elapsed=0.0004s lm_lambda=1.00e-9 g_norm=3.127e-5 last_dev_change=4.860e-8 last_halving=1
[INFO] [PIRLS iter-breakdown] iter= 22 attempts=1 curvature=0.000s solve=0.000s predred=0.000s candidate=0.000s other=0.000s
[INFO] [PIRLS lm-trajectory] iter= 22 start_lambda=1.000e-9 final_lambda=1.000e-9 log10_ratio=0.000 accept_rho=1.000 attempts=1
[INFO] [STAGE] PIRLS update_with_curvature iter=23 curvature=Fisher elapsed=0.000s source=reused_prev_accept
[INFO] [PIRLS iter-end] iter= 23 elapsed=0.0004s lm_lambda=1.00e-9 g_norm=2.114e-5 last_dev_change=2.224e-8 last_halving=1
[INFO] [PIRLS iter-breakdown] iter= 23 attempts=1 curvature=0.000s solve=0.000s predred=0.000s candidate=0.000s other=0.000s
[INFO] [PIRLS lm-trajectory] iter= 23 start_lambda=1.000e-9 final_lambda=1.000e-9 log10_ratio=0.000 accept_rho=1.000 attempts=1
[INFO] [STAGE] PIRLS update_with_curvature iter=24 curvature=Fisher elapsed=0.000s source=reused_prev_accept
[INFO] [PIRLS iter-end] iter= 24 elapsed=0.0004s lm_lambda=1.00e-9 g_norm=1.431e-5 last_dev_change=1.017e-8 last_halving=1
[INFO] [PIRLS iter-breakdown] iter= 24 attempts=1 curvature=0.000s solve=0.000s predred=0.000s candidate=0.000s other=0.000s
[INFO] [PIRLS lm-trajectory] iter= 24 start_lambda=1.000e-9 final_lambda=1.000e-9 log10_ratio=0.000 accept_rho=1.000 attempts=1
[INFO] [STAGE] PIRLS update_with_curvature iter=25 curvature=Fisher elapsed=0.000s source=reused_prev_accept
[INFO] [PIRLS iter-end] iter= 25 elapsed=0.0004s lm_lambda=1.00e-9 g_norm=9.696e-6 last_dev_change=4.655e-9 last_halving=1
[INFO] [PIRLS iter-breakdown] iter= 25 attempts=1 curvature=0.000s solve=0.000s predred=0.000s candidate=0.000s other=0.000s
[INFO] [PIRLS lm-trajectory] iter= 25 start_lambda=1.000e-9 final_lambda=1.000e-9 log10_ratio=0.000 accept_rho=1.000 attempts=1
[INFO] [STAGE] PIRLS update_with_curvature iter=26 curvature=Fisher elapsed=0.000s source=reused_prev_accept
[INFO] [PIRLS iter-end] iter= 26 elapsed=0.0004s lm_lambda=1.00e-9 g_norm=6.549e-6 last_dev_change=2.129e-9 last_halving=1
[INFO] [PIRLS iter-breakdown] iter= 26 attempts=1 curvature=0.000s solve=0.000s predred=0.000s candidate=0.000s other=0.000s
[INFO] [PIRLS lm-trajectory] iter= 26 start_lambda=1.000e-9 final_lambda=1.000e-9 log10_ratio=0.000 accept_rho=1.000 attempts=1
[INFO] [STAGE] PIRLS update_with_curvature iter=27 curvature=Fisher elapsed=0.000s source=reused_prev_accept
[INFO] [PIRLS iter-end] iter= 27 elapsed=0.0004s lm_lambda=1.00e-9 g_norm=4.432e-6 last_dev_change=9.745e-10 last_halving=1
[INFO] [PIRLS iter-breakdown] iter= 27 attempts=1 curvature=0.000s solve=0.000s predred=0.000s candidate=0.000s other=0.000s
[INFO] [PIRLS lm-trajectory] iter= 27 start_lambda=1.000e-9 final_lambda=1.000e-9 log10_ratio=0.000 accept_rho=1.000 attempts=1
[INFO] [STAGE] PIRLS update_with_curvature iter=28 curvature=Fisher elapsed=0.000s source=reused_prev_accept
[INFO] [PIRLS iter-end] iter= 28 elapsed=0.0005s lm_lambda=1.00e-9 g_norm=3.003e-6 last_dev_change=4.458e-10 last_halving=1
[INFO] [PIRLS iter-breakdown] iter= 28 attempts=1 curvature=0.000s solve=0.000s predred=0.000s candidate=0.000s other=0.000s
[INFO] [PIRLS lm-trajectory] iter= 28 start_lambda=1.000e-9 final_lambda=1.000e-9 log10_ratio=0.000 accept_rho=1.000 attempts=1
[INFO] [STAGE] PIRLS update_with_curvature iter=29 curvature=Fisher elapsed=0.000s source=reused_prev_accept
[INFO] [PIRLS iter-end] iter= 29 elapsed=0.0004s lm_lambda=1.00e-9 g_norm=2.032e-6 last_dev_change=2.042e-10 last_halving=1
[INFO] [PIRLS iter-breakdown] iter= 29 attempts=1 curvature=0.000s solve=0.000s predred=0.000s candidate=0.000s other=0.000s
[INFO] [PIRLS lm-trajectory] iter= 29 start_lambda=1.000e-9 final_lambda=1.000e-9 log10_ratio=0.000 accept_rho=1.000 attempts=1
[INFO] [STAGE] PIRLS update_with_curvature iter=30 curvature=Fisher elapsed=0.000s source=reused_prev_accept
[INFO] [PIRLS iter-end] iter= 30 elapsed=0.0004s lm_lambda=1.00e-9 g_norm=1.381e-6 last_dev_change=9.334e-11 last_halving=1
[INFO] [PIRLS iter-breakdown] iter= 30 attempts=1 curvature=0.000s solve=0.000s predred=0.000s candidate=0.000s other=0.000s
[INFO] [PIRLS lm-trajectory] iter= 30 start_lambda=1.000e-9 final_lambda=1.000e-9 log10_ratio=0.000 accept_rho=1.000 attempts=1
[INFO] [STAGE] PIRLS update_with_curvature iter=31 curvature=Fisher elapsed=0.000s source=reused_prev_accept
[INFO] [PIRLS iter-end] iter= 31 elapsed=0.0004s lm_lambda=1.00e-9 g_norm=9.217e-7 last_dev_change=4.287e-11 last_halving=1
[INFO] [PIRLS iter-breakdown] iter= 31 attempts=1 curvature=0.000s solve=0.000s predred=0.000s candidate=0.000s other=0.000s
[INFO] [PIRLS lm-trajectory] iter= 31 start_lambda=1.000e-9 final_lambda=1.000e-9 log10_ratio=0.000 accept_rho=1.000 attempts=1
[INFO] [STAGE] PIRLS update_with_curvature iter=32 curvature=Fisher elapsed=0.000s source=reused_prev_accept
[INFO] [PIRLS iter-end] iter= 32 elapsed=0.0004s lm_lambda=1.00e-9 g_norm=6.463e-7 last_dev_change=1.958e-11 last_halving=1
[INFO] [PIRLS iter-breakdown] iter= 32 attempts=1 curvature=0.000s solve=0.000s predred=0.000s candidate=0.000s other=0.000s
[INFO] [PIRLS lm-trajectory] iter= 32 start_lambda=1.000e-9 final_lambda=1.000e-9 log10_ratio=0.000 accept_rho=1.000 attempts=1
[INFO] [STAGE] PIRLS update_with_curvature iter=33 curvature=Fisher elapsed=0.000s source=reused_prev_accept
[INFO] [PIRLS iter-end] iter= 33 elapsed=0.0004s lm_lambda=1.00e-9 g_norm=4.357e-7 last_dev_change=9.009e-12 last_halving=1
[INFO] [PIRLS iter-breakdown] iter= 33 attempts=1 curvature=0.000s solve=0.000s predred=0.000s candidate=0.000s other=0.000s
[INFO] [PIRLS lm-trajectory] iter= 33 start_lambda=1.000e-9 final_lambda=1.000e-9 log10_ratio=0.000 accept_rho=1.000 attempts=1
[INFO] [STAGE] PIRLS update_with_curvature iter=34 curvature=Fisher elapsed=0.000s source=reused_prev_accept
[INFO] [PIRLS iter-end] iter= 34 elapsed=0.0004s lm_lambda=1.00e-9 g_norm=2.824e-7 last_dev_change=4.078e-12 last_halving=1
[INFO] [PIRLS iter-breakdown] iter= 34 attempts=1 curvature=0.000s solve=0.000s predred=0.000s candidate=0.000s other=0.000s
[INFO] [PIRLS lm-trajectory] iter= 34 start_lambda=1.000e-9 final_lambda=1.000e-9 log10_ratio=0.000 accept_rho=1.000 attempts=1
[INFO] [STAGE] PIRLS update_with_curvature iter=35 curvature=Fisher elapsed=0.000s source=reused_prev_accept
[INFO] [PIRLS iter-end] iter= 35 elapsed=0.0004s lm_lambda=1.00e-9 g_norm=2.281e-7 last_dev_change=1.882e-12 last_halving=1
[INFO] [PIRLS iter-breakdown] iter= 35 attempts=1 curvature=0.000s solve=0.000s predred=0.000s candidate=0.000s other=0.000s
[INFO] [PIRLS lm-trajectory] iter= 35 start_lambda=1.000e-9 final_lambda=1.000e-9 log10_ratio=0.000 accept_rho=1.000 attempts=1
[INFO] [STAGE] PIRLS update_with_curvature iter=36 curvature=Fisher elapsed=0.000s source=reused_prev_accept
[INFO] [PIRLS iter-end] iter= 36 elapsed=0.0004s lm_lambda=1.00e-9 g_norm=1.370e-7 last_dev_change=8.602e-13 last_halving=1
[INFO] [PIRLS iter-breakdown] iter= 36 attempts=1 curvature=0.000s solve=0.000s predred=0.000s candidate=0.000s other=0.000s
[INFO] [PIRLS lm-trajectory] iter= 36 start_lambda=1.000e-9 final_lambda=1.000e-9 log10_ratio=0.000 accept_rho=1.001 attempts=1
[INFO] [STAGE] PIRLS update_with_curvature iter=37 curvature=Fisher elapsed=0.000s source=reused_prev_accept
[INFO] [PIRLS iter-end] iter= 37 elapsed=0.0004s lm_lambda=1.00e-9 g_norm=9.554e-8 last_dev_change=4.123e-13 last_halving=1
[INFO] [PIRLS iter-breakdown] iter= 37 attempts=1 curvature=0.000s solve=0.000s predred=0.000s candidate=0.000s other=0.000s
[INFO] [PIRLS lm-trajectory] iter= 37 start_lambda=1.000e-9 final_lambda=1.000e-9 log10_ratio=0.000 accept_rho=0.999 attempts=1
[INFO] [STAGE] PIRLS update_with_curvature iter=38 curvature=Fisher elapsed=0.000s source=reused_prev_accept
[INFO] [PIRLS iter-end] iter= 38 elapsed=0.0004s lm_lambda=1.00e-9 g_norm=7.554e-8 last_dev_change=1.772e-13 last_halving=1
[INFO] [PIRLS iter-breakdown] iter= 38 attempts=1 curvature=0.000s solve=0.000s predred=0.000s candidate=0.000s other=0.000s
[INFO] [PIRLS lm-trajectory] iter= 38 start_lambda=1.000e-9 final_lambda=1.000e-9 log10_ratio=0.000 accept_rho=0.999 attempts=1
[INFO] [STAGE] PIRLS update_with_curvature iter=39 curvature=Fisher elapsed=0.000s source=reused_prev_accept
[INFO] [PIRLS iter-end] iter= 39 elapsed=0.0004s lm_lambda=1.00e-9 g_norm=4.732e-8 last_dev_change=8.349e-14 last_halving=1
[INFO] [PIRLS iter-breakdown] iter= 39 attempts=1 curvature=0.000s solve=0.000s predred=0.000s candidate=0.000s other=0.000s
[INFO] [PIRLS lm-trajectory] iter= 39 start_lambda=1.000e-9 final_lambda=1.000e-9 log10_ratio=0.000 accept_rho=1.007 attempts=1
[INFO] [STAGE] PIRLS update_with_curvature iter=40 curvature=Fisher elapsed=0.000s source=reused_prev_accept
[INFO] [PIRLS exact-decrement] applicable=true decrement_sq=6.566004e-14 threshold=1.472658e-13 pass=true gradient_norm=4.291455e-8 relative_gradient=2.437869e-8 dimension_scale=6.244998e1 natural_scale=7.603308e-1 objective=1.414129e0 actual_reduction=3.663736e-14 predicted_reduction=3.700195e-14 linear_model_term=-4.390221e-14 direction_norm=9.828901e-7 data_reduction=2.344791e-12 penalty_reduction=-2.308134e-12
[INFO] [PIRLS solve-end] iters=40 elapsed=0.0240s g_norm_initial=1.385e3 g_norm_final=4.291e-8 convergence_rate=5.461e-1 status=Converged
[INFO] [STAGE] inner pirls solve iters=40 status=Converged max_eta=2.0 jeffreys_logdet=none rows=full(derivative-request) elapsed=0.026s
[INFO] [STAGE] logdet S rho_dim=2 penalty_rank=12 elapsed=0.000s
[INFO] [#1271-diag] path=orig p=13 penalty_rank=12 nullspace_dim=1 rss=2.818799 pen=0.009458 Dp=2.828258 pirls_edf=1.9999 logS=185.055044 logH=200.063207 half_diff=7.504082 h_above1=12 h_min=1.428e-2 h_max=1.969e9 rho=[21.7635,-1.9426] lambda=[2.830e9,1.433e-1]
  H_eig=[1.969e9,1.969e9,2.385e8,2.383e8,2.039e8,1.960e8,1.876e8,1.382e8,7.360e7,2.048e7,1.505e3,1.041e2,1.428e-2]
  Slam_eig=[1.969e9,1.969e9,2.385e8,2.383e8,2.039e8,1.960e8,1.876e8,1.382e8,7.360e7,2.048e7,1.179e-1,5.760e-3,0.000e0]
[INFO] [STAGE] logdet S rho_dim=2 penalty_rank=12 elapsed=0.000s
[INFO] [#1271-diag] path=orig p=13 penalty_rank=12 nullspace_dim=1 rss=2.818799 pen=0.009458 Dp=2.828258 pirls_edf=1.9999 logS=185.055044 logH=200.063207 half_diff=7.504082 h_above1=12 h_min=1.428e-2 h_max=1.969e9 rho=[21.7635,-1.9426] lambda=[2.830e9,1.433e-1]
  H_eig=[1.969e9,1.969e9,2.385e8,2.383e8,2.039e8,1.960e8,1.876e8,1.382e8,7.360e7,2.048e7,1.505e3,1.041e2,1.428e-2]
  Slam_eig=[1.969e9,1.969e9,2.385e8,2.383e8,2.039e8,1.960e8,1.876e8,1.382e8,7.360e7,2.048e7,1.179e-1,5.760e-3,0.000e0]
[INFO] [STAGE] reml_laml cost_only_done k=2 ext_dim=0 dim=13 elapsed=0.000s
[INFO] [OUTER hessian-route] choice=dense reason=kernel_absent n=300 p=13 k=2 callback_kernel=false subspace_trace=false scale_prefers_operator=false dense_workspace_bytes=9464
[INFO] [OUTER hessian-elapsed] choice=dense reason=kernel_absent n=300 p=13 k=2 elapsed=0.000s
[INFO] [HGB] small-sample fallback to defaults: pairs=0, threshold=3
[INFO] [CERTIFICATE] standard REML: the objective published no criterion resolution; using the last-bit floor 5.907e-14 of the value alone (#2812)
[INFO] [CERTIFICATE-BOUND] standard REML: fidelity=Mint, rho=[21.76351143282555, -1.942582098254708], bound 4.470348e-6 set by solver-band (derived_standard=false, |Pg|=2.074770e-6, |g|=2.074770e-6, solver_band=4.470348e-6, cost=-2.650203e2)
[INFO] [CERTIFICATE] standard REML: gradient |g|=2.075e-6 |Pg|=2.075e-6 bound=4.470e-6 (rung=solver-band derived_standard=false) hessian_psd=yes curvature_source=terminal-analytic railed=[] → stationary
[INFO] [STAGE] PIRLS update_with_curvature iter=1 curvature=Fisher elapsed=0.000s source=rebuilt
[INFO] [PIRLS iter-end] iter=  1 elapsed=0.0008s lm_lambda=3.33e-7 g_norm=3.066e1 last_dev_change=4.807e1 last_halving=1
[INFO] [PIRLS iter-breakdown] iter=  1 attempts=1 curvature=0.001s solve=0.000s predred=0.000s candidate=0.000s other=0.000s
[INFO] [PIRLS lm-trajectory] iter=  1 start_lambda=1.000e-6 final_lambda=3.333e-7 log10_ratio=-0.477 accept_rho=1.000 attempts=1
[INFO] [STAGE] PIRLS update_with_curvature iter=2 curvature=Fisher elapsed=0.000s source=reused_prev_accept
[INFO] [PIRLS iter-end] iter=  2 elapsed=0.0004s lm_lambda=1.11e-7 g_norm=3.396e0 last_dev_change=3.825e0 last_halving=1
[INFO] [PIRLS iter-breakdown] iter=  2 attempts=1 curvature=0.000s solve=0.000s predred=0.000s candidate=0.000s other=0.000s
[INFO] [PIRLS lm-trajectory] iter=  2 start_lambda=3.333e-7 final_lambda=1.111e-7 log10_ratio=-0.477 accept_rho=1.000 attempts=1
[INFO] [STAGE] PIRLS update_with_curvature iter=3 curvature=Fisher elapsed=0.000s source=reused_prev_accept
[INFO] [PIRLS iter-end] iter=  3 elapsed=0.0004s lm_lambda=3.70e-8 g_norm=1.199e-1 last_dev_change=4.800e-2 last_halving=1
[INFO] [PIRLS iter-breakdown] iter=  3 attempts=1 curvature=0.000s solve=0.000s predred=0.000s candidate=0.000s other=0.000s
[INFO] [PIRLS lm-trajectory] iter=  3 start_lambda=1.111e-7 final_lambda=3.704e-8 log10_ratio=-0.477 accept_rho=1.000 attempts=1
[INFO] [STAGE] PIRLS update_with_curvature iter=4 curvature=Fisher elapsed=0.000s source=reused_prev_accept
[INFO] [PIRLS iter-end] iter=  4 elapsed=0.0005s lm_lambda=1.23e-8 g_norm=1.811e-2 last_dev_change=4.006e-4 last_halving=1
[INFO] [PIRLS iter-breakdown] iter=  4 attempts=1 curvature=0.000s solve=0.000s predred=0.000s candidate=0.000s other=0.000s
[INFO] [PIRLS lm-trajectory] iter=  4 start_lambda=3.704e-8 final_lambda=1.235e-8 log10_ratio=-0.477 accept_rho=1.000 attempts=1
[INFO] [STAGE] PIRLS update_with_curvature iter=5 curvature=Fisher elapsed=0.000s source=reused_prev_accept
[INFO] [PIRLS iter-end] iter=  5 elapsed=0.0004s lm_lambda=4.12e-9 g_norm=1.658e-2 last_dev_change=9.114e-4 last_halving=1
[INFO] [PIRLS iter-breakdown] iter=  5 attempts=1 curvature=0.000s solve=0.000s predred=0.000s candidate=0.000s other=0.000s
[INFO] [PIRLS lm-trajectory] iter=  5 start_lambda=1.235e-8 final_lambda=4.115e-9 log10_ratio=-0.477 accept_rho=1.000 attempts=1
[INFO] [STAGE] PIRLS update_with_curvature iter=6 curvature=Fisher elapsed=0.000s source=reused_prev_accept
[INFO] [PIRLS iter-end] iter=  6 elapsed=0.0004s lm_lambda=1.37e-9 g_norm=1.485e-2 last_dev_change=2.278e-3 last_halving=1
[INFO] [PIRLS iter-breakdown] iter=  6 attempts=1 curvature=0.000s solve=0.000s predred=0.000s candidate=0.000s other=0.000s
[INFO] [PIRLS lm-trajectory] iter=  6 start_lambda=4.115e-9 final_lambda=1.372e-9 log10_ratio=-0.477 accept_rho=1.000 attempts=1
[INFO] [STAGE] PIRLS update_with_curvature iter=7 curvature=Fisher elapsed=0.000s source=reused_prev_accept
[INFO] [PIRLS iter-end] iter=  7 elapsed=0.0004s lm_lambda=1.00e-9 g_norm=1.101e-2 last_dev_change=4.169e-3 last_halving=1
[INFO] [PIRLS iter-breakdown] iter=  7 attempts=1 curvature=0.000s solve=0.000s predred=0.000s candidate=0.000s other=0.000s
[INFO] [PIRLS lm-trajectory] iter=  7 start_lambda=1.372e-9 final_lambda=1.000e-9 log10_ratio=-0.137 accept_rho=1.000 attempts=1
[INFO] [STAGE] PIRLS update_with_curvature iter=8 curvature=Fisher elapsed=0.000s source=reused_prev_accept
[INFO] [PIRLS iter-end] iter=  8 elapsed=0.0004s lm_lambda=1.00e-9 g_norm=7.449e-3 last_dev_change=2.761e-3 last_halving=1
[INFO] [PIRLS iter-breakdown] iter=  8 attempts=1 curvature=0.000s solve=0.000s predred=0.000s candidate=0.000s other=0.000s
[INFO] [PIRLS lm-trajectory] iter=  8 start_lambda=1.000e-9 final_lambda=1.000e-9 log10_ratio=0.000 accept_rho=1.000 attempts=1
[INFO] [STAGE] PIRLS update_with_curvature iter=9 curvature=Fisher elapsed=0.000s source=reused_prev_accept
[INFO] [PIRLS iter-end] iter=  9 elapsed=0.0004s lm_lambda=1.00e-9 g_norm=5.038e-3 last_dev_change=1.263e-3 last_halving=1
[INFO] [PIRLS iter-breakdown] iter=  9 attempts=1 curvature=0.000s solve=0.000s predred=0.000s candidate=0.000s other=0.000s
[INFO] [PIRLS lm-trajectory] iter=  9 start_lambda=1.000e-9 final_lambda=1.000e-9 log10_ratio=0.000 accept_rho=1.000 attempts=1
[INFO] [STAGE] PIRLS update_with_curvature iter=10 curvature=Fisher elapsed=0.000s source=reused_prev_accept
[INFO] [PIRLS iter-end] iter= 10 elapsed=0.0004s lm_lambda=1.00e-9 g_norm=3.408e-3 last_dev_change=5.779e-4 last_halving=1
[INFO] [PIRLS iter-breakdown] iter= 10 attempts=1 curvature=0.000s solve=0.000s predred=0.000s candidate=0.000s other=0.000s
[INFO] [PIRLS lm-trajectory] iter= 10 start_lambda=1.000e-9 final_lambda=1.000e-9 log10_ratio=0.000 accept_rho=1.000 attempts=1
[INFO] [STAGE] PIRLS update_with_curvature iter=11 curvature=Fisher elapsed=0.000s source=reused_prev_accept
[INFO] [PIRLS iter-end] iter= 11 elapsed=0.0004s lm_lambda=1.00e-9 g_norm=2.305e-3 last_dev_change=2.644e-4 last_halving=1
[INFO] [PIRLS iter-breakdown] iter= 11 attempts=1 curvature=0.000s solve=0.000s predred=0.000s candidate=0.000s other=0.000s
[INFO] [PIRLS lm-trajectory] iter= 11 start_lambda=1.000e-9 final_lambda=1.000e-9 log10_ratio=0.000 accept_rho=1.000 attempts=1
[INFO] [STAGE] PIRLS update_with_curvature iter=12 curvature=Fisher elapsed=0.000s source=reused_prev_accept
[INFO] [PIRLS iter-end] iter= 12 elapsed=0.0004s lm_lambda=1.00e-9 g_norm=1.559e-3 last_dev_change=1.210e-4 last_halving=1
[INFO] [PIRLS iter-breakdown] iter= 12 attempts=1 curvature=0.000s solve=0.000s predred=0.000s candidate=0.000s other=0.000s
[INFO] [PIRLS lm-trajectory] iter= 12 start_lambda=1.000e-9 final_lambda=1.000e-9 log10_ratio=0.000 accept_rho=1.000 attempts=1
[INFO] [STAGE] PIRLS update_with_curvature iter=13 curvature=Fisher elapsed=0.000s source=reused_prev_accept
[INFO] [PIRLS iter-end] iter= 13 elapsed=0.0004s lm_lambda=1.00e-9 g_norm=1.055e-3 last_dev_change=5.534e-5 last_halving=1
[INFO] [PIRLS iter-breakdown] iter= 13 attempts=1 curvature=0.000s solve=0.000s predred=0.000s candidate=0.000s other=0.000s
[INFO] [PIRLS lm-trajectory] iter= 13 start_lambda=1.000e-9 final_lambda=1.000e-9 log10_ratio=0.000 accept_rho=1.000 attempts=1
[INFO] [STAGE] PIRLS update_with_curvature iter=14 curvature=Fisher elapsed=0.000s source=reused_prev_accept
[INFO] [PIRLS iter-end] iter= 14 elapsed=0.0004s lm_lambda=1.00e-9 g_norm=7.133e-4 last_dev_change=2.532e-5 last_halving=1
[INFO] [PIRLS iter-breakdown] iter= 14 attempts=1 curvature=0.000s solve=0.000s predred=0.000s candidate=0.000s other=0.000s
[INFO] [PIRLS lm-trajectory] iter= 14 start_lambda=1.000e-9 final_lambda=1.000e-9 log10_ratio=0.000 accept_rho=1.000 attempts=1
[INFO] [STAGE] PIRLS update_with_curvature iter=15 curvature=Fisher elapsed=0.000s source=reused_prev_accept
[INFO] [PIRLS iter-end] iter= 15 elapsed=0.0004s lm_lambda=1.00e-9 g_norm=4.825e-4 last_dev_change=1.158e-5 last_halving=1
[INFO] [PIRLS iter-breakdown] iter= 15 attempts=1 curvature=0.000s solve=0.000s predred=0.000s candidate=0.000s other=0.000s
[INFO] [PIRLS lm-trajectory] iter= 15 start_lambda=1.000e-9 final_lambda=1.000e-9 log10_ratio=0.000 accept_rho=1.000 attempts=1
[INFO] [STAGE] PIRLS update_with_curvature iter=16 curvature=Fisher elapsed=0.000s source=reused_prev_accept
[INFO] [PIRLS iter-end] iter= 16 elapsed=0.0004s lm_lambda=1.00e-9 g_norm=3.264e-4 last_dev_change=5.299e-6 last_halving=1
[INFO] [PIRLS iter-breakdown] iter= 16 attempts=1 curvature=0.000s solve=0.000s predred=0.000s candidate=0.000s other=0.000s
[INFO] [PIRLS lm-trajectory] iter= 16 start_lambda=1.000e-9 final_lambda=1.000e-9 log10_ratio=0.000 accept_rho=1.000 attempts=1
[INFO] [STAGE] PIRLS update_with_curvature iter=17 curvature=Fisher elapsed=0.000s source=reused_prev_accept
[INFO] [PIRLS iter-end] iter= 17 elapsed=0.0005s lm_lambda=1.00e-9 g_norm=2.208e-4 last_dev_change=2.425e-6 last_halving=1
[INFO] [PIRLS iter-breakdown] iter= 17 attempts=1 curvature=0.000s solve=0.000s predred=0.000s candidate=0.000s other=0.000s
[INFO] [PIRLS lm-trajectory] iter= 17 start_lambda=1.000e-9 final_lambda=1.000e-9 log10_ratio=0.000 accept_rho=1.000 attempts=1
[INFO] [STAGE] PIRLS update_with_curvature iter=18 curvature=Fisher elapsed=0.000s source=reused_prev_accept
[INFO] [PIRLS iter-end] iter= 18 elapsed=0.0004s lm_lambda=1.00e-9 g_norm=1.493e-4 last_dev_change=1.109e-6 last_halving=1
[INFO] [PIRLS iter-breakdown] iter= 18 attempts=1 curvature=0.000s solve=0.000s predred=0.000s candidate=0.000s other=0.000s
[INFO] [PIRLS lm-trajectory] iter= 18 start_lambda=1.000e-9 final_lambda=1.000e-9 log10_ratio=0.000 accept_rho=1.000 attempts=1
[INFO] [STAGE] PIRLS update_with_curvature iter=19 curvature=Fisher elapsed=0.000s source=reused_prev_accept
[INFO] [PIRLS iter-end] iter= 19 elapsed=0.0004s lm_lambda=1.00e-9 g_norm=1.010e-4 last_dev_change=5.075e-7 last_halving=1
[INFO] [PIRLS iter-breakdown] iter= 19 attempts=1 curvature=0.000s solve=0.000s predred=0.000s candidate=0.000s other=0.000s
[INFO] [PIRLS lm-trajectory] iter= 19 start_lambda=1.000e-9 final_lambda=1.000e-9 log10_ratio=0.000 accept_rho=1.000 attempts=1
[INFO] [STAGE] PIRLS update_with_curvature iter=20 curvature=Fisher elapsed=0.000s source=reused_prev_accept
[INFO] [PIRLS iter-end] iter= 20 elapsed=0.0004s lm_lambda=1.00e-9 g_norm=6.830e-5 last_dev_change=2.322e-7 last_halving=1
[INFO] [PIRLS iter-breakdown] iter= 20 attempts=1 curvature=0.000s solve=0.000s predred=0.000s candidate=0.000s other=0.000s
[INFO] [PIRLS lm-trajectory] iter= 20 start_lambda=1.000e-9 final_lambda=1.000e-9 log10_ratio=0.000 accept_rho=1.000 attempts=1
[INFO] [STAGE] PIRLS update_with_curvature iter=21 curvature=Fisher elapsed=0.000s source=reused_prev_accept
[INFO] [PIRLS iter-end] iter= 21 elapsed=0.0004s lm_lambda=1.00e-9 g_norm=4.621e-5 last_dev_change=1.062e-7 last_halving=1
[INFO] [PIRLS iter-breakdown] iter= 21 attempts=1 curvature=0.000s solve=0.000s predred=0.000s candidate=0.000s other=0.000s
[INFO] [PIRLS lm-trajectory] iter= 21 start_lambda=1.000e-9 final_lambda=1.000e-9 log10_ratio=0.000 accept_rho=1.000 attempts=1
[INFO] [STAGE] PIRLS update_with_curvature iter=22 curvature=Fisher elapsed=0.000s source=reused_prev_accept
[INFO] [PIRLS iter-end] iter= 22 elapsed=0.0004s lm_lambda=1.00e-9 g_norm=3.127e-5 last_dev_change=4.860e-8 last_halving=1
[INFO] [PIRLS iter-breakdown] iter= 22 attempts=1 curvature=0.000s solve=0.000s predred=0.000s candidate=0.000s other=0.000s
[INFO] [PIRLS lm-trajectory] iter= 22 start_lambda=1.000e-9 final_lambda=1.000e-9 log10_ratio=0.000 accept_rho=1.000 attempts=1
[INFO] [STAGE] PIRLS update_with_curvature iter=23 curvature=Fisher elapsed=0.000s source=reused_prev_accept
[INFO] [PIRLS iter-end] iter= 23 elapsed=0.0004s lm_lambda=1.00e-9 g_norm=2.114e-5 last_dev_change=2.224e-8 last_halving=1
[INFO] [PIRLS iter-breakdown] iter= 23 attempts=1 curvature=0.000s solve=0.000s predred=0.000s candidate=0.000s other=0.000s
[INFO] [PIRLS lm-trajectory] iter= 23 start_lambda=1.000e-9 final_lambda=1.000e-9 log10_ratio=0.000 accept_rho=1.000 attempts=1
[INFO] [STAGE] PIRLS update_with_curvature iter=24 curvature=Fisher elapsed=0.000s source=reused_prev_accept
[INFO] [PIRLS iter-end] iter= 24 elapsed=0.0004s lm_lambda=1.00e-9 g_norm=1.431e-5 last_dev_change=1.017e-8 last_halving=1
[INFO] [PIRLS iter-breakdown] iter= 24 attempts=1 curvature=0.000s solve=0.000s predred=0.000s candidate=0.000s other=0.000s
[INFO] [PIRLS lm-trajectory] iter= 24 start_lambda=1.000e-9 final_lambda=1.000e-9 log10_ratio=0.000 accept_rho=1.000 attempts=1
[INFO] [STAGE] PIRLS update_with_curvature iter=25 curvature=Fisher elapsed=0.000s source=reused_prev_accept
[INFO] [PIRLS iter-end] iter= 25 elapsed=0.0004s lm_lambda=1.00e-9 g_norm=9.696e-6 last_dev_change=4.655e-9 last_halving=1
[INFO] [PIRLS iter-breakdown] iter= 25 attempts=1 curvature=0.000s solve=0.000s predred=0.000s candidate=0.000s other=0.000s
[INFO] [PIRLS lm-trajectory] iter= 25 start_lambda=1.000e-9 final_lambda=1.000e-9 log10_ratio=0.000 accept_rho=1.000 attempts=1
[INFO] [STAGE] PIRLS update_with_curvature iter=26 curvature=Fisher elapsed=0.000s source=reused_prev_accept
[INFO] [PIRLS iter-end] iter= 26 elapsed=0.0005s lm_lambda=1.00e-9 g_norm=6.549e-6 last_dev_change=2.129e-9 last_halving=1
[INFO] [PIRLS iter-breakdown] iter= 26 attempts=1 curvature=0.000s solve=0.000s predred=0.000s candidate=0.000s other=0.000s
[INFO] [PIRLS lm-trajectory] iter= 26 start_lambda=1.000e-9 final_lambda=1.000e-9 log10_ratio=0.000 accept_rho=1.000 attempts=1
[INFO] [STAGE] PIRLS update_with_curvature iter=27 curvature=Fisher elapsed=0.000s source=reused_prev_accept
[INFO] [PIRLS iter-end] iter= 27 elapsed=0.0005s lm_lambda=1.00e-9 g_norm=4.432e-6 last_dev_change=9.745e-10 last_halving=1
[INFO] [PIRLS iter-breakdown] iter= 27 attempts=1 curvature=0.000s solve=0.000s predred=0.000s candidate=0.000s other=0.000s
[INFO] [PIRLS lm-trajectory] iter= 27 start_lambda=1.000e-9 final_lambda=1.000e-9 log10_ratio=0.000 accept_rho=1.000 attempts=1
[INFO] [STAGE] PIRLS update_with_curvature iter=28 curvature=Fisher elapsed=0.000s source=reused_prev_accept
[INFO] [PIRLS iter-end] iter= 28 elapsed=0.0004s lm_lambda=1.00e-9 g_norm=3.003e-6 last_dev_change=4.458e-10 last_halving=1
[INFO] [PIRLS iter-breakdown] iter= 28 attempts=1 curvature=0.000s solve=0.000s predred=0.000s candidate=0.000s other=0.000s
[INFO] [PIRLS lm-trajectory] iter= 28 start_lambda=1.000e-9 final_lambda=1.000e-9 log10_ratio=0.000 accept_rho=1.000 attempts=1
[INFO] [STAGE] PIRLS update_with_curvature iter=29 curvature=Fisher elapsed=0.000s source=reused_prev_accept
[INFO] [PIRLS iter-end] iter= 29 elapsed=0.0005s lm_lambda=1.00e-9 g_norm=2.032e-6 last_dev_change=2.042e-10 last_halving=1
[INFO] [PIRLS iter-breakdown] iter= 29 attempts=1 curvature=0.000s solve=0.000s predred=0.000s candidate=0.000s other=0.000s
[INFO] [PIRLS lm-trajectory] iter= 29 start_lambda=1.000e-9 final_lambda=1.000e-9 log10_ratio=0.000 accept_rho=1.000 attempts=1
[INFO] [STAGE] PIRLS update_with_curvature iter=30 curvature=Fisher elapsed=0.000s source=reused_prev_accept
[INFO] [PIRLS iter-end] iter= 30 elapsed=0.0004s lm_lambda=1.00e-9 g_norm=1.381e-6 last_dev_change=9.334e-11 last_halving=1
[INFO] [PIRLS iter-breakdown] iter= 30 attempts=1 curvature=0.000s solve=0.000s predred=0.000s candidate=0.000s other=0.000s
[INFO] [PIRLS lm-trajectory] iter= 30 start_lambda=1.000e-9 final_lambda=1.000e-9 log10_ratio=0.000 accept_rho=1.000 attempts=1
[INFO] [STAGE] PIRLS update_with_curvature iter=31 curvature=Fisher elapsed=0.000s source=reused_prev_accept
[INFO] [PIRLS iter-end] iter= 31 elapsed=0.0004s lm_lambda=1.00e-9 g_norm=9.217e-7 last_dev_change=4.287e-11 last_halving=1
[INFO] [PIRLS iter-breakdown] iter= 31 attempts=1 curvature=0.000s solve=0.000s predred=0.000s candidate=0.000s other=0.000s
[INFO] [PIRLS lm-trajectory] iter= 31 start_lambda=1.000e-9 final_lambda=1.000e-9 log10_ratio=0.000 accept_rho=1.000 attempts=1
[INFO] [STAGE] PIRLS update_with_curvature iter=32 curvature=Fisher elapsed=0.000s source=reused_prev_accept
[INFO] [PIRLS iter-end] iter= 32 elapsed=0.0004s lm_lambda=1.00e-9 g_norm=6.463e-7 last_dev_change=1.958e-11 last_halving=1
[INFO] [PIRLS iter-breakdown] iter= 32 attempts=1 curvature=0.000s solve=0.000s predred=0.000s candidate=0.000s other=0.000s
[INFO] [PIRLS lm-trajectory] iter= 32 start_lambda=1.000e-9 final_lambda=1.000e-9 log10_ratio=0.000 accept_rho=1.000 attempts=1
[INFO] [STAGE] PIRLS update_with_curvature iter=33 curvature=Fisher elapsed=0.000s source=reused_prev_accept
[INFO] [PIRLS iter-end] iter= 33 elapsed=0.0004s lm_lambda=1.00e-9 g_norm=4.357e-7 last_dev_change=9.009e-12 last_halving=1
[INFO] [PIRLS iter-breakdown] iter= 33 attempts=1 curvature=0.000s solve=0.000s predred=0.000s candidate=0.000s other=0.000s
[INFO] [PIRLS lm-trajectory] iter= 33 start_lambda=1.000e-9 final_lambda=1.000e-9 log10_ratio=0.000 accept_rho=1.000 attempts=1
[INFO] [STAGE] PIRLS update_with_curvature iter=34 curvature=Fisher elapsed=0.000s source=reused_prev_accept
[INFO] [PIRLS iter-end] iter= 34 elapsed=0.0004s lm_lambda=1.00e-9 g_norm=2.824e-7 last_dev_change=4.078e-12 last_halving=1
[INFO] [PIRLS iter-breakdown] iter= 34 attempts=1 curvature=0.000s solve=0.000s predred=0.000s candidate=0.000s other=0.000s
[INFO] [PIRLS lm-trajectory] iter= 34 start_lambda=1.000e-9 final_lambda=1.000e-9 log10_ratio=0.000 accept_rho=1.000 attempts=1
[INFO] [STAGE] PIRLS update_with_curvature iter=35 curvature=Fisher elapsed=0.000s source=reused_prev_accept
[INFO] [PIRLS iter-end] iter= 35 elapsed=0.0004s lm_lambda=1.00e-9 g_norm=2.281e-7 last_dev_change=1.882e-12 last_halving=1
[INFO] [PIRLS iter-breakdown] iter= 35 attempts=1 curvature=0.000s solve=0.000s predred=0.000s candidate=0.000s other=0.000s
[INFO] [PIRLS lm-trajectory] iter= 35 start_lambda=1.000e-9 final_lambda=1.000e-9 log10_ratio=0.000 accept_rho=1.000 attempts=1
[INFO] [STAGE] PIRLS update_with_curvature iter=36 curvature=Fisher elapsed=0.000s source=reused_prev_accept
[INFO] [PIRLS iter-end] iter= 36 elapsed=0.0005s lm_lambda=1.00e-9 g_norm=1.370e-7 last_dev_change=8.602e-13 last_halving=1
[INFO] [PIRLS iter-breakdown] iter= 36 attempts=1 curvature=0.000s solve=0.000s predred=0.000s candidate=0.000s other=0.000s
[INFO] [PIRLS lm-trajectory] iter= 36 start_lambda=1.000e-9 final_lambda=1.000e-9 log10_ratio=0.000 accept_rho=1.001 attempts=1
[INFO] [STAGE] PIRLS update_with_curvature iter=37 curvature=Fisher elapsed=0.000s source=reused_prev_accept
[INFO] [PIRLS iter-end] iter= 37 elapsed=0.0004s lm_lambda=1.00e-9 g_norm=9.554e-8 last_dev_change=4.123e-13 last_halving=1
[INFO] [PIRLS iter-breakdown] iter= 37 attempts=1 curvature=0.000s solve=0.000s predred=0.000s candidate=0.000s other=0.000s
[INFO] [PIRLS lm-trajectory] iter= 37 start_lambda=1.000e-9 final_lambda=1.000e-9 log10_ratio=0.000 accept_rho=0.999 attempts=1
[INFO] [STAGE] PIRLS update_with_curvature iter=38 curvature=Fisher elapsed=0.000s source=reused_prev_accept
[INFO] [PIRLS iter-end] iter= 38 elapsed=0.0004s lm_lambda=1.00e-9 g_norm=7.554e-8 last_dev_change=1.772e-13 last_halving=1
[INFO] [PIRLS iter-breakdown] iter= 38 attempts=1 curvature=0.000s solve=0.000s predred=0.000s candidate=0.000s other=0.000s
[INFO] [PIRLS lm-trajectory] iter= 38 start_lambda=1.000e-9 final_lambda=1.000e-9 log10_ratio=0.000 accept_rho=0.999 attempts=1
[INFO] [STAGE] PIRLS update_with_curvature iter=39 curvature=Fisher elapsed=0.000s source=reused_prev_accept
[INFO] [PIRLS iter-end] iter= 39 elapsed=0.0005s lm_lambda=1.00e-9 g_norm=4.732e-8 last_dev_change=8.349e-14 last_halving=1
[INFO] [PIRLS iter-breakdown] iter= 39 attempts=1 curvature=0.000s solve=0.000s predred=0.000s candidate=0.000s other=0.000s
[INFO] [PIRLS lm-trajectory] iter= 39 start_lambda=1.000e-9 final_lambda=1.000e-9 log10_ratio=0.000 accept_rho=1.007 attempts=1
[INFO] [STAGE] PIRLS update_with_curvature iter=40 curvature=Fisher elapsed=0.000s source=reused_prev_accept
[INFO] [PIRLS exact-decrement] applicable=true decrement_sq=6.566004e-14 threshold=1.472658e-13 pass=true gradient_norm=4.291455e-8 relative_gradient=2.437869e-8 dimension_scale=6.244998e1 natural_scale=7.603308e-1 objective=1.414129e0 actual_reduction=3.663736e-14 predicted_reduction=3.700195e-14 linear_model_term=-4.390221e-14 direction_norm=9.828901e-7 data_reduction=2.344791e-12 penalty_reduction=-2.308134e-12
[INFO] [PIRLS solve-end] iters=40 elapsed=0.0244s g_norm_initial=1.385e3 g_norm_final=4.291e-8 convergence_rate=5.461e-1 status=Converged
[INFO] [STAGE] logdet S rho_dim=2 penalty_rank=12 elapsed=0.000s
[INFO] [#1271-diag] path=orig p=13 penalty_rank=12 nullspace_dim=1 rss=2.818799 pen=0.009458 Dp=2.828258 pirls_edf=1.9999 logS=185.055044 logH=200.063207 half_diff=7.504082 h_above1=12 h_min=1.428e-2 h_max=1.969e9 rho=[21.7635,-1.9426] lambda=[2.830e9,1.433e-1]
  H_eig=[1.969e9,1.969e9,2.385e8,2.383e8,2.039e8,1.960e8,1.876e8,1.382e8,7.360e7,2.048e7,1.505e3,1.041e2,1.428e-2]
  Slam_eig=[1.969e9,1.969e9,2.385e8,2.383e8,2.039e8,1.960e8,1.876e8,1.382e8,7.360e7,2.048e7,1.179e-1,5.760e-3,0.000e0]
[INFO] [STAGE] reml_laml cost_only_done k=2 ext_dim=0 dim=13 elapsed=0.000s
[INFO] [OUTER hessian-route] choice=dense reason=kernel_absent n=300 p=13 k=2 callback_kernel=false subspace_trace=false scale_prefers_operator=false dense_workspace_bytes=9464
[INFO] [OUTER hessian-elapsed] choice=dense reason=kernel_absent n=300 p=13 k=2 elapsed=0.000s
[INFO] [sigma-cubature] upgrading 1 of 2 active rho direction(s), capturing 0.9998 of the first-order correction variance; the remainder keeps its first-order column
[INFO] [reml-geometry] dense_spectral reason=constraints_present p=13 nnz_x=na nnz_h_est=na density_h_est=na threshold=0.1000
[INFO] [IFT-CACHE] outcome=mode_response_hit drho_dim=2 p=13
[INFO] [ADAPTIVE-KKT] outer_g_norm=2.075e-6 effective_tol=1.000e-12 floor=1.000e-12 ceiling=1.000e-12
[INFO] [STAGE] PIRLS update_with_curvature iter=1 curvature=Fisher elapsed=0.000s source=rebuilt
[INFO] [PIRLS iter-end] iter=  1 elapsed=0.0007s lm_lambda=3.33e-4 g_norm=1.740e-2 last_dev_change=6.645e-9 last_halving=1
[INFO] [PIRLS iter-breakdown] iter=  1 attempts=1 curvature=0.001s solve=0.000s predred=0.000s candidate=0.000s other=0.000s
[INFO] [PIRLS lm-trajectory] iter=  1 start_lambda=1.000e-3 final_lambda=3.333e-4 log10_ratio=-0.477 accept_rho=1.000 attempts=1
[INFO] [STAGE] PIRLS update_with_curvature iter=2 curvature=Fisher elapsed=0.000s source=reused_prev_accept
[INFO] [PIRLS iter-end] iter=  2 elapsed=0.0004s lm_lambda=1.11e-4 g_norm=1.726e-2 last_dev_change=1.967e-8 last_halving=1
[INFO] [PIRLS iter-breakdown] iter=  2 attempts=1 curvature=0.000s solve=0.000s predred=0.000s candidate=0.000s other=0.000s
[INFO] [PIRLS lm-trajectory] iter=  2 start_lambda=3.333e-4 final_lambda=1.111e-4 log10_ratio=-0.477 accept_rho=1.000 attempts=1
[INFO] [STAGE] PIRLS update_with_curvature iter=3 curvature=Fisher elapsed=0.000s source=reused_prev_accept
[INFO] [PIRLS iter-end] iter=  3 elapsed=0.0004s lm_lambda=3.70e-5 g_norm=1.686e-2 last_dev_change=5.674e-8 last_halving=1
[INFO] [PIRLS iter-breakdown] iter=  3 attempts=1 curvature=0.000s solve=0.000s predred=0.000s candidate=0.000s other=0.000s
[INFO] [PIRLS lm-trajectory] iter=  3 start_lambda=1.111e-4 final_lambda=3.704e-5 log10_ratio=-0.477 accept_rho=1.000 attempts=1
[INFO] [STAGE] PIRLS update_with_curvature iter=4 curvature=Fisher elapsed=0.000s source=reused_prev_accept
[INFO] [PIRLS iter-end] iter=  4 elapsed=0.0004s lm_lambda=1.23e-5 g_norm=1.572e-2 last_dev_change=1.516e-7 last_halving=1
[INFO] [PIRLS iter-breakdown] iter=  4 attempts=1 curvature=0.000s solve=0.000s predred=0.000s candidate=0.000s other=0.000s
[INFO] [PIRLS lm-trajectory] iter=  4 start_lambda=3.704e-5 final_lambda=1.235e-5 log10_ratio=-0.477 accept_rho=1.000 attempts=1
[INFO] [STAGE] PIRLS update_with_curvature iter=5 curvature=Fisher elapsed=0.000s source=reused_prev_accept
[INFO] [PIRLS iter-end] iter=  5 elapsed=0.0004s lm_lambda=4.12e-6 g_norm=1.293e-2 last_dev_change=3.291e-7 last_halving=1
[INFO] [PIRLS iter-breakdown] iter=  5 attempts=1 curvature=0.000s solve=0.000s predred=0.000s candidate=0.000s other=0.000s
[INFO] [PIRLS lm-trajectory] iter=  5 start_lambda=1.235e-5 final_lambda=4.115e-6 log10_ratio=-0.477 accept_rho=1.000 attempts=1
[INFO] [STAGE] PIRLS update_with_curvature iter=6 curvature=Fisher elapsed=0.000s source=reused_prev_accept
[INFO] [PIRLS iter-end] iter=  6 elapsed=0.0004s lm_lambda=1.37e-6 g_norm=7.844e-3 last_dev_change=4.346e-7 last_halving=1
[INFO] [PIRLS iter-breakdown] iter=  6 attempts=1 curvature=0.000s solve=0.000s predred=0.000s candidate=0.000s other=0.000s
[INFO] [PIRLS lm-trajectory] iter=  6 start_lambda=4.115e-6 final_lambda=1.372e-6 log10_ratio=-0.477 accept_rho=1.000 attempts=1
[INFO] [STAGE] PIRLS update_with_curvature iter=7 curvature=Fisher elapsed=0.000s source=reused_prev_accept
[INFO] [PIRLS iter-end] iter=  7 elapsed=0.0004s lm_lambda=4.57e-7 g_norm=2.658e-3 last_dev_change=2.242e-7 last_halving=1
[INFO] [PIRLS iter-breakdown] iter=  7 attempts=1 curvature=0.000s solve=0.000s predred=0.000s candidate=0.000s other=0.000s
[INFO] [PIRLS lm-trajectory] iter=  7 start_lambda=1.372e-6 final_lambda=4.572e-7 log10_ratio=-0.477 accept_rho=1.000 attempts=1
[INFO] [STAGE] PIRLS update_with_curvature iter=8 curvature=Fisher elapsed=0.000s source=reused_prev_accept
[INFO] [PIRLS iter-end] iter=  8 elapsed=0.0004s lm_lambda=1.52e-7 g_norm=3.801e-4 last_dev_change=2.865e-8 last_halving=1
[INFO] [PIRLS iter-breakdown] iter=  8 attempts=1 curvature=0.000s solve=0.000s predred=0.000s candidate=0.000s other=0.000s
[INFO] [PIRLS lm-trajectory] iter=  8 start_lambda=4.572e-7 final_lambda=1.524e-7 log10_ratio=-0.477 accept_rho=1.000 attempts=1
[INFO] [STAGE] PIRLS update_with_curvature iter=9 curvature=Fisher elapsed=0.000s source=reused_prev_accept
[INFO] [PIRLS iter-end] iter=  9 elapsed=0.0004s lm_lambda=5.08e-8 g_norm=2.107e-5 last_dev_change=6.584e-10 last_halving=1
[INFO] [PIRLS iter-breakdown] iter=  9 attempts=1 curvature=0.000s solve=0.000s predred=0.000s candidate=0.000s other=0.000s
[INFO] [PIRLS lm-trajectory] iter=  9 start_lambda=1.524e-7 final_lambda=5.081e-8 log10_ratio=-0.477 accept_rho=1.000 attempts=1
[INFO] [STAGE] PIRLS update_with_curvature iter=10 curvature=Fisher elapsed=0.000s source=reused_prev_accept
[INFO] [PIRLS iter-end] iter= 10 elapsed=0.0004s lm_lambda=1.69e-8 g_norm=1.084e-5 last_dev_change=9.316e-11 last_halving=1
[INFO] [PIRLS iter-breakdown] iter= 10 attempts=1 curvature=0.000s solve=0.000s predred=0.000s candidate=0.000s other=0.000s
[INFO] [PIRLS lm-trajectory] iter= 10 start_lambda=5.081e-8 final_lambda=1.694e-8 log10_ratio=-0.477 accept_rho=1.000 attempts=1
[INFO] [STAGE] PIRLS update_with_curvature iter=11 curvature=Fisher elapsed=0.000s source=reused_prev_accept
[INFO] [PIRLS iter-end] iter= 11 elapsed=0.0004s lm_lambda=5.65e-9 g_norm=9.544e-6 last_dev_change=2.279e-10 last_halving=1
[INFO] [PIRLS iter-breakdown] iter= 11 attempts=1 curvature=0.000s solve=0.000s predred=0.000s candidate=0.000s other=0.000s
[INFO] [PIRLS lm-trajectory] iter= 11 start_lambda=1.694e-8 final_lambda=5.645e-9 log10_ratio=-0.477 accept_rho=1.000 attempts=1
[INFO] [STAGE] PIRLS update_with_curvature iter=12 curvature=Fisher elapsed=0.000s source=reused_prev_accept
[INFO] [PIRLS iter-end] iter= 12 elapsed=0.0004s lm_lambda=1.88e-9 g_norm=7.080e-6 last_dev_change=4.174e-10 last_halving=1
[INFO] [PIRLS iter-breakdown] iter= 12 attempts=1 curvature=0.000s solve=0.000s predred=0.000s candidate=0.000s other=0.000s
[INFO] [PIRLS lm-trajectory] iter= 12 start_lambda=5.645e-9 final_lambda=1.882e-9 log10_ratio=-0.477 accept_rho=1.000 attempts=1
[INFO] [STAGE] PIRLS update_with_curvature iter=13 curvature=Fisher elapsed=0.000s source=reused_prev_accept
[INFO] [PIRLS iter-end] iter= 13 elapsed=0.0004s lm_lambda=1.00e-9 g_norm=3.449e-6 last_dev_change=3.872e-10 last_halving=1
[INFO] [PIRLS iter-breakdown] iter= 13 attempts=1 curvature=0.000s solve=0.000s predred=0.000s candidate=0.000s other=0.000s
[INFO] [PIRLS lm-trajectory] iter= 13 start_lambda=1.882e-9 final_lambda=1.000e-9 log10_ratio=-0.275 accept_rho=1.000 attempts=1
[INFO] [STAGE] PIRLS update_with_curvature iter=14 curvature=Fisher elapsed=0.000s source=reused_prev_accept
[INFO] [PIRLS iter-end] iter= 14 elapsed=0.0004s lm_lambda=1.00e-9 g_norm=1.138e-6 last_dev_change=1.074e-10 last_halving=1
[INFO] [PIRLS iter-breakdown] iter= 14 attempts=1 curvature=0.000s solve=0.000s predred=0.000s candidate=0.000s other=0.000s
[INFO] [PIRLS lm-trajectory] iter= 14 start_lambda=1.000e-9 final_lambda=1.000e-9 log10_ratio=0.000 accept_rho=1.000 attempts=1
[INFO] [STAGE] PIRLS update_with_curvature iter=15 curvature=Fisher elapsed=0.000s source=reused_prev_accept
[INFO] [PIRLS iter-end] iter= 15 elapsed=0.0004s lm_lambda=1.00e-9 g_norm=3.803e-7 last_dev_change=1.221e-11 last_halving=1
[INFO] [PIRLS iter-breakdown] iter= 15 attempts=1 curvature=0.000s solve=0.000s predred=0.000s candidate=0.000s other=0.000s
[INFO] [PIRLS lm-trajectory] iter= 15 start_lambda=1.000e-9 final_lambda=1.000e-9 log10_ratio=0.000 accept_rho=1.000 attempts=1
[INFO] [STAGE] PIRLS update_with_curvature iter=16 curvature=Fisher elapsed=0.000s source=reused_prev_accept
[INFO] [PIRLS iter-end] iter= 16 elapsed=0.0004s lm_lambda=1.00e-9 g_norm=1.406e-7 last_dev_change=1.402e-12 last_halving=1
[INFO] [PIRLS iter-breakdown] iter= 16 attempts=1 curvature=0.000s solve=0.000s predred=0.000s candidate=0.000s other=0.000s
[INFO] [PIRLS lm-trajectory] iter= 16 start_lambda=1.000e-9 final_lambda=1.000e-9 log10_ratio=0.000 accept_rho=1.000 attempts=1
[INFO] [STAGE] PIRLS update_with_curvature iter=17 curvature=Fisher elapsed=0.000s source=reused_prev_accept
[INFO] [PIRLS iter-end] iter= 17 elapsed=0.0004s lm_lambda=1.00e-9 g_norm=4.291e-8 last_dev_change=1.652e-13 last_halving=1
[INFO] [PIRLS iter-breakdown] iter= 17 attempts=1 curvature=0.000s solve=0.000s predred=0.000s candidate=0.000s other=0.000s
[INFO] [PIRLS lm-trajectory] iter= 17 start_lambda=1.000e-9 final_lambda=1.000e-9 log10_ratio=0.000 accept_rho=0.997 attempts=1
[INFO] [STAGE] PIRLS update_with_curvature iter=18 curvature=Fisher elapsed=0.000s source=reused_prev_accept
[INFO] [PIRLS exact-decrement] applicable=true decrement_sq=6.591313e-15 threshold=1.488037e-13 pass=true gradient_norm=2.128154e-8 relative_gradient=1.204683e-8 dimension_scale=6.244998e1 natural_scale=7.665673e-1 objective=1.428896e0 actual_reduction=2.020606e-14 predicted_reduction=2.022938e-14 linear_model_term=-2.943979e-14 direction_norm=5.592674e-7 data_reduction=-1.581313e-11 penalty_reduction=1.583318e-11
[INFO] [PIRLS solve-end] iters=18 elapsed=0.0110s g_norm_initial=2.576e-2 g_norm_final=2.128e-8 convergence_rate=4.593e-1 status=Converged
[INFO] [STAGE] inner pirls solve iters=18 status=Converged max_eta=2.0 jeffreys_logdet=none rows=full(derivative-request) elapsed=0.012s
[INFO] [IFT-QUALITY] quality=7.217e-5 ift=2.000e0 pred_residual=1.835e-4 cap_predicted=3.000e0 iters=18
[INFO] [STAGE] logdet S rho_dim=2 penalty_rank=12 elapsed=0.000s
[INFO] [#1271-diag] path=orig p=13 penalty_rank=12 nullspace_dim=1 rss=2.818813 pen=0.038979 Dp=2.857792 pirls_edf=1.9996 logS=187.888478 logH=201.480209 half_diff=6.795865 h_above1=12 h_min=5.888e-2 h_max=1.969e9 rho=[21.7635,-0.5259] lambda=[2.830e9,5.910e-1]
  H_eig=[1.969e9,1.969e9,2.385e8,2.383e8,2.039e8,1.960e8,1.876e8,1.382e8,7.360e7,2.048e7,1.505e3,1.042e2,5.888e-2]
  Slam_eig=[1.969e9,1.969e9,2.385e8,2.383e8,2.039e8,1.960e8,1.876e8,1.382e8,7.360e7,2.048e7,4.862e-1,2.375e-2,0.000e0]
[INFO] [reml-geometry] dense_spectral reason=constraints_present p=13 nnz_x=na nnz_h_est=na density_h_est=na threshold=0.1000
[INFO] [IFT-CACHE] outcome=miss drho_dim=2 p=13 elapsed=0.000s
[INFO] [ADAPTIVE-KKT] outer_g_norm=2.075e-6 effective_tol=1.000e-12 floor=1.000e-12 ceiling=1.000e-12
[INFO] [STAGE] PIRLS update_with_curvature iter=1 curvature=Fisher elapsed=0.000s source=rebuilt
[INFO] [PIRLS iter-end] iter=  1 elapsed=0.0007s lm_lambda=3.33e-4 g_norm=2.698e-3 last_dev_change=1.598e-10 last_halving=1
[INFO] [PIRLS iter-breakdown] iter=  1 attempts=1 curvature=0.001s solve=0.000s predred=0.000s candidate=0.000s other=0.000s
[INFO] [PIRLS lm-trajectory] iter=  1 start_lambda=1.000e-3 final_lambda=3.333e-4 log10_ratio=-0.477 accept_rho=1.000 attempts=1
[INFO] [STAGE] PIRLS update_with_curvature iter=2 curvature=Fisher elapsed=0.000s source=reused_prev_accept
[INFO] [PIRLS iter-end] iter=  2 elapsed=0.0004s lm_lambda=1.11e-4 g_norm=2.677e-3 last_dev_change=4.731e-10 last_halving=1
[INFO] [PIRLS iter-breakdown] iter=  2 attempts=1 curvature=0.000s solve=0.000s predred=0.000s candidate=0.000s other=0.000s
[INFO] [PIRLS lm-trajectory] iter=  2 start_lambda=3.333e-4 final_lambda=1.111e-4 log10_ratio=-0.477 accept_rho=1.000 attempts=1
[INFO] [STAGE] PIRLS update_with_curvature iter=3 curvature=Fisher elapsed=0.000s source=reused_prev_accept
[INFO] [PIRLS iter-end] iter=  3 elapsed=0.0004s lm_lambda=3.70e-5 g_norm=2.614e-3 last_dev_change=1.364e-9 last_halving=1
[INFO] [PIRLS iter-breakdown] iter=  3 attempts=1 curvature=0.000s solve=0.000s predred=0.000s candidate=0.000s other=0.000s
[INFO] [PIRLS lm-trajectory] iter=  3 start_lambda=1.111e-4 final_lambda=3.704e-5 log10_ratio=-0.477 accept_rho=1.000 attempts=1
[INFO] [STAGE] PIRLS update_with_curvature iter=4 curvature=Fisher elapsed=0.000s source=reused_prev_accept
[INFO] [PIRLS iter-end] iter=  4 elapsed=0.0004s lm_lambda=1.23e-5 g_norm=2.439e-3 last_dev_change=3.647e-9 last_halving=1
[INFO] [PIRLS iter-breakdown] iter=  4 attempts=1 curvature=0.000s solve=0.000s predred=0.000s candidate=0.000s other=0.000s
[INFO] [PIRLS lm-trajectory] iter=  4 start_lambda=3.704e-5 final_lambda=1.235e-5 log10_ratio=-0.477 accept_rho=1.000 attempts=1
[INFO] [STAGE] PIRLS update_with_curvature iter=5 curvature=Fisher elapsed=0.000s source=reused_prev_accept
[INFO] [PIRLS iter-end] iter=  5 elapsed=0.0004s lm_lambda=4.12e-6 g_norm=2.006e-3 last_dev_change=7.916e-9 last_halving=1
[INFO] [PIRLS iter-breakdown] iter=  5 attempts=1 curvature=0.000s solve=0.000s predred=0.000s candidate=0.000s other=0.000s
[INFO] [PIRLS lm-trajectory] iter=  5 start_lambda=1.235e-5 final_lambda=4.115e-6 log10_ratio=-0.477 accept_rho=1.000 attempts=1
[INFO] [STAGE] PIRLS update_with_curvature iter=6 curvature=Fisher elapsed=0.000s source=reused_prev_accept
[INFO] [PIRLS iter-end] iter=  6 elapsed=0.0004s lm_lambda=1.37e-6 g_norm=1.217e-3 last_dev_change=1.046e-8 last_halving=1
[INFO] [PIRLS iter-breakdown] iter=  6 attempts=1 curvature=0.000s solve=0.000s predred=0.000s candidate=0.000s other=0.000s
[INFO] [PIRLS lm-trajectory] iter=  6 start_lambda=4.115e-6 final_lambda=1.372e-6 log10_ratio=-0.477 accept_rho=1.000 attempts=1
[INFO] [STAGE] PIRLS update_with_curvature iter=7 curvature=Fisher elapsed=0.000s source=reused_prev_accept
[INFO] [PIRLS iter-end] iter=  7 elapsed=0.0004s lm_lambda=4.57e-7 g_norm=4.130e-4 last_dev_change=5.397e-9 last_halving=1
[INFO] [PIRLS iter-breakdown] iter=  7 attempts=1 curvature=0.000s solve=0.000s predred=0.000s candidate=0.000s other=0.000s
[INFO] [PIRLS lm-trajectory] iter=  7 start_lambda=1.372e-6 final_lambda=4.572e-7 log10_ratio=-0.477 accept_rho=1.000 attempts=1
[INFO] [STAGE] PIRLS update_with_curvature iter=8 curvature=Fisher elapsed=0.000s source=reused_prev_accept
[INFO] [PIRLS iter-end] iter=  8 elapsed=0.0004s lm_lambda=1.52e-7 g_norm=5.953e-5 last_dev_change=6.901e-10 last_halving=1
[INFO] [PIRLS iter-breakdown] iter=  8 attempts=1 curvature=0.000s solve=0.000s predred=0.000s candidate=0.000s other=0.000s
[INFO] [PIRLS lm-trajectory] iter=  8 start_lambda=4.572e-7 final_lambda=1.524e-7 log10_ratio=-0.477 accept_rho=1.000 attempts=1
[INFO] [STAGE] PIRLS update_with_curvature iter=9 curvature=Fisher elapsed=0.000s source=reused_prev_accept
[INFO] [PIRLS iter-end] iter=  9 elapsed=0.0004s lm_lambda=5.08e-8 g_norm=2.722e-6 last_dev_change=1.546e-11 last_halving=1
[INFO] [PIRLS iter-breakdown] iter=  9 attempts=1 curvature=0.000s solve=0.000s predred=0.000s candidate=0.000s other=0.000s
[INFO] [PIRLS lm-trajectory] iter=  9 start_lambda=1.524e-7 final_lambda=5.081e-8 log10_ratio=-0.477 accept_rho=1.000 attempts=1
[INFO] [STAGE] PIRLS update_with_curvature iter=10 curvature=Fisher elapsed=0.000s source=reused_prev_accept
[INFO] [PIRLS iter-end] iter= 10 elapsed=0.0004s lm_lambda=1.69e-8 g_norm=1.191e-6 last_dev_change=1.098e-12 last_halving=1
[INFO] [PIRLS iter-breakdown] iter= 10 attempts=1 curvature=0.000s solve=0.000s predred=0.000s candidate=0.000s other=0.000s
[INFO] [PIRLS lm-trajectory] iter= 10 start_lambda=5.081e-8 final_lambda=1.694e-8 log10_ratio=-0.477 accept_rho=1.000 attempts=1
[INFO] [STAGE] PIRLS update_with_curvature iter=11 curvature=Fisher elapsed=0.000s source=reused_prev_accept
[INFO] [PIRLS iter-end] iter= 11 elapsed=0.0004s lm_lambda=5.65e-9 g_norm=1.062e-6 last_dev_change=2.780e-12 last_halving=1
[INFO] [PIRLS iter-breakdown] iter= 11 attempts=1 curvature=0.000s solve=0.000s predred=0.000s candidate=0.000s other=0.000s
[INFO] [PIRLS lm-trajectory] iter= 11 start_lambda=1.694e-8 final_lambda=5.645e-9 log10_ratio=-0.477 accept_rho=1.000 attempts=1
[INFO] [STAGE] PIRLS update_with_curvature iter=12 curvature=Fisher elapsed=0.000s source=reused_prev_accept
[INFO] [PIRLS iter-end] iter= 12 elapsed=0.0004s lm_lambda=1.88e-9 g_norm=8.572e-7 last_dev_change=5.839e-12 last_halving=1
[INFO] [PIRLS iter-breakdown] iter= 12 attempts=1 curvature=0.000s solve=0.000s predred=0.000s candidate=0.000s other=0.000s
[INFO] [PIRLS lm-trajectory] iter= 12 start_lambda=5.645e-9 final_lambda=1.882e-9 log10_ratio=-0.477 accept_rho=1.000 attempts=1
[INFO] [STAGE] PIRLS update_with_curvature iter=13 curvature=Fisher elapsed=0.000s source=reused_prev_accept
[INFO] [PIRLS iter-end] iter= 13 elapsed=0.0004s lm_lambda=1.00e-9 g_norm=5.156e-7 last_dev_change=7.191e-12 last_halving=1
[INFO] [PIRLS iter-breakdown] iter= 13 attempts=1 curvature=0.000s solve=0.000s predred=0.000s candidate=0.000s other=0.000s
[INFO] [PIRLS lm-trajectory] iter= 13 start_lambda=1.882e-9 final_lambda=1.000e-9 log10_ratio=-0.275 accept_rho=1.000 attempts=1
[INFO] [STAGE] PIRLS update_with_curvature iter=14 curvature=Fisher elapsed=0.000s source=reused_prev_accept
[INFO] [PIRLS iter-end] iter= 14 elapsed=0.0004s lm_lambda=1.00e-9 g_norm=2.055e-7 last_dev_change=3.069e-12 last_halving=1
[INFO] [PIRLS iter-breakdown] iter= 14 attempts=1 curvature=0.000s solve=0.000s predred=0.000s candidate=0.000s other=0.000s
[INFO] [PIRLS lm-trajectory] iter= 14 start_lambda=1.000e-9 final_lambda=1.000e-9 log10_ratio=0.000 accept_rho=1.000 attempts=1
[INFO] [STAGE] PIRLS update_with_curvature iter=15 curvature=Fisher elapsed=0.000s source=reused_prev_accept
[INFO] [PIRLS iter-end] iter= 15 elapsed=0.0004s lm_lambda=1.00e-9 g_norm=8.987e-8 last_dev_change=5.533e-13 last_halving=1
[INFO] [PIRLS iter-breakdown] iter= 15 attempts=1 curvature=0.000s solve=0.000s predred=0.000s candidate=0.000s other=0.000s
[INFO] [PIRLS lm-trajectory] iter= 15 start_lambda=1.000e-9 final_lambda=1.000e-9 log10_ratio=0.000 accept_rho=1.000 attempts=1
[INFO] [STAGE] PIRLS update_with_curvature iter=16 curvature=Fisher elapsed=0.000s source=reused_prev_accept
[INFO] [PIRLS iter-end] iter= 16 elapsed=0.0004s lm_lambda=1.00e-9 g_norm=6.365e-8 last_dev_change=9.570e-14 last_halving=1
[INFO] [PIRLS iter-breakdown] iter= 16 attempts=1 curvature=0.000s solve=0.000s predred=0.000s candidate=0.000s other=0.000s
[INFO] [PIRLS lm-trajectory] iter= 16 start_lambda=1.000e-9 final_lambda=1.000e-9 log10_ratio=0.000 accept_rho=1.005 attempts=1
[INFO] [STAGE] PIRLS update_with_curvature iter=17 curvature=Fisher elapsed=0.000s source=reused_prev_accept
[INFO] [PIRLS exact-decrement] applicable=true decrement_sq=8.929153e-15 threshold=1.481603e-13 pass=true gradient_norm=2.196928e-8 relative_gradient=1.246498e-8 dimension_scale=6.244998e1 natural_scale=7.624807e-1 objective=1.422718e0 actual_reduction=1.709743e-14 predicted_reduction=1.726399e-14 linear_model_term=-2.375942e-14 direction_norm=5.682972e-7 data_reduction=-5.371925e-12 penalty_reduction=5.389115e-12
[INFO] [PIRLS solve-end] iters=17 elapsed=0.0104s g_norm_initial=3.995e-3 g_norm_final=2.197e-8 convergence_rate=4.905e-1 status=Converged
[INFO] [STAGE] inner pirls solve iters=17 status=Converged max_eta=2.0 jeffreys_logdet=none rows=full(derivative-request) elapsed=0.012s
[INFO] [IFT-QUALITY] quality=1.117e-5 ift=3.000e0 pred_residual=2.842e-5 cap_predicted=4.500e0 iters=17
[INFO] [STAGE] logdet S rho_dim=2 penalty_rank=12 elapsed=0.000s
[INFO] [#1271-diag] path=orig p=13 penalty_rank=12 nullspace_dim=1 rss=2.818805 pen=0.026631 Dp=2.845436 pirls_edf=1.9997 logS=187.126099 logH=201.098900 half_diff=6.986401 h_above1=12 h_min=4.022e-2 h_max=1.969e9 rho=[21.7635,-0.9071] lambda=[2.830e9,4.037e-1]
  H_eig=[1.969e9,1.969e9,2.385e8,2.383e8,2.039e8,1.960e8,1.876e8,1.382e8,7.360e7,2.048e7,1.505e3,1.042e2,4.022e-2]
  Slam_eig=[1.969e9,1.969e9,2.385e8,2.383e8,2.039e8,1.960e8,1.876e8,1.382e8,7.360e7,2.048e7,3.321e-1,1.622e-2,0.000e0]
[INFO] [reml-geometry] dense_spectral reason=constraints_present p=13 nnz_x=na nnz_h_est=na density_h_est=na threshold=0.1000
[INFO] [IFT-CACHE] outcome=miss drho_dim=2 p=13 elapsed=0.000s
[INFO] [ADAPTIVE-KKT] outer_g_norm=2.075e-6 effective_tol=1.000e-12 floor=1.000e-12 ceiling=1.000e-12
[INFO] [STAGE] PIRLS update_with_curvature iter=1 curvature=Fisher elapsed=0.000s source=rebuilt
[INFO] [PIRLS iter-end] iter=  1 elapsed=0.0007s lm_lambda=3.33e-4 g_norm=4.415e-2 last_dev_change=4.280e-8 last_halving=1
[INFO] [PIRLS iter-breakdown] iter=  1 attempts=1 curvature=0.001s solve=0.000s predred=0.000s candidate=0.000s other=0.000s
[INFO] [PIRLS lm-trajectory] iter=  1 start_lambda=1.000e-3 final_lambda=3.333e-4 log10_ratio=-0.477 accept_rho=1.000 attempts=1
[INFO] [STAGE] PIRLS update_with_curvature iter=2 curvature=Fisher elapsed=0.000s source=reused_prev_accept
[INFO] [PIRLS iter-end] iter=  2 elapsed=0.0004s lm_lambda=1.11e-4 g_norm=4.380e-2 last_dev_change=1.267e-7 last_halving=1
[INFO] [PIRLS iter-breakdown] iter=  2 attempts=1 curvature=0.000s solve=0.000s predred=0.000s candidate=0.000s other=0.000s
[INFO] [PIRLS lm-trajectory] iter=  2 start_lambda=3.333e-4 final_lambda=1.111e-4 log10_ratio=-0.477 accept_rho=1.000 attempts=1
[INFO] [STAGE] PIRLS update_with_curvature iter=3 curvature=Fisher elapsed=0.000s source=reused_prev_accept
[INFO] [PIRLS iter-end] iter=  3 elapsed=0.0004s lm_lambda=3.70e-5 g_norm=4.278e-2 last_dev_change=3.654e-7 last_halving=1
[INFO] [PIRLS iter-breakdown] iter=  3 attempts=1 curvature=0.000s solve=0.000s predred=0.000s candidate=0.000s other=0.000s
[INFO] [PIRLS lm-trajectory] iter=  3 start_lambda=1.111e-4 final_lambda=3.704e-5 log10_ratio=-0.477 accept_rho=1.000 attempts=1
[INFO] [STAGE] PIRLS update_with_curvature iter=4 curvature=Fisher elapsed=0.000s source=reused_prev_accept
[INFO] [PIRLS iter-end] iter=  4 elapsed=0.0004s lm_lambda=1.23e-5 g_norm=3.991e-2 last_dev_change=9.768e-7 last_halving=1
[INFO] [PIRLS iter-breakdown] iter=  4 attempts=1 curvature=0.000s solve=0.000s predred=0.000s candidate=0.000s other=0.000s
[INFO] [PIRLS lm-trajectory] iter=  4 start_lambda=3.704e-5 final_lambda=1.235e-5 log10_ratio=-0.477 accept_rho=1.000 attempts=1
[INFO] [STAGE] PIRLS update_with_curvature iter=5 curvature=Fisher elapsed=0.000s source=reused_prev_accept
[INFO] [PIRLS iter-end] iter=  5 elapsed=0.0004s lm_lambda=4.12e-6 g_norm=3.283e-2 last_dev_change=2.121e-6 last_halving=1
[INFO] [PIRLS iter-breakdown] iter=  5 attempts=1 curvature=0.000s solve=0.000s predred=0.000s candidate=0.000s other=0.000s
[INFO] [PIRLS lm-trajectory] iter=  5 start_lambda=1.235e-5 final_lambda=4.115e-6 log10_ratio=-0.477 accept_rho=1.000 attempts=1
[INFO] [STAGE] PIRLS update_with_curvature iter=6 curvature=Fisher elapsed=0.000s source=reused_prev_accept
[INFO] [PIRLS iter-end] iter=  6 elapsed=0.0004s lm_lambda=1.37e-6 g_norm=1.994e-2 last_dev_change=2.803e-6 last_halving=1
[INFO] [PIRLS iter-breakdown] iter=  6 attempts=1 curvature=0.000s solve=0.000s predred=0.000s candidate=0.000s other=0.000s
[INFO] [PIRLS lm-trajectory] iter=  6 start_lambda=4.115e-6 final_lambda=1.372e-6 log10_ratio=-0.477 accept_rho=1.000 attempts=1
[INFO] [STAGE] PIRLS update_with_curvature iter=7 curvature=Fisher elapsed=0.000s source=reused_prev_accept
[INFO] [PIRLS iter-end] iter=  7 elapsed=0.0004s lm_lambda=4.57e-7 g_norm=6.780e-3 last_dev_change=1.448e-6 last_halving=1
[INFO] [PIRLS iter-breakdown] iter=  7 attempts=1 curvature=0.000s solve=0.000s predred=0.000s candidate=0.000s other=0.000s
[INFO] [PIRLS lm-trajectory] iter=  7 start_lambda=1.372e-6 final_lambda=4.572e-7 log10_ratio=-0.477 accept_rho=1.000 attempts=1
[INFO] [STAGE] PIRLS update_with_curvature iter=8 curvature=Fisher elapsed=0.000s source=reused_prev_accept
[INFO] [PIRLS iter-end] iter=  8 elapsed=0.0004s lm_lambda=1.52e-7 g_norm=9.927e-4 last_dev_change=1.854e-7 last_halving=1
[INFO] [PIRLS iter-breakdown] iter=  8 attempts=1 curvature=0.000s solve=0.000s predred=0.000s candidate=0.000s other=0.000s
[INFO] [PIRLS lm-trajectory] iter=  8 start_lambda=4.572e-7 final_lambda=1.524e-7 log10_ratio=-0.477 accept_rho=1.000 attempts=1
[INFO] [STAGE] PIRLS update_with_curvature iter=9 curvature=Fisher elapsed=0.000s source=reused_prev_accept
[INFO] [PIRLS iter-end] iter=  9 elapsed=0.0004s lm_lambda=5.08e-8 g_norm=5.224e-5 last_dev_change=4.061e-9 last_halving=1
[INFO] [PIRLS iter-breakdown] iter=  9 attempts=1 curvature=0.000s solve=0.000s predred=0.000s candidate=0.000s other=0.000s
[INFO] [PIRLS lm-trajectory] iter=  9 start_lambda=1.524e-7 final_lambda=5.081e-8 log10_ratio=-0.477 accept_rho=1.000 attempts=1
[INFO] [STAGE] PIRLS update_with_curvature iter=10 curvature=Fisher elapsed=0.000s source=reused_prev_accept
[INFO] [PIRLS iter-end] iter= 10 elapsed=0.0005s lm_lambda=1.69e-8 g_norm=2.154e-6 last_dev_change=1.418e-11 last_halving=1
[INFO] [PIRLS iter-breakdown] iter= 10 attempts=1 curvature=0.000s solve=0.000s predred=0.000s candidate=0.000s other=0.000s
[INFO] [PIRLS lm-trajectory] iter= 10 start_lambda=5.081e-8 final_lambda=1.694e-8 log10_ratio=-0.477 accept_rho=1.000 attempts=1
[INFO] [STAGE] PIRLS update_with_curvature iter=11 curvature=Fisher elapsed=0.000s source=reused_prev_accept
[INFO] [PIRLS iter-end] iter= 11 elapsed=0.0004s lm_lambda=5.65e-9 g_norm=1.684e-6 last_dev_change=6.659e-12 last_halving=1
[INFO] [PIRLS iter-breakdown] iter= 11 attempts=1 curvature=0.000s solve=0.000s predred=0.000s candidate=0.000s other=0.000s
[INFO] [PIRLS lm-trajectory] iter= 11 start_lambda=1.694e-8 final_lambda=5.645e-9 log10_ratio=-0.477 accept_rho=1.000 attempts=1
[INFO] [STAGE] PIRLS update_with_curvature iter=12 curvature=Fisher elapsed=0.000s source=reused_prev_accept
[INFO] [PIRLS iter-end] iter= 12 elapsed=0.0004s lm_lambda=1.88e-9 g_norm=1.625e-6 last_dev_change=1.926e-11 last_halving=1
[INFO] [PIRLS iter-breakdown] iter= 12 attempts=1 curvature=0.000s solve=0.000s predred=0.000s candidate=0.000s other=0.000s
[INFO] [PIRLS lm-trajectory] iter= 12 start_lambda=5.645e-9 final_lambda=1.882e-9 log10_ratio=-0.477 accept_rho=1.000 attempts=1
[INFO] [STAGE] PIRLS update_with_curvature iter=13 curvature=Fisher elapsed=0.000s source=reused_prev_accept
[INFO] [PIRLS iter-end] iter= 13 elapsed=0.0004s lm_lambda=1.00e-9 g_norm=1.535e-6 last_dev_change=5.238e-11 last_halving=1
[INFO] [PIRLS iter-breakdown] iter= 13 attempts=1 curvature=0.000s solve=0.000s predred=0.000s candidate=0.000s other=0.000s
[INFO] [PIRLS lm-trajectory] iter= 13 start_lambda=1.882e-9 final_lambda=1.000e-9 log10_ratio=-0.275 accept_rho=1.000 attempts=1
[INFO] [STAGE] PIRLS update_with_curvature iter=14 curvature=Fisher elapsed=0.000s source=reused_prev_accept
[INFO] [PIRLS iter-end] iter= 14 elapsed=0.0005s lm_lambda=1.00e-9 g_norm=1.377e-6 last_dev_change=8.105e-11 last_halving=1
[INFO] [PIRLS iter-breakdown] iter= 14 attempts=1 curvature=0.000s solve=0.000s predred=0.000s candidate=0.000s other=0.000s
[INFO] [PIRLS lm-trajectory] iter= 14 start_lambda=1.000e-9 final_lambda=1.000e-9 log10_ratio=0.000 accept_rho=1.000 attempts=1
[INFO] [STAGE] PIRLS update_with_curvature iter=15 curvature=Fisher elapsed=0.000s source=reused_prev_accept
[INFO] [PIRLS iter-end] iter= 15 elapsed=0.0004s lm_lambda=1.00e-9 g_norm=1.241e-6 last_dev_change=6.509e-11 last_halving=1
[INFO] [PIRLS iter-breakdown] iter= 15 attempts=1 curvature=0.000s solve=0.000s predred=0.000s candidate=0.000s other=0.000s
[INFO] [PIRLS lm-trajectory] iter= 15 start_lambda=1.000e-9 final_lambda=1.000e-9 log10_ratio=0.000 accept_rho=1.000 attempts=1
[INFO] [STAGE] PIRLS update_with_curvature iter=16 curvature=Fisher elapsed=0.000s source=reused_prev_accept
[INFO] [PIRLS iter-end] iter= 16 elapsed=0.0004s lm_lambda=1.00e-9 g_norm=1.121e-6 last_dev_change=5.230e-11 last_halving=1
[INFO] [PIRLS iter-breakdown] iter= 16 attempts=1 curvature=0.000s solve=0.000s predred=0.000s candidate=0.000s other=0.000s
[INFO] [PIRLS lm-trajectory] iter= 16 start_lambda=1.000e-9 final_lambda=1.000e-9 log10_ratio=0.000 accept_rho=1.000 attempts=1
[INFO] [STAGE] PIRLS update_with_curvature iter=17 curvature=Fisher elapsed=0.000s source=reused_prev_accept
[INFO] [PIRLS iter-end] iter= 17 elapsed=0.0004s lm_lambda=1.00e-9 g_norm=9.978e-7 last_dev_change=4.202e-11 last_halving=1
[INFO] [PIRLS iter-breakdown] iter= 17 attempts=1 curvature=0.000s solve=0.000s predred=0.000s candidate=0.000s other=0.000s
[INFO] [PIRLS lm-trajectory] iter= 17 start_lambda=1.000e-9 final_lambda=1.000e-9 log10_ratio=0.000 accept_rho=1.000 attempts=1
[INFO] [STAGE] PIRLS update_with_curvature iter=18 curvature=Fisher elapsed=0.000s source=reused_prev_accept
[INFO] [PIRLS iter-end] iter= 18 elapsed=0.0004s lm_lambda=1.00e-9 g_norm=8.961e-7 last_dev_change=3.368e-11 last_halving=1
[INFO] [PIRLS iter-breakdown] iter= 18 attempts=1 curvature=0.000s solve=0.000s predred=0.000s candidate=0.000s other=0.000s
[INFO] [PIRLS lm-trajectory] iter= 18 start_lambda=1.000e-9 final_lambda=1.000e-9 log10_ratio=0.000 accept_rho=1.000 attempts=1
[INFO] [STAGE] PIRLS update_with_curvature iter=19 curvature=Fisher elapsed=0.000s source=reused_prev_accept
[INFO] [PIRLS iter-end] iter= 19 elapsed=0.0004s lm_lambda=1.00e-9 g_norm=7.863e-7 last_dev_change=2.701e-11 last_halving=1
[INFO] [PIRLS iter-breakdown] iter= 19 attempts=1 curvature=0.000s solve=0.000s predred=0.000s candidate=0.000s other=0.000s
[INFO] [PIRLS lm-trajectory] iter= 19 start_lambda=1.000e-9 final_lambda=1.000e-9 log10_ratio=0.000 accept_rho=1.000 attempts=1
[INFO] [STAGE] PIRLS update_with_curvature iter=20 curvature=Fisher elapsed=0.000s source=reused_prev_accept
[INFO] [PIRLS iter-end] iter= 20 elapsed=0.0004s lm_lambda=1.00e-9 g_norm=7.377e-7 last_dev_change=2.165e-11 last_halving=1
[INFO] [PIRLS iter-breakdown] iter= 20 attempts=1 curvature=0.000s solve=0.000s predred=0.000s candidate=0.000s other=0.000s
[INFO] [PIRLS lm-trajectory] iter= 20 start_lambda=1.000e-9 final_lambda=1.000e-9 log10_ratio=0.000 accept_rho=1.000 attempts=1
[INFO] [STAGE] PIRLS update_with_curvature iter=21 curvature=Fisher elapsed=0.000s source=reused_prev_accept
[INFO] [PIRLS iter-end] iter= 21 elapsed=0.0004s lm_lambda=1.00e-9 g_norm=6.470e-7 last_dev_change=1.740e-11 last_halving=1
[INFO] [PIRLS iter-breakdown] iter= 21 attempts=1 curvature=0.000s solve=0.000s predred=0.000s candidate=0.000s other=0.000s
[INFO] [PIRLS lm-trajectory] iter= 21 start_lambda=1.000e-9 final_lambda=1.000e-9 log10_ratio=0.000 accept_rho=1.000 attempts=1
[INFO] [STAGE] PIRLS update_with_curvature iter=22 curvature=Fisher elapsed=0.000s source=reused_prev_accept
[INFO] [PIRLS iter-end] iter= 22 elapsed=0.0004s lm_lambda=1.00e-9 g_norm=5.730e-7 last_dev_change=1.390e-11 last_halving=1
[INFO] [PIRLS iter-breakdown] iter= 22 attempts=1 curvature=0.000s solve=0.000s predred=0.000s candidate=0.000s other=0.000s
[INFO] [PIRLS lm-trajectory] iter= 22 start_lambda=1.000e-9 final_lambda=1.000e-9 log10_ratio=0.000 accept_rho=1.000 attempts=1
[INFO] [STAGE] PIRLS update_with_curvature iter=23 curvature=Fisher elapsed=0.000s source=reused_prev_accept
[INFO] [PIRLS iter-end] iter= 23 elapsed=0.0004s lm_lambda=1.00e-9 g_norm=5.169e-7 last_dev_change=1.128e-11 last_halving=1
[INFO] [PIRLS iter-breakdown] iter= 23 attempts=1 curvature=0.000s solve=0.000s predred=0.000s candidate=0.000s other=0.000s
[INFO] [PIRLS lm-trajectory] iter= 23 start_lambda=1.000e-9 final_lambda=1.000e-9 log10_ratio=0.000 accept_rho=1.000 attempts=1
[INFO] [STAGE] PIRLS update_with_curvature iter=24 curvature=Fisher elapsed=0.000s source=reused_prev_accept
[INFO] [PIRLS iter-end] iter= 24 elapsed=0.0004s lm_lambda=1.00e-9 g_norm=4.620e-7 last_dev_change=8.987e-12 last_halving=1
[INFO] [PIRLS iter-breakdown] iter= 24 attempts=1 curvature=0.000s solve=0.000s predred=0.000s candidate=0.000s other=0.000s
[INFO] [PIRLS lm-trajectory] iter= 24 start_lambda=1.000e-9 final_lambda=1.000e-9 log10_ratio=0.000 accept_rho=1.000 attempts=1
[INFO] [STAGE] PIRLS update_with_curvature iter=25 curvature=Fisher elapsed=0.000s source=reused_prev_accept
[INFO] [PIRLS iter-end] iter= 25 elapsed=0.0004s lm_lambda=1.00e-9 g_norm=4.092e-7 last_dev_change=7.173e-12 last_halving=1
[INFO] [PIRLS iter-breakdown] iter= 25 attempts=1 curvature=0.000s solve=0.000s predred=0.000s candidate=0.000s other=0.000s
[INFO] [PIRLS lm-trajectory] iter= 25 start_lambda=1.000e-9 final_lambda=1.000e-9 log10_ratio=0.000 accept_rho=1.000 attempts=1
[INFO] [STAGE] PIRLS update_with_curvature iter=26 curvature=Fisher elapsed=0.000s source=reused_prev_accept
[INFO] [PIRLS iter-end] iter= 26 elapsed=0.0004s lm_lambda=1.00e-9 g_norm=3.890e-7 last_dev_change=5.750e-12 last_halving=1
[INFO] [PIRLS iter-breakdown] iter= 26 attempts=1 curvature=0.000s solve=0.000s predred=0.000s candidate=0.000s other=0.000s
[INFO] [PIRLS lm-trajectory] iter= 26 start_lambda=1.000e-9 final_lambda=1.000e-9 log10_ratio=0.000 accept_rho=1.000 attempts=1
[INFO] [STAGE] PIRLS update_with_curvature iter=27 curvature=Fisher elapsed=0.000s source=reused_prev_accept
[INFO] [PIRLS iter-end] iter= 27 elapsed=0.0004s lm_lambda=1.00e-9 g_norm=3.330e-7 last_dev_change=4.637e-12 last_halving=1
[INFO] [PIRLS iter-breakdown] iter= 27 attempts=1 curvature=0.000s solve=0.000s predred=0.000s candidate=0.000s other=0.000s
[INFO] [PIRLS lm-trajectory] iter= 27 start_lambda=1.000e-9 final_lambda=1.000e-9 log10_ratio=0.000 accept_rho=1.000 attempts=1
[INFO] [STAGE] PIRLS update_with_curvature iter=28 curvature=Fisher elapsed=0.000s source=reused_prev_accept
[INFO] [PIRLS iter-end] iter= 28 elapsed=0.0004s lm_lambda=1.00e-9 g_norm=2.888e-7 last_dev_change=3.787e-12 last_halving=1
[INFO] [PIRLS iter-breakdown] iter= 28 attempts=1 curvature=0.000s solve=0.000s predred=0.000s candidate=0.000s other=0.000s
[INFO] [PIRLS lm-trajectory] iter= 28 start_lambda=1.000e-9 final_lambda=1.000e-9 log10_ratio=0.000 accept_rho=1.000 attempts=1
[INFO] [STAGE] PIRLS update_with_curvature iter=29 curvature=Fisher elapsed=0.000s source=reused_prev_accept
[INFO] [PIRLS iter-end] iter= 29 elapsed=0.0004s lm_lambda=1.00e-9 g_norm=2.580e-7 last_dev_change=3.038e-12 last_halving=1
[INFO] [PIRLS iter-breakdown] iter= 29 attempts=1 curvature=0.000s solve=0.000s predred=0.000s candidate=0.000s other=0.000s
[INFO] [PIRLS lm-trajectory] iter= 29 start_lambda=1.000e-9 final_lambda=1.000e-9 log10_ratio=0.000 accept_rho=1.000 attempts=1
[INFO] [STAGE] PIRLS update_with_curvature iter=30 curvature=Fisher elapsed=0.000s source=reused_prev_accept
[INFO] [PIRLS iter-end] iter= 30 elapsed=0.0004s lm_lambda=1.00e-9 g_norm=2.471e-7 last_dev_change=2.407e-12 last_halving=1
[INFO] [PIRLS iter-breakdown] iter= 30 attempts=1 curvature=0.000s solve=0.000s predred=0.000s candidate=0.000s other=0.000s
[INFO] [PIRLS lm-trajectory] iter= 30 start_lambda=1.000e-9 final_lambda=1.000e-9 log10_ratio=0.000 accept_rho=1.000 attempts=1
[INFO] [STAGE] PIRLS update_with_curvature iter=31 curvature=Fisher elapsed=0.000s source=reused_prev_accept
[INFO] [PIRLS iter-end] iter= 31 elapsed=0.0004s lm_lambda=1.00e-9 g_norm=2.199e-7 last_dev_change=1.907e-12 last_halving=1
[INFO] [PIRLS iter-breakdown] iter= 31 attempts=1 curvature=0.000s solve=0.000s predred=0.000s candidate=0.000s other=0.000s
[INFO] [PIRLS lm-trajectory] iter= 31 start_lambda=1.000e-9 final_lambda=1.000e-9 log10_ratio=0.000 accept_rho=1.000 attempts=1
[INFO] [STAGE] PIRLS update_with_curvature iter=32 curvature=Fisher elapsed=0.000s source=reused_prev_accept
[INFO] [PIRLS iter-end] iter= 32 elapsed=0.0004s lm_lambda=1.00e-9 g_norm=1.843e-7 last_dev_change=1.539e-12 last_halving=1
[INFO] [PIRLS iter-breakdown] iter= 32 attempts=1 curvature=0.000s solve=0.000s predred=0.000s candidate=0.000s other=0.000s
[INFO] [PIRLS lm-trajectory] iter= 32 start_lambda=1.000e-9 final_lambda=1.000e-9 log10_ratio=0.000 accept_rho=1.000 attempts=1
[INFO] [STAGE] PIRLS update_with_curvature iter=33 curvature=Fisher elapsed=0.000s source=reused_prev_accept
[INFO] [PIRLS iter-end] iter= 33 elapsed=0.0004s lm_lambda=1.00e-9 g_norm=1.887e-7 last_dev_change=1.231e-12 last_halving=1
[INFO] [PIRLS iter-breakdown] iter= 33 attempts=1 curvature=0.000s solve=0.000s predred=0.000s candidate=0.000s other=0.000s
[INFO] [PIRLS lm-trajectory] iter= 33 start_lambda=1.000e-9 final_lambda=1.000e-9 log10_ratio=0.000 accept_rho=1.000 attempts=1
[INFO] [STAGE] PIRLS update_with_curvature iter=34 curvature=Fisher elapsed=0.000s source=reused_prev_accept
[INFO] [PIRLS iter-end] iter= 34 elapsed=0.0004s lm_lambda=1.00e-9 g_norm=1.508e-7 last_dev_change=9.899e-13 last_halving=1
[INFO] [PIRLS iter-breakdown] iter= 34 attempts=1 curvature=0.000s solve=0.000s predred=0.000s candidate=0.000s other=0.000s
[INFO] [PIRLS lm-trajectory] iter= 34 start_lambda=1.000e-9 final_lambda=1.000e-9 log10_ratio=0.000 accept_rho=1.000 attempts=1
[INFO] [STAGE] PIRLS update_with_curvature iter=35 curvature=Fisher elapsed=0.000s source=reused_prev_accept
[INFO] [PIRLS iter-end] iter= 35 elapsed=0.0004s lm_lambda=1.00e-9 g_norm=1.346e-7 last_dev_change=7.987e-13 last_halving=1
[INFO] [PIRLS iter-breakdown] iter= 35 attempts=1 curvature=0.000s solve=0.000s predred=0.000s candidate=0.000s other=0.000s
[INFO] [PIRLS lm-trajectory] iter= 35 start_lambda=1.000e-9 final_lambda=1.000e-9 log10_ratio=0.000 accept_rho=1.000 attempts=1
[INFO] [STAGE] PIRLS update_with_curvature iter=36 curvature=Fisher elapsed=0.000s source=reused_prev_accept
[INFO] [PIRLS iter-end] iter= 36 elapsed=0.0004s lm_lambda=1.00e-9 g_norm=1.430e-7 last_dev_change=6.297e-13 last_halving=1
[INFO] [PIRLS iter-breakdown] iter= 36 attempts=1 curvature=0.000s solve=0.000s predred=0.000s candidate=0.000s other=0.000s
[INFO] [PIRLS lm-trajectory] iter= 36 start_lambda=1.000e-9 final_lambda=1.000e-9 log10_ratio=0.000 accept_rho=1.001 attempts=1
[INFO] [STAGE] PIRLS update_with_curvature iter=37 curvature=Fisher elapsed=0.000s source=reused_prev_accept
[INFO] [PIRLS iter-end] iter= 37 elapsed=0.0004s lm_lambda=1.00e-9 g_norm=1.146e-7 last_dev_change=5.258e-13 last_halving=1
[INFO] [PIRLS iter-breakdown] iter= 37 attempts=1 curvature=0.000s solve=0.000s predred=0.000s candidate=0.000s other=0.000s
[INFO] [PIRLS lm-trajectory] iter= 37 start_lambda=1.000e-9 final_lambda=1.000e-9 log10_ratio=0.000 accept_rho=1.000 attempts=1
[INFO] [STAGE] PIRLS update_with_curvature iter=38 curvature=Fisher elapsed=0.000s source=reused_prev_accept
[INFO] [PIRLS iter-end] iter= 38 elapsed=0.0004s lm_lambda=1.00e-9 g_norm=1.038e-7 last_dev_change=4.110e-13 last_halving=1
[INFO] [PIRLS iter-breakdown] iter= 38 attempts=1 curvature=0.000s solve=0.000s predred=0.000s candidate=0.000s other=0.000s
[INFO] [PIRLS lm-trajectory] iter= 38 start_lambda=1.000e-9 final_lambda=1.000e-9 log10_ratio=0.000 accept_rho=0.998 attempts=1
[INFO] [STAGE] PIRLS update_with_curvature iter=39 curvature=Fisher elapsed=0.000s source=reused_prev_accept
[INFO] [PIRLS iter-end] iter= 39 elapsed=0.0004s lm_lambda=1.00e-9 g_norm=9.335e-8 last_dev_change=3.255e-13 last_halving=1
[INFO] [PIRLS iter-breakdown] iter= 39 attempts=1 curvature=0.000s solve=0.000s predred=0.000s candidate=0.000s other=0.000s
[INFO] [PIRLS lm-trajectory] iter= 39 start_lambda=1.000e-9 final_lambda=1.000e-9 log10_ratio=0.000 accept_rho=1.002 attempts=1
[INFO] [STAGE] PIRLS update_with_curvature iter=40 curvature=Fisher elapsed=0.000s source=reused_prev_accept
[INFO] [PIRLS iter-end] iter= 40 elapsed=0.0004s lm_lambda=1.00e-9 g_norm=7.613e-8 last_dev_change=2.685e-13 last_halving=1
[INFO] [PIRLS iter-breakdown] iter= 40 attempts=1 curvature=0.000s solve=0.000s predred=0.000s candidate=0.000s other=0.000s
[INFO] [PIRLS lm-trajectory] iter= 40 start_lambda=1.000e-9 final_lambda=1.000e-9 log10_ratio=0.000 accept_rho=0.998 attempts=1
[INFO] [STAGE] PIRLS update_with_curvature iter=41 curvature=Fisher elapsed=0.000s source=reused_prev_accept
[INFO] [PIRLS iter-end] iter= 41 elapsed=0.0004s lm_lambda=1.00e-9 g_norm=7.072e-8 last_dev_change=2.165e-13 last_halving=1
[INFO] [PIRLS iter-breakdown] iter= 41 attempts=1 curvature=0.000s solve=0.000s predred=0.000s candidate=0.000s other=0.000s
[INFO] [PIRLS lm-trajectory] iter= 41 start_lambda=1.000e-9 final_lambda=1.000e-9 log10_ratio=0.000 accept_rho=1.001 attempts=1
[INFO] [STAGE] PIRLS update_with_curvature iter=42 curvature=Fisher elapsed=0.000s source=reused_prev_accept
[INFO] [PIRLS iter-end] iter= 42 elapsed=0.0004s lm_lambda=1.00e-9 g_norm=6.543e-8 last_dev_change=1.796e-13 last_halving=1
[INFO] [PIRLS iter-breakdown] iter= 42 attempts=1 curvature=0.000s solve=0.000s predred=0.000s candidate=0.000s other=0.000s
[INFO] [PIRLS lm-trajectory] iter= 42 start_lambda=1.000e-9 final_lambda=1.000e-9 log10_ratio=0.000 accept_rho=0.999 attempts=1
[INFO] [STAGE] PIRLS update_with_curvature iter=43 curvature=Fisher elapsed=0.000s source=reused_prev_accept
[INFO] [PIRLS iter-end] iter= 43 elapsed=0.0004s lm_lambda=1.00e-9 g_norm=6.329e-8 last_dev_change=1.366e-13 last_halving=1
[INFO] [PIRLS iter-breakdown] iter= 43 attempts=1 curvature=0.000s solve=0.000s predred=0.000s candidate=0.000s other=0.000s
[INFO] [PIRLS lm-trajectory] iter= 43 start_lambda=1.000e-9 final_lambda=1.000e-9 log10_ratio=0.000 accept_rho=1.005 attempts=1
[INFO] [STAGE] PIRLS update_with_curvature iter=44 curvature=Fisher elapsed=0.000s source=reused_prev_accept
[INFO] [PIRLS iter-end] iter= 44 elapsed=0.0004s lm_lambda=1.00e-9 g_norm=5.119e-8 last_dev_change=1.046e-13 last_halving=1
[INFO] [PIRLS iter-breakdown] iter= 44 attempts=1 curvature=0.000s solve=0.000s predred=0.000s candidate=0.000s other=0.000s
[INFO] [PIRLS lm-trajectory] iter= 44 start_lambda=1.000e-9 final_lambda=1.000e-9 log10_ratio=0.000 accept_rho=0.996 attempts=1
[INFO] [STAGE] PIRLS update_with_curvature iter=45 curvature=Fisher elapsed=0.000s source=reused_prev_accept
[INFO] [PIRLS iter-end] iter= 45 elapsed=0.0004s lm_lambda=1.00e-9 g_norm=5.845e-8 last_dev_change=9.104e-14 last_halving=1
[INFO] [PIRLS iter-breakdown] iter= 45 attempts=1 curvature=0.000s solve=0.000s predred=0.000s candidate=0.000s other=0.000s
[INFO] [PIRLS lm-trajectory] iter= 45 start_lambda=1.000e-9 final_lambda=1.000e-9 log10_ratio=0.000 accept_rho=0.999 attempts=1
[INFO] [STAGE] PIRLS update_with_curvature iter=46 curvature=Fisher elapsed=0.000s source=reused_prev_accept
[INFO] [PIRLS iter-end] iter= 46 elapsed=0.0004s lm_lambda=1.00e-9 g_norm=5.574e-8 last_dev_change=7.616e-14 last_halving=1
[INFO] [PIRLS iter-breakdown] iter= 46 attempts=1 curvature=0.000s solve=0.000s predred=0.000s candidate=0.000s other=0.000s
[INFO] [PIRLS lm-trajectory] iter= 46 start_lambda=1.000e-9 final_lambda=1.000e-9 log10_ratio=0.000 accept_rho=1.002 attempts=1
[INFO] [STAGE] PIRLS update_with_curvature iter=47 curvature=Fisher elapsed=0.000s source=reused_prev_accept
[INFO] [PIRLS exact-decrement] applicable=true decrement_sq=4.674246e-13 threshold=1.468928e-13 pass=false gradient_norm=4.781694e-8 relative_gradient=2.715858e-8 dimension_scale=6.244998e1 natural_scale=7.606567e-1 objective=1.410546e0 actual_reduction=5.417888e-14 predicted_reduction=5.345992e-14 linear_model_term=-5.621067e-14 direction_norm=1.260258e-6 data_reduction=-2.797762e-14 penalty_reduction=8.194834e-14
[INFO] [PIRLS solve-end] iters=47 elapsed=0.0282s g_norm_initial=6.538e-2 g_norm_final=4.782e-8 convergence_rate=7.404e-1 status=LmStepSearchExhausted
[INFO] [STAGE] PIRLS dense newton solve backend=CPU p=13 rows=325 route="Householder QR of PSD root" backward_error=5.416e-17 damped_decrement_sq=2.164e-24
[INFO] [PIRLS final exact-decrement] decrement_sq=2.163567e-24 threshold=1.468928e-13 pass=true gradient_norm=8.361330e-9 status_before=LmStepSearchExhausted
[INFO] [STAGE] inner pirls solve iters=47 status=Converged max_eta=2.0 jeffreys_logdet=none rows=full(derivative-request) elapsed=0.030s
[INFO] [IFT-QUALITY] quality=1.835e-4 ift=4.500e0 pred_residual=4.667e-4 cap_predicted=6.750e0 iters=47
[INFO] [STAGE] logdet S rho_dim=2 penalty_rank=12 elapsed=0.000s
[INFO] [#1271-diag] path=orig p=13 penalty_rank=12 nullspace_dim=1 rss=2.818799 pen=0.002294 Dp=2.821093 pirls_edf=2.0000 logS=182.221615 logH=198.646423 half_diff=8.212404 h_above1=12 h_min=3.464e-3 h_max=1.969e9 rho=[21.7635,-3.3593] lambda=[2.830e9,3.476e-2]
  H_eig=[1.969e9,1.969e9,2.385e8,2.383e8,2.039e8,1.960e8,1.876e8,1.382e8,7.360e7,2.048e7,1.505e3,1.041e2,3.464e-3]
  Slam_eig=[1.969e9,1.969e9,2.385e8,2.383e8,2.039e8,1.960e8,1.876e8,1.382e8,7.360e7,2.048e7,2.859e-2,1.397e-3,0.000e0]
[INFO] [reml-geometry] dense_spectral reason=constraints_present p=13 nnz_x=na nnz_h_est=na density_h_est=na threshold=0.1000
[INFO] [IFT-CACHE] outcome=miss drho_dim=2 p=13 elapsed=0.000s
[INFO] [ADAPTIVE-KKT] outer_g_norm=2.075e-6 effective_tol=1.000e-12 floor=1.000e-12 ceiling=1.000e-12
[INFO] [STAGE] PIRLS update_with_curvature iter=1 curvature=Fisher elapsed=0.000s source=rebuilt
[INFO] [PIRLS iter-end] iter=  1 elapsed=0.0007s lm_lambda=3.33e-4 g_norm=1.661e-4 last_dev_change=6.062e-13 last_halving=1
[INFO] [PIRLS iter-breakdown] iter=  1 attempts=1 curvature=0.000s solve=0.000s predred=0.000s candidate=0.000s other=0.000s
[INFO] [PIRLS lm-trajectory] iter=  1 start_lambda=1.000e-3 final_lambda=3.333e-4 log10_ratio=-0.477 accept_rho=1.001 attempts=1
[INFO] [STAGE] PIRLS update_with_curvature iter=2 curvature=Fisher elapsed=0.000s source=reused_prev_accept
[INFO] [PIRLS iter-end] iter=  2 elapsed=0.0004s lm_lambda=1.11e-4 g_norm=1.648e-4 last_dev_change=1.792e-12 last_halving=1
[INFO] [PIRLS iter-breakdown] iter=  2 attempts=1 curvature=0.000s solve=0.000s predred=0.000s candidate=0.000s other=0.000s
[INFO] [PIRLS lm-trajectory] iter=  2 start_lambda=3.333e-4 final_lambda=1.111e-4 log10_ratio=-0.477 accept_rho=1.000 attempts=1
[INFO] [STAGE] PIRLS update_with_curvature iter=3 curvature=Fisher elapsed=0.000s source=reused_prev_accept
[INFO] [PIRLS iter-end] iter=  3 elapsed=0.0004s lm_lambda=3.70e-5 g_norm=1.609e-4 last_dev_change=5.170e-12 last_halving=1
[INFO] [PIRLS iter-breakdown] iter=  3 attempts=1 curvature=0.000s solve=0.000s predred=0.000s candidate=0.000s other=0.000s
[INFO] [PIRLS lm-trajectory] iter=  3 start_lambda=1.111e-4 final_lambda=3.704e-5 log10_ratio=-0.477 accept_rho=1.000 attempts=1
[INFO] [STAGE] PIRLS update_with_curvature iter=4 curvature=Fisher elapsed=0.000s source=reused_prev_accept
[INFO] [PIRLS iter-end] iter=  4 elapsed=0.0004s lm_lambda=1.23e-5 g_norm=1.501e-4 last_dev_change=1.382e-11 last_halving=1
[INFO] [PIRLS iter-breakdown] iter=  4 attempts=1 curvature=0.000s solve=0.000s predred=0.000s candidate=0.000s other=0.000s
[INFO] [PIRLS lm-trajectory] iter=  4 start_lambda=3.704e-5 final_lambda=1.235e-5 log10_ratio=-0.477 accept_rho=1.000 attempts=1
[INFO] [STAGE] PIRLS update_with_curvature iter=5 curvature=Fisher elapsed=0.000s source=reused_prev_accept
[INFO] [PIRLS iter-end] iter=  5 elapsed=0.0004s lm_lambda=4.12e-6 g_norm=1.235e-4 last_dev_change=3.000e-11 last_halving=1
[INFO] [PIRLS iter-breakdown] iter=  5 attempts=1 curvature=0.000s solve=0.000s predred=0.000s candidate=0.000s other=0.000s
[INFO] [PIRLS lm-trajectory] iter=  5 start_lambda=1.235e-5 final_lambda=4.115e-6 log10_ratio=-0.477 accept_rho=1.000 attempts=1
[INFO] [STAGE] PIRLS update_with_curvature iter=6 curvature=Fisher elapsed=0.000s source=reused_prev_accept
[INFO] [PIRLS iter-end] iter=  6 elapsed=0.0004s lm_lambda=1.37e-6 g_norm=7.501e-5 last_dev_change=3.965e-11 last_halving=1
[INFO] [PIRLS iter-breakdown] iter=  6 attempts=1 curvature=0.000s solve=0.000s predred=0.000s candidate=0.000s other=0.000s
[INFO] [PIRLS lm-trajectory] iter=  6 start_lambda=4.115e-6 final_lambda=1.372e-6 log10_ratio=-0.477 accept_rho=1.000 attempts=1
[INFO] [STAGE] PIRLS update_with_curvature iter=7 curvature=Fisher elapsed=0.000s source=reused_prev_accept
[INFO] [PIRLS iter-end] iter=  7 elapsed=0.0004s lm_lambda=4.57e-7 g_norm=2.549e-5 last_dev_change=2.049e-11 last_halving=1
[INFO] [PIRLS iter-breakdown] iter=  7 attempts=1 curvature=0.000s solve=0.000s predred=0.000s candidate=0.000s other=0.000s
[INFO] [PIRLS lm-trajectory] iter=  7 start_lambda=1.372e-6 final_lambda=4.572e-7 log10_ratio=-0.477 accept_rho=1.000 attempts=1
[INFO] [STAGE] PIRLS update_with_curvature iter=8 curvature=Fisher elapsed=0.000s source=reused_prev_accept
[INFO] [PIRLS iter-end] iter=  8 elapsed=0.0004s lm_lambda=1.52e-7 g_norm=3.729e-6 last_dev_change=2.623e-12 last_halving=1
[INFO] [PIRLS iter-breakdown] iter=  8 attempts=1 curvature=0.000s solve=0.000s predred=0.000s candidate=0.000s other=0.000s
[INFO] [PIRLS lm-trajectory] iter=  8 start_lambda=4.572e-7 final_lambda=1.524e-7 log10_ratio=-0.477 accept_rho=1.000 attempts=1
[INFO] [STAGE] PIRLS update_with_curvature iter=9 curvature=Fisher elapsed=0.000s source=reused_prev_accept
[INFO] [PIRLS exact-decrement] applicable=true decrement_sq=2.418097e-14 threshold=1.469421e-13 pass=true gradient_norm=1.969732e-7 relative_gradient=1.118802e-7 dimension_scale=6.244998e1 natural_scale=7.605724e-1 objective=1.411020e0 actual_reduction=5.750955e-14 predicted_reduction=5.735390e-14 linear_model_term=-1.088158e-13 direction_norm=3.421663e-8 data_reduction=-1.019220e-10 penalty_reduction=1.019794e-10
[INFO] [PIRLS solve-end] iters=9 elapsed=0.0057s g_norm_initial=2.459e-4 g_norm_final=1.970e-7 convergence_rate=4.528e-1 status=Converged
[INFO] [STAGE] inner pirls solve iters=9 status=Converged max_eta=2.0 jeffreys_logdet=none rows=full(derivative-request) elapsed=0.007s
[INFO] [IFT-QUALITY] quality=7.417e-7 ift=6.750e0 pred_residual=1.887e-6 cap_predicted=1.012e1 iters=9
[INFO] [STAGE] logdet S rho_dim=2 penalty_rank=12 elapsed=0.000s
[INFO] [#1271-diag] path=orig p=13 penalty_rank=12 nullspace_dim=1 rss=2.818799 pen=0.003240 Dp=2.822039 pirls_edf=2.0000 logS=182.912467 logH=198.991858 half_diff=8.039696 h_above1=12 h_min=4.893e-3 h_max=1.969e9 rho=[21.7635,-3.0139] lambda=[2.830e9,4.910e-2]
  H_eig=[1.969e9,1.969e9,2.385e8,2.383e8,2.039e8,1.960e8,1.876e8,1.382e8,7.360e7,2.048e7,1.505e3,1.041e2,4.893e-3]
  Slam_eig=[1.969e9,1.969e9,2.385e8,2.383e8,2.039e8,1.960e8,1.876e8,1.382e8,7.360e7,2.048e7,4.039e-2,1.973e-3,0.000e0]
[INFO] [reml-geometry] dense_spectral reason=constraints_present p=13 nnz_x=na nnz_h_est=na density_h_est=na threshold=0.1000
[INFO] [IFT-CACHE] outcome=miss drho_dim=2 p=13 elapsed=0.000s
[INFO] [ADAPTIVE-KKT] outer_g_norm=2.075e-6 effective_tol=1.000e-12 floor=1.000e-12 ceiling=1.000e-12
[INFO] [STAGE] PIRLS update_with_curvature iter=1 curvature=Fisher elapsed=0.000s source=rebuilt
[INFO] [PIRLS iter-end] iter=  1 elapsed=0.0007s lm_lambda=3.33e-7 g_norm=4.884e-3 last_dev_change=1.222e-6 last_halving=1
[INFO] [PIRLS iter-breakdown] iter=  1 attempts=1 curvature=0.001s solve=0.000s predred=0.000s candidate=0.000s other=0.000s
[INFO] [PIRLS lm-trajectory] iter=  1 start_lambda=1.000e-6 final_lambda=3.333e-7 log10_ratio=-0.477 accept_rho=1.000 attempts=1
[INFO] [STAGE] PIRLS update_with_curvature iter=2 curvature=Fisher elapsed=0.000s source=reused_prev_accept
[INFO] [PIRLS iter-end] iter=  2 elapsed=0.0004s lm_lambda=1.11e-7 g_norm=5.363e-4 last_dev_change=9.717e-8 last_halving=1
[INFO] [PIRLS iter-breakdown] iter=  2 attempts=1 curvature=0.000s solve=0.000s predred=0.000s candidate=0.000s other=0.000s
[INFO] [PIRLS lm-trajectory] iter=  2 start_lambda=3.333e-7 final_lambda=1.111e-7 log10_ratio=-0.477 accept_rho=1.000 attempts=1
[INFO] [STAGE] PIRLS update_with_curvature iter=3 curvature=Fisher elapsed=0.000s source=reused_prev_accept
[INFO] [PIRLS iter-end] iter=  3 elapsed=0.0004s lm_lambda=3.70e-8 g_norm=1.820e-5 last_dev_change=1.238e-9 last_halving=1
[INFO] [PIRLS iter-breakdown] iter=  3 attempts=1 curvature=0.000s solve=0.000s predred=0.000s candidate=0.000s other=0.000s
[INFO] [PIRLS lm-trajectory] iter=  3 start_lambda=1.111e-7 final_lambda=3.704e-8 log10_ratio=-0.477 accept_rho=1.000 attempts=1
[INFO] [STAGE] PIRLS update_with_curvature iter=4 curvature=Fisher elapsed=0.000s source=reused_prev_accept
[INFO] [PIRLS iter-end] iter=  4 elapsed=0.0004s lm_lambda=1.23e-8 g_norm=7.740e-6 last_dev_change=6.571e-11 last_halving=1
[INFO] [PIRLS iter-breakdown] iter=  4 attempts=1 curvature=0.000s solve=0.000s predred=0.000s candidate=0.000s other=0.000s
[INFO] [PIRLS lm-trajectory] iter=  4 start_lambda=3.704e-8 final_lambda=1.235e-8 log10_ratio=-0.477 accept_rho=1.000 attempts=1
[INFO] [STAGE] PIRLS update_with_curvature iter=5 curvature=Fisher elapsed=0.000s source=reused_prev_accept
[INFO] [PIRLS iter-end] iter=  5 elapsed=0.0004s lm_lambda=4.12e-9 g_norm=6.862e-6 last_dev_change=1.609e-10 last_halving=1
[INFO] [PIRLS iter-breakdown] iter=  5 attempts=1 curvature=0.000s solve=0.000s predred=0.000s candidate=0.000s other=0.000s
[INFO] [PIRLS lm-trajectory] iter=  5 start_lambda=1.235e-8 final_lambda=4.115e-9 log10_ratio=-0.477 accept_rho=1.000 attempts=1
[INFO] [STAGE] PIRLS update_with_curvature iter=6 curvature=Fisher elapsed=0.000s source=reused_prev_accept
[INFO] [PIRLS iter-end] iter=  6 elapsed=0.0004s lm_lambda=1.37e-9 g_norm=5.161e-6 last_dev_change=3.027e-10 last_halving=1
[INFO] [PIRLS iter-breakdown] iter=  6 attempts=1 curvature=0.000s solve=0.000s predred=0.000s candidate=0.000s other=0.000s
[INFO] [PIRLS lm-trajectory] iter=  6 start_lambda=4.115e-9 final_lambda=1.372e-9 log10_ratio=-0.477 accept_rho=1.000 attempts=1
[INFO] [STAGE] PIRLS update_with_curvature iter=7 curvature=Fisher elapsed=0.000s source=reused_prev_accept
[INFO] [PIRLS iter-end] iter=  7 elapsed=0.0004s lm_lambda=1.00e-9 g_norm=2.590e-6 last_dev_change=2.957e-10 last_halving=1
[INFO] [PIRLS iter-breakdown] iter=  7 attempts=1 curvature=0.000s solve=0.000s predred=0.000s candidate=0.000s other=0.000s
[INFO] [PIRLS lm-trajectory] iter=  7 start_lambda=1.372e-9 final_lambda=1.000e-9 log10_ratio=-0.137 accept_rho=1.000 attempts=1
[INFO] [STAGE] PIRLS update_with_curvature iter=8 curvature=Fisher elapsed=0.000s source=reused_prev_accept
[INFO] [PIRLS iter-end] iter=  8 elapsed=0.0004s lm_lambda=1.00e-9 g_norm=1.099e-6 last_dev_change=8.290e-11 last_halving=1
[INFO] [PIRLS iter-breakdown] iter=  8 attempts=1 curvature=0.000s solve=0.000s predred=0.000s candidate=0.000s other=0.000s
[INFO] [PIRLS lm-trajectory] iter=  8 start_lambda=1.000e-9 final_lambda=1.000e-9 log10_ratio=0.000 accept_rho=1.000 attempts=1
[INFO] [STAGE] PIRLS update_with_curvature iter=9 curvature=Fisher elapsed=0.000s source=reused_prev_accept
[INFO] [PIRLS iter-end] iter=  9 elapsed=0.0004s lm_lambda=1.00e-9 g_norm=4.706e-7 last_dev_change=1.507e-11 last_halving=1
[INFO] [PIRLS iter-breakdown] iter=  9 attempts=1 curvature=0.000s solve=0.000s predred=0.000s candidate=0.000s other=0.000s
[INFO] [PIRLS lm-trajectory] iter=  9 start_lambda=1.000e-9 final_lambda=1.000e-9 log10_ratio=0.000 accept_rho=1.000 attempts=1
[INFO] [STAGE] PIRLS update_with_curvature iter=10 curvature=Fisher elapsed=0.000s source=reused_prev_accept
[INFO] [PIRLS iter-end] iter= 10 elapsed=0.0004s lm_lambda=1.00e-9 g_norm=1.865e-7 last_dev_change=2.735e-12 last_halving=1
[INFO] [PIRLS iter-breakdown] iter= 10 attempts=1 curvature=0.000s solve=0.000s predred=0.000s candidate=0.000s other=0.000s
[INFO] [PIRLS lm-trajectory] iter= 10 start_lambda=1.000e-9 final_lambda=1.000e-9 log10_ratio=0.000 accept_rho=1.000 attempts=1
[INFO] [STAGE] PIRLS update_with_curvature iter=11 curvature=Fisher elapsed=0.000s source=reused_prev_accept
[INFO] [PIRLS iter-end] iter= 11 elapsed=0.0004s lm_lambda=1.00e-9 g_norm=8.147e-8 last_dev_change=4.912e-13 last_halving=1
[INFO] [PIRLS iter-breakdown] iter= 11 attempts=1 curvature=0.000s solve=0.000s predred=0.000s candidate=0.000s other=0.000s
[INFO] [PIRLS lm-trajectory] iter= 11 start_lambda=1.000e-9 final_lambda=1.000e-9 log10_ratio=0.000 accept_rho=1.001 attempts=1
[INFO] [STAGE] PIRLS update_with_curvature iter=12 curvature=Fisher elapsed=0.000s source=reused_prev_accept
[INFO] [PIRLS iter-end] iter= 12 elapsed=0.0004s lm_lambda=1.00e-9 g_norm=4.255e-8 last_dev_change=8.216e-14 last_halving=1
[INFO] [PIRLS iter-breakdown] iter= 12 attempts=1 curvature=0.000s solve=0.000s predred=0.000s candidate=0.000s other=0.000s
[INFO] [PIRLS lm-trajectory] iter= 12 start_lambda=1.000e-9 final_lambda=1.000e-9 log10_ratio=0.000 accept_rho=1.001 attempts=1
[INFO] [STAGE] PIRLS update_with_curvature iter=13 curvature=Fisher elapsed=0.000s source=reused_prev_accept
[INFO] [PIRLS exact-decrement] applicable=true decrement_sq=7.379921e-15 threshold=1.481603e-13 pass=true gradient_norm=3.683497e-8 relative_gradient=2.089950e-8 dimension_scale=6.244998e1 natural_scale=7.624807e-1 objective=1.422718e0 actual_reduction=1.754152e-14 predicted_reduction=1.799700e-14 linear_model_term=-2.548292e-14 direction_norm=6.100639e-7 data_reduction=-7.703616e-12 penalty_reduction=7.721006e-12
[INFO] [PIRLS solve-end] iters=13 elapsed=0.0080s g_norm_initial=2.646e-2 g_norm_final=3.683e-8 convergence_rate=3.544e-1 status=Converged
[INFO] [STAGE] inner pirls solve iters=13 status=Converged max_eta=2.0 jeffreys_logdet=none rows=full(derivative-request) elapsed=0.010s
[INFO] [IFT-QUALITY] quality=7.479e-5 ift=1.012e1 pred_residual=1.902e-4 cap_predicted=1.519e1 iters=13
[INFO] [STAGE] logdet S rho_dim=2 penalty_rank=12 elapsed=0.000s
[INFO] [#1271-diag] path=orig p=13 penalty_rank=12 nullspace_dim=1 rss=2.818805 pen=0.026631 Dp=2.845436 pirls_edf=1.9997 logS=187.126099 logH=201.098900 half_diff=6.986401 h_above1=12 h_min=4.022e-2 h_max=1.969e9 rho=[21.7635,-0.9071] lambda=[2.830e9,4.037e-1]
  H_eig=[1.969e9,1.969e9,2.385e8,2.383e8,2.039e8,1.960e8,1.876e8,1.382e8,7.360e7,2.048e7,1.505e3,1.042e2,4.022e-2]
  Slam_eig=[1.969e9,1.969e9,2.385e8,2.383e8,2.039e8,1.960e8,1.876e8,1.382e8,7.360e7,2.048e7,3.321e-1,1.622e-2,0.000e0]
[INFO] [reml-geometry] dense_spectral reason=constraints_present p=13 nnz_x=na nnz_h_est=na density_h_est=na threshold=0.1000
[INFO] [STAGE] logdet S rho_dim=2 penalty_rank=12 elapsed=0.000s
[INFO] [#1271-diag] path=orig p=13 penalty_rank=12 nullspace_dim=1 rss=2.818799 pen=0.003240 Dp=2.822039 pirls_edf=2.0000 logS=182.912467 logH=198.991858 half_diff=8.039696 h_above1=12 h_min=4.893e-3 h_max=1.969e9 rho=[21.7635,-3.0139] lambda=[2.830e9,4.910e-2]
  H_eig=[1.969e9,1.969e9,2.385e8,2.383e8,2.039e8,1.960e8,1.876e8,1.382e8,7.360e7,2.048e7,1.505e3,1.041e2,4.893e-3]
  Slam_eig=[1.969e9,1.969e9,2.385e8,2.383e8,2.039e8,1.960e8,1.876e8,1.382e8,7.360e7,2.048e7,4.039e-2,1.973e-3,0.000e0]
[INFO] [GPU] CUDA acceleration disabled: could not load any of: /usr/local/nvidia/lib64/libcuda.so.1, /usr/local/nvidia/lib64/libcuda.so, /usr/local/nvidia/lib/libcuda.so.1, /usr/local/nvidia/lib/libcuda.so, /usr/local/cuda/compat/libcuda.so.1, /usr/local/cuda/compat/libcuda.so, /usr/lib/x86_64-linux-gnu/libcuda.so.1, /usr/lib/x86_64-linux-gnu/libcuda.so, /usr/lib64/libcuda.so.1, /usr/lib64/libcuda.so, /usr/lib/wsl/lib/libcuda.so.1, /usr/lib/wsl/lib/libcuda.so, libcuda.so.1, libcuda.so
[INFO] [GPU] CUDA acceleration disabled: could not load any of: /usr/local/nvidia/lib64/libcuda.so.1, /usr/local/nvidia/lib64/libcuda.so, /usr/local/nvidia/lib/libcuda.so.1, /usr/local/nvidia/lib/libcuda.so, /usr/local/cuda/compat/libcuda.so.1, /usr/local/cuda/compat/libcuda.so, /usr/lib/x86_64-linux-gnu/libcuda.so.1, /usr/lib/x86_64-linux-gnu/libcuda.so, /usr/lib64/libcuda.so.1, /usr/lib64/libcuda.so, /usr/lib/wsl/lib/libcuda.so.1, /usr/lib/wsl/lib/libcuda.so, libcuda.so.1, libcuda.so
[INFO] [STAGE] PIRLS update_with_curvature iter=1 curvature=Fisher elapsed=0.000s source=rebuilt
[INFO] [STAGE] PIRLS update_with_curvature iter=1 curvature=Fisher elapsed=0.000s source=rebuilt
[INFO] [PIRLS iter-end] iter=  1 elapsed=0.0005s lm_lambda=3.33e-7 g_norm=5.063e-3 last_dev_change=1.314e-6 last_halving=1
[INFO] [PIRLS iter-breakdown] iter=  1 attempts=1 curvature=0.000s solve=0.000s predred=0.000s candidate=0.000s other=0.000s
[INFO] [PIRLS lm-trajectory] iter=  1 start_lambda=1.000e-6 final_lambda=3.333e-7 log10_ratio=-0.477 accept_rho=1.000 attempts=1
[INFO] [STAGE] PIRLS update_with_curvature iter=2 curvature=Fisher elapsed=0.000s source=reused_prev_accept
[INFO] [PIRLS iter-end] iter=  1 elapsed=0.0005s lm_lambda=3.33e-7 g_norm=1.835e-3 last_dev_change=1.722e-7 last_halving=1
[INFO] [PIRLS iter-breakdown] iter=  1 attempts=1 curvature=0.000s solve=0.000s predred=0.000s candidate=0.000s other=0.000s
[INFO] [PIRLS lm-trajectory] iter=  1 start_lambda=1.000e-6 final_lambda=3.333e-7 log10_ratio=-0.477 accept_rho=1.000 attempts=1
[INFO] [STAGE] PIRLS update_with_curvature iter=2 curvature=Fisher elapsed=0.000s source=reused_prev_accept
[INFO] [PIRLS iter-end] iter=  2 elapsed=0.0003s lm_lambda=1.11e-7 g_norm=5.562e-4 last_dev_change=1.044e-7 last_halving=1
[INFO] [PIRLS iter-breakdown] iter=  2 attempts=1 curvature=0.000s solve=0.000s predred=0.000s candidate=0.000s other=0.000s
[INFO] [PIRLS lm-trajectory] iter=  2 start_lambda=3.333e-7 final_lambda=1.111e-7 log10_ratio=-0.477 accept_rho=1.000 attempts=1
[INFO] [STAGE] PIRLS update_with_curvature iter=3 curvature=Fisher elapsed=0.000s source=reused_prev_accept
[INFO] [PIRLS iter-end] iter=  2 elapsed=0.0002s lm_lambda=1.11e-7 g_norm=2.040e-4 last_dev_change=1.371e-8 last_halving=1
[INFO] [PIRLS iter-breakdown] iter=  2 attempts=1 curvature=0.000s solve=0.000s predred=0.000s candidate=0.000s other=0.000s
[INFO] [PIRLS lm-trajectory] iter=  2 start_lambda=3.333e-7 final_lambda=1.111e-7 log10_ratio=-0.477 accept_rho=1.000 attempts=1
[INFO] [STAGE] PIRLS update_with_curvature iter=3 curvature=Fisher elapsed=0.000s source=reused_prev_accept
[INFO] [PIRLS iter-end] iter=  3 elapsed=0.0003s lm_lambda=3.70e-8 g_norm=1.871e-5 last_dev_change=1.329e-9 last_halving=1
[INFO] [PIRLS iter-breakdown] iter=  3 attempts=1 curvature=0.000s solve=0.000s predred=0.000s candidate=0.000s other=0.000s
[INFO] [PIRLS lm-trajectory] iter=  3 start_lambda=1.111e-7 final_lambda=3.704e-8 log10_ratio=-0.477 accept_rho=1.000 attempts=1
[INFO] [STAGE] PIRLS update_with_curvature iter=4 curvature=Fisher elapsed=0.000s source=reused_prev_accept
[INFO] [PIRLS iter-end] iter=  3 elapsed=0.0002s lm_lambda=3.70e-8 g_norm=7.841e-6 last_dev_change=1.717e-10 last_halving=1
[INFO] [PIRLS iter-breakdown] iter=  3 attempts=1 curvature=0.000s solve=0.000s predred=0.000s candidate=0.000s other=0.000s
[INFO] [PIRLS lm-trajectory] iter=  3 start_lambda=1.111e-7 final_lambda=3.704e-8 log10_ratio=-0.477 accept_rho=1.000 attempts=1
[INFO] [STAGE] PIRLS update_with_curvature iter=4 curvature=Fisher elapsed=0.000s source=reused_prev_accept
[INFO] [PIRLS iter-end] iter=  4 elapsed=0.0002s lm_lambda=1.23e-8 g_norm=7.875e-6 last_dev_change=6.803e-11 last_halving=1
[INFO] [PIRLS iter-breakdown] iter=  4 attempts=1 curvature=0.000s solve=0.000s predred=0.000s candidate=0.000s other=0.000s
[INFO] [PIRLS lm-trajectory] iter=  4 start_lambda=3.704e-8 final_lambda=1.235e-8 log10_ratio=-0.477 accept_rho=1.000 attempts=1
[INFO] [STAGE] PIRLS update_with_curvature iter=5 curvature=Fisher elapsed=0.000s source=reused_prev_accept
[INFO] [PIRLS iter-end] iter=  4 elapsed=0.0002s lm_lambda=1.23e-8 g_norm=3.983e-7 last_dev_change=4.097e-13 last_halving=1
[INFO] [PIRLS iter-breakdown] iter=  4 attempts=1 curvature=0.000s solve=0.000s predred=0.000s candidate=0.000s other=0.000s
[INFO] [PIRLS lm-trajectory] iter=  4 start_lambda=3.704e-8 final_lambda=1.235e-8 log10_ratio=-0.477 accept_rho=1.000 attempts=1
[INFO] [STAGE] PIRLS update_with_curvature iter=5 curvature=Fisher elapsed=0.000s source=reused_prev_accept
[INFO] [PIRLS iter-end] iter=  5 elapsed=0.0002s lm_lambda=4.12e-9 g_norm=6.955e-6 last_dev_change=1.665e-10 last_halving=1
[INFO] [PIRLS iter-breakdown] iter=  5 attempts=1 curvature=0.000s solve=0.000s predred=0.000s candidate=0.000s other=0.000s
[INFO] [PIRLS lm-trajectory] iter=  5 start_lambda=1.235e-8 final_lambda=4.115e-9 log10_ratio=-0.477 accept_rho=1.000 attempts=1
[INFO] [STAGE] PIRLS update_with_curvature iter=6 curvature=Fisher elapsed=0.000s source=reused_prev_accept
[INFO] [PIRLS iter-end] iter=  5 elapsed=0.0002s lm_lambda=4.12e-9 g_norm=3.418e-7 last_dev_change=3.946e-13 last_halving=1
[INFO] [PIRLS iter-breakdown] iter=  5 attempts=1 curvature=0.000s solve=0.000s predred=0.000s candidate=0.000s other=0.000s
[INFO] [PIRLS lm-trajectory] iter=  5 start_lambda=1.235e-8 final_lambda=4.115e-9 log10_ratio=-0.477 accept_rho=0.999 attempts=1
[INFO] [STAGE] PIRLS update_with_curvature iter=6 curvature=Fisher elapsed=0.000s source=reused_prev_accept
[INFO] [PIRLS iter-end] iter=  6 elapsed=0.0002s lm_lambda=1.37e-9 g_norm=5.267e-6 last_dev_change=3.129e-10 last_halving=1
[INFO] [PIRLS iter-breakdown] iter=  6 attempts=1 curvature=0.000s solve=0.000s predred=0.000s candidate=0.000s other=0.000s
[INFO] [PIRLS lm-trajectory] iter=  6 start_lambda=4.115e-9 final_lambda=1.372e-9 log10_ratio=-0.477 accept_rho=1.000 attempts=1
[INFO] [STAGE] PIRLS update_with_curvature iter=7 curvature=Fisher elapsed=0.000s source=reused_prev_accept
[INFO] [PIRLS iter-end] iter=  6 elapsed=0.0002s lm_lambda=1.37e-9 g_norm=3.402e-7 last_dev_change=1.077e-12 last_halving=1
[INFO] [PIRLS iter-breakdown] iter=  6 attempts=1 curvature=0.000s solve=0.000s predred=0.000s candidate=0.000s other=0.000s
[INFO] [PIRLS lm-trajectory] iter=  6 start_lambda=4.115e-9 final_lambda=1.372e-9 log10_ratio=-0.477 accept_rho=1.001 attempts=1
[INFO] [STAGE] PIRLS update_with_curvature iter=7 curvature=Fisher elapsed=0.000s source=reused_prev_accept
[INFO] [PIRLS iter-end] iter=  7 elapsed=0.0002s lm_lambda=1.00e-9 g_norm=2.635e-6 last_dev_change=3.061e-10 last_halving=1
[INFO] [PIRLS iter-breakdown] iter=  7 attempts=1 curvature=0.000s solve=0.000s predred=0.000s candidate=0.000s other=0.000s
[INFO] [PIRLS lm-trajectory] iter=  7 start_lambda=1.372e-9 final_lambda=1.000e-9 log10_ratio=-0.137 accept_rho=1.000 attempts=1
[INFO] [STAGE] PIRLS update_with_curvature iter=8 curvature=Fisher elapsed=0.000s source=reused_prev_accept
[INFO] [PIRLS iter-end] iter=  7 elapsed=0.0002s lm_lambda=1.00e-9 g_norm=2.947e-7 last_dev_change=2.767e-12 last_halving=1
[INFO] [PIRLS iter-breakdown] iter=  7 attempts=1 curvature=0.000s solve=0.000s predred=0.000s candidate=0.000s other=0.000s
[INFO] [PIRLS lm-trajectory] iter=  7 start_lambda=1.372e-9 final_lambda=1.000e-9 log10_ratio=-0.137 accept_rho=1.000 attempts=1
[INFO] [STAGE] PIRLS update_with_curvature iter=8 curvature=Fisher elapsed=0.000s source=reused_prev_accept
[INFO] [PIRLS iter-end] iter=  8 elapsed=0.0002s lm_lambda=1.00e-9 g_norm=1.133e-6 last_dev_change=8.562e-11 last_halving=1
[INFO] [PIRLS iter-breakdown] iter=  8 attempts=1 curvature=0.000s solve=0.000s predred=0.000s candidate=0.000s other=0.000s
[INFO] [PIRLS lm-trajectory] iter=  8 start_lambda=1.000e-9 final_lambda=1.000e-9 log10_ratio=0.000 accept_rho=1.000 attempts=1
[INFO] [STAGE] PIRLS update_with_curvature iter=9 curvature=Fisher elapsed=0.000s source=reused_prev_accept
[INFO] [PIRLS iter-end] iter=  8 elapsed=0.0002s lm_lambda=1.00e-9 g_norm=2.665e-7 last_dev_change=2.822e-12 last_halving=1
[INFO] [PIRLS iter-breakdown] iter=  8 attempts=1 curvature=0.000s solve=0.000s predred=0.000s candidate=0.000s other=0.000s
[INFO] [PIRLS lm-trajectory] iter=  8 start_lambda=1.000e-9 final_lambda=1.000e-9 log10_ratio=0.000 accept_rho=1.000 attempts=1
[INFO] [STAGE] PIRLS update_with_curvature iter=9 curvature=Fisher elapsed=0.000s source=reused_prev_accept
[INFO] [PIRLS iter-end] iter=  9 elapsed=0.0002s lm_lambda=1.00e-9 g_norm=4.628e-7 last_dev_change=1.561e-11 last_halving=1
[INFO] [PIRLS iter-breakdown] iter=  9 attempts=1 curvature=0.000s solve=0.000s predred=0.000s candidate=0.000s other=0.000s
[INFO] [PIRLS lm-trajectory] iter=  9 start_lambda=1.000e-9 final_lambda=1.000e-9 log10_ratio=0.000 accept_rho=1.000 attempts=1
[INFO] [STAGE] PIRLS update_with_curvature iter=10 curvature=Fisher elapsed=0.000s source=reused_prev_accept
[INFO] [PIRLS iter-end] iter=  9 elapsed=0.0002s lm_lambda=1.00e-9 g_norm=2.275e-7 last_dev_change=2.096e-12 last_halving=1
[INFO] [PIRLS iter-breakdown] iter=  9 attempts=1 curvature=0.000s solve=0.000s predred=0.000s candidate=0.000s other=0.000s
[INFO] [PIRLS lm-trajectory] iter=  9 start_lambda=1.000e-9 final_lambda=1.000e-9 log10_ratio=0.000 accept_rho=1.000 attempts=1
[INFO] [STAGE] PIRLS update_with_curvature iter=10 curvature=Fisher elapsed=0.000s source=reused_prev_accept
[INFO] [PIRLS iter-end] iter= 10 elapsed=0.0002s lm_lambda=1.00e-9 g_norm=2.022e-7 last_dev_change=2.814e-12 last_halving=1
[INFO] [PIRLS iter-breakdown] iter= 10 attempts=1 curvature=0.000s solve=0.000s predred=0.000s candidate=0.000s other=0.000s
[INFO] [PIRLS lm-trajectory] iter= 10 start_lambda=1.000e-9 final_lambda=1.000e-9 log10_ratio=0.000 accept_rho=1.000 attempts=1
[INFO] [STAGE] PIRLS update_with_curvature iter=11 curvature=Fisher elapsed=0.000s source=reused_prev_accept
[INFO] [PIRLS iter-end] iter= 10 elapsed=0.0002s lm_lambda=1.00e-9 g_norm=1.830e-7 last_dev_change=1.539e-12 last_halving=1
[INFO] [PIRLS iter-breakdown] iter= 10 attempts=1 curvature=0.000s solve=0.000s predred=0.000s candidate=0.000s other=0.000s
[INFO] [PIRLS lm-trajectory] iter= 10 start_lambda=1.000e-9 final_lambda=1.000e-9 log10_ratio=0.000 accept_rho=1.000 attempts=1
[INFO] [STAGE] PIRLS update_with_curvature iter=11 curvature=Fisher elapsed=0.000s source=reused_prev_accept
[INFO] [PIRLS iter-end] iter= 11 elapsed=0.0002s lm_lambda=1.00e-9 g_norm=9.191e-8 last_dev_change=4.909e-13 last_halving=1
[INFO] [PIRLS iter-breakdown] iter= 11 attempts=1 curvature=0.000s solve=0.000s predred=0.000s candidate=0.000s other=0.000s
[INFO] [PIRLS lm-trajectory] iter= 11 start_lambda=1.000e-9 final_lambda=1.000e-9 log10_ratio=0.000 accept_rho=1.000 attempts=1
[INFO] [STAGE] PIRLS update_with_curvature iter=12 curvature=Fisher elapsed=0.000s source=reused_prev_accept
[INFO] [PIRLS iter-end] iter= 11 elapsed=0.0002s lm_lambda=1.00e-9 g_norm=1.740e-7 last_dev_change=1.100e-12 last_halving=1
[INFO] [PIRLS iter-breakdown] iter= 11 attempts=1 curvature=0.000s solve=0.000s predred=0.000s candidate=0.000s other=0.000s
[INFO] [PIRLS lm-trajectory] iter= 11 start_lambda=1.000e-9 final_lambda=1.000e-9 log10_ratio=0.000 accept_rho=1.000 attempts=1
[INFO] [STAGE] PIRLS update_with_curvature iter=12 curvature=Fisher elapsed=0.000s source=reused_prev_accept
[INFO] [PIRLS iter-end] iter= 12 elapsed=0.0002s lm_lambda=1.00e-9 g_norm=3.189e-8 last_dev_change=8.615e-14 last_halving=1
[INFO] [PIRLS iter-breakdown] iter= 12 attempts=1 curvature=0.000s solve=0.000s predred=0.000s candidate=0.000s other=0.000s
[INFO] [PIRLS lm-trajectory] iter= 12 start_lambda=1.000e-9 final_lambda=1.000e-9 log10_ratio=0.000 accept_rho=0.996 attempts=1
[INFO] [STAGE] PIRLS update_with_curvature iter=13 curvature=Fisher elapsed=0.000s source=reused_prev_accept
[INFO] [PIRLS iter-end] iter= 12 elapsed=0.0002s lm_lambda=1.00e-9 g_norm=1.350e-7 last_dev_change=8.265e-13 last_halving=1
[INFO] [PIRLS iter-breakdown] iter= 12 attempts=1 curvature=0.000s solve=0.000s predred=0.000s candidate=0.000s other=0.000s
[INFO] [PIRLS lm-trajectory] iter= 12 start_lambda=1.000e-9 final_lambda=1.000e-9 log10_ratio=0.000 accept_rho=1.000 attempts=1
[INFO] [STAGE] PIRLS update_with_curvature iter=13 curvature=Fisher elapsed=0.000s source=reused_prev_accept
[INFO] [PIRLS exact-decrement] applicable=true decrement_sq=5.611213e-15 threshold=1.481603e-13 pass=true gradient_norm=2.638761e-8 relative_gradient=1.497186e-8 dimension_scale=6.244998e1 natural_scale=7.624807e-1 objective=1.422718e0 actual_reduction=1.643130e-14 predicted_reduction=1.624432e-14 linear_model_term=-2.347850e-14 direction_norm=5.996812e-7 data_reduction=-9.101386e-12 penalty_reduction=9.117925e-12
[INFO] [PIRLS solve-end] iters=13 elapsed=0.0054s g_norm_initial=2.743e-2 g_norm_final=2.639e-8 convergence_rate=3.445e-1 status=Converged
[INFO] [PIRLS iter-end] iter= 13 elapsed=0.0002s lm_lambda=1.00e-9 g_norm=1.174e-7 last_dev_change=6.175e-13 last_halving=1
[INFO] [PIRLS iter-breakdown] iter= 13 attempts=1 curvature=0.000s solve=0.000s predred=0.000s candidate=0.000s other=0.000s
[INFO] [PIRLS lm-trajectory] iter= 13 start_lambda=1.000e-9 final_lambda=1.000e-9 log10_ratio=0.000 accept_rho=1.000 attempts=1
[INFO] [STAGE] PIRLS update_with_curvature iter=14 curvature=Fisher elapsed=0.000s source=reused_prev_accept
[INFO] [PIRLS iter-end] iter= 14 elapsed=0.0002s lm_lambda=1.00e-9 g_norm=1.216e-7 last_dev_change=4.450e-13 last_halving=1
[INFO] [PIRLS iter-breakdown] iter= 14 attempts=1 curvature=0.000s solve=0.000s predred=0.000s candidate=0.000s other=0.000s
[INFO] [PIRLS lm-trajectory] iter= 14 start_lambda=1.000e-9 final_lambda=1.000e-9 log10_ratio=0.000 accept_rho=1.000 attempts=1
[INFO] [STAGE] PIRLS update_with_curvature iter=15 curvature=Fisher elapsed=0.000s source=reused_prev_accept
[INFO] [STAGE] sigma-cubature pirls solve rho=[21.764,-0.907] iters=13 status=Converged max_eta=2.0 elapsed=0.006s
[INFO] [PIRLS iter-end] iter= 15 elapsed=0.0002s lm_lambda=1.00e-9 g_norm=9.256e-8 last_dev_change=3.277e-13 last_halving=1
[INFO] [PIRLS iter-breakdown] iter= 15 attempts=1 curvature=0.000s solve=0.000s predred=0.000s candidate=0.000s other=0.000s
[INFO] [PIRLS lm-trajectory] iter= 15 start_lambda=1.000e-9 final_lambda=1.000e-9 log10_ratio=0.000 accept_rho=1.000 attempts=1
[INFO] [STAGE] PIRLS update_with_curvature iter=16 curvature=Fisher elapsed=0.000s source=reused_prev_accept
[INFO] [PIRLS iter-end] iter= 16 elapsed=0.0003s lm_lambda=1.00e-9 g_norm=8.181e-8 last_dev_change=2.482e-13 last_halving=1
[INFO] [PIRLS iter-breakdown] iter= 16 attempts=1 curvature=0.000s solve=0.000s predred=0.000s candidate=0.000s other=0.000s
[INFO] [PIRLS lm-trajectory] iter= 16 start_lambda=1.000e-9 final_lambda=1.000e-9 log10_ratio=0.000 accept_rho=1.000 attempts=1
[INFO] [STAGE] PIRLS update_with_curvature iter=17 curvature=Fisher elapsed=0.000s source=reused_prev_accept
[INFO] [PIRLS iter-end] iter= 17 elapsed=0.0003s lm_lambda=1.00e-9 g_norm=7.702e-8 last_dev_change=1.756e-13 last_halving=1
[INFO] [PIRLS iter-breakdown] iter= 17 attempts=1 curvature=0.000s solve=0.000s predred=0.000s candidate=0.000s other=0.000s
[INFO] [PIRLS lm-trajectory] iter= 17 start_lambda=1.000e-9 final_lambda=1.000e-9 log10_ratio=0.000 accept_rho=1.001 attempts=1
[INFO] [STAGE] PIRLS update_with_curvature iter=18 curvature=Fisher elapsed=0.000s source=reused_prev_accept
[INFO] [PIRLS iter-end] iter= 18 elapsed=0.0003s lm_lambda=1.00e-9 g_norm=7.812e-8 last_dev_change=1.290e-13 last_halving=1
[INFO] [PIRLS iter-breakdown] iter= 18 attempts=1 curvature=0.000s solve=0.000s predred=0.000s candidate=0.000s other=0.000s
[INFO] [PIRLS lm-trajectory] iter= 18 start_lambda=1.000e-9 final_lambda=1.000e-9 log10_ratio=0.000 accept_rho=0.999 attempts=1
[INFO] [STAGE] PIRLS update_with_curvature iter=19 curvature=Fisher elapsed=0.000s source=reused_prev_accept
[INFO] [PIRLS iter-end] iter= 19 elapsed=0.0003s lm_lambda=1.00e-9 g_norm=5.579e-8 last_dev_change=1.095e-13 last_halving=1
[INFO] [PIRLS iter-breakdown] iter= 19 attempts=1 curvature=0.000s solve=0.000s predred=0.000s candidate=0.000s other=0.000s
[INFO] [PIRLS lm-trajectory] iter= 19 start_lambda=1.000e-9 final_lambda=1.000e-9 log10_ratio=0.000 accept_rho=1.003 attempts=1
[INFO] [STAGE] PIRLS update_with_curvature iter=20 curvature=Fisher elapsed=0.000s source=reused_prev_accept
[INFO] [PIRLS exact-decrement] applicable=true decrement_sq=3.659358e-13 threshold=1.469421e-13 pass=false gradient_norm=4.664911e-8 relative_gradient=2.649656e-8 dimension_scale=6.244998e1 natural_scale=7.605723e-1 objective=1.411020e0 actual_reduction=7.127632e-14 predicted_reduction=7.166142e-14 linear_model_term=-7.756897e-14 direction_norm=1.553923e-6 data_reduction=2.868816e-13 penalty_reduction=-2.154930e-13
[INFO] [PIRLS solve-end] iters=20 elapsed=0.0087s g_norm_initial=9.926e-3 g_norm_final=4.665e-8 convergence_rate=5.415e-1 status=LmStepSearchExhausted
[INFO] [STAGE] PIRLS dense newton solve backend=CPU p=13 rows=325 route="Householder QR of PSD root" backward_error=2.176e-17 damped_decrement_sq=1.853e-24
[INFO] [PIRLS final exact-decrement] decrement_sq=1.852872e-24 threshold=1.469421e-13 pass=true gradient_norm=6.925875e-9 status_before=LmStepSearchExhausted
[INFO] [STAGE] sigma-cubature pirls solve rho=[21.764,-3.014] iters=20 status=Converged max_eta=2.0 elapsed=0.010s
[INFO] [sigma-cubature] node=0 step=1.0534e0 wald_step=1.4167e0 ΔV=4.137969e-1 posterior_weight=5.297090e-1 evals=5 box_limited=false tr(φ̂·H(ρ)⁻¹)=2.352755e-1 tr(φ̂·H(ρ̂)⁻¹)=6.623878e-1
[INFO] [sigma-cubature] node=1 step=1.0534e0 wald_step=1.4167e0 ΔV=5.327731e-1 posterior_weight=4.702910e-1 evals=5 box_limited=false tr(φ̂·H(ρ)⁻¹)=1.933301e0 tr(φ̂·H(ρ̂)⁻¹)=6.623878e-1
[INFO] [sigma-cubature] tr(correction)=3.714538e-1 tr(φ̂·H(ρ̂)⁻¹)=6.623878e-1
[INFO] [smoothing-correction] branch=cubature rank=1 points=2 near_boundary=false grad_norm=2.075e-6 max_rho_var=5.284e5 max_node_criterion_rise=5.328e-1 (proposal calibration rise 0.5)
[INFO] [reml-geometry] dense_spectral reason=constraints_present p=13 nnz_x=na nnz_h_est=na density_h_est=na threshold=0.1000
[INFO] [STAGE] logdet S rho_dim=2 penalty_rank=12 elapsed=0.000s
[INFO] [#1271-diag] path=orig p=13 penalty_rank=12 nullspace_dim=1 rss=2.818799 pen=0.009458 Dp=2.828258 pirls_edf=1.9999 logS=185.055044 logH=200.063207 half_diff=7.504082 h_above1=12 h_min=1.428e-2 h_max=1.969e9 rho=[21.7635,-1.9426] lambda=[2.830e9,1.433e-1]
  H_eig=[1.969e9,1.969e9,2.385e8,2.383e8,2.039e8,1.960e8,1.876e8,1.382e8,7.360e7,2.048e7,1.505e3,1.041e2,1.428e-2]
  Slam_eig=[1.969e9,1.969e9,2.385e8,2.383e8,2.039e8,1.960e8,1.876e8,1.382e8,7.360e7,2.048e7,1.179e-1,5.760e-3,0.000e0]
[INFO] [STAGE] reml_laml cost_only_done k=2 ext_dim=0 dim=13 elapsed=0.000s
[INFO] [OUTER hessian-route] choice=dense reason=kernel_absent n=300 p=13 k=2 callback_kernel=false subspace_trace=false scale_prefers_operator=false dense_workspace_bytes=9464
[INFO] [OUTER hessian-elapsed] choice=dense reason=kernel_absent n=300 p=13 k=2 elapsed=0.000s
[INFO] [reml-geometry] dense_spectral reason=constraints_present p=13 nnz_x=na nnz_h_est=na density_h_est=na threshold=0.1000
[INFO] [IFT-REJECTED] reason=large_drho max_drho=5.001e2 cap=1.519e1 drho_dim=2
[INFO] [TANGENT-REJECTED] reason=alpha_negative alpha=-4.784e-1 cap=2.000e0
[WARN] [GAM COST]   -> P-IRLS INNER LOOP FAILED. Error: Hessian matrix is not positive definite (minimum eigenvalue: -3.3426e210). This indicates a numerical instability.
[INFO] [reml-geometry] dense_spectral reason=constraints_present p=13 nnz_x=na nnz_h_est=na density_h_est=na threshold=0.1000
[INFO] [IFT-REJECTED] reason=large_drho max_drho=1.814e2 cap=1.519e1 drho_dim=2
[INFO] [TANGENT-REJECTED] reason=alpha_negative alpha=-9.828e-1 cap=2.000e0
[INFO] [STAGE] PIRLS update_with_curvature iter=1 curvature=Fisher elapsed=0.000s source=rebuilt
[INFO] [PIRLS iter-end] iter=  1 elapsed=0.0007s lm_lambda=3.33e-4 g_norm=8.087e-3 last_dev_change=2.512e-2 last_halving=1
[INFO] [PIRLS iter-breakdown] iter=  1 attempts=1 curvature=0.001s solve=0.000s predred=0.000s candidate=0.000s other=0.000s
[INFO] [PIRLS lm-trajectory] iter=  1 start_lambda=1.000e-3 final_lambda=3.333e-4 log10_ratio=-0.477 accept_rho=1.000 attempts=1
[INFO] [STAGE] PIRLS update_with_curvature iter=2 curvature=Fisher elapsed=0.000s source=reused_prev_accept
[INFO] [PIRLS iter-end] iter=  2 elapsed=0.0004s lm_lambda=1.11e-4 g_norm=6.644e-4 last_dev_change=2.408e-5 last_halving=1
[INFO] [PIRLS iter-breakdown] iter=  2 attempts=1 curvature=0.000s solve=0.000s predred=0.000s candidate=0.000s other=0.000s
[INFO] [PIRLS lm-trajectory] iter=  2 start_lambda=3.333e-4 final_lambda=1.111e-4 log10_ratio=-0.477 accept_rho=1.000 attempts=1
[INFO] [STAGE] PIRLS update_with_curvature iter=3 curvature=Fisher elapsed=0.000s source=reused_prev_accept
[INFO] [PIRLS iter-end] iter=  3 elapsed=0.0004s lm_lambda=3.70e-5 g_norm=9.261e-5 last_dev_change=2.539e-7 last_halving=1
[INFO] [PIRLS iter-breakdown] iter=  3 attempts=1 curvature=0.000s solve=0.000s predred=0.000s candidate=0.000s other=0.000s
[INFO] [PIRLS lm-trajectory] iter=  3 start_lambda=1.111e-4 final_lambda=3.704e-5 log10_ratio=-0.477 accept_rho=1.000 attempts=1
[INFO] [STAGE] PIRLS update_with_curvature iter=4 curvature=Fisher elapsed=0.000s source=reused_prev_accept
[INFO] [PIRLS iter-end] iter=  4 elapsed=0.0004s lm_lambda=1.23e-5 g_norm=4.740e-5 last_dev_change=1.445e-7 last_halving=1
[INFO] [PIRLS iter-breakdown] iter=  4 attempts=1 curvature=0.000s solve=0.000s predred=0.000s candidate=0.000s other=0.000s
[INFO] [PIRLS lm-trajectory] iter=  4 start_lambda=3.704e-5 final_lambda=1.235e-5 log10_ratio=-0.477 accept_rho=1.000 attempts=1
[INFO] [STAGE] PIRLS update_with_curvature iter=5 curvature=Fisher elapsed=0.000s source=reused_prev_accept
[INFO] [PIRLS iter-end] iter=  5 elapsed=0.0004s lm_lambda=4.12e-6 g_norm=1.867e-5 last_dev_change=9.550e-8 last_halving=1
[INFO] [PIRLS iter-breakdown] iter=  5 attempts=1 curvature=0.000s solve=0.000s predred=0.000s candidate=0.000s other=0.000s
[INFO] [PIRLS lm-trajectory] iter=  5 start_lambda=1.235e-5 final_lambda=4.115e-6 log10_ratio=-0.477 accept_rho=1.000 attempts=1
[INFO] [STAGE] PIRLS update_with_curvature iter=6 curvature=Fisher elapsed=0.000s source=reused_prev_accept
[INFO] [PIRLS iter-end] iter=  6 elapsed=0.0004s lm_lambda=1.37e-6 g_norm=3.353e-6 last_dev_change=1.722e-8 last_halving=1
[INFO] [PIRLS iter-breakdown] iter=  6 attempts=1 curvature=0.000s solve=0.000s predred=0.000s candidate=0.000s other=0.000s
[INFO] [PIRLS lm-trajectory] iter=  6 start_lambda=4.115e-6 final_lambda=1.372e-6 log10_ratio=-0.477 accept_rho=1.000 attempts=1
[INFO] [STAGE] PIRLS update_with_curvature iter=7 curvature=Fisher elapsed=0.000s source=reused_prev_accept
[INFO] [PIRLS iter-end] iter=  7 elapsed=0.0004s lm_lambda=4.57e-7 g_norm=2.280e-7 last_dev_change=5.712e-10 last_halving=1
[INFO] [PIRLS iter-breakdown] iter=  7 attempts=1 curvature=0.000s solve=0.000s predred=0.000s candidate=0.000s other=0.000s
[INFO] [PIRLS lm-trajectory] iter=  7 start_lambda=1.372e-6 final_lambda=4.572e-7 log10_ratio=-0.477 accept_rho=1.000 attempts=1
[INFO] [STAGE] PIRLS update_with_curvature iter=8 curvature=Fisher elapsed=0.000s source=reused_prev_accept
[INFO] [PIRLS iter-end] iter=  8 elapsed=0.0004s lm_lambda=1.52e-7 g_norm=5.412e-9 last_dev_change=2.652e-12 last_halving=1
[INFO] [PIRLS iter-breakdown] iter=  8 attempts=1 curvature=0.000s solve=0.000s predred=0.000s candidate=0.000s other=0.000s
[INFO] [PIRLS lm-trajectory] iter=  8 start_lambda=4.572e-7 final_lambda=1.524e-7 log10_ratio=-0.477 accept_rho=1.000 attempts=1
[INFO] [STAGE] PIRLS update_with_curvature iter=9 curvature=Fisher elapsed=0.000s source=reused_prev_accept
[INFO] [PIRLS exact-decrement] applicable=true decrement_sq=1.923714e-19 threshold=1.443302e-13 pass=true gradient_norm=4.330570e-11 relative_gradient=4.284480e-11 dimension_scale=6.244998e1 natural_scale=1.075739e-2 objective=1.385939e0 actual_reduction=1.776357e-15 predicted_reduction=1.495057e-15 linear_model_term=-2.966322e-15 direction_norm=7.610484e-7 data_reduction=6.106227e-14 penalty_reduction=-5.933513e-14
[INFO] [PIRLS solve-end] iters=9 elapsed=0.0057s g_norm_initial=3.807e-1 g_norm_final=4.331e-11 convergence_rate=7.854e-2 status=Converged
[INFO] [STAGE] inner pirls solve iters=9 status=Converged max_eta=2.0 jeffreys_logdet=none rows=full(derivative-request) elapsed=0.006s
[INFO] [STAGE] logdet S rho_dim=2 penalty_rank=12 elapsed=0.000s
[INFO] [#1271-diag] path=orig p=13 penalty_rank=12 nullspace_dim=1 rss=2.768498 pen=0.003380 Dp=2.771877 pirls_edf=12.0000 logS=-192.820134 logH=19.852313 half_diff=106.336224 h_above1=9 h_min=5.071e-3 h_max=1.874e3 rho=[-159.6166,-2.9777] lambda=[4.780e-70,5.091e-2]
  H_eig=[1.874e3,1.741e2,5.541e1,2.547e1,1.262e1,7.162e0,4.286e0,2.443e0,1.461e0,8.754e-1,4.224e-1,3.505e-1,5.071e-3]
  Slam_eig=[5.078e-2,3.577e-3,1.079e-12,1.079e-12,1.079e-12,1.079e-12,1.079e-12,1.079e-12,1.079e-12,1.079e-12,1.079e-12,1.079e-12,0.000e0]
[INFO] [reml-geometry] dense_spectral reason=constraints_present p=13 nnz_x=na nnz_h_est=na density_h_est=na threshold=0.1000
[INFO] [IFT-REJECTED] reason=large_drho max_drho=2.326e1 cap=1.519e1 drho_dim=2
[INFO] [TANGENT-PREDICT] alpha=1.283e-1 cap=2.000e0 drho_step_norm_sq=4.221e3 drho_prev_norm_sq=3.290e4
[INFO] [STAGE] PIRLS update_with_curvature iter=1 curvature=Fisher elapsed=0.000s source=rebuilt
[INFO] [PIRLS iter-end] iter=  1 elapsed=0.0007s lm_lambda=3.33e-7 g_norm=1.818e-6 last_dev_change=4.131e-4 last_halving=1
[INFO] [PIRLS iter-breakdown] iter=  1 attempts=1 curvature=0.001s solve=0.000s predred=0.000s candidate=0.000s other=0.000s
[INFO] [PIRLS lm-trajectory] iter=  1 start_lambda=1.000e-6 final_lambda=3.333e-7 log10_ratio=-0.477 accept_rho=1.000 attempts=1
[INFO] [STAGE] PIRLS update_with_curvature iter=2 curvature=Fisher elapsed=0.000s source=reused_prev_accept
[INFO] [PIRLS iter-end] iter=  2 elapsed=0.0004s lm_lambda=1.11e-7 g_norm=1.713e-8 last_dev_change=2.852e-11 last_halving=1
[INFO] [PIRLS iter-breakdown] iter=  2 attempts=1 curvature=0.000s solve=0.000s predred=0.000s candidate=0.000s other=0.000s
[INFO] [PIRLS lm-trajectory] iter=  2 start_lambda=3.333e-7 final_lambda=1.111e-7 log10_ratio=-0.477 accept_rho=1.000 attempts=1
[INFO] [STAGE] PIRLS update_with_curvature iter=3 curvature=Fisher elapsed=0.000s source=reused_prev_accept
[INFO] [PIRLS exact-decrement] applicable=true decrement_sq=5.847459e-18 threshold=1.442522e-13 pass=true gradient_norm=1.784474e-10 relative_gradient=1.773840e-10 dimension_scale=6.244998e1 natural_scale=5.994923e-3 objective=1.385191e0 actual_reduction=2.731149e-14 predicted_reduction=2.655771e-14 linear_model_term=-5.256393e-14 direction_norm=4.287489e-6 data_reduction=-1.088019e-13 penalty_reduction=1.359851e-13
[INFO] [PIRLS solve-end] iters=3 elapsed=0.0021s g_norm_initial=4.867e-2 g_norm_final=1.784e-10 convergence_rate=1.542e-3 status=Converged
[INFO] [STAGE] inner pirls solve iters=3 status=Converged max_eta=2.0 jeffreys_logdet=none rows=full(derivative-request) elapsed=0.003s
[INFO] [TANGENT-QUALITY] quality=1.389e-2 pred_residual=3.588e-2 iters=3
[INFO] [STAGE] logdet S rho_dim=2 penalty_rank=12 elapsed=0.000s
[INFO] [#1271-diag] path=orig p=13 penalty_rank=12 nullspace_dim=1 rss=2.768498 pen=0.001883 Dp=2.770381 pirls_edf=12.0000 logS=-193.989542 logH=19.267590 half_diff=106.628566 h_above1=9 h_min=2.826e-3 h_max=1.874e3 rho=[-182.8788,-3.5624] lambda=[3.773e-80,2.837e-2]
  H_eig=[1.874e3,1.741e2,5.541e1,2.547e1,1.262e1,7.162e0,4.286e0,2.442e0,1.461e0,8.753e-1,4.224e-1,3.505e-1,2.826e-3]
  Slam_eig=[2.830e-2,1.994e-3,1.079e-12,1.079e-12,1.079e-12,1.079e-12,1.079e-12,1.079e-12,1.079e-12,1.079e-12,1.079e-12,1.079e-12,0.000e0]
[INFO] [reml-geometry] dense_spectral reason=constraints_present p=13 nnz_x=na nnz_h_est=na density_h_est=na threshold=0.1000
[INFO] [IFT-REJECTED] reason=large_drho max_drho=3.541e2 cap=1.519e1 drho_dim=2
[INFO] [TANGENT-REJECTED] reason=alpha_negative alpha=-1.522e1 cap=2.000e0
[INFO] [STAGE] PIRLS update_with_curvature iter=1 curvature=Fisher elapsed=0.000s source=rebuilt
[INFO] [PIRLS exact-decrement] applicable=true decrement_sq=1.770870e72 threshold=9.220822e58 pass=false gradient_norm=8.412641e72 relative_gradient=7.974449e-1 dimension_scale=6.244998e1 natural_scale=1.054949e73 objective=8.854348e71 actual_reduction=0.000000e0 predicted_reduction=-0.000000e0 linear_model_term=0.000000e0 direction_norm=0.000000e0 data_reduction=0.000000e0 penalty_reduction=0.000000e0
[INFO] [PIRLS solve-end] iters=1 elapsed=0.0017s g_norm_initial=1.055e73 g_norm_final=8.413e72 convergence_rate=7.974e-1 status=LmStepSearchExhausted
[WARN] [GAM COST]   -> P-IRLS INNER LOOP FAILED. Error: Model is ill-conditioned with condition number inf. This typically occurs when the model is over-parameterized (too many knots relative to data points). Consider reducing the number of knots or increasing regularization.
[INFO] [reml-geometry] dense_spectral reason=constraints_present p=13 nnz_x=na nnz_h_est=na density_h_est=na threshold=0.1000
[INFO] [IFT-REJECTED] reason=large_drho max_drho=8.032e2 cap=1.519e1 drho_dim=2
[INFO] [TANGENT-REJECTED] reason=alpha_negative alpha=-3.451e1 cap=2.000e0
[INFO] [STAGE] PIRLS update_with_curvature iter=1 curvature=Fisher elapsed=0.000s source=rebuilt
[INFO] [PIRLS exact-decrement] applicable=true decrement_sq=1.901827e267 threshold=9.902711e253 pass=false gradient_norm=9.034764e267 relative_gradient=0.000000e0 dimension_scale=6.244998e1 natural_scale=inf objective=9.509135e266 actual_reduction=0.000000e0 predicted_reduction=-0.000000e0 linear_model_term=0.000000e0 direction_norm=0.000000e0 data_reduction=0.000000e0 penalty_reduction=0.000000e0
[INFO] [PIRLS solve-end] iters=1 elapsed=0.0010s g_norm_initial=NaN g_norm_final=9.035e267 convergence_rate=NaN status=Converged
[INFO] [STAGE] inner pirls solve iters=1 status=Converged max_eta=2.0 jeffreys_logdet=none rows=full(derivative-request) elapsed=0.001s
[INFO] [reml-geometry] dense_spectral reason=constraints_present p=13 nnz_x=na nnz_h_est=na density_h_est=na threshold=0.1000
[INFO] [IFT-REJECTED] reason=large_drho max_drho=4.479e2 cap=1.519e1 drho_dim=2
[INFO] [TANGENT-REJECTED] reason=alpha_above_cap alpha=1.924e1 cap=2.000e0
[INFO] [STAGE] PIRLS update_with_curvature iter=1 curvature=Fisher elapsed=0.000s source=rebuilt
[INFO] [PIRLS iter-end] iter=  1 elapsed=0.0007s lm_lambda=3.33e-7 g_norm=1.616e-9 last_dev_change=1.735e-10 last_halving=1
[INFO] [PIRLS iter-breakdown] iter=  1 attempts=1 curvature=0.000s solve=0.000s predred=0.000s candidate=0.000s other=0.000s
[INFO] [PIRLS lm-trajectory] iter=  1 start_lambda=1.000e-6 final_lambda=3.333e-7 log10_ratio=-0.477 accept_rho=1.000 attempts=1
[INFO] [STAGE] PIRLS update_with_curvature iter=2 curvature=Fisher elapsed=0.000s source=reused_prev_accept
[INFO] [PIRLS exact-decrement] applicable=true decrement_sq=2.230824e-20 threshold=1.442608e-13 pass=true gradient_norm=1.191059e-11 relative_gradient=1.183347e-11 dimension_scale=6.244998e1 natural_scale=6.517129e-3 objective=1.385273e0 actual_reduction=0.000000e0 predicted_reduction=1.406584e-17 linear_model_term=-2.737467e-17 direction_norm=9.081226e-8 data_reduction=-4.440892e-14 penalty_reduction=4.439006e-14
[INFO] [PIRLS solve-end] iters=2 elapsed=0.0015s g_norm_initial=2.611e-4 g_norm_final=1.191e-11 convergence_rate=2.136e-4 status=Converged
[INFO] [STAGE] inner pirls solve iters=2 status=Converged max_eta=2.0 jeffreys_logdet=none rows=full(derivative-request) elapsed=0.002s
[INFO] [STAGE] logdet S rho_dim=2 penalty_rank=12 elapsed=0.000s
[INFO] [#1271-diag] path=orig p=13 penalty_rank=12 nullspace_dim=1 rss=2.768498 pen=0.002047 Dp=2.770545 pirls_edf=12.0000 logS=-193.822494 logH=19.351116 half_diff=106.586805 h_above1=9 h_min=3.073e-3 h_max=1.874e3 rho=[-630.7782,-3.4789] lambda=[1.139e-274,3.084e-2]
  H_eig=[1.874e3,1.741e2,5.541e1,2.547e1,1.262e1,7.162e0,4.286e0,2.442e0,1.461e0,8.753e-1,4.224e-1,3.505e-1,3.073e-3]
  Slam_eig=[3.076e-2,2.167e-3,1.079e-12,1.079e-12,1.079e-12,1.079e-12,1.079e-12,1.079e-12,1.079e-12,1.079e-12,1.079e-12,1.079e-12,0.000e0]
[INFO] [reml-geometry] dense_spectral reason=constraints_present p=13 nnz_x=na nnz_h_est=na density_h_est=na threshold=0.1000
[INFO] [IFT-REJECTED] reason=large_drho max_drho=9.101e2 cap=1.519e1 drho_dim=2
[INFO] [TANGENT-REJECTED] reason=alpha_negative alpha=-2.032e0 cap=2.000e0
[WARN] [GAM COST]   -> P-IRLS INNER LOOP FAILED. Error: Hessian factorization failed although the (lower-triangle) spectrum is positive (minimum eigenvalue: 3.0000e2): the condition number exceeds float precision or the assembled matrix is asymmetric/non-finite outside the factored triangle. This indicates a numerical instability in the Hessian assembly or scaling.
[INFO] [reml-geometry] dense_spectral reason=constraints_present p=13 nnz_x=na nnz_h_est=na density_h_est=na threshold=0.1000
[INFO] [IFT-REJECTED] reason=large_drho max_drho=6.629e2 cap=1.519e1 drho_dim=2
[INFO] [TANGENT-REJECTED] reason=alpha_negative alpha=-1.480e0 cap=2.000e0
[INFO] [STAGE] PIRLS update_with_curvature iter=1 curvature=Fisher elapsed=0.000s source=rebuilt
[INFO] [PIRLS exact-decrement] applicable=true decrement_sq=7.067156e11 threshold=3.679830e-2 pass=false gradient_norm=3.357441e12 relative_gradient=7.974740e-1 dimension_scale=6.244998e1 natural_scale=4.210094e12 objective=3.533578e11 actual_reduction=0.000000e0 predicted_reduction=-0.000000e0 linear_model_term=0.000000e0 direction_norm=0.000000e0 data_reduction=0.000000e0 penalty_reduction=0.000000e0
[INFO] [PIRLS solve-end] iters=1 elapsed=0.0010s g_norm_initial=4.210e12 g_norm_final=3.357e12 convergence_rate=7.975e-1 status=LmStepSearchExhausted
[INFO] [STAGE] PIRLS dense newton solve backend=CPU p=13 rows=325 route="Householder QR of PSD root" backward_error=1.311e-17 damped_decrement_sq=1.958e-8
[INFO] [PIRLS final exact-decrement] decrement_sq=1.957555e-8 threshold=1.468510e-13 pass=false gradient_norm=5.431504e-4 status_before=LmStepSearchExhausted
[INFO] [STAGE] inner pirls solve iters=1 status=LmStepSearchExhausted max_eta=2.0 jeffreys_logdet=none rows=full(derivative-request) elapsed=0.003s
[INFO] [STAGE] PIRLS update_with_curvature iter=1 curvature=Fisher elapsed=0.000s source=rebuilt
[INFO] [PIRLS iter-end] iter=  1 elapsed=0.0007s lm_lambda=1.21e-3 g_norm=1.144e2 last_dev_change=1.699e1 last_halving=6
[INFO] [PIRLS iter-breakdown] iter=  1 attempts=6 curvature=0.001s solve=0.000s predred=0.000s candidate=0.000s other=0.000s
[INFO] [PIRLS lm-trajectory] iter=  1 start_lambda=1.111e-7 final_lambda=1.214e-3 log10_ratio=4.038 accept_rho=1.000 attempts=6
[INFO] [STAGE] PIRLS update_with_curvature iter=2 curvature=Fisher elapsed=0.000s source=reused_prev_accept
[INFO] [PIRLS iter-end] iter=  2 elapsed=0.0005s lm_lambda=2.59e-2 g_norm=1.145e2 last_dev_change=3.489e-3 last_halving=4
[INFO] [PIRLS iter-breakdown] iter=  2 attempts=4 curvature=0.000s solve=0.000s predred=0.000s candidate=0.000s other=0.000s
[INFO] [PIRLS lm-trajectory] iter=  2 start_lambda=1.214e-3 final_lambda=2.589e-2 log10_ratio=1.329 accept_rho=1.000 attempts=4
[INFO] [STAGE] PIRLS update_with_curvature iter=3 curvature=Fisher elapsed=0.000s source=reused_prev_accept
[INFO] [PIRLS iter-end] iter=  3 elapsed=0.0004s lm_lambda=1.73e-2 g_norm=1.145e2 last_dev_change=5.233e-3 last_halving=2
[INFO] [PIRLS iter-breakdown] iter=  3 attempts=2 curvature=0.000s solve=0.000s predred=0.000s candidate=0.000s other=0.000s
[INFO] [PIRLS lm-trajectory] iter=  3 start_lambda=2.589e-2 final_lambda=1.726e-2 log10_ratio=-0.176 accept_rho=1.000 attempts=2
[INFO] [STAGE] PIRLS update_with_curvature iter=4 curvature=Fisher elapsed=0.000s source=reused_prev_accept
[INFO] [PIRLS iter-end] iter=  4 elapsed=0.0004s lm_lambda=5.75e-3 g_norm=1.145e2 last_dev_change=1.569e-2 last_halving=1
[INFO] [PIRLS iter-breakdown] iter=  4 attempts=1 curvature=0.000s solve=0.000s predred=0.000s candidate=0.000s other=0.000s
[INFO] [PIRLS lm-trajectory] iter=  4 start_lambda=1.726e-2 final_lambda=5.754e-3 log10_ratio=-0.477 accept_rho=1.000 attempts=1
[INFO] [STAGE] PIRLS update_with_curvature iter=5 curvature=Fisher elapsed=0.000s source=reused_prev_accept
[INFO] [PIRLS iter-end] iter=  5 elapsed=0.0004s lm_lambda=1.92e-3 g_norm=1.145e2 last_dev_change=4.705e-2 last_halving=1
[INFO] [PIRLS iter-breakdown] iter=  5 attempts=1 curvature=0.000s solve=0.000s predred=0.000s candidate=0.000s other=0.000s
[INFO] [PIRLS lm-trajectory] iter=  5 start_lambda=5.754e-3 final_lambda=1.918e-3 log10_ratio=-0.477 accept_rho=1.000 attempts=1
[INFO] [STAGE] PIRLS update_with_curvature iter=6 curvature=Fisher elapsed=0.000s source=reused_prev_accept
[INFO] [PIRLS iter-end] iter=  6 elapsed=0.0005s lm_lambda=6.55e-1 g_norm=1.145e2 last_dev_change=1.378e-4 last_halving=5
[INFO] [PIRLS iter-breakdown] iter=  6 attempts=5 curvature=0.000s solve=0.000s predred=0.000s candidate=0.000s other=0.000s
[INFO] [PIRLS lm-trajectory] iter=  6 start_lambda=1.918e-3 final_lambda=6.546e-1 log10_ratio=2.533 accept_rho=1.000 attempts=5
[INFO] [STAGE] PIRLS update_with_curvature iter=7 curvature=Fisher elapsed=0.000s source=reused_prev_accept
[INFO] [PIRLS iter-end] iter=  7 elapsed=0.0004s lm_lambda=2.18e-1 g_norm=1.145e2 last_dev_change=4.134e-4 last_halving=1
[INFO] [PIRLS iter-breakdown] iter=  7 attempts=1 curvature=0.000s solve=0.000s predred=0.000s candidate=0.000s other=0.000s
[INFO] [PIRLS lm-trajectory] iter=  7 start_lambda=6.546e-1 final_lambda=2.182e-1 log10_ratio=-0.477 accept_rho=1.000 attempts=1
[INFO] [STAGE] PIRLS update_with_curvature iter=8 curvature=Fisher elapsed=0.000s source=reused_prev_accept
[INFO] [PIRLS iter-end] iter=  8 elapsed=0.0005s lm_lambda=4.66e0 g_norm=1.145e2 last_dev_change=1.938e-5 last_halving=4
[INFO] [PIRLS iter-breakdown] iter=  8 attempts=4 curvature=0.000s solve=0.000s predred=0.000s candidate=0.000s other=0.000s
[INFO] [PIRLS lm-trajectory] iter=  8 start_lambda=2.182e-1 final_lambda=4.655e0 log10_ratio=1.329 accept_rho=1.000 attempts=4
[INFO] [STAGE] PIRLS update_with_curvature iter=9 curvature=Fisher elapsed=0.000s source=reused_prev_accept
[INFO] [PIRLS iter-end] iter=  9 elapsed=0.0005s lm_lambda=3.10e0 g_norm=1.145e2 last_dev_change=2.907e-5 last_halving=2
[INFO] [PIRLS iter-breakdown] iter=  9 attempts=2 curvature=0.000s solve=0.000s predred=0.000s candidate=0.000s other=0.000s
[INFO] [PIRLS lm-trajectory] iter=  9 start_lambda=4.655e0 final_lambda=3.103e0 log10_ratio=-0.176 accept_rho=1.000 attempts=2
[INFO] [STAGE] PIRLS update_with_curvature iter=10 curvature=Fisher elapsed=0.000s source=reused_prev_accept
[INFO] [PIRLS iter-end] iter= 10 elapsed=0.0005s lm_lambda=1.06e3 g_norm=1.145e2 last_dev_change=8.515e-8 last_halving=5
[INFO] [PIRLS iter-breakdown] iter= 10 attempts=5 curvature=0.000s solve=0.000s predred=0.000s candidate=0.000s other=0.000s
[INFO] [PIRLS lm-trajectory] iter= 10 start_lambda=3.103e0 final_lambda=1.059e3 log10_ratio=2.533 accept_rho=1.000 attempts=5
[INFO] [STAGE] PIRLS update_with_curvature iter=11 curvature=Fisher elapsed=0.000s source=reused_prev_accept
[INFO] [PIRLS iter-end] iter= 11 elapsed=0.0005s lm_lambda=3.53e2 g_norm=1.145e2 last_dev_change=2.555e-7 last_halving=1
[INFO] [PIRLS iter-breakdown] iter= 11 attempts=1 curvature=0.000s solve=0.000s predred=0.000s candidate=0.000s other=0.000s
[INFO] [PIRLS lm-trajectory] iter= 11 start_lambda=1.059e3 final_lambda=3.531e2 log10_ratio=-0.477 accept_rho=1.000 attempts=1
[INFO] [STAGE] PIRLS update_with_curvature iter=12 curvature=Fisher elapsed=0.000s source=reused_prev_accept
[INFO] [PIRLS exact-decrement] applicable=true decrement_sq=1.036219e2 threshold=5.542367e-12 pass=false gradient_norm=1.144575e2 relative_gradient=5.419427e-1 dimension_scale=6.244998e1 natural_scale=2.101986e2 objective=5.322090e1 actual_reduction=0.000000e0 predicted_reduction=-0.000000e0 linear_model_term=0.000000e0 direction_norm=0.000000e0 data_reduction=0.000000e0 penalty_reduction=0.000000e0
[INFO] [PIRLS solve-end] iters=12 elapsed=0.0078s g_norm_initial=4.464e7 g_norm_final=1.145e2 convergence_rate=3.420e-1 status=LmStepSearchExhausted
[INFO] [STAGE] PIRLS dense newton solve backend=CPU p=13 rows=325 route="Householder QR of PSD root" backward_error=7.369e-18 damped_decrement_sq=1.036e2
[INFO] [PIRLS final exact-decrement] decrement_sq=1.036215e2 threshold=5.542367e-12 pass=false gradient_norm=1.144575e2 status_before=LmStepSearchExhausted
[ERROR] P-IRLS could not certify a valid minimum: LM step search exhausted (gradient norm 5.432e-4, iter 1 of configured budget 300)
[INFO] [reml-geometry] dense_spectral reason=constraints_present p=13 nnz_x=na nnz_h_est=na density_h_est=na threshold=0.1000
[INFO] [IFT-REJECTED] reason=large_drho max_drho=1.130e3 cap=2.000e0 drho_dim=2
[INFO] [TANGENT-REJECTED] reason=alpha_negative alpha=-2.524e0 cap=1.500e0
[INFO] [STAGE] PIRLS update_with_curvature iter=1 curvature=Fisher elapsed=0.000s source=rebuilt
[INFO] [PIRLS exact-decrement] applicable=true decrement_sq=7.813666e214 threshold=4.068534e201 pass=false gradient_norm=3.712090e215 relative_gradient=0.000000e0 dimension_scale=6.244998e1 natural_scale=inf objective=3.906833e214 actual_reduction=0.000000e0 predicted_reduction=-0.000000e0 linear_model_term=0.000000e0 direction_norm=0.000000e0 data_reduction=0.000000e0 penalty_reduction=0.000000e0
[INFO] [PIRLS solve-end] iters=1 elapsed=0.0010s g_norm_initial=NaN g_norm_final=3.712e215 convergence_rate=NaN status=Converged
[INFO] [STAGE] inner pirls solve iters=1 status=Converged max_eta=2.0 jeffreys_logdet=none rows=full(derivative-request) elapsed=0.001s
[INFO] [reml-geometry] dense_spectral reason=constraints_present p=13 nnz_x=na nnz_h_est=na density_h_est=na threshold=0.1000
[INFO] [IFT-REJECTED] reason=large_drho max_drho=1.107e3 cap=2.000e0 drho_dim=2
[INFO] [TANGENT-REJECTED] reason=alpha_negative alpha=-2.471e0 cap=1.500e0
[INFO] [pirls-path] repeated path=dense_transformed reason=constraints_present count=64 (suppressing identical decisions)
[INFO] [STAGE] PIRLS update_with_curvature iter=1 curvature=Fisher elapsed=0.000s source=rebuilt
[INFO] [PIRLS exact-decrement] applicable=true decrement_sq=3.841734e204 threshold=2.000370e191 pass=false gradient_norm=1.825118e205 relative_gradient=0.000000e0 dimension_scale=6.244998e1 natural_scale=inf objective=1.920867e204 actual_reduction=0.000000e0 predicted_reduction=-0.000000e0 linear_model_term=0.000000e0 direction_norm=0.000000e0 data_reduction=0.000000e0 penalty_reduction=0.000000e0
[INFO] [PIRLS solve-end] iters=1 elapsed=0.0010s g_norm_initial=NaN g_norm_final=1.825e205 convergence_rate=NaN status=Converged
[INFO] [STAGE] inner pirls solve iters=1 status=Converged max_eta=2.0 jeffreys_logdet=none rows=full(derivative-request) elapsed=0.001s
[INFO] [reml-geometry] dense_spectral reason=constraints_present p=13 nnz_x=na nnz_h_est=na density_h_est=na threshold=0.1000
[INFO] [IFT-REJECTED] reason=large_drho max_drho=7.052e2 cap=2.000e0 drho_dim=2
[INFO] [TANGENT-REJECTED] reason=alpha_negative alpha=-1.574e0 cap=1.500e0
[WARN] [GAM COST]   -> P-IRLS INNER LOOP FAILED. Error: Hessian matrix is not positive definite (minimum eigenvalue: -3.8784e15). This indicates a numerical instability.
[INFO] [reml-geometry] dense_spectral reason=constraints_present p=13 nnz_x=na nnz_h_est=na density_h_est=na threshold=0.1000
[INFO] [IFT-REJECTED] reason=large_drho max_drho=5.890e2 cap=2.000e0 drho_dim=2
[INFO] [TANGENT-REJECTED] reason=alpha_negative alpha=-1.315e0 cap=1.500e0
[INFO] [STAGE] PIRLS update_with_curvature iter=1 curvature=Fisher elapsed=0.000s source=rebuilt
[INFO] [PIRLS iter-end] iter=  1 elapsed=0.0007s lm_lambda=3.33e-7 g_norm=1.241e-7 last_dev_change=1.164e-6 last_halving=1
[INFO] [PIRLS iter-breakdown] iter=  1 attempts=1 curvature=0.000s solve=0.000s predred=0.000s candidate=0.000s other=0.000s
[INFO] [PIRLS lm-trajectory] iter=  1 start_lambda=1.000e-6 final_lambda=3.333e-7 log10_ratio=-0.477 accept_rho=1.000 attempts=1
[INFO] [STAGE] PIRLS update_with_curvature iter=2 curvature=Fisher elapsed=0.000s source=reused_prev_accept
[INFO] [PIRLS exact-decrement] applicable=true decrement_sq=2.154093e-19 threshold=1.449605e-13 pass=true gradient_norm=1.082288e-10 relative_gradient=1.031447e-10 dimension_scale=6.244998e1 natural_scale=4.929098e-2 objective=1.391992e0 actual_reduction=1.065814e-14 predicted_reduction=1.033371e-14 linear_model_term=-2.061119e-14 direction_norm=7.437507e-7 data_reduction=-2.710188e-11 penalty_reduction=2.711252e-11
[INFO] [PIRLS solve-end] iters=2 elapsed=0.0015s g_norm_initial=2.139e-2 g_norm_final=1.082e-10 convergence_rate=7.113e-5 status=Converged
[INFO] [STAGE] inner pirls solve iters=2 status=Converged max_eta=2.0 jeffreys_logdet=none rows=full(derivative-request) elapsed=0.002s
[INFO] [STAGE] logdet S rho_dim=2 penalty_rank=12 elapsed=0.000s
[INFO] [#1271-diag] path=orig p=13 penalty_rank=12 nullspace_dim=1 rss=2.768501 pen=0.015483 Dp=2.783984 pirls_edf=11.9998 logS=-189.775514 logH=21.374785 half_diff=105.575150 h_above1=9 h_min=2.320e-2 h_max=1.874e3 rho=[-41.7320,-1.4554] lambda=[7.517e-19,2.333e-1]
  H_eig=[1.874e3,1.741e2,5.541e1,2.548e1,1.262e1,7.164e0,4.287e0,2.443e0,1.461e0,8.755e-1,4.225e-1,3.506e-1,2.320e-2]
  Slam_eig=[2.327e-1,1.639e-2,1.079e-12,1.079e-12,1.079e-12,1.079e-12,1.079e-12,1.079e-12,1.079e-12,1.079e-12,1.079e-12,1.079e-12,0.000e0]
[INFO] [reml-geometry] dense_spectral reason=constraints_present p=13 nnz_x=na nnz_h_est=na density_h_est=na threshold=0.1000
[INFO] [IFT-REJECTED] reason=large_drho max_drho=7.115e2 cap=2.000e0 drho_dim=2
[INFO] [TANGENT-PREDICT] alpha=1.208e0 cap=1.500e0 drho_step_norm_sq=4.191e5 drho_prev_norm_sq=3.470e5
[WARN] [GAM COST]   -> P-IRLS INNER LOOP FAILED. Error: Hessian matrix is not positive definite (minimum eigenvalue: -8.8582e273). This indicates a numerical instability.
[INFO] [reml-geometry] dense_spectral reason=constraints_present p=13 nnz_x=na nnz_h_est=na density_h_est=na threshold=0.1000
[INFO] [IFT-REJECTED] reason=large_drho max_drho=2.886e2 cap=2.000e0 drho_dim=2
[INFO] [TANGENT-PREDICT] alpha=4.899e-1 cap=1.500e0 drho_step_norm_sq=1.700e5 drho_prev_norm_sq=3.470e5
[INFO] [STAGE] PIRLS update_with_curvature iter=1 curvature=Fisher elapsed=0.000s source=rebuilt
[INFO] [PIRLS exact-decrement] applicable=true decrement_sq=1.213484e105 threshold=6.318547e91 pass=false gradient_norm=5.793803e105 relative_gradient=8.009995e-1 dimension_scale=6.244998e1 natural_scale=7.233218e105 objective=6.067421e104 actual_reduction=0.000000e0 predicted_reduction=-0.000000e0 linear_model_term=0.000000e0 direction_norm=0.000000e0 data_reduction=0.000000e0 penalty_reduction=0.000000e0
[INFO] [PIRLS solve-end] iters=1 elapsed=0.0010s g_norm_initial=7.233e105 g_norm_final=5.794e105 convergence_rate=8.010e-1 status=LmStepSearchExhausted
[WARN] [GAM COST]   -> P-IRLS INNER LOOP FAILED. Error: Model is ill-conditioned with condition number inf. This typically occurs when the model is over-parameterized (too many knots relative to data points). Consider reducing the number of knots or increasing regularization.
[INFO] [reml-geometry] dense_spectral reason=constraints_present p=13 nnz_x=na nnz_h_est=na density_h_est=na threshold=0.1000
[INFO] [IFT-REJECTED] reason=large_drho max_drho=3.602e2 cap=2.000e0 drho_dim=2
[INFO] [TANGENT-PREDICT] alpha=6.115e-1 cap=1.500e0 drho_step_norm_sq=2.122e5 drho_prev_norm_sq=3.470e5
[INFO] [STAGE] PIRLS update_with_curvature iter=1 curvature=Fisher elapsed=0.000s source=rebuilt
[INFO] [PIRLS exact-decrement] applicable=true decrement_sq=1.547693e136 threshold=8.058756e122 pass=false gradient_norm=7.392475e136 relative_gradient=8.012850e-1 dimension_scale=6.244998e1 natural_scale=9.225775e136 objective=7.738467e135 actual_reduction=0.000000e0 predicted_reduction=-0.000000e0 linear_model_term=0.000000e0 direction_norm=0.000000e0 data_reduction=0.000000e0 penalty_reduction=0.000000e0
[INFO] [PIRLS solve-end] iters=1 elapsed=0.0010s g_norm_initial=9.226e136 g_norm_final=7.392e136 convergence_rate=8.013e-1 status=LmStepSearchExhausted
[WARN] [GAM COST]   -> P-IRLS INNER LOOP FAILED. Error: Model is ill-conditioned with condition number inf. This typically occurs when the model is over-parameterized (too many knots relative to data points). Consider reducing the number of knots or increasing regularization.
[INFO] [reml-geometry] dense_spectral reason=constraints_present p=13 nnz_x=na nnz_h_est=na density_h_est=na threshold=0.1000
[INFO] [IFT-REJECTED] reason=large_drho max_drho=1.260e2 cap=2.000e0 drho_dim=2
[INFO] [TANGENT-PREDICT] alpha=2.138e-1 cap=1.500e0 drho_step_norm_sq=7.419e4 drho_prev_norm_sq=3.470e5
[WARN] [GAM COST]   -> P-IRLS INNER LOOP FAILED. Error: Hessian matrix is not positive definite (minimum eigenvalue: -3.8895e20). This indicates a numerical instability.
[INFO] [reml-geometry] dense_spectral reason=constraints_present p=13 nnz_x=na nnz_h_est=na density_h_est=na threshold=0.1000
[INFO] [IFT-REJECTED] reason=large_drho max_drho=2.024e2 cap=2.000e0 drho_dim=2
[INFO] [TANGENT-PREDICT] alpha=3.437e-1 cap=1.500e0 drho_step_norm_sq=1.192e5 drho_prev_norm_sq=3.470e5
[WARN] [GAM COST]   -> P-IRLS INNER LOOP FAILED. Error: Hessian factorization failed although the (lower-triangle) spectrum is positive (minimum eigenvalue: 3.0000e2): the condition number exceeds float precision or the assembled matrix is asymmetric/non-finite outside the factored triangle. This indicates a numerical instability in the Hessian assembly or scaling.
[INFO] [reml-geometry] dense_spectral reason=constraints_present p=13 nnz_x=na nnz_h_est=na density_h_est=na threshold=0.1000
[INFO] [IFT-REJECTED] reason=large_drho max_drho=6.400e2 cap=2.000e0 drho_dim=2
[INFO] [TANGENT-PREDICT] alpha=1.087e0 cap=1.500e0 drho_step_norm_sq=3.770e5 drho_prev_norm_sq=3.470e5
[WARN] [GAM COST]   -> P-IRLS INNER LOOP FAILED. Error: Hessian matrix is not positive definite (minimum eigenvalue: -1.3194e243). This indicates a numerical instability.
[INFO] [reml-geometry] dense_spectral reason=constraints_present p=13 nnz_x=na nnz_h_est=na density_h_est=na threshold=0.1000
[INFO] [IFT-REJECTED] reason=large_drho max_drho=2.383e2 cap=2.000e0 drho_dim=2
[INFO] [TANGENT-PREDICT] alpha=4.046e-1 cap=1.500e0 drho_step_norm_sq=1.404e5 drho_prev_norm_sq=3.470e5
[WARN] [GAM COST]   -> P-IRLS INNER LOOP FAILED. Error: Hessian matrix is not positive definite (minimum eigenvalue: -1.0576e69). This indicates a numerical instability.
[INFO] [reml-geometry] dense_spectral reason=constraints_present p=13 nnz_x=na nnz_h_est=na density_h_est=na threshold=0.1000
[INFO] [IFT-REJECTED] reason=large_drho max_drho=7.001e2 cap=2.000e0 drho_dim=2
[INFO] [TANGENT-PREDICT] alpha=1.189e0 cap=1.500e0 drho_step_norm_sq=4.124e5 drho_prev_norm_sq=3.470e5
[WARN] [GAM COST]   -> P-IRLS INNER LOOP FAILED. Error: Hessian matrix is not positive definite (minimum eigenvalue: -3.3969e269). This indicates a numerical instability.
[INFO] [reml-geometry] dense_spectral reason=constraints_present p=13 nnz_x=na nnz_h_est=na density_h_est=na threshold=0.1000
[INFO] [IFT-REJECTED] reason=large_drho max_drho=9.243e1 cap=2.000e0 drho_dim=2
[INFO] [TANGENT-PREDICT] alpha=1.569e-1 cap=1.500e0 drho_step_norm_sq=5.444e4 drho_prev_norm_sq=3.470e5
[WARN] [GAM COST]   -> P-IRLS INNER LOOP FAILED. Error: Hessian matrix is not positive definite (minimum eigenvalue: -6.9778e5). This indicates a numerical instability.
[INFO] [reml-geometry] dense_spectral reason=constraints_present p=13 nnz_x=na nnz_h_est=na density_h_est=na threshold=0.1000
[INFO] [IFT-REJECTED] reason=large_drho max_drho=6.415e2 cap=2.000e0 drho_dim=2
[INFO] [TANGENT-REJECTED] reason=alpha_negative alpha=-1.089e0 cap=1.500e0
[INFO] [STAGE] PIRLS update_with_curvature iter=1 curvature=Fisher elapsed=0.000s source=rebuilt
[INFO] [PIRLS iter-end] iter=  1 elapsed=0.0007s lm_lambda=3.70e-8 g_norm=1.810e-9 last_dev_change=2.039e-8 last_halving=1
[INFO] [PIRLS iter-breakdown] iter=  1 attempts=1 curvature=0.000s solve=0.000s predred=0.000s candidate=0.000s other=0.000s
[INFO] [PIRLS lm-trajectory] iter=  1 start_lambda=1.111e-7 final_lambda=3.704e-8 log10_ratio=-0.477 accept_rho=1.000 attempts=1
[INFO] [STAGE] PIRLS update_with_curvature iter=2 curvature=Fisher elapsed=0.000s source=reused_prev_accept
[INFO] [PIRLS exact-decrement] applicable=true decrement_sq=1.374688e-24 threshold=1.448679e-13 pass=true gradient_norm=3.246581e-13 relative_gradient=3.110855e-13 dimension_scale=6.244998e1 natural_scale=4.362992e-2 objective=1.391103e0 actual_reduction=-2.220446e-16 predicted_reduction=2.284507e-18 linear_model_term=-4.566881e-18 direction_norm=1.188394e-8 data_reduction=3.521627e-13 penalty_reduction=-3.523007e-13
[INFO] [PIRLS solve-end] iters=2 elapsed=0.0015s g_norm_initial=2.831e-3 g_norm_final=3.247e-13 convergence_rate=1.071e-5 status=Converged
[INFO] [STAGE] inner pirls solve iters=2 status=Converged max_eta=2.0 jeffreys_logdet=none rows=full(derivative-request) elapsed=0.002s
[INFO] [STAGE] logdet S rho_dim=2 penalty_rank=12 elapsed=0.000s
[INFO] [#1271-diag] path=orig p=13 penalty_rank=12 nullspace_dim=1 rss=2.768500 pen=0.013705 Dp=2.782205 pirls_edf=11.9998 logS=-190.019557 logH=21.252740 half_diff=105.636148 h_above1=9 h_min=2.054e-2 h_max=1.874e3 rho=[-683.2809,-1.5774] lambda=[1.798e-297,2.065e-1]
  H_eig=[1.874e3,1.741e2,5.541e1,2.547e1,1.262e1,7.164e0,4.287e0,2.443e0,1.461e0,8.755e-1,4.225e-1,3.506e-1,2.054e-2]
  Slam_eig=[2.060e-1,1.451e-2,1.079e-12,1.079e-12,1.079e-12,1.079e-12,1.079e-12,1.079e-12,1.079e-12,1.079e-12,1.079e-12,1.079e-12,0.000e0]
[INFO] [reml-geometry] dense_spectral reason=constraints_present p=13 nnz_x=na nnz_h_est=na density_h_est=na threshold=0.1000
[INFO] [IFT-REJECTED] reason=large_drho max_drho=2.633e2 cap=2.000e0 drho_dim=2
[INFO] [TANGENT-REJECTED] reason=alpha_negative alpha=-4.104e-1 cap=1.500e0
[INFO] [STAGE] PIRLS update_with_curvature iter=1 curvature=Fisher elapsed=0.000s source=rebuilt
[INFO] [PIRLS iter-end] iter=  1 elapsed=0.0007s lm_lambda=4.12e-9 g_norm=1.349e-9 last_dev_change=8.943e-7 last_halving=1
[INFO] [PIRLS iter-breakdown] iter=  1 attempts=1 curvature=0.000s solve=0.000s predred=0.000s candidate=0.000s other=0.000s
[INFO] [PIRLS lm-trajectory] iter=  1 start_lambda=1.235e-8 final_lambda=4.115e-9 log10_ratio=-0.477 accept_rho=1.000 attempts=1
[INFO] [STAGE] PIRLS update_with_curvature iter=2 curvature=Fisher elapsed=0.000s source=reused_prev_accept
[INFO] [PIRLS exact-decrement] applicable=true decrement_sq=8.970144e-24 threshold=1.442546e-13 pass=true gradient_norm=2.663983e-13 relative_gradient=2.647730e-13 dimension_scale=6.244998e1 natural_scale=6.138415e-3 objective=1.385213e0 actual_reduction=0.000000e0 predicted_reduction=7.002695e-18 linear_model_term=-1.399444e-17 direction_norm=6.712439e-8 data_reduction=3.663736e-14 penalty_reduction=-3.658131e-14
[INFO] [PIRLS solve-end] iters=2 elapsed=0.0015s g_norm_initial=1.875e-2 g_norm_final=2.664e-13 convergence_rate=3.770e-6 status=Converged
[INFO] [STAGE] inner pirls solve iters=2 status=Converged max_eta=2.0 jeffreys_logdet=none rows=full(derivative-request) elapsed=0.002s
[INFO] [STAGE] logdet S rho_dim=2 penalty_rank=12 elapsed=0.000s
[INFO] [#1271-diag] path=orig p=13 penalty_rank=12 nullspace_dim=1 rss=2.768498 pen=0.001928 Dp=2.770426 pirls_edf=12.0000 logS=-193.942233 logH=19.291245 half_diff=106.616739 h_above1=9 h_min=2.894e-3 h_max=1.874e3 rho=[-419.9768,-3.5388] lambda=[4.040e-183,2.905e-2]
  H_eig=[1.874e3,1.741e2,5.541e1,2.547e1,1.262e1,7.162e0,4.286e0,2.442e0,1.461e0,8.753e-1,4.224e-1,3.505e-1,2.894e-3]
  Slam_eig=[2.898e-2,2.041e-3,1.079e-12,1.079e-12,1.079e-12,1.079e-12,1.079e-12,1.079e-12,1.079e-12,1.079e-12,1.079e-12,1.079e-12,0.000e0]
[INFO] [reml-geometry] dense_spectral reason=constraints_present p=13 nnz_x=na nnz_h_est=na density_h_est=na threshold=0.1000
[INFO] [IFT-REJECTED] reason=large_drho max_drho=2.428e1 cap=2.000e0 drho_dim=2
[INFO] [TANGENT-REJECTED] reason=alpha_negative alpha=-9.217e-2 cap=1.500e0
[INFO] [STAGE] PIRLS update_with_curvature iter=1 curvature=Fisher elapsed=0.000s source=rebuilt
[INFO] [PIRLS solve-end] iters=1 elapsed=0.0007s g_norm_initial=2.015e-3 g_norm_final=2.082e-11 convergence_rate=1.033e-8 status=Converged
[INFO] [STAGE] inner pirls solve iters=1 status=Converged max_eta=2.0 jeffreys_logdet=none rows=full(derivative-request) elapsed=0.001s
[INFO] [STAGE] logdet S rho_dim=2 penalty_rank=12 elapsed=0.000s
[INFO] [#1271-diag] path=orig p=13 penalty_rank=12 nullspace_dim=1 rss=2.768498 pen=0.000662 Dp=2.769160 pirls_edf=12.0000 logS=-196.079666 logH=18.222513 half_diff=107.151089 h_above1=9 h_min=9.941e-4 h_max=1.874e3 rho=[-444.2547,-4.6075] lambda=[1.155e-193,9.977e-3]
  H_eig=[1.874e3,1.741e2,5.541e1,2.547e1,1.262e1,7.162e0,4.286e0,2.442e0,1.461e0,8.753e-1,4.224e-1,3.505e-1,9.941e-4]
  Slam_eig=[9.952e-3,7.011e-4,1.079e-12,1.079e-12,1.079e-12,1.079e-12,1.079e-12,1.079e-12,1.079e-12,1.079e-12,1.079e-12,1.079e-12,0.000e0]
[INFO] [reml-geometry] dense_spectral reason=constraints_present p=13 nnz_x=na nnz_h_est=na density_h_est=na threshold=0.1000
[INFO] [IFT-REJECTED] reason=large_drho max_drho=3.551e2 cap=2.000e0 drho_dim=2
[INFO] [TANGENT-REJECTED] reason=alpha_negative alpha=-1.460e1 cap=1.500e0
[INFO] [STAGE] PIRLS update_with_curvature iter=1 curvature=Fisher elapsed=0.000s source=rebuilt
[INFO] [PIRLS iter-end] iter=  1 elapsed=0.0007s lm_lambda=1.00e-9 g_norm=6.991e-11 last_dev_change=3.231e-7 last_halving=1
[INFO] [PIRLS iter-breakdown] iter=  1 attempts=1 curvature=0.000s solve=0.000s predred=0.000s candidate=0.000s other=0.000s
[INFO] [PIRLS lm-trajectory] iter=  1 start_lambda=1.000e-9 final_lambda=1.000e-9 log10_ratio=0.000 accept_rho=1.000 attempts=1
[INFO] [STAGE] PIRLS update_with_curvature iter=2 curvature=Fisher elapsed=0.000s source=reused_prev_accept
[INFO] [PIRLS exact-decrement] applicable=true decrement_sq=2.584278e-26 threshold=1.445573e-13 pass=true gradient_norm=6.069108e-14 relative_gradient=5.923153e-14 dimension_scale=6.244998e1 natural_scale=2.464141e-2 objective=1.388120e0 actual_reduction=4.440892e-16 predicted_reduction=7.652066e-21 linear_model_term=-1.528483e-20 direction_norm=1.054155e-9 data_reduction=-6.661338e-15 penalty_reduction=7.251144e-15
[INFO] [PIRLS solve-end] iters=2 elapsed=0.0014s g_norm_initial=1.127e-2 g_norm_final=6.069e-14 convergence_rate=2.321e-6 status=Converged
[INFO] [STAGE] inner pirls solve iters=2 status=Converged max_eta=2.0 jeffreys_logdet=none rows=full(derivative-request) elapsed=0.002s
[INFO] [STAGE] logdet S rho_dim=2 penalty_rank=12 elapsed=0.000s
[INFO] [#1271-diag] path=orig p=13 penalty_rank=12 nullspace_dim=1 rss=2.768498 pen=0.007741 Dp=2.776239 pirls_edf=11.9999 logS=-191.162343 logH=20.681267 half_diff=105.921805 h_above1=9 h_min=1.161e-2 h_max=1.874e3 rho=[-89.1403,-2.1488] lambda=[1.936e-39,1.166e-1]
  H_eig=[1.874e3,1.741e2,5.541e1,2.547e1,1.262e1,7.163e0,4.286e0,2.443e0,1.461e0,8.754e-1,4.224e-1,3.506e-1,1.161e-2]
  Slam_eig=[1.163e-1,8.195e-3,1.079e-12,1.079e-12,1.079e-12,1.079e-12,1.079e-12,1.079e-12,1.079e-12,1.079e-12,1.079e-12,1.079e-12,0.000e0]
[INFO] [reml-geometry] dense_spectral reason=constraints_present p=13 nnz_x=na nnz_h_est=na density_h_est=na threshold=0.1000
[INFO] [IFT-REJECTED] reason=large_drho max_drho=1.917e2 cap=2.000e0 drho_dim=2
[INFO] [TANGENT-PREDICT] alpha=5.398e-1 cap=1.500e0 drho_step_norm_sq=6.807e4 drho_prev_norm_sq=1.261e5
[WARN] [GAM COST]   -> P-IRLS INNER LOOP FAILED. Error: Hessian matrix is not positive definite (minimum eigenvalue: -2.8655e28). This indicates a numerical instability.
[INFO] [reml-geometry] dense_spectral reason=constraints_present p=13 nnz_x=na nnz_h_est=na density_h_est=na threshold=0.1000
[INFO] [IFT-REJECTED] reason=large_drho max_drho=2.146e2 cap=2.000e0 drho_dim=2
[INFO] [TANGENT-PREDICT] alpha=6.043e-1 cap=1.500e0 drho_step_norm_sq=7.621e4 drho_prev_norm_sq=1.261e5
[INFO] [STAGE] PIRLS update_with_curvature iter=1 curvature=Fisher elapsed=0.000s source=rebuilt
[INFO] [PIRLS exact-decrement] applicable=true decrement_sq=2.314853e52 threshold=1.205331e39 pass=false gradient_norm=1.102478e53 relative_gradient=7.992360e-1 dimension_scale=6.244998e1 natural_scale=1.379415e53 objective=1.157426e52 actual_reduction=0.000000e0 predicted_reduction=-0.000000e0 linear_model_term=0.000000e0 direction_norm=0.000000e0 data_reduction=0.000000e0 penalty_reduction=0.000000e0
[INFO] [PIRLS solve-end] iters=1 elapsed=0.0016s g_norm_initial=1.379e53 g_norm_final=1.102e53 convergence_rate=7.992e-1 status=LmStepSearchExhausted
[WARN] [GAM COST]   -> P-IRLS INNER LOOP FAILED. Error: Model is ill-conditioned with condition number inf. This typically occurs when the model is over-parameterized (too many knots relative to data points). Consider reducing the number of knots or increasing regularization.
[INFO] [reml-geometry] dense_spectral reason=constraints_present p=13 nnz_x=na nnz_h_est=na density_h_est=na threshold=0.1000
[INFO] [IFT-REJECTED] reason=large_drho max_drho=2.539e2 cap=2.000e0 drho_dim=2
[INFO] [TANGENT-REJECTED] reason=alpha_negative alpha=-7.149e-1 cap=1.500e0
[INFO] [STAGE] PIRLS update_with_curvature iter=1 curvature=Fisher elapsed=0.000s source=rebuilt
[INFO] [PIRLS iter-end] iter=  1 elapsed=0.0007s lm_lambda=1.00e-9 g_norm=2.022e-10 last_dev_change=3.152e-6 last_halving=1
[INFO] [PIRLS iter-breakdown] iter=  1 attempts=1 curvature=0.000s solve=0.000s predred=0.000s candidate=0.000s other=0.000s
[INFO] [PIRLS lm-trajectory] iter=  1 start_lambda=1.000e-9 final_lambda=1.000e-9 log10_ratio=0.000 accept_rho=1.000 attempts=1
[INFO] [STAGE] PIRLS update_with_curvature iter=2 curvature=Fisher elapsed=0.000s source=reused_prev_accept
[INFO] [PIRLS exact-decrement] applicable=true decrement_sq=2.583431e-26 threshold=1.457086e-13 pass=true gradient_norm=6.932889e-14 relative_gradient=6.331301e-14 dimension_scale=6.244998e1 natural_scale=9.501805e-2 objective=1.399175e0 actual_reduction=0.000000e0 predicted_reduction=1.843378e-20 linear_model_term=-3.688532e-20 direction_norm=6.167328e-10 data_reduction=-8.570922e-14 penalty_reduction=8.583759e-14
[INFO] [PIRLS solve-end] iters=2 elapsed=0.0014s g_norm_initial=3.520e-2 g_norm_final=6.933e-14 convergence_rate=1.403e-6 status=Converged
[INFO] [STAGE] inner pirls solve iters=2 status=Converged max_eta=2.0 jeffreys_logdet=none rows=full(derivative-request) elapsed=0.002s
[INFO] [STAGE] logdet S rho_dim=2 penalty_rank=12 elapsed=0.000s
[INFO] [#1271-diag] path=orig p=13 penalty_rank=12 nullspace_dim=1 rss=2.768509 pen=0.029841 Dp=2.798350 pirls_edf=11.9996 logS=-188.462491 logH=22.031489 half_diff=105.246990 h_above1=9 h_min=4.464e-2 h_max=1.875e3 rho=[-343.0444,-0.7989] lambda=[1.042e-149,4.498e-1]
  H_eig=[1.875e3,1.741e2,5.541e1,2.548e1,1.262e1,7.166e0,4.288e0,2.444e0,1.462e0,8.758e-1,4.226e-1,3.507e-1,4.464e-2]
  Slam_eig=[4.487e-1,3.161e-2,1.079e-12,1.079e-12,1.079e-12,1.079e-12,1.079e-12,1.079e-12,1.079e-12,1.079e-12,1.079e-12,1.079e-12,0.000e0]
[INFO] [reml-geometry] dense_spectral reason=constraints_present p=13 nnz_x=na nnz_h_est=na density_h_est=na threshold=0.1000
[INFO] [IFT-REJECTED] reason=large_drho max_drho=2.252e2 cap=2.000e0 drho_dim=2
[INFO] [TANGENT-PREDICT] alpha=8.869e-1 cap=1.500e0 drho_step_norm_sq=5.718e4 drho_prev_norm_sq=6.447e4
[INFO] [STAGE] PIRLS update_with_curvature iter=1 curvature=Fisher elapsed=0.000s source=rebuilt
[INFO] [PIRLS iter-end] iter=  1 elapsed=0.0007s lm_lambda=1.00e-9 g_norm=3.843e-10 last_dev_change=1.136e-5 last_halving=1
[INFO] [PIRLS iter-breakdown] iter=  1 attempts=1 curvature=0.000s solve=0.000s predred=0.000s candidate=0.000s other=0.000s
[INFO] [PIRLS lm-trajectory] iter=  1 start_lambda=1.000e-9 final_lambda=1.000e-9 log10_ratio=0.000 accept_rho=1.000 attempts=1
[INFO] [STAGE] PIRLS update_with_curvature iter=2 curvature=Fisher elapsed=0.000s source=reused_prev_accept
[INFO] [PIRLS exact-decrement] applicable=true decrement_sq=1.830078e-25 threshold=1.445440e-13 pass=true gradient_norm=9.645583e-14 relative_gradient=9.421068e-14 dimension_scale=6.244998e1 natural_scale=2.383123e-2 objective=1.387992e0 actual_reduction=2.220446e-16 predicted_reduction=1.594159e-19 linear_model_term=-3.186130e-19 direction_norm=4.643007e-9 data_reduction=4.107825e-14 penalty_reduction=-4.087529e-14
[INFO] [PIRLS solve-end] iters=2 elapsed=0.0014s g_norm_initial=6.681e-2 g_norm_final=9.646e-14 convergence_rate=1.202e-6 status=Converged
[INFO] [STAGE] inner pirls solve iters=2 status=Converged max_eta=2.0 jeffreys_logdet=none rows=full(derivative-request) elapsed=0.002s
[INFO] [TANGENT-QUALITY] quality=5.753e-4 pred_residual=1.487e-3 iters=2
[INFO] [STAGE] logdet S rho_dim=2 penalty_rank=12 elapsed=0.000s
[INFO] [#1271-diag] path=orig p=13 penalty_rank=12 nullspace_dim=1 rss=2.768498 pen=0.007486 Dp=2.775985 pirls_edf=11.9999 logS=-191.229212 logH=20.647829 half_diff=105.938520 h_above1=9 h_min=1.123e-2 h_max=1.874e3 rho=[-568.2466,-2.1823] lambda=[1.635e-247,1.128e-1]
  H_eig=[1.874e3,1.741e2,5.541e1,2.547e1,1.262e1,7.163e0,4.286e0,2.443e0,1.461e0,8.754e-1,4.224e-1,3.506e-1,1.123e-2]
  Slam_eig=[1.125e-1,7.926e-3,1.079e-12,1.079e-12,1.079e-12,1.079e-12,1.079e-12,1.079e-12,1.079e-12,1.079e-12,1.079e-12,1.079e-12,0.000e0]
[INFO] [reml-geometry] dense_spectral reason=constraints_present p=13 nnz_x=na nnz_h_est=na density_h_est=na threshold=0.1000
[INFO] [IFT-REJECTED] reason=large_drho max_drho=8.517e2 cap=2.000e0 drho_dim=2
[INFO] [TANGENT-REJECTED] reason=alpha_negative alpha=-3.782e0 cap=1.500e0
[INFO] [STAGE] PIRLS update_with_curvature iter=1 curvature=Fisher elapsed=0.000s source=rebuilt
[INFO] [PIRLS exact-decrement] applicable=true decrement_sq=9.885860e120 threshold=5.147514e107 pass=false gradient_norm=4.702944e121 relative_gradient=7.984367e-1 dimension_scale=6.244998e1 natural_scale=5.890190e121 objective=4.942930e120 actual_reduction=0.000000e0 predicted_reduction=-0.000000e0 linear_model_term=0.000000e0 direction_norm=0.000000e0 data_reduction=0.000000e0 penalty_reduction=0.000000e0
[INFO] [PIRLS solve-end] iters=1 elapsed=0.0010s g_norm_initial=5.890e121 g_norm_final=4.703e121 convergence_rate=7.984e-1 status=LmStepSearchExhausted
[WARN] [GAM COST]   -> P-IRLS INNER LOOP FAILED. Error: Model is ill-conditioned with condition number inf. This typically occurs when the model is over-parameterized (too many knots relative to data points). Consider reducing the number of knots or increasing regularization.
[INFO] [reml-geometry] dense_spectral reason=constraints_present p=13 nnz_x=na nnz_h_est=na density_h_est=na threshold=0.1000
[INFO] [IFT-REJECTED] reason=large_drho max_drho=3.904e2 cap=2.000e0 drho_dim=2
[INFO] [TANGENT-REJECTED] reason=alpha_negative alpha=-1.733e0 cap=1.500e0
[INFO] [STAGE] PIRLS update_with_curvature iter=1 curvature=Fisher elapsed=0.000s source=rebuilt
[INFO] [PIRLS solve-end] iters=1 elapsed=0.0007s g_norm_initial=6.299e-3 g_norm_final=3.680e-11 convergence_rate=5.842e-9 status=Converged
[INFO] [STAGE] inner pirls solve iters=1 status=Converged max_eta=2.0 jeffreys_logdet=none rows=full(derivative-request) elapsed=0.001s
[INFO] [STAGE] logdet S rho_dim=2 penalty_rank=12 elapsed=0.000s
[INFO] [#1271-diag] path=orig p=13 penalty_rank=12 nullspace_dim=1 rss=2.768498 pen=0.003530 Dp=2.772027 pirls_edf=12.0000 logS=-192.733278 logH=19.895743 half_diff=106.314511 h_above1=9 h_min=5.296e-3 h_max=1.874e3 rho=[-177.8664,-2.9343] lambda=[5.671e-78,5.317e-2]
  H_eig=[1.874e3,1.741e2,5.541e1,2.547e1,1.262e1,7.162e0,4.286e0,2.443e0,1.461e0,8.754e-1,4.224e-1,3.505e-1,5.296e-3]
  Slam_eig=[5.304e-2,3.736e-3,1.079e-12,1.079e-12,1.079e-12,1.079e-12,1.079e-12,1.079e-12,1.079e-12,1.079e-12,1.079e-12,1.079e-12,0.000e0]
[INFO] [reml-geometry] dense_spectral reason=constraints_present p=13 nnz_x=na nnz_h_est=na density_h_est=na threshold=0.1000
[INFO] [IFT-REJECTED] reason=large_drho max_drho=5.152e2 cap=2.000e0 drho_dim=2
[INFO] [TANGENT-PREDICT] alpha=1.320e0 cap=1.500e0 drho_step_norm_sq=2.011e5 drho_prev_norm_sq=1.524e5
[WARN] [GAM COST]   -> P-IRLS INNER LOOP FAILED. Error: Hessian matrix is not positive definite (minimum eigenvalue: -2.6568e130). This indicates a numerical instability.
[INFO] [reml-geometry] dense_spectral reason=constraints_present p=13 nnz_x=na nnz_h_est=na density_h_est=na threshold=0.1000
[INFO] [IFT-REJECTED] reason=large_drho max_drho=5.283e2 cap=2.000e0 drho_dim=2
[INFO] [TANGENT-PREDICT] alpha=1.353e0 cap=1.500e0 drho_step_norm_sq=2.062e5 drho_prev_norm_sq=1.524e5
[WARN] [GAM COST]   -> P-IRLS INNER LOOP FAILED. Error: Hessian matrix is not positive definite (minimum eigenvalue: -2.1598e134). This indicates a numerical instability.
[INFO] [reml-geometry] dense_spectral reason=constraints_present p=13 nnz_x=na nnz_h_est=na density_h_est=na threshold=0.1000
[INFO] [IFT-REJECTED] reason=large_drho max_drho=2.942e2 cap=2.000e0 drho_dim=2
[INFO] [TANGENT-REJECTED] reason=alpha_negative alpha=-7.535e-1 cap=1.500e0
[INFO] [STAGE] PIRLS update_with_curvature iter=1 curvature=Fisher elapsed=0.000s source=rebuilt
[INFO] [PIRLS iter-end] iter=  1 elapsed=0.0007s lm_lambda=1.00e-9 g_norm=3.379e-10 last_dev_change=8.771e-6 last_halving=1
[INFO] [PIRLS iter-breakdown] iter=  1 attempts=1 curvature=0.000s solve=0.000s predred=0.000s candidate=0.000s other=0.000s
[INFO] [PIRLS lm-trajectory] iter=  1 start_lambda=1.000e-9 final_lambda=1.000e-9 log10_ratio=0.000 accept_rho=1.000 attempts=1
[INFO] [STAGE] PIRLS update_with_curvature iter=2 curvature=Fisher elapsed=0.000s source=reused_prev_accept
[INFO] [PIRLS exact-decrement] applicable=true decrement_sq=2.069082e-27 threshold=1.462582e-13 pass=true gradient_norm=3.805314e-13 relative_gradient=3.371664e-13 dimension_scale=6.244998e1 natural_scale=1.286158e-1 objective=1.404453e0 actual_reduction=4.440892e-16 predicted_reduction=4.527306e-20 linear_model_term=-9.054062e-20 direction_norm=7.799486e-10 data_reduction=-1.934009e-13 penalty_reduction=1.937929e-13
[INFO] [PIRLS solve-end] iters=2 elapsed=0.0015s g_norm_initial=5.872e-2 g_norm_final=3.805e-13 convergence_rate=2.546e-6 status=Converged
[INFO] [STAGE] inner pirls solve iters=2 status=Converged max_eta=2.0 jeffreys_logdet=none rows=full(derivative-request) elapsed=0.002s
[INFO] [STAGE] logdet S rho_dim=2 penalty_rank=12 elapsed=0.000s
[INFO] [#1271-diag] path=orig p=13 penalty_rank=12 nullspace_dim=1 rss=2.768519 pen=0.040387 Dp=2.808906 pirls_edf=11.9995 logS=-187.856693 logH=22.334530 half_diff=105.095611 h_above1=9 h_min=6.034e-2 h_max=1.875e3 rho=[-472.0166,-0.4960] lambda=[1.013e-205,6.090e-1]
  H_eig=[1.875e3,1.742e2,5.541e1,2.548e1,1.262e1,7.168e0,4.288e0,2.445e0,1.462e0,8.760e-1,4.227e-1,3.507e-1,6.034e-2]
  Slam_eig=[6.074e-1,4.279e-2,1.079e-12,1.079e-12,1.079e-12,1.079e-12,1.079e-12,1.079e-12,1.079e-12,1.079e-12,1.079e-12,1.079e-12,0.000e0]
[INFO] [reml-geometry] dense_spectral reason=constraints_present p=13 nnz_x=na nnz_h_est=na density_h_est=na threshold=0.1000
[INFO] [IFT-REJECTED] reason=large_drho max_drho=4.226e2 cap=2.000e0 drho_dim=2
[INFO] [TANGENT-REJECTED] reason=alpha_negative alpha=-1.437e0 cap=1.500e0
[INFO] [STAGE] PIRLS update_with_curvature iter=1 curvature=Fisher elapsed=0.000s source=rebuilt
[INFO] [PIRLS iter-end] iter=  1 elapsed=0.0007s lm_lambda=1.00e-9 g_norm=1.822e-10 last_dev_change=2.558e-6 last_halving=1
[INFO] [PIRLS iter-breakdown] iter=  1 attempts=1 curvature=0.000s solve=0.000s predred=0.000s candidate=0.000s other=0.000s
[INFO] [PIRLS lm-trajectory] iter=  1 start_lambda=1.000e-9 final_lambda=1.000e-9 log10_ratio=0.000 accept_rho=1.000 attempts=1
[INFO] [STAGE] PIRLS update_with_curvature iter=2 curvature=Fisher elapsed=0.000s source=reused_prev_accept
[INFO] [PIRLS exact-decrement] applicable=true decrement_sq=2.545204e-26 threshold=1.452211e-13 pass=true gradient_norm=2.418358e-13 relative_gradient=2.270291e-13 dimension_scale=6.244998e1 natural_scale=6.521929e-2 objective=1.394494e0 actual_reduction=0.000000e0 predicted_reduction=1.802194e-20 linear_model_term=-3.606968e-20 direction_norm=7.976214e-10 data_reduction=5.306866e-14 penalty_reduction=-5.307040e-14
[INFO] [PIRLS solve-end] iters=2 elapsed=0.0014s g_norm_initial=3.171e-2 g_norm_final=2.418e-13 convergence_rate=2.762e-6 status=Converged
[INFO] [STAGE] inner pirls solve iters=2 status=Converged max_eta=2.0 jeffreys_logdet=none rows=full(derivative-request) elapsed=0.002s
[INFO] [STAGE] logdet S rho_dim=2 penalty_rank=12 elapsed=0.000s
[INFO] [#1271-diag] path=orig p=13 penalty_rank=12 nullspace_dim=1 rss=2.768503 pen=0.020485 Dp=2.788988 pirls_edf=11.9997 logS=-189.215356 logH=21.654931 half_diff=105.435144 h_above1=9 h_min=3.068e-2 h_max=1.874e3 rho=[-49.4167,-1.1753] lambda=[3.456e-22,3.087e-1]
  H_eig=[1.874e3,1.741e2,5.541e1,2.548e1,1.262e1,7.165e0,4.287e0,2.443e0,1.461e0,8.756e-1,4.225e-1,3.506e-1,3.068e-2]
  Slam_eig=[3.079e-1,2.169e-2,1.079e-12,1.079e-12,1.079e-12,1.079e-12,1.079e-12,1.079e-12,1.079e-12,1.079e-12,1.079e-12,1.079e-12,0.000e0]
[INFO] [reml-geometry] dense_spectral reason=constraints_present p=13 nnz_x=na nnz_h_est=na density_h_est=na threshold=0.1000
[INFO] [IFT-REJECTED] reason=large_drho max_drho=5.738e1 cap=2.000e0 drho_dim=2
[INFO] [TANGENT-PREDICT] alpha=1.358e-1 cap=1.500e0 drho_step_norm_sq=2.425e4 drho_prev_norm_sq=1.786e5
[INFO] [STAGE] PIRLS update_with_curvature iter=1 curvature=Fisher elapsed=0.000s source=rebuilt
[INFO] [PIRLS iter-end] iter=  1 elapsed=0.0007s lm_lambda=1.00e-9 g_norm=1.057e-7 last_dev_change=1.104e1 last_halving=1
[INFO] [PIRLS iter-breakdown] iter=  1 attempts=1 curvature=0.001s solve=0.000s predred=0.000s candidate=0.000s other=0.000s
[INFO] [PIRLS lm-trajectory] iter=  1 start_lambda=1.000e-9 final_lambda=1.000e-9 log10_ratio=0.000 accept_rho=1.000 attempts=1
[INFO] [STAGE] PIRLS update_with_curvature iter=2 curvature=Fisher elapsed=0.000s source=reused_prev_accept
[INFO] [PIRLS exact-decrement] applicable=true decrement_sq=2.682306e-24 threshold=1.470185e-13 pass=true gradient_norm=2.517592e-13 relative_gradient=1.478356e-13 dimension_scale=6.244998e1 natural_scale=7.029673e-1 objective=1.411754e0 actual_reduction=4.440892e-16 predicted_reduction=4.413263e-16 linear_model_term=-8.826046e-16 direction_norm=3.223035e-7 data_reduction=-4.892287e-11 penalty_reduction=4.892344e-11
[INFO] [PIRLS solve-end] iters=2 elapsed=0.0015s g_norm_initial=1.319e2 g_norm_final=2.518e-13 convergence_rate=4.369e-8 status=Converged
[INFO] [STAGE] inner pirls solve iters=2 status=Converged max_eta=2.0 jeffreys_logdet=none rows=full(derivative-request) elapsed=0.002s
[INFO] [TANGENT-QUALITY] quality=1.096e-1 pred_residual=2.788e-1 iters=2
[INFO] [STAGE] logdet S rho_dim=2 penalty_rank=12 elapsed=0.000s
[INFO] [#1271-diag] path=orig p=13 penalty_rank=12 nullspace_dim=1 rss=2.817308 pen=0.006200 Dp=2.823508 pirls_edf=3.2102 logS=46.012893 logH=63.510631 half_diff=8.748869 h_above1=12 h_min=8.289e-3 h_max=2.330e3 rho=[7.9681,-2.4867] lambda=[2.887e3,8.318e-2]
  H_eig=[2.330e3,2.011e3,1.575e3,2.520e2,2.464e2,2.102e2,2.058e2,1.964e2,1.799e2,1.576e2,8.960e1,4.663e1,8.289e-3]
  Slam_eig=[2.009e3,2.009e3,2.434e2,2.431e2,2.080e2,1.999e2,1.914e2,1.410e2,7.509e1,2.091e1,6.840e-2,3.343e-3,0.000e0]
[INFO] [reml-geometry] dense_spectral reason=constraints_present p=13 nnz_x=na nnz_h_est=na density_h_est=na threshold=0.1000
[INFO] [IFT-REJECTED] reason=large_drho max_drho=4.131e2 cap=2.000e0 drho_dim=2
[INFO] [TANGENT-REJECTED] reason=alpha_above_cap alpha=7.195e0 cap=1.500e0
[INFO] [STAGE] PIRLS update_with_curvature iter=1 curvature=Fisher elapsed=0.000s source=rebuilt
[INFO] [PIRLS exact-decrement] applicable=true decrement_sq=1.762446e176 threshold=9.176963e162 pass=false gradient_norm=5.684058e178 relative_gradient=0.000000e0 dimension_scale=6.244998e1 natural_scale=inf objective=8.812232e175 actual_reduction=0.000000e0 predicted_reduction=-0.000000e0 linear_model_term=0.000000e0 direction_norm=0.000000e0 data_reduction=0.000000e0 penalty_reduction=0.000000e0
[INFO] [PIRLS solve-end] iters=1 elapsed=0.0010s g_norm_initial=NaN g_norm_final=5.684e178 convergence_rate=NaN status=Converged
[INFO] [STAGE] inner pirls solve iters=1 status=Converged max_eta=2.0 jeffreys_logdet=none rows=full(derivative-request) elapsed=0.001s
[INFO] [reml-geometry] dense_spectral reason=constraints_present p=13 nnz_x=na nnz_h_est=na density_h_est=na threshold=0.1000
[INFO] [IFT-REJECTED] reason=large_drho max_drho=6.327e1 cap=2.000e0 drho_dim=2
[INFO] [TANGENT-REJECTED] reason=alpha_negative alpha=-1.102e0 cap=1.500e0
[INFO] [STAGE] PIRLS update_with_curvature iter=1 curvature=Fisher elapsed=0.000s source=rebuilt
[INFO] [PIRLS iter-end] iter=  1 elapsed=0.0007s lm_lambda=1.00e-9 g_norm=1.457e-8 last_dev_change=2.438e-2 last_halving=1
[INFO] [PIRLS iter-breakdown] iter=  1 attempts=1 curvature=0.000s solve=0.000s predred=0.000s candidate=0.000s other=0.000s
[INFO] [PIRLS lm-trajectory] iter=  1 start_lambda=1.000e-9 final_lambda=1.000e-9 log10_ratio=0.000 accept_rho=1.000 attempts=1
[INFO] [STAGE] PIRLS update_with_curvature iter=2 curvature=Fisher elapsed=0.000s source=reused_prev_accept
[INFO] [PIRLS exact-decrement] applicable=true decrement_sq=1.359100e-26 threshold=1.446182e-13 pass=true gradient_norm=2.468570e-13 relative_gradient=2.400482e-13 dimension_scale=6.244998e1 natural_scale=2.836441e-2 objective=1.388705e0 actual_reduction=2.220446e-16 predicted_reduction=4.765280e-16 linear_model_term=-9.530539e-16 direction_norm=2.520032e-7 data_reduction=1.473710e-12 penalty_reduction=-1.473396e-12
[INFO] [PIRLS solve-end] iters=2 elapsed=0.0014s g_norm_initial=3.514e-1 g_norm_final=2.469e-13 convergence_rate=8.381e-7 status=Converged
[INFO] [STAGE] inner pirls solve iters=2 status=Converged max_eta=2.0 jeffreys_logdet=none rows=full(derivative-request) elapsed=0.002s
[INFO] [STAGE] logdet S rho_dim=2 penalty_rank=12 elapsed=0.000s
[INFO] [#1271-diag] path=orig p=13 penalty_rank=12 nullspace_dim=1 rss=2.768499 pen=0.008910 Dp=2.777409 pirls_edf=11.9999 logS=-190.880898 logH=20.822005 half_diff=105.851452 h_above1=9 h_min=1.336e-2 h_max=1.874e3 rho=[-55.2972,-2.0081] lambda=[9.655e-25,1.342e-1]
  H_eig=[1.874e3,1.741e2,5.541e1,2.547e1,1.262e1,7.163e0,4.286e0,2.443e0,1.461e0,8.754e-1,4.225e-1,3.506e-1,1.336e-2]
  Slam_eig=[1.339e-1,9.433e-3,1.079e-12,1.079e-12,1.079e-12,1.079e-12,1.079e-12,1.079e-12,1.079e-12,1.079e-12,1.079e-12,1.079e-12,0.000e0]
[INFO] [reml-geometry] dense_spectral reason=constraints_present p=13 nnz_x=na nnz_h_est=na density_h_est=na threshold=0.1000
[INFO] [IFT-REJECTED] reason=large_drho max_drho=3.319e2 cap=2.000e0 drho_dim=2
[INFO] [TANGENT-REJECTED] reason=alpha_negative alpha=-5.246e0 cap=1.500e0
[WARN] [GAM COST]   -> P-IRLS INNER LOOP FAILED. Error: Hessian matrix is not positive definite (minimum eigenvalue: -1.3766e104). This indicates a numerical instability.
[INFO] [reml-geometry] dense_spectral reason=constraints_present p=13 nnz_x=na nnz_h_est=na density_h_est=na threshold=0.1000
[INFO] [IFT-REJECTED] reason=large_drho max_drho=8.370e1 cap=2.000e0 drho_dim=2
[INFO] [TANGENT-PREDICT] alpha=1.323e0 cap=1.500e0 drho_step_norm_sq=5.295e3 drho_prev_norm_sq=4.003e3
[INFO] [STAGE] PIRLS update_with_curvature iter=1 curvature=Fisher elapsed=0.000s source=rebuilt
[INFO] [PIRLS iter-end] iter=  1 elapsed=0.0007s lm_lambda=1.00e-9 g_norm=4.871e-8 last_dev_change=5.290e-1 last_halving=1
[INFO] [PIRLS iter-breakdown] iter=  1 attempts=1 curvature=0.001s solve=0.000s predred=0.000s candidate=0.000s other=0.000s
[INFO] [PIRLS lm-trajectory] iter=  1 start_lambda=1.000e-9 final_lambda=1.000e-9 log10_ratio=0.000 accept_rho=1.000 attempts=1
[INFO] [STAGE] PIRLS update_with_curvature iter=2 curvature=Fisher elapsed=0.000s source=reused_prev_accept
[INFO] [PIRLS exact-decrement] applicable=true decrement_sq=2.410759e-24 threshold=1.448424e-13 pass=true gradient_norm=6.054608e-13 relative_gradient=5.810182e-13 dimension_scale=6.244998e1 natural_scale=4.206863e-2 objective=1.390857e0 actual_reduction=4.218847e-15 predicted_reduction=3.919172e-15 linear_model_term=-7.838208e-15 direction_norm=6.085540e-7 data_reduction=-5.183187e-12 penalty_reduction=5.187332e-12
[INFO] [PIRLS solve-end] iters=2 elapsed=0.0015s g_norm_initial=4.052e1 g_norm_final=6.055e-13 convergence_rate=1.222e-7 status=Converged
[INFO] [STAGE] inner pirls solve iters=2 status=Converged max_eta=2.0 jeffreys_logdet=none rows=full(derivative-request) elapsed=0.002s
[INFO] [TANGENT-QUALITY] quality=1.428e-1 pred_residual=3.689e-1 iters=2
[INFO] [STAGE] logdet S rho_dim=2 penalty_rank=12 elapsed=0.000s
[INFO] [#1271-diag] path=orig p=13 penalty_rank=12 nullspace_dim=1 rss=2.768500 pen=0.013215 Dp=2.781715 pirls_edf=11.9998 logS=-190.092451 logH=21.216286 half_diff=105.654369 h_above1=9 h_min=1.981e-2 h_max=1.874e3 rho=[-138.9952,-1.6139] lambda=[4.317e-61,1.991e-1]
  H_eig=[1.874e3,1.741e2,5.541e1,2.547e1,1.262e1,7.164e0,4.287e0,2.443e0,1.461e0,8.755e-1,4.225e-1,3.506e-1,1.981e-2]
  Slam_eig=[1.986e-1,1.399e-2,1.079e-12,1.079e-12,1.079e-12,1.079e-12,1.079e-12,1.079e-12,1.079e-12,1.079e-12,1.079e-12,1.079e-12,0.000e0]
[INFO] [reml-geometry] dense_spectral reason=constraints_present p=13 nnz_x=na nnz_h_est=na density_h_est=na threshold=0.1000
[INFO] [IFT-REJECTED] reason=large_drho max_drho=1.917e2 cap=2.000e0 drho_dim=2
[INFO] [TANGENT-REJECTED] reason=alpha_above_cap alpha=2.290e0 cap=1.500e0
[INFO] [STAGE] PIRLS update_with_curvature iter=1 curvature=Fisher elapsed=0.000s source=rebuilt
[INFO] [PIRLS iter-end] iter=  1 elapsed=0.0007s lm_lambda=1.00e-9 g_norm=1.931e-10 last_dev_change=2.864e-6 last_halving=1
[INFO] [PIRLS iter-breakdown] iter=  1 attempts=1 curvature=0.001s solve=0.000s predred=0.000s candidate=0.000s other=0.000s
[INFO] [PIRLS lm-trajectory] iter=  1 start_lambda=1.000e-9 final_lambda=1.000e-9 log10_ratio=0.000 accept_rho=1.000 attempts=1
[INFO] [STAGE] PIRLS update_with_curvature iter=2 curvature=Fisher elapsed=0.000s source=reused_prev_accept
[INFO] [PIRLS exact-decrement] applicable=true decrement_sq=1.500324e-26 threshold=1.459396e-13 pass=true gradient_norm=1.103925e-13 relative_gradient=9.952959e-14 dimension_scale=6.244998e1 natural_scale=1.091423e-1 objective=1.401394e0 actual_reduction=2.220446e-16 predicted_reduction=1.571850e-20 linear_model_term=-3.141624e-20 direction_norm=5.141342e-10 data_reduction=-9.370282e-14 penalty_reduction=9.396650e-14
[INFO] [PIRLS solve-end] iters=2 elapsed=0.0015s g_norm_initial=3.355e-2 g_norm_final=1.104e-13 convergence_rate=1.814e-6 status=Converged
[INFO] [STAGE] inner pirls solve iters=2 status=Converged max_eta=2.0 jeffreys_logdet=none rows=full(derivative-request) elapsed=0.002s
[INFO] [STAGE] logdet S rho_dim=2 penalty_rank=12 elapsed=0.000s
[INFO] [#1271-diag] path=orig p=13 penalty_rank=12 nullspace_dim=1 rss=2.768513 pen=0.034275 Dp=2.802788 pirls_edf=11.9996 logS=-188.185205 logH=22.170192 half_diff=105.177698 h_above1=9 h_min=5.125e-2 h_max=1.875e3 rho=[-330.6616,-0.6603] lambda=[2.486e-144,5.167e-1]
  H_eig=[1.875e3,1.742e2,5.541e1,2.548e1,1.262e1,7.167e0,4.288e0,2.444e0,1.462e0,8.759e-1,4.227e-1,3.507e-1,5.125e-2]
  Slam_eig=[5.154e-1,3.631e-2,1.079e-12,1.079e-12,1.079e-12,1.079e-12,1.079e-12,1.079e-12,1.079e-12,1.079e-12,1.079e-12,1.079e-12,0.000e0]
[INFO] [reml-geometry] dense_spectral reason=constraints_present p=13 nnz_x=na nnz_h_est=na density_h_est=na threshold=0.1000
[INFO] [IFT-REJECTED] reason=large_drho max_drho=3.131e1 cap=2.000e0 drho_dim=2
[INFO] [TANGENT-REJECTED] reason=alpha_negative alpha=-1.635e-1 cap=1.500e0
[INFO] [STAGE] PIRLS update_with_curvature iter=1 curvature=Fisher elapsed=0.000s source=rebuilt
[INFO] [PIRLS iter-end] iter=  1 elapsed=0.0007s lm_lambda=1.00e-9 g_norm=2.990e-10 last_dev_change=6.812e-6 last_halving=1
[INFO] [PIRLS iter-breakdown] iter=  1 attempts=1 curvature=0.001s solve=0.000s predred=0.000s candidate=0.000s other=0.000s
[INFO] [PIRLS lm-trajectory] iter=  1 start_lambda=1.000e-9 final_lambda=1.000e-9 log10_ratio=0.000 accept_rho=1.000 attempts=1
[INFO] [STAGE] PIRLS update_with_curvature iter=2 curvature=Fisher elapsed=0.000s source=reused_prev_accept
[INFO] [PIRLS exact-decrement] applicable=true decrement_sq=2.792467e-25 threshold=1.442469e-13 pass=true gradient_norm=2.117197e-13 relative_gradient=2.105263e-13 dimension_scale=6.244998e1 natural_scale=5.668434e-3 objective=1.385139e0 actual_reduction=0.000000e0 predicted_reduction=3.487000e-19 linear_model_term=-6.978208e-19 direction_norm=1.561310e-8 data_reduction=7.549517e-15 penalty_reduction=-7.540409e-15
[INFO] [PIRLS solve-end] iters=2 elapsed=0.0015s g_norm_initial=5.174e-2 g_norm_final=2.117e-13 convergence_rate=2.023e-6 status=Converged
[INFO] [STAGE] inner pirls solve iters=2 status=Converged max_eta=2.0 jeffreys_logdet=none rows=full(derivative-request) elapsed=0.002s
[INFO] [STAGE] logdet S rho_dim=2 penalty_rank=12 elapsed=0.000s
[INFO] [#1271-diag] path=orig p=13 penalty_rank=12 nullspace_dim=1 rss=2.768498 pen=0.001781 Dp=2.770279 pirls_edf=12.0000 logS=-194.101546 logH=19.211586 half_diff=106.656566 h_above1=9 h_min=2.673e-3 h_max=1.874e3 rho=[-299.3475,-3.6184] lambda=[9.886e-131,2.682e-2]
  H_eig=[1.874e3,1.741e2,5.541e1,2.547e1,1.262e1,7.162e0,4.286e0,2.442e0,1.461e0,8.753e-1,4.224e-1,3.505e-1,2.673e-3]
  Slam_eig=[2.676e-2,1.885e-3,1.079e-12,1.079e-12,1.079e-12,1.079e-12,1.079e-12,1.079e-12,1.079e-12,1.079e-12,1.079e-12,1.079e-12,0.000e0]
[INFO] [reml-geometry] dense_spectral reason=constraints_present p=13 nnz_x=na nnz_h_est=na density_h_est=na threshold=0.1000
[INFO] [IFT-REJECTED] reason=large_drho max_drho=3.314e2 cap=2.000e0 drho_dim=2
[INFO] [TANGENT-REJECTED] reason=alpha_negative alpha=-1.049e1 cap=1.500e0
[INFO] [STAGE] PIRLS update_with_curvature iter=1 curvature=Fisher elapsed=0.000s source=rebuilt
[INFO] [PIRLS solve-end] iters=1 elapsed=0.0007s g_norm_initial=6.585e-5 g_norm_final=1.681e-13 convergence_rate=2.553e-9 status=Converged
[INFO] [STAGE] inner pirls solve iters=1 status=Converged max_eta=2.0 jeffreys_logdet=none rows=full(derivative-request) elapsed=0.001s
[INFO] [STAGE] logdet S rho_dim=2 penalty_rank=12 elapsed=0.000s
[INFO] [#1271-diag] path=orig p=13 penalty_rank=12 nullspace_dim=1 rss=2.768498 pen=0.001739 Dp=2.770237 pirls_edf=12.0000 logS=-194.148566 logH=19.188076 half_diff=106.668321 h_above1=9 h_min=2.610e-3 h_max=1.874e3 rho=[-630.7958,-3.6420] lambda=[1.119e-274,2.620e-2]
  H_eig=[1.874e3,1.741e2,5.541e1,2.547e1,1.262e1,7.162e0,4.286e0,2.442e0,1.461e0,8.753e-1,4.224e-1,3.505e-1,2.610e-3]
  Slam_eig=[2.614e-2,1.841e-3,1.079e-12,1.079e-12,1.079e-12,1.079e-12,1.079e-12,1.079e-12,1.079e-12,1.079e-12,1.079e-12,1.079e-12,0.000e0]
[INFO] [reml-geometry] dense_spectral reason=constraints_present p=13 nnz_x=na nnz_h_est=na density_h_est=na threshold=0.1000
[INFO] [IFT-REJECTED] reason=large_drho max_drho=7.303e2 cap=2.000e0 drho_dim=2
[INFO] [TANGENT-REJECTED] reason=alpha_negative alpha=-2.203e0 cap=1.500e0
[WARN] [GAM COST]   -> P-IRLS INNER LOOP FAILED. Error: Hessian matrix is not positive definite (minimum eigenvalue: -2.2261e27). This indicates a numerical instability.
[INFO] [reml-geometry] dense_spectral reason=constraints_present p=13 nnz_x=na nnz_h_est=na density_h_est=na threshold=0.1000
[INFO] [IFT-REJECTED] reason=large_drho max_drho=9.148e2 cap=2.000e0 drho_dim=2
[INFO] [TANGENT-REJECTED] reason=alpha_negative alpha=-2.760e0 cap=1.500e0
[WARN] [GAM COST]   -> P-IRLS INNER LOOP FAILED. Error: Hessian matrix is not positive definite (minimum eigenvalue: -1.9641e107). This indicates a numerical instability.
[INFO] [reml-geometry] dense_spectral reason=constraints_present p=13 nnz_x=na nnz_h_est=na density_h_est=na threshold=0.1000
[INFO] [IFT-REJECTED] reason=large_drho max_drho=9.182e2 cap=2.000e0 drho_dim=2
[INFO] [TANGENT-REJECTED] reason=alpha_negative alpha=-2.770e0 cap=1.500e0
[WARN] [GAM COST]   -> P-IRLS INNER LOOP FAILED. Error: Hessian matrix is not positive definite (minimum eigenvalue: -3.2093e108). This indicates a numerical instability.
[INFO] [GAM fit] n=300 p=13 k=2 fam=LikelihoodSpec { response: Gaussian, link: Standard(Identity) } link=Identity X=dense reml_iter=200 firth=false
[INFO] [reml-geometry] dense_spectral reason=constraints_present p=13 nnz_x=na nnz_h_est=na density_h_est=na threshold=0.1000
[INFO] [STAGE] PIRLS update_with_curvature iter=1 curvature=Fisher elapsed=0.000s source=rebuilt
[INFO] [PIRLS iter-end] iter=  1 elapsed=0.0012s lm_lambda=3.33e-7 g_norm=8.707e-10 last_dev_change=4.985e-4 last_halving=1
[INFO] [PIRLS iter-breakdown] iter=  1 attempts=1 curvature=0.001s solve=0.000s predred=0.000s candidate=0.000s other=0.000s
[INFO] [PIRLS lm-trajectory] iter=  1 start_lambda=1.000e-6 final_lambda=3.333e-7 log10_ratio=-0.477 accept_rho=1.000 attempts=1
[INFO] [STAGE] PIRLS update_with_curvature iter=2 curvature=Fisher elapsed=0.000s source=reused_prev_accept
[INFO] [PIRLS exact-decrement] applicable=true decrement_sq=8.928513e-24 threshold=5.557679e-12 pass=true gradient_norm=5.780479e-13 relative_gradient=3.386127e-15 dimension_scale=6.244998e1 natural_scale=1.697106e2 objective=5.336793e1 actual_reduction=0.000000e0 predicted_reduction=4.672041e-18 linear_model_term=-9.325273e-18 direction_norm=9.663797e-9 data_reduction=0.000000e0 penalty_reduction=4.662797e-18
[INFO] [PIRLS solve-end] iters=2 elapsed=0.0025s g_norm_initial=1.697e2 g_norm_final=5.780e-13 convergence_rate=5.836e-8 status=Converged
[INFO] [STAGE] inner pirls solve iters=2 status=Converged max_eta=1.0 jeffreys_logdet=none rows=full(derivative-request) elapsed=0.003s
[INFO] [STAGE] logdet S (Z-projected) rho_dim=2 penalty_rank=1 elapsed=0.000s
[INFO] [#1271-diag] p=2 penalty_rank=1 nullspace_dim=1 logS=-1.612911 logH=4.090871 half_diff=2.851891 h_above1=1 h_min=9.964e-2 h_max=6.001e2 rho=[0.0000,0.0000] lambda=[1.000e0,1.000e0]
[INFO] [STAGE] reml_laml cost_only_done k=2 ext_dim=0 dim=2 elapsed=0.000s
[INFO] [HGB] small-sample fallback to defaults: pairs=0, threshold=3
[INFO] [STAGE] logdet S (Z-projected) rho_dim=2 penalty_rank=1 elapsed=0.000s
[INFO] [#1271-diag] p=2 penalty_rank=1 nullspace_dim=1 logS=-1.612911 logH=4.090871 half_diff=2.851891 h_above1=1 h_min=9.964e-2 h_max=6.001e2 rho=[0.0000,0.0000] lambda=[1.000e0,1.000e0]
[INFO] [reml-geometry] dense_spectral reason=constraints_present p=13 nnz_x=na nnz_h_est=na density_h_est=na threshold=0.1000
[INFO] [IFT-REJECTED] reason=large_drho max_drho=7.462e0 cap=2.000e0 drho_dim=2
[INFO] [STAGE] PIRLS update_with_curvature iter=1 curvature=Fisher elapsed=0.000s source=rebuilt
[INFO] [PIRLS iter-end] iter=  1 elapsed=0.0011s lm_lambda=3.70e-8 g_norm=2.182e-10 last_dev_change=4.985e-4 last_halving=1
[INFO] [PIRLS iter-breakdown] iter=  1 attempts=1 curvature=0.001s solve=0.000s predred=0.000s candidate=0.000s other=0.000s
[INFO] [PIRLS lm-trajectory] iter=  1 start_lambda=1.111e-7 final_lambda=3.704e-8 log10_ratio=-0.477 accept_rho=1.000 attempts=1
[INFO] [STAGE] PIRLS update_with_curvature iter=2 curvature=Fisher elapsed=0.000s source=reused_prev_accept
[INFO] [PIRLS exact-decrement] applicable=true decrement_sq=2.660030e-29 threshold=5.557679e-12 pass=true gradient_norm=5.684342e-14 relative_gradient=3.329811e-16 dimension_scale=6.244998e1 natural_scale=1.697106e2 objective=5.336793e1 actual_reduction=0.000000e0 predicted_reduction=4.131705e-21 linear_model_term=-4.295288e-21 direction_norm=1.369636e-12 data_reduction=0.000000e0 penalty_reduction=1.116694e-22
[INFO] [PIRLS solve-end] iters=2 elapsed=0.0023s g_norm_initial=1.697e2 g_norm_final=5.684e-14 convergence_rate=1.830e-8 status=Converged
[INFO] [STAGE] inner pirls solve iters=2 status=Converged max_eta=1.0 jeffreys_logdet=none rows=full(derivative-request) elapsed=0.003s
[INFO] [STAGE] logdet S (Z-projected) rho_dim=2 penalty_rank=1 elapsed=0.000s
[INFO] [#1271-diag] p=2 penalty_rank=1 nullspace_dim=1 logS=5.849186 logH=11.552969 half_diff=2.851891 h_above1=2 h_min=1.269e2 h_max=8.200e2 rho=[6.9127,7.4621] lambda=[1.005e3,1.741e3]
[INFO] [OUTER] standard REML: n_params=2, gradient=Analytic, hessian=Either -> solver=Arc, search_hessian_source=Analytic [solver=Arc;hessian=Analytic;matrix-free=false] [EFS with runtime barrier-curvature guard]
[INFO] [reml-geometry] dense_spectral reason=constraints_present p=13 nnz_x=na nnz_h_est=na density_h_est=na threshold=0.1000
[INFO] [STAGE] PIRLS update_with_curvature iter=1 curvature=Fisher elapsed=0.000s source=rebuilt
[INFO] [PIRLS iter-end] iter=  1 elapsed=0.0012s lm_lambda=3.33e-7 g_norm=8.707e-10 last_dev_change=4.985e-4 last_halving=1
[INFO] [PIRLS iter-breakdown] iter=  1 attempts=1 curvature=0.001s solve=0.000s predred=0.000s candidate=0.000s other=0.000s
[INFO] [PIRLS lm-trajectory] iter=  1 start_lambda=1.000e-6 final_lambda=3.333e-7 log10_ratio=-0.477 accept_rho=1.000 attempts=1
[INFO] [STAGE] PIRLS update_with_curvature iter=2 curvature=Fisher elapsed=0.000s source=reused_prev_accept
[INFO] [PIRLS exact-decrement] applicable=true decrement_sq=8.928513e-24 threshold=5.557679e-12 pass=true gradient_norm=5.780479e-13 relative_gradient=3.386127e-15 dimension_scale=6.244998e1 natural_scale=1.697106e2 objective=5.336793e1 actual_reduction=0.000000e0 predicted_reduction=4.672041e-18 linear_model_term=-9.325273e-18 direction_norm=9.663797e-9 data_reduction=0.000000e0 penalty_reduction=4.662797e-18
[INFO] [PIRLS solve-end] iters=2 elapsed=0.0024s g_norm_initial=1.697e2 g_norm_final=5.780e-13 convergence_rate=5.836e-8 status=Converged
[INFO] [STAGE] inner pirls solve iters=2 status=Converged max_eta=1.0 jeffreys_logdet=none rows=full(derivative-request) elapsed=0.003s
[INFO] [STAGE] logdet S (Z-projected) rho_dim=2 penalty_rank=1 elapsed=0.000s
[INFO] [#1271-diag] p=2 penalty_rank=1 nullspace_dim=1 logS=-1.612911 logH=4.090871 half_diff=2.851891 h_above1=1 h_min=9.964e-2 h_max=6.001e2 rho=[0.0000,0.0000] lambda=[1.000e0,1.000e0]
[INFO] [STAGE] reml_laml cost_only_done k=2 ext_dim=0 dim=2 elapsed=0.000s
[INFO] [OUTER hessian-route] choice=dense reason=below_crossover n=300 p=2 k=2 callback_kernel=false subspace_trace=false scale_prefers_operator=false dense_workspace_bytes=224
[INFO] [OUTER hessian-elapsed] choice=dense reason=below_crossover n=300 p=2 k=2 elapsed=0.000s
[INFO] [HGB] small-sample fallback to defaults: pairs=0, threshold=3
[INFO] [reml-geometry] dense_spectral reason=constraints_present p=13 nnz_x=na nnz_h_est=na density_h_est=na threshold=0.1000
[INFO] [STAGE] PIRLS update_with_curvature iter=1 curvature=Fisher elapsed=0.000s source=rebuilt
[INFO] [PIRLS iter-end] iter=  1 elapsed=0.0012s lm_lambda=3.33e-7 g_norm=8.707e-10 last_dev_change=4.985e-4 last_halving=1
[INFO] [PIRLS iter-breakdown] iter=  1 attempts=1 curvature=0.001s solve=0.000s predred=0.000s candidate=0.000s other=0.000s
[INFO] [PIRLS lm-trajectory] iter=  1 start_lambda=1.000e-6 final_lambda=3.333e-7 log10_ratio=-0.477 accept_rho=1.000 attempts=1
[INFO] [STAGE] PIRLS update_with_curvature iter=2 curvature=Fisher elapsed=0.000s source=reused_prev_accept
[INFO] [PIRLS exact-decrement] applicable=true decrement_sq=8.928513e-24 threshold=5.557679e-12 pass=true gradient_norm=5.780479e-13 relative_gradient=3.386127e-15 dimension_scale=6.244998e1 natural_scale=1.697106e2 objective=5.336793e1 actual_reduction=0.000000e0 predicted_reduction=4.672041e-18 linear_model_term=-9.325273e-18 direction_norm=9.663797e-9 data_reduction=0.000000e0 penalty_reduction=4.662797e-18
[INFO] [PIRLS solve-end] iters=2 elapsed=0.0024s g_norm_initial=1.697e2 g_norm_final=5.780e-13 convergence_rate=5.836e-8 status=Converged
[INFO] [STAGE] inner pirls solve iters=2 status=Converged max_eta=1.0 jeffreys_logdet=none rows=full(derivative-request) elapsed=0.003s
[INFO] [STAGE] logdet S (Z-projected) rho_dim=2 penalty_rank=1 elapsed=0.000s
[INFO] [#1271-diag] p=2 penalty_rank=1 nullspace_dim=1 logS=-1.612911 logH=4.090871 half_diff=2.851891 h_above1=1 h_min=9.964e-2 h_max=6.001e2 rho=[0.0000,0.0000] lambda=[1.000e0,1.000e0]
[INFO] [STAGE] logdet S (Z-projected) rho_dim=2 penalty_rank=1 elapsed=0.000s
[INFO] [#1271-diag] p=2 penalty_rank=1 nullspace_dim=1 logS=-1.612911 logH=4.090871 half_diff=2.851891 h_above1=1 h_min=9.964e-2 h_max=6.001e2 rho=[0.0000,0.0000] lambda=[1.000e0,1.000e0]
[INFO] [STAGE] reml_laml cost_only_done k=2 ext_dim=0 dim=2 elapsed=0.000s
[INFO] [HGB] small-sample fallback to defaults: pairs=0, threshold=3
[INFO] [CERTIFICATE] standard REML: the objective published no criterion resolution; using the last-bit floor 6.087e-14 of the value alone (#2812)
[INFO] [CERTIFICATE-BOUND] standard REML: fidelity=Screening, rho=[0.0, 0.0], bound 4.470348e-6 set by solver-band (derived_standard=false, |Pg|=5.017408e-8, |g|=5.017408e-8, solver_band=4.470348e-6, cost=2.731166e2)
[INFO] [CERTIFICATE] standard REML: gradient |g|=5.017e-8 |Pg|=5.017e-8 bound=4.470e-6 (rung=solver-band derived_standard=false) hessian_psd=not-spent curvature_source=screening-not-spent railed=[] → stationary
[INFO] [reml-geometry] dense_spectral reason=constraints_present p=13 nnz_x=na nnz_h_est=na density_h_est=na threshold=0.1000
[INFO] [STAGE] PIRLS update_with_curvature iter=1 curvature=Fisher elapsed=0.000s source=rebuilt
[INFO] [PIRLS iter-end] iter=  1 elapsed=0.0011s lm_lambda=3.33e-7 g_norm=1.981e-9 last_dev_change=4.985e-4 last_halving=1
[INFO] [PIRLS iter-breakdown] iter=  1 attempts=1 curvature=0.001s solve=0.000s predred=0.000s candidate=0.000s other=0.000s
[INFO] [PIRLS lm-trajectory] iter=  1 start_lambda=1.000e-6 final_lambda=3.333e-7 log10_ratio=-0.477 accept_rho=1.000 attempts=1
[INFO] [STAGE] PIRLS update_with_curvature iter=2 curvature=Fisher elapsed=0.000s source=reused_prev_accept
[INFO] [PIRLS exact-decrement] applicable=true decrement_sq=1.470963e-29 threshold=5.557679e-12 pass=true gradient_norm=5.329071e-14 relative_gradient=3.121698e-16 dimension_scale=6.244998e1 natural_scale=1.697106e2 objective=5.336793e1 actual_reduction=0.000000e0 predicted_reduction=2.616341e-20 linear_model_term=-3.976097e-20 direction_norm=1.252043e-11 data_reduction=0.000000e0 penalty_reduction=1.359554e-20
[INFO] [PIRLS solve-end] iters=2 elapsed=0.0024s g_norm_initial=1.697e2 g_norm_final=5.329e-14 convergence_rate=1.772e-8 status=Converged
[INFO] [STAGE] inner pirls solve iters=2 status=Converged max_eta=1.0 jeffreys_logdet=none rows=full(derivative-request) elapsed=0.003s
[INFO] [STAGE] logdet S (Z-projected) rho_dim=2 penalty_rank=1 elapsed=0.000s
[INFO] [#1271-diag] p=2 penalty_rank=1 nullspace_dim=1 logS=5.849186 logH=11.552969 half_diff=2.851891 h_above1=2 h_min=1.269e2 h_max=8.200e2 rho=[6.9127,7.4621] lambda=[1.005e3,1.741e3]
[INFO] [STAGE] reml_laml cost_only_done k=2 ext_dim=0 dim=2 elapsed=0.000s
[INFO] [OUTER hessian-route] choice=dense reason=below_crossover n=300 p=2 k=2 callback_kernel=false subspace_trace=false scale_prefers_operator=false dense_workspace_bytes=224
[INFO] [OUTER hessian-elapsed] choice=dense reason=below_crossover n=300 p=2 k=2 elapsed=0.000s
[INFO] [HGB] small-sample fallback to defaults: pairs=0, threshold=3
[INFO] [reml-geometry] dense_spectral reason=constraints_present p=13 nnz_x=na nnz_h_est=na density_h_est=na threshold=0.1000
[INFO] [STAGE] PIRLS update_with_curvature iter=1 curvature=Fisher elapsed=0.000s source=rebuilt
[INFO] [PIRLS iter-end] iter=  1 elapsed=0.0011s lm_lambda=3.33e-7 g_norm=1.981e-9 last_dev_change=4.985e-4 last_halving=1
[INFO] [PIRLS iter-breakdown] iter=  1 attempts=1 curvature=0.000s solve=0.000s predred=0.000s candidate=0.000s other=0.000s
[INFO] [PIRLS lm-trajectory] iter=  1 start_lambda=1.000e-6 final_lambda=3.333e-7 log10_ratio=-0.477 accept_rho=1.000 attempts=1
[INFO] [STAGE] PIRLS update_with_curvature iter=2 curvature=Fisher elapsed=0.000s source=reused_prev_accept
[INFO] [PIRLS exact-decrement] applicable=true decrement_sq=1.470963e-29 threshold=5.557679e-12 pass=true gradient_norm=5.329071e-14 relative_gradient=3.121698e-16 dimension_scale=6.244998e1 natural_scale=1.697106e2 objective=5.336793e1 actual_reduction=0.000000e0 predicted_reduction=2.616341e-20 linear_model_term=-3.976097e-20 direction_norm=1.252043e-11 data_reduction=0.000000e0 penalty_reduction=1.359554e-20
[INFO] [PIRLS solve-end] iters=2 elapsed=0.0023s g_norm_initial=1.697e2 g_norm_final=5.329e-14 convergence_rate=1.772e-8 status=Converged
[INFO] [STAGE] inner pirls solve iters=2 status=Converged max_eta=1.0 jeffreys_logdet=none rows=full(derivative-request) elapsed=0.003s
[INFO] [STAGE] logdet S (Z-projected) rho_dim=2 penalty_rank=1 elapsed=0.000s
[INFO] [#1271-diag] p=2 penalty_rank=1 nullspace_dim=1 logS=5.849186 logH=11.552969 half_diff=2.851891 h_above1=2 h_min=1.269e2 h_max=8.200e2 rho=[6.9127,7.4621] lambda=[1.005e3,1.741e3]
[INFO] [STAGE] logdet S (Z-projected) rho_dim=2 penalty_rank=1 elapsed=0.000s
[INFO] [#1271-diag] p=2 penalty_rank=1 nullspace_dim=1 logS=5.849186 logH=11.552969 half_diff=2.851891 h_above1=2 h_min=1.269e2 h_max=8.200e2 rho=[6.9127,7.4621] lambda=[1.005e3,1.741e3]
[INFO] [STAGE] reml_laml cost_only_done k=2 ext_dim=0 dim=2 elapsed=0.000s
[INFO] [HGB] small-sample fallback to defaults: pairs=0, threshold=3
[INFO] [CERTIFICATE] standard REML: the objective published no criterion resolution; using the last-bit floor 6.087e-14 of the value alone (#2812)
[INFO] [CERTIFICATE-BOUND] standard REML: fidelity=Screening, rho=[6.912650948340594, 7.462097552412462], bound 4.470348e-6 set by solver-band (derived_standard=false, |Pg|=1.401296e-7, |g|=1.401296e-7, solver_band=4.470348e-6, cost=2.731166e2)
[INFO] [CERTIFICATE] standard REML: gradient |g|=1.401e-7 |Pg|=1.401e-7 bound=4.470e-6 (rung=solver-band derived_standard=false) hessian_psd=not-spent curvature_source=screening-not-spent railed=[] → stationary
[INFO] [reml-geometry] dense_spectral reason=constraints_present p=13 nnz_x=na nnz_h_est=na density_h_est=na threshold=0.1000
[INFO] [STAGE] PIRLS update_with_curvature iter=1 curvature=Fisher elapsed=0.000s source=rebuilt
[INFO] [PIRLS iter-end] iter=  1 elapsed=0.0011s lm_lambda=3.33e-7 g_norm=8.707e-10 last_dev_change=4.985e-4 last_halving=1
[INFO] [PIRLS iter-breakdown] iter=  1 attempts=1 curvature=0.000s solve=0.000s predred=0.000s candidate=0.000s other=0.000s
[INFO] [PIRLS lm-trajectory] iter=  1 start_lambda=1.000e-6 final_lambda=3.333e-7 log10_ratio=-0.477 accept_rho=1.000 attempts=1
[INFO] [STAGE] PIRLS update_with_curvature iter=2 curvature=Fisher elapsed=0.000s source=reused_prev_accept
[INFO] [PIRLS exact-decrement] applicable=true decrement_sq=8.928513e-24 threshold=5.557679e-12 pass=true gradient_norm=5.780479e-13 relative_gradient=3.386127e-15 dimension_scale=6.244998e1 natural_scale=1.697106e2 objective=5.336793e1 actual_reduction=0.000000e0 predicted_reduction=4.672041e-18 linear_model_term=-9.325273e-18 direction_norm=9.663797e-9 data_reduction=0.000000e0 penalty_reduction=4.662797e-18
[INFO] [PIRLS solve-end] iters=2 elapsed=0.0024s g_norm_initial=1.697e2 g_norm_final=5.780e-13 convergence_rate=5.836e-8 status=Converged
[INFO] [STAGE] inner pirls solve iters=2 status=Converged max_eta=1.0 jeffreys_logdet=none rows=full(derivative-request) elapsed=0.003s
[INFO] [STAGE] logdet S (Z-projected) rho_dim=2 penalty_rank=1 elapsed=0.000s
[INFO] [#1271-diag] p=2 penalty_rank=1 nullspace_dim=1 logS=-1.612911 logH=4.090871 half_diff=2.851891 h_above1=1 h_min=9.964e-2 h_max=6.001e2 rho=[0.0000,0.0000] lambda=[1.000e0,1.000e0]
[INFO] [STAGE] reml_laml cost_only_done k=2 ext_dim=0 dim=2 elapsed=0.000s
[INFO] [OUTER hessian-route] choice=dense reason=below_crossover n=300 p=2 k=2 callback_kernel=false subspace_trace=false scale_prefers_operator=false dense_workspace_bytes=224
[INFO] [OUTER hessian-elapsed] choice=dense reason=below_crossover n=300 p=2 k=2 elapsed=0.000s
[INFO] [HGB] small-sample fallback to defaults: pairs=0, threshold=3
[INFO] [reml-geometry] dense_spectral reason=constraints_present p=13 nnz_x=na nnz_h_est=na density_h_est=na threshold=0.1000
[INFO] [STAGE] PIRLS update_with_curvature iter=1 curvature=Fisher elapsed=0.000s source=rebuilt
[INFO] [PIRLS iter-end] iter=  1 elapsed=0.0011s lm_lambda=3.33e-7 g_norm=8.707e-10 last_dev_change=4.985e-4 last_halving=1
[INFO] [PIRLS iter-breakdown] iter=  1 attempts=1 curvature=0.000s solve=0.000s predred=0.000s candidate=0.000s other=0.000s
[INFO] [PIRLS lm-trajectory] iter=  1 start_lambda=1.000e-6 final_lambda=3.333e-7 log10_ratio=-0.477 accept_rho=1.000 attempts=1
[INFO] [STAGE] PIRLS update_with_curvature iter=2 curvature=Fisher elapsed=0.000s source=reused_prev_accept
[INFO] [PIRLS exact-decrement] applicable=true decrement_sq=8.928513e-24 threshold=5.557679e-12 pass=true gradient_norm=5.780479e-13 relative_gradient=3.386127e-15 dimension_scale=6.244998e1 natural_scale=1.697106e2 objective=5.336793e1 actual_reduction=0.000000e0 predicted_reduction=4.672041e-18 linear_model_term=-9.325273e-18 direction_norm=9.663797e-9 data_reduction=0.000000e0 penalty_reduction=4.662797e-18
[INFO] [PIRLS solve-end] iters=2 elapsed=0.0024s g_norm_initial=1.697e2 g_norm_final=5.780e-13 convergence_rate=5.836e-8 status=Converged
[INFO] [STAGE] inner pirls solve iters=2 status=Converged max_eta=1.0 jeffreys_logdet=none rows=full(derivative-request) elapsed=0.003s
[INFO] [STAGE] logdet S (Z-projected) rho_dim=2 penalty_rank=1 elapsed=0.000s
[INFO] [#1271-diag] p=2 penalty_rank=1 nullspace_dim=1 logS=-1.612911 logH=4.090871 half_diff=2.851891 h_above1=1 h_min=9.964e-2 h_max=6.001e2 rho=[0.0000,0.0000] lambda=[1.000e0,1.000e0]
[INFO] [STAGE] reml_laml cost_only_done k=2 ext_dim=0 dim=2 elapsed=0.000s
[INFO] [OUTER hessian-route] choice=dense reason=below_crossover n=300 p=2 k=2 callback_kernel=false subspace_trace=false scale_prefers_operator=false dense_workspace_bytes=224
[INFO] [OUTER hessian-elapsed] choice=dense reason=below_crossover n=300 p=2 k=2 elapsed=0.000s
[INFO] [HGB] small-sample fallback to defaults: pairs=0, threshold=3
[INFO] [reml-geometry] dense_spectral reason=constraints_present p=13 nnz_x=na nnz_h_est=na density_h_est=na threshold=0.1000
[INFO] [STAGE] PIRLS update_with_curvature iter=1 curvature=Fisher elapsed=0.000s source=rebuilt
[INFO] [PIRLS iter-end] iter=  1 elapsed=0.0012s lm_lambda=3.33e-7 g_norm=8.707e-10 last_dev_change=4.985e-4 last_halving=1
[INFO] [PIRLS iter-breakdown] iter=  1 attempts=1 curvature=0.001s solve=0.000s predred=0.000s candidate=0.000s other=0.000s
[INFO] [PIRLS lm-trajectory] iter=  1 start_lambda=1.000e-6 final_lambda=3.333e-7 log10_ratio=-0.477 accept_rho=1.000 attempts=1
[INFO] [STAGE] PIRLS update_with_curvature iter=2 curvature=Fisher elapsed=0.000s source=reused_prev_accept
[INFO] [PIRLS exact-decrement] applicable=true decrement_sq=8.928513e-24 threshold=5.557679e-12 pass=true gradient_norm=5.780479e-13 relative_gradient=3.386127e-15 dimension_scale=6.244998e1 natural_scale=1.697106e2 objective=5.336793e1 actual_reduction=0.000000e0 predicted_reduction=4.672041e-18 linear_model_term=-9.325273e-18 direction_norm=9.663797e-9 data_reduction=0.000000e0 penalty_reduction=4.662797e-18
[INFO] [PIRLS solve-end] iters=2 elapsed=0.0024s g_norm_initial=1.697e2 g_norm_final=5.780e-13 convergence_rate=5.836e-8 status=Converged
[INFO] [STAGE] inner pirls solve iters=2 status=Converged max_eta=1.0 jeffreys_logdet=none rows=full(derivative-request) elapsed=0.003s
[INFO] [STAGE] logdet S (Z-projected) rho_dim=2 penalty_rank=1 elapsed=0.000s
[INFO] [#1271-diag] p=2 penalty_rank=1 nullspace_dim=1 logS=-1.612911 logH=4.090871 half_diff=2.851891 h_above1=1 h_min=9.964e-2 h_max=6.001e2 rho=[0.0000,0.0000] lambda=[1.000e0,1.000e0]
[INFO] [STAGE] logdet S (Z-projected) rho_dim=2 penalty_rank=1 elapsed=0.000s
[INFO] [#1271-diag] p=2 penalty_rank=1 nullspace_dim=1 logS=-1.612911 logH=4.090871 half_diff=2.851891 h_above1=1 h_min=9.964e-2 h_max=6.001e2 rho=[0.0000,0.0000] lambda=[1.000e0,1.000e0]
[INFO] [STAGE] reml_laml cost_only_done k=2 ext_dim=0 dim=2 elapsed=0.000s
[INFO] [OUTER hessian-route] choice=dense reason=below_crossover n=300 p=2 k=2 callback_kernel=false subspace_trace=false scale_prefers_operator=false dense_workspace_bytes=224
[INFO] [OUTER hessian-elapsed] choice=dense reason=below_crossover n=300 p=2 k=2 elapsed=0.000s
[INFO] [HGB] small-sample fallback to defaults: pairs=0, threshold=3
[INFO] [CERTIFICATE] standard REML: the objective published no criterion resolution; using the last-bit floor 6.087e-14 of the value alone (#2812)
[INFO] [CERTIFICATE-BOUND] standard REML: fidelity=Mint, rho=[0.0, 0.0], bound 4.470348e-6 set by solver-band (derived_standard=false, |Pg|=5.017408e-8, |g|=5.017408e-8, solver_band=4.470348e-6, cost=2.731166e2)
[INFO] [CERTIFICATE] standard REML: gradient |g|=5.017e-8 |Pg|=5.017e-8 bound=4.470e-6 (rung=solver-band derived_standard=false) hessian_psd=yes curvature_source=terminal-analytic railed=[] → stationary
[INFO] [STAGE] PIRLS update_with_curvature iter=1 curvature=Fisher elapsed=0.000s source=rebuilt
[INFO] [PIRLS solve-end] iters=1 elapsed=0.0012s g_norm_initial=1.697e2 g_norm_final=8.707e-10 convergence_rate=5.130e-12 status=Converged
[INFO] [STAGE] logdet S (Z-projected) rho_dim=2 penalty_rank=1 elapsed=0.000s
[INFO] [#1271-diag] p=2 penalty_rank=1 nullspace_dim=1 logS=-1.612911 logH=4.090871 half_diff=2.851891 h_above1=1 h_min=9.964e-2 h_max=6.001e2 rho=[0.0000,0.0000] lambda=[1.000e0,1.000e0]
[INFO] [STAGE] reml_laml cost_only_done k=2 ext_dim=0 dim=2 elapsed=0.000s
[INFO] [OUTER hessian-route] choice=dense reason=below_crossover n=300 p=2 k=2 callback_kernel=false subspace_trace=false scale_prefers_operator=false dense_workspace_bytes=224
[INFO] [OUTER hessian-elapsed] choice=dense reason=below_crossover n=300 p=2 k=2 elapsed=0.000s
[INFO] LAML rho Hessian has no identified directions (active_rank=0/2, structural_zero=0, curvature_resolution=7.130e-22); smoothing correction is exactly zero.
[WARN] [INDEF-HESS] rho=[0.0, 0.0]
[WARN] [INDEF-HESS] eigenvalues=[0.0, 2.5087188242087752e-8]
[WARN] [INDEF-HESS] active_rank=0/2 structural_zero=0 unresolvable_curvature=1 below_gradient_floor=1 curvature_resolution=7.130e-22
[WARN] [INDEF-HESS] classifications=["R", "G"] (A=active; Z=certified null of the penalty map, excused by STRUCTURE; R=under the measured curvature resolution ||dH||_2, excused by RESOLUTION; G=under the outer loop's own gradient floor, i.e. a saturation null, excused by the CHAIN RULE)
[WARN] [INDEF-HESS] min_eigenvalue=0.0000e0 min_eigenvector=[1.0, 0.0]
[WARN] [INDEF-HESS] outer_gradient=[-6.3332796128804145e-37, -5.017408377524274e-8]
[WARN] [INDEF-HESS] reparam_split sigma=[0.0, 2.5087188242087752e-8] reparam=sum_k g_k v_k^2=[-6.3332796128804145e-37, -5.017408377524274e-8] intrinsic=sigma-reparam=[6.3332796128804145e-37, 7.526127201733049e-8] gradient_floor=sum_k |g_k| v_k^2=[6.3332796128804145e-37, 5.017408377524274e-8] (a certified-null direction has intrinsic == 0 EXACTLY, so |sigma| == floor and the gate's boundary runs through it; see #2676)
[WARN] [INDEF-HESS] penalty_count=2 ranges=[(0, 13), (0, 13)] ranks=[10, 2]
[WARN] [INDEF-HESS] pair=(0,1) relative_defect=9.993101e-1 best_scale=3.714004e-2 tr_ii=1.0000e0 tr_jj=1.0000e0 v_neg[i]-v_neg[j]/sqrt2=7.0711e-1
[INFO] [smoothing-correction] branch=first-order severity=routine has_matrix=false reason="certified rho spectrum unavailable: nothing for cubature to reuse"
[INFO] [STAGE] logdet S (Z-projected) rho_dim=2 penalty_rank=1 elapsed=0.000s
[INFO] [#1271-diag] p=2 penalty_rank=1 nullspace_dim=1 logS=-1.612911 logH=4.090871 half_diff=2.851891 h_above1=1 h_min=9.964e-2 h_max=6.001e2 rho=[0.0000,0.0000] lambda=[1.000e0,1.000e0]
[INFO] [STAGE] reml_laml cost_only_done k=2 ext_dim=0 dim=2 elapsed=0.000s
[INFO] [OUTER hessian-route] choice=dense reason=below_crossover n=300 p=2 k=2 callback_kernel=false subspace_trace=false scale_prefers_operator=false dense_workspace_bytes=224
[INFO] [OUTER hessian-elapsed] choice=dense reason=below_crossover n=300 p=2 k=2 elapsed=0.000s
[INFO] [GAM fit] n=300 p=13 k=2 fam=LikelihoodSpec { response: Gaussian, link: Standard(Identity) } link=Identity X=dense reml_iter=200 firth=false
[INFO] [reml-geometry] dense_spectral reason=constraints_present p=13 nnz_x=na nnz_h_est=na density_h_est=na threshold=0.1000
[INFO] [STAGE] PIRLS update_with_curvature iter=1 curvature=Fisher elapsed=0.000s source=rebuilt
[INFO] [PIRLS iter-end] iter=  1 elapsed=0.0014s lm_lambda=3.33e-7 g_norm=2.605e-4 last_dev_change=5.195e1 last_halving=1
[INFO] [PIRLS iter-breakdown] iter=  1 attempts=1 curvature=0.001s solve=0.000s predred=0.000s candidate=0.000s other=0.000s
[INFO] [PIRLS lm-trajectory] iter=  1 start_lambda=1.000e-6 final_lambda=3.333e-7 log10_ratio=-0.477 accept_rho=1.000 attempts=1
[INFO] [STAGE] PIRLS update_with_curvature iter=2 curvature=Fisher elapsed=0.000s source=reused_prev_accept
[INFO] [PIRLS iter-end] iter=  2 elapsed=0.0009s lm_lambda=1.11e-7 g_norm=1.168e-6 last_dev_change=5.842e-8 last_halving=1
[INFO] [PIRLS iter-breakdown] iter=  2 attempts=1 curvature=0.000s solve=0.000s predred=0.000s candidate=0.000s other=0.000s
[INFO] [PIRLS lm-trajectory] iter=  2 start_lambda=3.333e-7 final_lambda=1.111e-7 log10_ratio=-0.477 accept_rho=1.000 attempts=1
[INFO] [STAGE] PIRLS update_with_curvature iter=3 curvature=Fisher elapsed=0.000s source=reused_prev_accept
[INFO] [PIRLS iter-end] iter=  3 elapsed=0.0010s lm_lambda=3.70e-8 g_norm=1.410e-8 last_dev_change=7.305e-11 last_halving=1
[INFO] [PIRLS iter-breakdown] iter=  3 attempts=1 curvature=0.000s solve=0.000s predred=0.000s candidate=0.000s other=0.000s
[INFO] [PIRLS lm-trajectory] iter=  3 start_lambda=1.111e-7 final_lambda=3.704e-8 log10_ratio=-0.477 accept_rho=1.000 attempts=1
[INFO] [STAGE] PIRLS update_with_curvature iter=4 curvature=Fisher elapsed=0.000s source=reused_prev_accept
[INFO] [PIRLS exact-decrement] applicable=true decrement_sq=3.508008e-19 threshold=1.468386e-13 pass=true gradient_norm=5.757772e-11 relative_gradient=3.285458e-11 dimension_scale=6.244998e1 natural_scale=7.525023e-1 objective=1.410026e0 actual_reduction=1.043610e-14 predicted_reduction=1.064344e-14 linear_model_term=-2.120047e-14 direction_norm=3.081317e-6 data_reduction=5.329071e-15 penalty_reduction=5.176198e-15
[INFO] [PIRLS solve-end] iters=4 elapsed=0.0051s g_norm_initial=1.617e3 g_norm_final=5.758e-11 convergence_rate=4.344e-4 status=Converged
[INFO] [STAGE] inner pirls solve iters=4 status=Converged max_eta=2.0 jeffreys_logdet=none rows=full(derivative-request) elapsed=0.006s
[INFO] [STAGE] logdet S (Z-projected) rho_dim=2 penalty_rank=3 elapsed=0.000s
[INFO] [#1271-diag] p=4 penalty_rank=3 nullspace_dim=1 logS=-9.987508 logH=14.137122 half_diff=12.062315 h_above1=3 h_min=2.224e-3 h_max=1.094e4 rho=[0.0000,0.0000] lambda=[1.000e0,1.000e0]
[INFO] [STAGE] reml_laml cost_only_done k=2 ext_dim=0 dim=4 elapsed=0.000s
[INFO] [HGB] small-sample fallback to defaults: pairs=0, threshold=3
[INFO] [STAGE] logdet S (Z-projected) rho_dim=2 penalty_rank=3 elapsed=0.000s
[INFO] [#1271-diag] p=4 penalty_rank=3 nullspace_dim=1 logS=-9.987508 logH=14.137122 half_diff=12.062315 h_above1=3 h_min=2.224e-3 h_max=1.094e4 rho=[0.0000,0.0000] lambda=[1.000e0,1.000e0]
[INFO] [reml-geometry] dense_spectral reason=constraints_present p=13 nnz_x=na nnz_h_est=na density_h_est=na threshold=0.1000
[INFO] [IFT-REJECTED] reason=large_drho max_drho=1.111e1 cap=2.000e0 drho_dim=2
[INFO] [STAGE] PIRLS update_with_curvature iter=1 curvature=Fisher elapsed=0.000s source=rebuilt
[INFO] [PIRLS iter-end] iter=  1 elapsed=0.0013s lm_lambda=3.33e-7 g_norm=7.590e-4 last_dev_change=2.405e1 last_halving=1
[INFO] [PIRLS iter-breakdown] iter=  1 attempts=1 curvature=0.001s solve=0.000s predred=0.000s candidate=0.000s other=0.000s
[INFO] [PIRLS lm-trajectory] iter=  1 start_lambda=1.000e-6 final_lambda=3.333e-7 log10_ratio=-0.477 accept_rho=1.000 attempts=1
[INFO] [STAGE] PIRLS update_with_curvature iter=2 curvature=Fisher elapsed=0.000s source=reused_prev_accept
[INFO] [PIRLS solve-end] iters=2 elapsed=0.0024s g_norm_initial=1.527e3 g_norm_final=1.098e-10 convergence_rate=2.681e-7 status=Converged
[INFO] [STAGE] inner pirls solve iters=2 status=Converged max_eta=1.5 jeffreys_logdet=none rows=full(derivative-request) elapsed=0.003s
[INFO] [STAGE] logdet S (Z-projected) rho_dim=2 penalty_rank=5 elapsed=0.000s
[INFO] [#1271-diag] p=6 penalty_rank=5 nullspace_dim=1 logS=39.782895 logH=46.263438 half_diff=3.240272 h_above1=6 h_min=8.668e1 h_max=1.069e5 rho=[10.0589,11.1122] lambda=[2.336e4,6.698e4]
[INFO] [OUTER] standard REML: n_params=2, gradient=Analytic, hessian=Either -> solver=Arc, search_hessian_source=Analytic [solver=Arc;hessian=Analytic;matrix-free=false] [EFS with runtime barrier-curvature guard]
[INFO] [reml-geometry] dense_spectral reason=constraints_present p=13 nnz_x=na nnz_h_est=na density_h_est=na threshold=0.1000
[INFO] [STAGE] PIRLS update_with_curvature iter=1 curvature=Fisher elapsed=0.000s source=rebuilt
[INFO] [PIRLS iter-end] iter=  1 elapsed=0.0013s lm_lambda=3.33e-7 g_norm=2.605e-4 last_dev_change=5.195e1 last_halving=1
[INFO] [PIRLS iter-breakdown] iter=  1 attempts=1 curvature=0.001s solve=0.000s predred=0.000s candidate=0.000s other=0.000s
[INFO] [PIRLS lm-trajectory] iter=  1 start_lambda=1.000e-6 final_lambda=3.333e-7 log10_ratio=-0.477 accept_rho=1.000 attempts=1
[INFO] [STAGE] PIRLS update_with_curvature iter=2 curvature=Fisher elapsed=0.000s source=reused_prev_accept
[INFO] [PIRLS iter-end] iter=  2 elapsed=0.0011s lm_lambda=1.11e-7 g_norm=1.168e-6 last_dev_change=5.842e-8 last_halving=1
[INFO] [PIRLS iter-breakdown] iter=  2 attempts=1 curvature=0.001s solve=0.000s predred=0.000s candidate=0.000s other=0.000s
[INFO] [PIRLS lm-trajectory] iter=  2 start_lambda=3.333e-7 final_lambda=1.111e-7 log10_ratio=-0.477 accept_rho=1.000 attempts=1
[INFO] [STAGE] PIRLS update_with_curvature iter=3 curvature=Fisher elapsed=0.000s source=reused_prev_accept
[INFO] [PIRLS iter-end] iter=  3 elapsed=0.0009s lm_lambda=3.70e-8 g_norm=1.410e-8 last_dev_change=7.305e-11 last_halving=1
[INFO] [PIRLS iter-breakdown] iter=  3 attempts=1 curvature=0.000s solve=0.000s predred=0.000s candidate=0.000s other=0.000s
[INFO] [PIRLS lm-trajectory] iter=  3 start_lambda=1.111e-7 final_lambda=3.704e-8 log10_ratio=-0.477 accept_rho=1.000 attempts=1
[INFO] [STAGE] PIRLS update_with_curvature iter=4 curvature=Fisher elapsed=0.000s source=reused_prev_accept
[INFO] [PIRLS exact-decrement] applicable=true decrement_sq=3.508008e-19 threshold=1.468386e-13 pass=true gradient_norm=5.757772e-11 relative_gradient=3.285458e-11 dimension_scale=6.244998e1 natural_scale=7.525023e-1 objective=1.410026e0 actual_reduction=1.043610e-14 predicted_reduction=1.064344e-14 linear_model_term=-2.120047e-14 direction_norm=3.081317e-6 data_reduction=5.329071e-15 penalty_reduction=5.176198e-15
[INFO] [PIRLS solve-end] iters=4 elapsed=0.0051s g_norm_initial=1.617e3 g_norm_final=5.758e-11 convergence_rate=4.344e-4 status=Converged
[INFO] [STAGE] inner pirls solve iters=4 status=Converged max_eta=2.0 jeffreys_logdet=none rows=full(derivative-request) elapsed=0.006s
[INFO] [STAGE] logdet S (Z-projected) rho_dim=2 penalty_rank=3 elapsed=0.000s
[INFO] [#1271-diag] p=4 penalty_rank=3 nullspace_dim=1 logS=-9.987508 logH=14.137122 half_diff=12.062315 h_above1=3 h_min=2.224e-3 h_max=1.094e4 rho=[0.0000,0.0000] lambda=[1.000e0,1.000e0]
[INFO] [STAGE] reml_laml cost_only_done k=2 ext_dim=0 dim=4 elapsed=0.000s
[INFO] [OUTER hessian-route] choice=dense reason=below_crossover n=300 p=4 k=2 callback_kernel=false subspace_trace=false scale_prefers_operator=false dense_workspace_bytes=896
[INFO] [OUTER hessian-elapsed] choice=dense reason=below_crossover n=300 p=4 k=2 elapsed=0.000s
[INFO] [HGB] small-sample fallback to defaults: pairs=0, threshold=3
[INFO] [OUTER schedule] inner-PIRLS cap transition (ARC bridge) arc_iter=0 g_ratio=n/a last_iters=4 converged=true ift_residual=n/a accept_rho=1.000 prev=0 new=6 (capped)
[INFO] [STAGE] outer eval start order=ValueGradientHessian dim=2
[INFO] [reml-geometry] dense_spectral reason=constraints_present p=13 nnz_x=na nnz_h_est=na density_h_est=na threshold=0.1000
[INFO] [IFT-CACHE] outcome=miss drho_dim=2 p=13 elapsed=0.000s
[INFO] [ADAPTIVE-KKT] outer_g_norm=6.539e-1 effective_tol=1.000e-10 floor=1.000e-12 ceiling=1.000e-10
[INFO] [STAGE] PIRLS update_with_curvature iter=1 curvature=Fisher elapsed=0.000s source=rebuilt
[INFO] [PIRLS iter-end] iter=  1 elapsed=0.0013s lm_lambda=3.33e-7 g_norm=8.086e-8 last_dev_change=8.749e-6 last_halving=1
[INFO] [PIRLS iter-breakdown] iter=  1 attempts=1 curvature=0.001s solve=0.000s predred=0.000s candidate=0.000s other=0.000s
[INFO] [PIRLS lm-trajectory] iter=  1 start_lambda=1.000e-6 final_lambda=3.333e-7 log10_ratio=-0.477 accept_rho=1.000 attempts=1
[INFO] [STAGE] PIRLS update_with_curvature iter=2 curvature=Fisher elapsed=0.000s source=reused_prev_accept
[INFO] [PIRLS exact-decrement] applicable=true decrement_sq=1.121863e-17 threshold=1.468853e-13 pass=true gradient_norm=4.106187e-10 relative_gradient=2.338477e-10 dimension_scale=6.244998e1 natural_scale=7.559237e-1 objective=1.410475e0 actual_reduction=1.154632e-14 predicted_reduction=1.130906e-14 linear_model_term=-2.212606e-14 direction_norm=2.458393e-6 data_reduction=-2.171596e-13 penalty_reduction=2.288337e-13
[INFO] [PIRLS solve-end] iters=2 elapsed=0.0027s g_norm_initial=1.005e0 g_norm_final=4.106e-10 convergence_rate=2.021e-5 status=Converged
[INFO] [STAGE] inner pirls solve iters=2 status=Converged max_eta=2.0 jeffreys_logdet=none rows=full(derivative-request) elapsed=0.004s
[INFO] [IFT-QUALITY] quality=2.147e-5 ift=2.000e0 pred_residual=5.208e-5 cap_predicted=3.000e0 iters=2
[INFO] [STAGE] logdet S (Z-projected) rho_dim=2 penalty_rank=3 elapsed=0.000s
[INFO] [#1271-diag] p=4 penalty_rank=3 nullspace_dim=1 logS=-8.418337 logH=14.613528 half_diff=11.515933 h_above1=3 h_min=3.579e-3 h_max=1.094e4 rho=[0.6176,0.4758] lambda=[1.854e0,1.609e0]
[INFO] [STAGE] reml_laml cost_only_done k=2 ext_dim=0 dim=4 elapsed=0.000s
[INFO] [OUTER hessian-route] choice=dense reason=below_crossover n=300 p=4 k=2 callback_kernel=false subspace_trace=false scale_prefers_operator=false dense_workspace_bytes=896
[INFO] [OUTER hessian-elapsed] choice=dense reason=below_crossover n=300 p=4 k=2 elapsed=0.000s
[INFO] [HGB] small-sample fallback to defaults: pairs=1, threshold=3
[INFO] [STAGE] outer eval end order=ValueGradientHessian elapsed=0.004s cost=-2.613953e2 |g|=6.241e-1
[INFO] [OUTER] eval#1 (hess) cost=-2.613953e2 |g|=6.241e-1 rho=[0.618,0.476]
[INFO] [OUTER schedule] inner-PIRLS cap transition (ARC bridge) arc_iter=1 g_ratio=1.000e0 last_iters=2 converged=true ift_residual=2.147e-5 accept_rho=1.000 prev=6 new=3 (capped)
[INFO] [STAGE] outer eval start order=ValueGradientHessian dim=2
[INFO] [reml-geometry] dense_spectral reason=constraints_present p=13 nnz_x=na nnz_h_est=na density_h_est=na threshold=0.1000
[INFO] [IFT-CACHE] outcome=miss drho_dim=2 p=13 elapsed=0.000s
[INFO] [ADAPTIVE-KKT] outer_g_norm=6.241e-1 effective_tol=1.000e-10 floor=1.000e-12 ceiling=1.000e-10
[INFO] [STAGE] PIRLS update_with_curvature iter=1 curvature=Fisher elapsed=0.000s source=rebuilt
[INFO] [PIRLS iter-end] iter=  1 elapsed=0.0014s lm_lambda=3.70e-8 g_norm=3.297e-8 last_dev_change=3.719e-5 last_halving=1
[INFO] [PIRLS iter-breakdown] iter=  1 attempts=1 curvature=0.001s solve=0.000s predred=0.000s candidate=0.000s other=0.000s
[INFO] [PIRLS lm-trajectory] iter=  1 start_lambda=1.111e-7 final_lambda=3.704e-8 log10_ratio=-0.477 accept_rho=1.000 attempts=1
[INFO] [STAGE] PIRLS update_with_curvature iter=2 curvature=Fisher elapsed=0.000s source=reused_prev_accept
[INFO] [PIRLS exact-decrement] applicable=true decrement_sq=2.109290e-21 threshold=1.470486e-13 pass=true gradient_norm=8.493234e-12 relative_gradient=4.802928e-12 dimension_scale=6.244998e1 natural_scale=7.683449e-1 objective=1.412042e0 actual_reduction=2.220446e-16 predicted_reduction=8.868342e-16 linear_model_term=-1.770073e-15 direction_norm=4.609702e-7 data_reduction=-2.278178e-13 penalty_reduction=2.281886e-13
[INFO] [PIRLS solve-end] iters=2 elapsed=0.0028s g_norm_initial=1.777e0 g_norm_final=8.493e-12 convergence_rate=2.186e-6 status=Converged
[INFO] [STAGE] inner pirls solve iters=2 status=Converged max_eta=2.0 jeffreys_logdet=none rows=full(derivative-request) elapsed=0.004s
[INFO] [IFT-QUALITY] quality=7.564e-5 ift=3.000e0 pred_residual=1.835e-4 cap_predicted=4.500e0 iters=2
[INFO] [STAGE] logdet S (Z-projected) rho_dim=2 penalty_rank=3 elapsed=0.000s
[INFO] [#1271-diag] p=4 penalty_rank=3 nullspace_dim=1 logS=-5.170518 logH=15.460946 half_diff=10.315732 h_above1=3 h_min=8.310e-3 h_max=1.094e4 rho=[2.1805,1.3183] lambda=[8.850e0,3.737e0]
[INFO] [STAGE] reml_laml cost_only_done k=2 ext_dim=0 dim=4 elapsed=0.000s
[INFO] [OUTER hessian-route] choice=dense reason=below_crossover n=300 p=4 k=2 callback_kernel=false subspace_trace=false scale_prefers_operator=false dense_workspace_bytes=896
[INFO] [OUTER hessian-elapsed] choice=dense reason=below_crossover n=300 p=4 k=2 elapsed=0.000s
[INFO] [HGB] small-sample fallback to defaults: pairs=1, threshold=3
[INFO] [STAGE] outer eval end order=ValueGradientHessian elapsed=0.004s cost=-2.624294e2 |g|=5.388e-1
[INFO] [OUTER] eval#2 (hess) cost=-2.624294e2 |g|=5.388e-1 rho=[2.180,1.318]
[INFO] [STAGE] outer eval start order=ValueGradientHessian dim=2
[INFO] [reml-geometry] dense_spectral reason=constraints_present p=13 nnz_x=na nnz_h_est=na density_h_est=na threshold=0.1000
[INFO] [IFT-CACHE] outcome=miss drho_dim=2 p=13 elapsed=0.000s
[INFO] [ADAPTIVE-KKT] outer_g_norm=5.388e-1 effective_tol=1.000e-10 floor=1.000e-12 ceiling=1.000e-10
[INFO] [STAGE] PIRLS update_with_curvature iter=1 curvature=Fisher elapsed=0.000s source=rebuilt
[INFO] [PIRLS iter-end] iter=  1 elapsed=0.0013s lm_lambda=4.12e-9 g_norm=9.220e-9 last_dev_change=9.777e-5 last_halving=1
[INFO] [PIRLS iter-breakdown] iter=  1 attempts=1 curvature=0.001s solve=0.000s predred=0.000s candidate=0.000s other=0.000s
[INFO] [PIRLS lm-trajectory] iter=  1 start_lambda=1.235e-8 final_lambda=4.115e-9 log10_ratio=-0.477 accept_rho=1.000 attempts=1
[INFO] [STAGE] PIRLS update_with_curvature iter=2 curvature=Fisher elapsed=0.000s source=reused_prev_accept
[INFO] [PIRLS exact-decrement] applicable=true decrement_sq=5.631113e-25 threshold=1.471899e-13 pass=true gradient_norm=1.698502e-13 relative_gradient=9.574586e-14 dimension_scale=6.244998e1 natural_scale=7.739697e-1 objective=1.413399e0 actual_reduction=0.000000e0 predicted_reduction=2.839796e-17 linear_model_term=-5.622052e-17 direction_norm=6.697608e-8 data_reduction=1.525446e-13 penalty_reduction=-1.526773e-13
[INFO] [PIRLS solve-end] iters=2 elapsed=0.0027s g_norm_initial=2.780e0 g_norm_final=1.699e-13 convergence_rate=2.472e-7 status=Converged
[INFO] [STAGE] inner pirls solve iters=2 status=Converged max_eta=2.0 jeffreys_logdet=none rows=full(derivative-request) elapsed=0.003s
[INFO] [IFT-QUALITY] quality=2.132e-4 ift=4.500e0 pred_residual=5.171e-4 cap_predicted=6.750e0 iters=2
[INFO] [STAGE] logdet S (Z-projected) rho_dim=2 penalty_rank=4 elapsed=0.000s
[INFO] [#1271-diag] p=5 penalty_rank=4 nullspace_dim=1 logS=0.919307 logH=20.283043 half_diff=9.681868 h_above1=4 h_min=1.239e-2 h_max=1.632e4 rho=[4.3009,1.7179] lambda=[7.377e1,5.573e0]
[INFO] [STAGE] reml_laml cost_only_done k=2 ext_dim=0 dim=5 elapsed=0.000s
[INFO] [OUTER hessian-route] choice=dense reason=below_crossover n=300 p=5 k=2 callback_kernel=false subspace_trace=false scale_prefers_operator=false dense_workspace_bytes=1400
[INFO] [OUTER hessian-elapsed] choice=dense reason=below_crossover n=300 p=5 k=2 elapsed=0.000s
[INFO] [HGB] small-sample fallback to defaults: pairs=1, threshold=3
[INFO] [STAGE] outer eval end order=ValueGradientHessian elapsed=0.004s cost=-2.629197e2 |g|=7.559e-1
[INFO] [OUTER] eval#3 (hess) cost=-2.629197e2 |g|=7.559e-1 rho=[4.301,1.718]
[INFO] [STAGE] outer eval start order=ValueGradientHessian dim=2
[INFO] [reml-geometry] dense_spectral reason=constraints_present p=13 nnz_x=na nnz_h_est=na density_h_est=na threshold=0.1000
[INFO] [IFT-CACHE] outcome=miss drho_dim=2 p=13 elapsed=0.000s
[INFO] [ADAPTIVE-KKT] outer_g_norm=7.559e-1 effective_tol=1.000e-10 floor=1.000e-12 ceiling=1.000e-10
[INFO] [STAGE] PIRLS update_with_curvature iter=1 curvature=Fisher elapsed=0.000s source=rebuilt
[INFO] [PIRLS iter-end] iter=  1 elapsed=0.0012s lm_lambda=1.00e-9 g_norm=1.111e-8 last_dev_change=5.172e-3 last_halving=1
[INFO] [PIRLS iter-breakdown] iter=  1 attempts=1 curvature=0.001s solve=0.000s predred=0.000s candidate=0.000s other=0.000s
[INFO] [PIRLS lm-trajectory] iter=  1 start_lambda=1.372e-9 final_lambda=1.000e-9 log10_ratio=-0.137 accept_rho=1.000 attempts=1
[INFO] [STAGE] PIRLS update_with_curvature iter=2 curvature=Fisher elapsed=0.000s source=reused_prev_accept
[INFO] [PIRLS exact-decrement] applicable=true decrement_sq=2.674464e-25 threshold=1.472678e-13 pass=true gradient_norm=5.107581e-13 relative_gradient=2.514951e-13 dimension_scale=6.244998e1 natural_scale=1.030887e0 objective=1.414148e0 actual_reduction=0.000000e0 predicted_reduction=1.675664e-17 linear_model_term=-3.399401e-17 direction_norm=4.893148e-8 data_reduction=-5.970779e-13 penalty_reduction=5.971708e-13
[INFO] [PIRLS solve-end] iters=2 elapsed=0.0024s g_norm_initial=1.936e1 g_norm_final=5.108e-13 convergence_rate=1.624e-7 status=Converged
[INFO] [STAGE] inner pirls solve iters=2 status=Converged max_eta=2.0 jeffreys_logdet=none rows=full(derivative-request) elapsed=0.003s
[INFO] [IFT-QUALITY] quality=7.605e-4 ift=6.750e0 pred_residual=1.845e-3 cap_predicted=1.012e1 iters=2
[INFO] [STAGE] logdet S (Z-projected) rho_dim=2 penalty_rank=5 elapsed=0.000s
[INFO] [#1271-diag] p=6 penalty_rank=5 nullspace_dim=1 logS=18.941413 logH=34.124727 half_diff=7.591657 h_above1=5 h_min=1.439e-2 h_max=1.916e4 rho=[9.3615,1.8674] lambda=[1.163e4,6.471e0]
[INFO] [STAGE] reml_laml cost_only_done k=2 ext_dim=0 dim=6 elapsed=0.000s
[INFO] [OUTER hessian-route] choice=dense reason=below_crossover n=300 p=6 k=2 callback_kernel=false subspace_trace=false scale_prefers_operator=false dense_workspace_bytes=2016
[INFO] [OUTER hessian-elapsed] choice=dense reason=below_crossover n=300 p=6 k=2 elapsed=0.000s
[INFO] [HGB] small-sample fallback to defaults: pairs=1, threshold=3
[INFO] [STAGE] outer eval end order=ValueGradientHessian elapsed=0.004s cost=-2.649307e2 |g|=8.269e-2
[INFO] [OUTER] eval#4 (hess) cost=-2.649307e2 |g|=8.269e-2 rho=[9.361,1.867]
[INFO] [STAGE] outer eval start order=ValueGradientHessian dim=2
[INFO] [reml-geometry] dense_spectral reason=constraints_present p=13 nnz_x=na nnz_h_est=na density_h_est=na threshold=0.1000
[INFO] [IFT-CACHE] outcome=miss drho_dim=2 p=13 elapsed=0.000s
[INFO] [ADAPTIVE-KKT] outer_g_norm=8.269e-2 effective_tol=1.000e-10 floor=1.000e-12 ceiling=1.000e-10
[INFO] [STAGE] PIRLS update_with_curvature iter=1 curvature=Fisher elapsed=0.000s source=rebuilt
[INFO] [PIRLS solve-end] iters=1 elapsed=0.0013s g_norm_initial=7.133e-1 g_norm_final=2.445e-10 convergence_rate=3.428e-10 status=Converged
[INFO] [STAGE] inner pirls solve iters=1 status=Converged max_eta=2.0 jeffreys_logdet=none rows=full(derivative-request) elapsed=0.002s
[INFO] [IFT-QUALITY] quality=2.101e-5 ift=1.012e1 pred_residual=5.097e-5 cap_predicted=1.519e1 iters=1
[INFO] [STAGE] logdet S (Z-projected) rho_dim=2 penalty_rank=5 elapsed=0.000s
[INFO] [#1271-diag] p=6 penalty_rank=5 nullspace_dim=1 logS=22.444387 logH=37.512400 half_diff=7.534006 h_above1=5 h_min=1.428e-2 h_max=2.774e4 rho=[10.5341,1.8599] lambda=[3.758e4,6.423e0]
[INFO] [STAGE] reml_laml cost_only_done k=2 ext_dim=0 dim=6 elapsed=0.000s
[INFO] [OUTER hessian-route] choice=dense reason=below_crossover n=300 p=6 k=2 callback_kernel=false subspace_trace=false scale_prefers_operator=false dense_workspace_bytes=2016
[INFO] [OUTER hessian-elapsed] choice=dense reason=below_crossover n=300 p=6 k=2 elapsed=0.000s
[INFO] [HGB] small-sample fallback to defaults: pairs=1, threshold=3
[INFO] [STAGE] outer eval end order=ValueGradientHessian elapsed=0.003s cost=-2.649910e2 |g|=2.855e-2
[INFO] [OUTER] eval#5 (hess) cost=-2.649910e2 |g|=2.855e-2 rho=[10.534,1.860]
[INFO] [STAGE] outer eval start order=ValueGradientHessian dim=2
[INFO] [reml-geometry] dense_spectral reason=constraints_present p=13 nnz_x=na nnz_h_est=na density_h_est=na threshold=0.1000
[INFO] [IFT-CACHE] outcome=miss drho_dim=2 p=13 elapsed=0.000s
[INFO] [ADAPTIVE-KKT] outer_g_norm=2.855e-2 effective_tol=1.000e-10 floor=1.000e-12 ceiling=1.000e-10
[INFO] [STAGE] PIRLS update_with_curvature iter=1 curvature=Fisher elapsed=0.000s source=rebuilt
[INFO] [PIRLS solve-end] iters=1 elapsed=0.0010s g_norm_initial=6.921e-1 g_norm_final=2.051e-10 convergence_rate=2.964e-10 status=Converged
[INFO] [STAGE] inner pirls solve iters=1 status=Converged max_eta=2.0 jeffreys_logdet=none rows=full(derivative-request) elapsed=0.002s
[INFO] [IFT-QUALITY] quality=9.977e-6 ift=1.519e1 pred_residual=2.420e-5 cap_predicted=2.278e1 iters=1
[INFO] [STAGE] logdet S (Z-projected) rho_dim=2 penalty_rank=5 elapsed=0.000s
[INFO] [#1271-diag] p=6 penalty_rank=5 nullspace_dim=1 logS=25.608784 logH=40.638176 half_diff=7.514696 h_above1=5 h_min=1.428e-2 h_max=5.609e4 rho=[11.5889,1.8599] lambda=[1.079e5,6.423e0]
[INFO] [STAGE] reml_laml cost_only_done k=2 ext_dim=0 dim=6 elapsed=0.000s
[INFO] [OUTER hessian-route] choice=dense reason=below_crossover n=300 p=6 k=2 callback_kernel=false subspace_trace=false scale_prefers_operator=false dense_workspace_bytes=2016
[INFO] [OUTER hessian-elapsed] choice=dense reason=below_crossover n=300 p=6 k=2 elapsed=0.000s
[INFO] [HGB] small-sample fallback to defaults: pairs=1, threshold=3
[INFO] [STAGE] outer eval end order=ValueGradientHessian elapsed=0.003s cost=-2.650099e2 |g|=1.030e-2
[INFO] [OUTER] eval#6 (hess) cost=-2.650099e2 |g|=1.030e-2 rho=[11.589,1.860]
[INFO] [STAGE] outer eval start order=ValueGradientHessian dim=2
[INFO] [reml-geometry] dense_spectral reason=constraints_present p=13 nnz_x=na nnz_h_est=na density_h_est=na threshold=0.1000
[INFO] [IFT-CACHE] outcome=miss drho_dim=2 p=13 elapsed=0.000s
[INFO] [ADAPTIVE-KKT] outer_g_norm=1.030e-2 effective_tol=1.000e-10 floor=1.000e-12 ceiling=1.000e-10
[INFO] [STAGE] PIRLS update_with_curvature iter=1 curvature=Fisher elapsed=0.000s source=rebuilt
[INFO] [PIRLS solve-end] iters=1 elapsed=0.0010s g_norm_initial=8.612e-1 g_norm_final=1.317e-10 convergence_rate=1.530e-10 status=Converged
[INFO] [STAGE] inner pirls solve iters=1 status=Converged max_eta=2.0 jeffreys_logdet=none rows=full(derivative-request) elapsed=0.002s
[INFO] [IFT-QUALITY] quality=3.971e-6 ift=2.278e1 pred_residual=9.634e-6 cap_predicted=3.417e1 iters=1
[INFO] [STAGE] logdet S (Z-projected) rho_dim=2 penalty_rank=5 elapsed=0.000s
[INFO] [#1271-diag] p=6 penalty_rank=5 nullspace_dim=1 logS=28.666568 logH=43.682437 half_diff=7.507935 h_above1=5 h_min=1.428e-2 h_max=1.375e5 rho=[12.6082,1.8599] lambda=[2.990e5,6.423e0]
[INFO] [STAGE] reml_laml cost_only_done k=2 ext_dim=0 dim=6 elapsed=0.000s
[INFO] [OUTER hessian-route] choice=dense reason=below_crossover n=300 p=6 k=2 callback_kernel=false subspace_trace=false scale_prefers_operator=false dense_workspace_bytes=2016
[INFO] [OUTER hessian-elapsed] choice=dense reason=below_crossover n=300 p=6 k=2 elapsed=0.000s
[INFO] [HGB] small-sample fallback to defaults: pairs=1, threshold=3
[INFO] [STAGE] outer eval end order=ValueGradientHessian elapsed=0.002s cost=-2.650165e2 |g|=3.762e-3
[INFO] [OUTER] eval#7 (hess) cost=-2.650165e2 |g|=3.762e-3 rho=[12.608,1.860]
[INFO] [OUTER schedule] inner-PIRLS cap transition (ARC bridge) arc_iter=7 g_ratio=6.027e-3 last_iters=1 converged=true ift_residual=3.971e-6 accept_rho=1.000 prev=3 new=0 (uncapped)
[INFO] [STAGE] outer eval start order=ValueGradientHessian dim=2
[INFO] [reml-geometry] dense_spectral reason=constraints_present p=13 nnz_x=na nnz_h_est=na density_h_est=na threshold=0.1000
[INFO] [IFT-CACHE] outcome=miss drho_dim=2 p=13 elapsed=0.000s
[INFO] [ADAPTIVE-KKT] outer_g_norm=3.762e-3 effective_tol=1.000e-12 floor=1.000e-12 ceiling=1.000e-12
[INFO] [STAGE] PIRLS update_with_curvature iter=1 curvature=Fisher elapsed=0.000s source=rebuilt
[INFO] [PIRLS iter-end] iter=  1 elapsed=0.0009s lm_lambda=1.00e-9 g_norm=2.345e-10 last_dev_change=2.431e-6 last_halving=1
[INFO] [PIRLS iter-breakdown] iter=  1 attempts=1 curvature=0.001s solve=0.000s predred=0.000s candidate=0.000s other=0.000s
[INFO] [PIRLS lm-trajectory] iter=  1 start_lambda=1.000e-9 final_lambda=1.000e-9 log10_ratio=0.000 accept_rho=1.000 attempts=1
[INFO] [STAGE] PIRLS update_with_curvature iter=2 curvature=Fisher elapsed=0.000s source=reused_prev_accept
[INFO] [PIRLS exact-decrement] applicable=true decrement_sq=1.018030e-27 threshold=1.472658e-13 pass=true gradient_norm=3.575612e-13 relative_gradient=1.676088e-13 dimension_scale=6.244998e1 natural_scale=1.133308e0 objective=1.414129e0 actual_reduction=2.220446e-16 predicted_reduction=-1.250090e-18 linear_model_term=1.222117e-18 direction_norm=1.978915e-9 data_reduction=-1.332268e-15 penalty_reduction=1.395585e-15
[INFO] [PIRLS solve-end] iters=2 elapsed=0.0020s g_norm_initial=1.458e0 g_norm_final=3.576e-13 convergence_rate=4.953e-7 status=Converged
[INFO] [STAGE] inner pirls solve iters=2 status=Converged max_eta=2.0 jeffreys_logdet=none rows=full(derivative-request) elapsed=0.003s
[INFO] [IFT-QUALITY] quality=1.501e-6 ift=3.417e1 pred_residual=3.640e-6 cap_predicted=5.126e1 iters=2
[INFO] [STAGE] logdet S (Z-projected) rho_dim=2 penalty_rank=5 elapsed=0.000s
[INFO] [#1271-diag] p=6 penalty_rank=5 nullspace_dim=1 logS=31.687412 logH=46.698394 half_diff=7.505491 h_above1=5 h_min=1.428e-2 h_max=3.608e5 rho=[13.6151,1.8599] lambda=[8.184e5,6.423e0]
[INFO] [STAGE] reml_laml cost_only_done k=2 ext_dim=0 dim=6 elapsed=0.000s
[INFO] [OUTER hessian-route] choice=dense reason=below_crossover n=300 p=6 k=2 callback_kernel=false subspace_trace=false scale_prefers_operator=false dense_workspace_bytes=2016
[INFO] [OUTER hessian-elapsed] choice=dense reason=below_crossover n=300 p=6 k=2 elapsed=0.000s
[INFO] [HGB] small-sample fallback to defaults: pairs=1, threshold=3
[INFO] [STAGE] outer eval end order=ValueGradientHessian elapsed=0.004s cost=-2.650189e2 |g|=1.380e-3
[INFO] [OUTER] eval#8 (hess) cost=-2.650189e2 |g|=1.380e-3 rho=[13.615,1.860]
[INFO] [STAGE] outer eval start order=ValueGradientHessian dim=2
[INFO] [reml-geometry] dense_spectral reason=constraints_present p=13 nnz_x=na nnz_h_est=na density_h_est=na threshold=0.1000
[INFO] [IFT-CACHE] outcome=miss drho_dim=2 p=13 elapsed=0.000s
[INFO] [ADAPTIVE-KKT] outer_g_norm=1.380e-3 effective_tol=1.000e-12 floor=1.000e-12 ceiling=1.000e-12
[INFO] [STAGE] PIRLS update_with_curvature iter=1 curvature=Fisher elapsed=0.000s source=rebuilt
[INFO] [PIRLS iter-end] iter=  1 elapsed=0.0009s lm_lambda=1.00e-9 g_norm=6.817e-10 last_dev_change=5.306e-6 last_halving=1
[INFO] [PIRLS iter-breakdown] iter=  1 attempts=1 curvature=0.000s solve=0.000s predred=0.000s candidate=0.000s other=0.000s
[INFO] [PIRLS lm-trajectory] iter=  1 start_lambda=1.000e-9 final_lambda=1.000e-9 log10_ratio=0.000 accept_rho=1.000 attempts=1
[INFO] [STAGE] PIRLS update_with_curvature iter=2 curvature=Fisher elapsed=0.000s source=reused_prev_accept
[INFO] [PIRLS exact-decrement] applicable=true decrement_sq=2.102371e-24 threshold=1.472658e-13 pass=true gradient_norm=1.682918e-12 relative_gradient=7.888280e-13 dimension_scale=6.244998e1 natural_scale=1.133441e0 objective=1.414129e0 actual_reduction=-2.220446e-16 predicted_reduction=-5.837411e-19 linear_model_term=4.447017e-19 direction_norm=4.411863e-9 data_reduction=-4.218847e-15 penalty_reduction=3.994201e-15
[INFO] [PIRLS solve-end] iters=2 elapsed=0.0020s g_norm_initial=3.358e0 g_norm_final=1.683e-12 convergence_rate=7.079e-7 status=Converged
[INFO] [STAGE] inner pirls solve iters=2 status=Converged max_eta=2.0 jeffreys_logdet=none rows=full(derivative-request) elapsed=0.003s
[INFO] [IFT-QUALITY] quality=5.550e-7 ift=5.126e1 pred_residual=1.347e-6 cap_predicted=7.689e1 iters=2
[INFO] [STAGE] logdet S (Z-projected) rho_dim=2 penalty_rank=4 elapsed=0.000s
[INFO] [#1271-diag] p=5 penalty_rank=4 nullspace_dim=1 logS=21.836628 logH=36.845822 half_diff=7.504597 h_above1=4 h_min=1.428e-2 h_max=9.682e5 rho=[14.6176,1.8599] lambda=[2.230e6,6.423e0]
[INFO] [STAGE] reml_laml cost_only_done k=2 ext_dim=0 dim=5 elapsed=0.000s
[INFO] [OUTER hessian-route] choice=dense reason=below_crossover n=300 p=5 k=2 callback_kernel=false subspace_trace=false scale_prefers_operator=false dense_workspace_bytes=1400
[INFO] [OUTER hessian-elapsed] choice=dense reason=below_crossover n=300 p=5 k=2 elapsed=0.000s
[INFO] [HGB] small-sample fallback to defaults: pairs=1, threshold=3
[INFO] [HGB] engage after 10 iters (max warmup reached)
[INFO] [HGB] target_mse=1.905e-8 s_i=1.000e0 s_l=1.000e0 s_t=1.000e0 eps²_i=6.350e-9 eps²_l=6.350e-9 eps²_t=6.350e-9 τ=1.000e-10 rtol=7.969e-5 k=0 floor_active=[]
[INFO] [STAGE] outer eval end order=ValueGradientHessian elapsed=0.004s cost=-2.650198e2 |g|=5.065e-4
[INFO] [OUTER] eval#9 (hess) cost=-2.650198e2 |g|=5.065e-4 rho=[14.618,1.860]
[INFO] [STAGE] outer eval start order=ValueGradientHessian dim=2
[INFO] [reml-geometry] dense_spectral reason=constraints_present p=13 nnz_x=na nnz_h_est=na density_h_est=na threshold=0.1000
[INFO] [IFT-CACHE] outcome=miss drho_dim=2 p=13 elapsed=0.000s
[INFO] [ADAPTIVE-KKT] outer_g_norm=1.000e-12 effective_tol=1.000e-12 floor=1.000e-12 ceiling=1.000e-12
[INFO] [STAGE] PIRLS update_with_curvature iter=1 curvature=Fisher elapsed=0.000s source=rebuilt
[INFO] [PIRLS iter-end] iter=  1 elapsed=0.0009s lm_lambda=1.00e-9 g_norm=2.219e-9 last_dev_change=1.353e-5 last_halving=1
[INFO] [PIRLS iter-breakdown] iter=  1 attempts=1 curvature=0.000s solve=0.000s predred=0.000s candidate=0.000s other=0.000s
[INFO] [PIRLS lm-trajectory] iter=  1 start_lambda=1.000e-9 final_lambda=1.000e-9 log10_ratio=0.000 accept_rho=1.000 attempts=1
[INFO] [STAGE] PIRLS update_with_curvature iter=2 curvature=Fisher elapsed=0.000s source=reused_prev_accept
[INFO] [PIRLS exact-decrement] applicable=true decrement_sq=2.988167e-24 threshold=1.472658e-13 pass=true gradient_norm=5.401457e-12 relative_gradient=2.531265e-12 dimension_scale=6.244998e1 natural_scale=1.133897e0 objective=1.414129e0 actual_reduction=2.220446e-16 predicted_reduction=7.124906e-20 linear_model_term=-9.306079e-19 direction_norm=1.096826e-8 data_reduction=-1.021405e-14 penalty_reduction=1.029385e-14
[INFO] [PIRLS solve-end] iters=2 elapsed=0.0020s g_norm_initial=8.721e0 g_norm_final=5.401e-12 convergence_rate=7.870e-7 status=Converged
[INFO] [STAGE] inner pirls solve iters=2 status=Converged max_eta=2.0 jeffreys_logdet=none rows=full(derivative-request) elapsed=0.003s
[INFO] [IFT-QUALITY] quality=2.049e-7 ift=7.689e1 pred_residual=4.970e-7 cap_predicted=1.153e2 iters=2
[INFO] [STAGE] logdet S (Z-projected) rho_dim=2 penalty_rank=4 elapsed=0.000s
[INFO] [#1271-diag] p=5 penalty_rank=4 nullspace_dim=1 logS=23.837956 logH=38.846495 half_diff=7.504270 h_above1=4 h_min=1.428e-2 h_max=2.619e6 rho=[15.6183,1.8599] lambda=[6.066e6,6.423e0]
[INFO] [STAGE] reml_laml cost_only_done k=2 ext_dim=0 dim=5 elapsed=0.000s
[INFO] [OUTER hessian-route] choice=dense reason=below_crossover n=300 p=5 k=2 callback_kernel=false subspace_trace=false scale_prefers_operator=false dense_workspace_bytes=1400
[INFO] [OUTER hessian-elapsed] choice=dense reason=below_crossover n=300 p=5 k=2 elapsed=0.000s
[INFO] [HGB] small-sample fallback to defaults: pairs=0, threshold=3
[INFO] [HGB] target_mse=2.566e-9 s_i=1.000e0 s_l=1.000e0 s_t=1.000e0 eps²_i=8.552e-10 eps²_l=8.552e-10 eps²_t=8.552e-10 τ=1.000e-10 rtol=2.924e-5 k=0 floor_active=[]
[INFO] [STAGE] outer eval end order=ValueGradientHessian elapsed=0.004s cost=-2.650201e2 |g|=1.862e-4
[INFO] [OUTER] eval#10 (hess) cost=-2.650201e2 |g|=1.862e-4 rho=[15.618,1.860]
[INFO] [STAGE] outer eval start order=ValueGradientHessian dim=2
[INFO] [reml-geometry] dense_spectral reason=constraints_present p=13 nnz_x=na nnz_h_est=na density_h_est=na threshold=0.1000
[INFO] [IFT-CACHE] outcome=miss drho_dim=2 p=13 elapsed=0.000s
[INFO] [ADAPTIVE-KKT] outer_g_norm=1.000e-12 effective_tol=1.000e-12 floor=1.000e-12 ceiling=1.000e-12
[INFO] [STAGE] PIRLS update_with_curvature iter=1 curvature=Fisher elapsed=0.000s source=rebuilt
[INFO] [PIRLS iter-end] iter=  1 elapsed=0.0009s lm_lambda=1.00e-9 g_norm=6.429e-9 last_dev_change=3.602e-5 last_halving=1
[INFO] [PIRLS iter-breakdown] iter=  1 attempts=1 curvature=0.001s solve=0.000s predred=0.000s candidate=0.000s other=0.000s
[INFO] [PIRLS lm-trajectory] iter=  1 start_lambda=1.000e-9 final_lambda=1.000e-9 log10_ratio=0.000 accept_rho=1.000 attempts=1
[INFO] [STAGE] PIRLS update_with_curvature iter=2 curvature=Fisher elapsed=0.000s source=reused_prev_accept
[INFO] [PIRLS exact-decrement] applicable=true decrement_sq=2.815596e-23 threshold=1.472658e-13 pass=true gradient_norm=4.517456e-12 relative_gradient=2.116740e-12 dimension_scale=6.244998e1 natural_scale=1.134157e0 objective=1.414129e0 actual_reduction=-2.220446e-16 predicted_reduction=6.736495e-18 linear_model_term=-1.267137e-17 direction_norm=2.882405e-8 data_reduction=-2.731149e-14 penalty_reduction=2.721087e-14
[INFO] [PIRLS solve-end] iters=2 elapsed=0.0020s g_norm_initial=2.337e1 g_norm_final=4.517e-12 convergence_rate=4.396e-7 status=Converged
[INFO] [STAGE] inner pirls solve iters=2 status=Converged max_eta=2.0 jeffreys_logdet=none rows=full(derivative-request) elapsed=0.003s
[INFO] [IFT-QUALITY] quality=7.525e-8 ift=1.153e2 pred_residual=1.825e-7 cap_predicted=1.730e2 iters=2
[INFO] [STAGE] logdet S (Z-projected) rho_dim=2 penalty_rank=4 elapsed=0.000s
[INFO] [#1271-diag] p=5 penalty_rank=4 nullspace_dim=1 logS=25.837141 logH=40.845440 half_diff=7.504149 h_above1=4 h_min=1.428e-2 h_max=7.102e6 rho=[16.6179,1.8599] lambda=[1.648e7,6.423e0]
[INFO] [STAGE] reml_laml cost_only_done k=2 ext_dim=0 dim=5 elapsed=0.000s
[INFO] [OUTER hessian-route] choice=dense reason=below_crossover n=300 p=5 k=2 callback_kernel=false subspace_trace=false scale_prefers_operator=false dense_workspace_bytes=1400
[INFO] [OUTER hessian-elapsed] choice=dense reason=below_crossover n=300 p=5 k=2 elapsed=0.000s
[INFO] [HGB] small-sample fallback to defaults: pairs=1, threshold=3
[INFO] [HGB] target_mse=3.469e-10 s_i=1.000e0 s_l=1.000e0 s_t=1.000e0 eps²_i=1.156e-10 eps²_l=1.156e-10 eps²_t=1.156e-10 τ=1.000e-10 rtol=1.075e-5 k=0 floor_active=[]
[INFO] [STAGE] outer eval end order=ValueGradientHessian elapsed=0.004s cost=-2.650202e2 |g|=6.848e-5
[INFO] [OUTER] eval#11 (hess) cost=-2.650202e2 |g|=6.848e-5 rho=[16.618,1.860]
[INFO] [OUTER] ARC finite cost stall deferred to exact second-order convergence: REML objective improved < 1.000e-7 (relative) over 3 consecutive outer steps and the stored best projected gradient is small (|g|=6.848e-5; bound 2.660e-1 set by score-relative; terms: solver-band 1.000e-3, score-relative 2.660e-1, probe-noise 3.196e-4 (sigma=3.204e-4 / delta=1.002e0)), but only ARC owns the synchronized reduced-Hessian certificate (value=-2.650202e2).
[INFO] [STAGE] outer eval start order=ValueGradientHessian dim=2
[INFO] [reml-geometry] dense_spectral reason=constraints_present p=13 nnz_x=na nnz_h_est=na density_h_est=na threshold=0.1000
[INFO] [IFT-CACHE] outcome=miss drho_dim=2 p=13 elapsed=0.000s
[INFO] [ADAPTIVE-KKT] outer_g_norm=1.000e-12 effective_tol=1.000e-12 floor=1.000e-12 ceiling=1.000e-12
[INFO] [STAGE] PIRLS update_with_curvature iter=1 curvature=Fisher elapsed=0.000s source=rebuilt
[INFO] [PIRLS iter-end] iter=  1 elapsed=0.0009s lm_lambda=1.00e-9 g_norm=1.775e-8 last_dev_change=9.704e-5 last_halving=1
[INFO] [PIRLS iter-breakdown] iter=  1 attempts=1 curvature=0.000s solve=0.000s predred=0.000s candidate=0.000s other=0.000s
[INFO] [PIRLS lm-trajectory] iter=  1 start_lambda=1.000e-9 final_lambda=1.000e-9 log10_ratio=0.000 accept_rho=1.000 attempts=1
[INFO] [STAGE] PIRLS update_with_curvature iter=2 curvature=Fisher elapsed=0.000s source=reused_prev_accept
[INFO] [PIRLS exact-decrement] applicable=true decrement_sq=1.571554e-21 threshold=1.472658e-13 pass=true gradient_norm=4.154568e-11 relative_gradient=1.950193e-11 dimension_scale=6.244998e1 natural_scale=1.130337e0 objective=1.414129e0 actual_reduction=4.440892e-16 predicted_reduction=4.153801e-17 linear_model_term=-8.366041e-17 direction_norm=7.679010e-8 data_reduction=-7.238654e-14 penalty_reduction=7.291043e-14
[INFO] [PIRLS solve-end] iters=2 elapsed=0.0019s g_norm_initial=6.313e1 g_norm_final=4.155e-11 convergence_rate=8.113e-7 status=Converged
[INFO] [STAGE] inner pirls solve iters=2 status=Converged max_eta=2.0 jeffreys_logdet=none rows=full(derivative-request) elapsed=0.002s
[INFO] [IFT-QUALITY] quality=2.592e-8 ift=1.730e2 pred_residual=6.288e-8 cap_predicted=2.595e2 iters=2
[INFO] [STAGE] logdet S (Z-projected) rho_dim=2 penalty_rank=4 elapsed=0.000s
[INFO] [#1271-diag] p=5 penalty_rank=4 nullspace_dim=1 logS=27.833285 logH=42.841495 half_diff=7.504105 h_above1=4 h_min=1.428e-2 h_max=1.925e7 rho=[17.6159,1.8599] lambda=[4.472e7,6.423e0]
[INFO] [STAGE] reml_laml cost_only_done k=2 ext_dim=0 dim=5 elapsed=0.000s
[INFO] [OUTER hessian-route] choice=dense reason=below_crossover n=300 p=5 k=2 callback_kernel=false subspace_trace=false scale_prefers_operator=false dense_workspace_bytes=1400
[INFO] [OUTER hessian-elapsed] choice=dense reason=below_crossover n=300 p=5 k=2 elapsed=0.000s
[INFO] [HGB] small-sample fallback to defaults: pairs=2, threshold=3
[INFO] [HGB] target_mse=4.689e-11 s_i=1.000e0 s_l=1.000e0 s_t=1.000e0 eps²_i=1.563e-11 eps²_l=1.563e-11 eps²_t=1.563e-11 τ=1.000e-10 rtol=3.954e-6 k=0 floor_active=[]
[INFO] [STAGE] outer eval end order=ValueGradientHessian elapsed=0.003s cost=-2.650203e2 |g|=2.516e-5
[INFO] [OUTER] eval#12 (hess) cost=-2.650203e2 |g|=2.516e-5 rho=[17.616,1.860]
[INFO] [STAGE] outer eval start order=ValueGradientHessian dim=2
[INFO] [reml-geometry] dense_spectral reason=constraints_present p=13 nnz_x=na nnz_h_est=na density_h_est=na threshold=0.1000
[INFO] [IFT-CACHE] outcome=miss drho_dim=2 p=13 elapsed=0.000s
[INFO] [ADAPTIVE-KKT] outer_g_norm=1.000e-12 effective_tol=1.000e-12 floor=1.000e-12 ceiling=1.000e-12
[INFO] [STAGE] PIRLS update_with_curvature iter=1 curvature=Fisher elapsed=0.000s source=rebuilt
[INFO] [PIRLS iter-end] iter=  1 elapsed=0.0009s lm_lambda=1.00e-9 g_norm=2.759e-8 last_dev_change=2.617e-4 last_halving=1
[INFO] [PIRLS iter-breakdown] iter=  1 attempts=1 curvature=0.001s solve=0.000s predred=0.000s candidate=0.000s other=0.000s
[INFO] [PIRLS lm-trajectory] iter=  1 start_lambda=1.000e-9 final_lambda=1.000e-9 log10_ratio=0.000 accept_rho=1.000 attempts=1
[INFO] [STAGE] PIRLS update_with_curvature iter=2 curvature=Fisher elapsed=0.000s source=reused_prev_accept
[INFO] [PIRLS exact-decrement] applicable=true decrement_sq=1.989597e-20 threshold=1.472658e-13 pass=true gradient_norm=9.965767e-11 relative_gradient=4.545419e-11 dimension_scale=6.244998e1 natural_scale=1.192486e0 objective=1.414129e0 actual_reduction=4.440892e-16 predicted_reduction=3.015684e-16 linear_model_term=-5.996927e-16 direction_norm=2.042897e-7 data_reduction=-1.956213e-13 penalty_reduction=1.961461e-13
[INFO] [PIRLS solve-end] iters=2 elapsed=0.0020s g_norm_initial=1.704e2 g_norm_final=9.966e-11 convergence_rate=7.648e-7 status=Converged
[INFO] [STAGE] inner pirls solve iters=2 status=Converged max_eta=2.0 jeffreys_logdet=none rows=full(derivative-request) elapsed=0.003s
[INFO] [IFT-QUALITY] quality=7.346e-9 ift=2.595e2 pred_residual=1.782e-8 cap_predicted=3.892e2 iters=2
[INFO] [STAGE] logdet S (Z-projected) rho_dim=2 penalty_rank=2 elapsed=0.000s
[INFO] [#1271-diag] p=3 penalty_rank=2 nullspace_dim=1 logS=-5.201441 logH=9.806718 half_diff=7.504079 h_above1=2 h_min=1.428e-2 h_max=8.637e3 rho=[18.6104,1.8599] lambda=[1.209e8,6.423e0]
[INFO] [STAGE] reml_laml cost_only_done k=2 ext_dim=0 dim=3 elapsed=0.000s
[INFO] [OUTER hessian-route] choice=dense reason=below_crossover n=300 p=3 k=2 callback_kernel=false subspace_trace=false scale_prefers_operator=false dense_workspace_bytes=504
[INFO] [OUTER hessian-elapsed] choice=dense reason=below_crossover n=300 p=3 k=2 elapsed=0.000s
[INFO] [HGB] target_mse=6.330e-12 s_i=1.000e0 s_l=1.000e0 s_t=1.000e0 eps²_i=2.110e-12 eps²_l=2.110e-12 eps²_t=2.110e-12 τ=1.000e-10 rtol=1.453e-6 k=0 floor_active=[]
[INFO] [STAGE] outer eval end order=ValueGradientHessian elapsed=0.004s cost=-2.650203e2 |g|=1.322e-7
[INFO] [OUTER] eval#13 (hess) cost=-2.650203e2 |g|=1.322e-7 rho=[18.610,1.860]
[INFO] [reml-geometry] dense_spectral reason=constraints_present p=13 nnz_x=na nnz_h_est=na density_h_est=na threshold=0.1000
[INFO] [STAGE] PIRLS update_with_curvature iter=1 curvature=Fisher elapsed=0.000s source=rebuilt
[INFO] [PIRLS iter-end] iter=  1 elapsed=0.0007s lm_lambda=3.33e-7 g_norm=4.876e-1 last_dev_change=5.195e1 last_halving=1
[INFO] [PIRLS iter-breakdown] iter=  1 attempts=1 curvature=0.000s solve=0.000s predred=0.000s candidate=0.000s other=0.000s
[INFO] [PIRLS lm-trajectory] iter=  1 start_lambda=1.000e-6 final_lambda=3.333e-7 log10_ratio=-0.477 accept_rho=1.000 attempts=1
[INFO] [STAGE] PIRLS update_with_curvature iter=2 curvature=Fisher elapsed=0.000s source=reused_prev_accept
[INFO] [PIRLS iter-end] iter=  2 elapsed=0.0004s lm_lambda=1.11e-7 g_norm=3.335e-2 last_dev_change=2.221e-4 last_halving=1
[INFO] [PIRLS iter-breakdown] iter=  2 attempts=1 curvature=0.000s solve=0.000s predred=0.000s candidate=0.000s other=0.000s
[INFO] [PIRLS lm-trajectory] iter=  2 start_lambda=3.333e-7 final_lambda=1.111e-7 log10_ratio=-0.477 accept_rho=1.000 attempts=1
[INFO] [STAGE] PIRLS update_with_curvature iter=3 curvature=Fisher elapsed=0.000s source=reused_prev_accept
[INFO] [PIRLS iter-end] iter=  3 elapsed=0.0004s lm_lambda=3.70e-8 g_norm=1.483e-2 last_dev_change=1.766e-4 last_halving=1
[INFO] [PIRLS iter-breakdown] iter=  3 attempts=1 curvature=0.000s solve=0.000s predred=0.000s candidate=0.000s other=0.000s
[INFO] [PIRLS lm-trajectory] iter=  3 start_lambda=1.111e-7 final_lambda=3.704e-8 log10_ratio=-0.477 accept_rho=1.000 attempts=1
[INFO] [STAGE] PIRLS update_with_curvature iter=4 curvature=Fisher elapsed=0.000s source=reused_prev_accept
[INFO] [PIRLS iter-end] iter=  4 elapsed=0.0005s lm_lambda=1.23e-8 g_norm=3.124e-3 last_dev_change=4.161e-5 last_halving=1
[INFO] [PIRLS iter-breakdown] iter=  4 attempts=1 curvature=0.000s solve=0.000s predred=0.000s candidate=0.000s other=0.000s
[INFO] [PIRLS lm-trajectory] iter=  4 start_lambda=3.704e-8 final_lambda=1.235e-8 log10_ratio=-0.477 accept_rho=1.000 attempts=1
[INFO] [STAGE] PIRLS update_with_curvature iter=5 curvature=Fisher elapsed=0.000s source=reused_prev_accept
[INFO] [PIRLS iter-end] iter=  5 elapsed=0.0004s lm_lambda=4.12e-9 g_norm=2.553e-4 last_dev_change=1.921e-6 last_halving=1
[INFO] [PIRLS iter-breakdown] iter=  5 attempts=1 curvature=0.000s solve=0.000s predred=0.000s candidate=0.000s other=0.000s
[INFO] [PIRLS lm-trajectory] iter=  5 start_lambda=1.235e-8 final_lambda=4.115e-9 log10_ratio=-0.477 accept_rho=1.000 attempts=1
[INFO] [STAGE] PIRLS update_with_curvature iter=6 curvature=Fisher elapsed=0.000s source=reused_prev_accept
[INFO] [PIRLS iter-end] iter=  6 elapsed=0.0005s lm_lambda=1.37e-9 g_norm=7.357e-6 last_dev_change=1.290e-8 last_halving=1
[INFO] [PIRLS iter-breakdown] iter=  6 attempts=1 curvature=0.000s solve=0.000s predred=0.000s candidate=0.000s other=0.000s
[INFO] [PIRLS lm-trajectory] iter=  6 start_lambda=4.115e-9 final_lambda=1.372e-9 log10_ratio=-0.477 accept_rho=1.000 attempts=1
[INFO] [STAGE] PIRLS update_with_curvature iter=7 curvature=Fisher elapsed=0.000s source=reused_prev_accept
[INFO] [PIRLS iter-end] iter=  7 elapsed=0.0004s lm_lambda=1.00e-9 g_norm=7.209e-8 last_dev_change=1.072e-11 last_halving=1
[INFO] [PIRLS iter-breakdown] iter=  7 attempts=1 curvature=0.000s solve=0.000s predred=0.000s candidate=0.000s other=0.000s
[INFO] [PIRLS lm-trajectory] iter=  7 start_lambda=1.372e-9 final_lambda=1.000e-9 log10_ratio=-0.137 accept_rho=1.000 attempts=1
[INFO] [STAGE] PIRLS update_with_curvature iter=8 curvature=Fisher elapsed=0.000s source=reused_prev_accept
[INFO] [PIRLS exact-decrement] applicable=true decrement_sq=1.582505e-19 threshold=1.472658e-13 pass=true gradient_norm=4.520366e-10 relative_gradient=2.061754e-10 dimension_scale=6.244998e1 natural_scale=1.192486e0 objective=1.414129e0 actual_reduction=6.661338e-16 predicted_reduction=1.027379e-15 linear_model_term=-2.036882e-15 direction_norm=3.759541e-7 data_reduction=1.383338e-13 penalty_reduction=-1.376937e-13
[INFO] [PIRLS solve-end] iters=8 elapsed=0.0052s g_norm_initial=1.484e3 g_norm_final=4.520e-10 convergence_rate=2.726e-2 status=Converged
[INFO] [STAGE] inner pirls solve iters=8 status=Converged max_eta=2.0 jeffreys_logdet=none rows=full(derivative-request) elapsed=0.007s
[INFO] [STAGE] logdet S (Z-projected) rho_dim=2 penalty_rank=2 elapsed=0.000s
[INFO] [#1271-diag] p=3 penalty_rank=2 nullspace_dim=1 logS=-5.201441 logH=9.806718 half_diff=7.504079 h_above1=2 h_min=1.428e-2 h_max=8.637e3 rho=[18.6104,1.8599] lambda=[1.209e8,6.423e0]
[INFO] [STAGE] logdet S (Z-projected) rho_dim=2 penalty_rank=2 elapsed=0.000s
[INFO] [#1271-diag] p=3 penalty_rank=2 nullspace_dim=1 logS=-5.201441 logH=9.806718 half_diff=7.504079 h_above1=2 h_min=1.428e-2 h_max=8.637e3 rho=[18.6104,1.8599] lambda=[1.209e8,6.423e0]
[INFO] [STAGE] reml_laml cost_only_done k=2 ext_dim=0 dim=3 elapsed=0.000s
[INFO] [HGB] small-sample fallback to defaults: pairs=0, threshold=3
[INFO] [CERTIFICATE] standard REML: the objective published no criterion resolution; using the last-bit floor 5.907e-14 of the value alone (#2812)
[INFO] [CERTIFICATE-BOUND] standard REML: fidelity=Screening, rho=[18.610389825815062, 1.859889140236956], bound 4.470348e-6 set by solver-band (derived_standard=false, |Pg|=1.321511e-7, |g|=1.321511e-7, solver_band=4.470348e-6, cost=-2.650203e2)
[INFO] [CERTIFICATE] standard REML: gradient |g|=1.322e-7 |Pg|=1.322e-7 bound=4.470e-6 (rung=solver-band derived_standard=false) hessian_psd=not-spent curvature_source=screening-not-spent railed=[] → stationary
[INFO] [reml-geometry] dense_spectral reason=constraints_present p=13 nnz_x=na nnz_h_est=na density_h_est=na threshold=0.1000
[INFO] [pirls-path] repeated path=dense_transformed reason=constraints_present count=128 (suppressing identical decisions)
[INFO] [STAGE] PIRLS update_with_curvature iter=1 curvature=Fisher elapsed=0.000s source=rebuilt
[INFO] [PIRLS iter-end] iter=  1 elapsed=0.0009s lm_lambda=3.33e-7 g_norm=8.705e-4 last_dev_change=2.666e1 last_halving=1
[INFO] [PIRLS iter-breakdown] iter=  1 attempts=1 curvature=0.000s solve=0.000s predred=0.000s candidate=0.000s other=0.000s
[INFO] [PIRLS lm-trajectory] iter=  1 start_lambda=1.000e-6 final_lambda=3.333e-7 log10_ratio=-0.477 accept_rho=1.000 attempts=1
[INFO] [STAGE] PIRLS update_with_curvature iter=2 curvature=Fisher elapsed=0.000s source=reused_prev_accept
[INFO] [PIRLS solve-end] iters=2 elapsed=0.0017s g_norm_initial=1.617e3 g_norm_final=1.855e-10 convergence_rate=3.387e-7 status=Converged
[INFO] [STAGE] inner pirls solve iters=2 status=Converged max_eta=1.5 jeffreys_logdet=none rows=full(derivative-request) elapsed=0.002s
[INFO] [STAGE] logdet S (Z-projected) rho_dim=2 penalty_rank=5 elapsed=0.000s
[INFO] [#1271-diag] p=6 penalty_rank=5 nullspace_dim=1 logS=39.782895 logH=46.263438 half_diff=3.240272 h_above1=6 h_min=8.668e1 h_max=1.069e5 rho=[10.0589,11.1122] lambda=[2.336e4,6.698e4]
[INFO] [STAGE] reml_laml cost_only_done k=2 ext_dim=0 dim=6 elapsed=0.000s
[INFO] [OUTER hessian-route] choice=dense reason=below_crossover n=300 p=6 k=2 callback_kernel=false subspace_trace=false scale_prefers_operator=false dense_workspace_bytes=2016
[INFO] [OUTER hessian-elapsed] choice=dense reason=below_crossover n=300 p=6 k=2 elapsed=0.000s
[INFO] [HGB] small-sample fallback to defaults: pairs=0, threshold=3
[INFO] [OUTER schedule] inner-PIRLS cap transition (ARC bridge) arc_iter=12 g_ratio=n/a last_iters=2 converged=true ift_residual=n/a accept_rho=1.000 prev=0 new=4 (capped)
[INFO] [STAGE] outer eval start order=ValueGradientHessian dim=2
[INFO] [reml-geometry] dense_spectral reason=constraints_present p=13 nnz_x=na nnz_h_est=na density_h_est=na threshold=0.1000
[INFO] [IFT-REJECTED] reason=large_drho max_drho=1.833e1 cap=2.000e0 drho_dim=2
[INFO] [ADAPTIVE-KKT] outer_g_norm=7.236e1 effective_tol=1.000e-10 floor=1.000e-12 ceiling=1.000e-10
[INFO] [STAGE] PIRLS update_with_curvature iter=1 curvature=Fisher elapsed=0.000s source=rebuilt
[INFO] [PIRLS iter-end] iter=  1 elapsed=0.0009s lm_lambda=3.70e-8 g_norm=1.850e-5 last_dev_change=1.232e1 last_halving=1
[INFO] [PIRLS iter-breakdown] iter=  1 attempts=1 curvature=0.001s solve=0.000s predred=0.000s candidate=0.000s other=0.000s
[INFO] [PIRLS lm-trajectory] iter=  1 start_lambda=1.111e-7 final_lambda=3.704e-8 log10_ratio=-0.477 accept_rho=1.000 attempts=1
[INFO] [STAGE] PIRLS update_with_curvature iter=2 curvature=Fisher elapsed=0.000s source=reused_prev_accept
[INFO] [PIRLS iter-end] iter=  2 elapsed=0.0006s lm_lambda=1.23e-8 g_norm=4.419e-8 last_dev_change=3.968e-11 last_halving=1
[INFO] [PIRLS iter-breakdown] iter=  2 attempts=1 curvature=0.000s solve=0.000s predred=0.000s candidate=0.000s other=0.000s
[INFO] [PIRLS lm-trajectory] iter=  2 start_lambda=3.704e-8 final_lambda=1.235e-8 log10_ratio=-0.477 accept_rho=1.000 attempts=1
[INFO] [STAGE] PIRLS update_with_curvature iter=3 curvature=Fisher elapsed=0.000s source=reused_prev_accept
[INFO] [PIRLS iter-end] iter=  3 elapsed=0.0006s lm_lambda=4.12e-9 g_norm=2.944e-8 last_dev_change=6.081e-11 last_halving=1
[INFO] [PIRLS iter-breakdown] iter=  3 attempts=1 curvature=0.000s solve=0.000s predred=0.000s candidate=0.000s other=0.000s
[INFO] [PIRLS lm-trajectory] iter=  3 start_lambda=1.235e-8 final_lambda=4.115e-9 log10_ratio=-0.477 accept_rho=1.000 attempts=1
[INFO] [STAGE] PIRLS update_with_curvature iter=4 curvature=Fisher elapsed=0.000s source=reused_prev_accept
[INFO] [PIRLS iter-end] iter=  4 elapsed=0.0006s lm_lambda=1.37e-9 g_norm=1.177e-8 last_dev_change=4.080e-11 last_halving=1
[INFO] [PIRLS iter-breakdown] iter=  4 attempts=1 curvature=0.000s solve=0.000s predred=0.000s candidate=0.000s other=0.000s
[INFO] [PIRLS lm-trajectory] iter=  4 start_lambda=4.115e-9 final_lambda=1.372e-9 log10_ratio=-0.477 accept_rho=1.000 attempts=1
[INFO] [PIRLS solve-end] iters=4 elapsed=0.0035s g_norm_initial=7.750e2 g_norm_final=1.177e-8 convergence_rate=1.974e-3 status=MaxIterationsReached
[INFO] [STAGE] inner pirls solve iters=4 status=Converged max_eta=2.0 jeffreys_logdet=none rows=full(derivative-request) elapsed=0.005s
[INFO] [STAGE] logdet S (Z-projected) rho_dim=2 penalty_rank=5 elapsed=0.000s
[INFO] [#1271-diag] p=6 penalty_rank=5 nullspace_dim=1 logS=2.953503 logH=27.129900 half_diff=12.088198 h_above1=5 h_min=1.638e-6 h_max=2.296e4 rho=[10.0860,-7.2197] lambda=[2.400e4,7.320e-4]
[INFO] [STAGE] reml_laml cost_only_done k=2 ext_dim=0 dim=6 elapsed=0.000s
[INFO] [OUTER hessian-route] choice=dense reason=below_crossover n=300 p=6 k=2 callback_kernel=false subspace_trace=false scale_prefers_operator=false dense_workspace_bytes=2016
[INFO] [OUTER hessian-elapsed] choice=dense reason=below_crossover n=300 p=6 k=2 elapsed=0.000s
[INFO] [HGB] small-sample fallback to defaults: pairs=0, threshold=3
[INFO] [STAGE] outer eval end order=ValueGradientHessian elapsed=0.006s cost=-2.609379e2 |g|=5.015e-1
[INFO] [OUTER] eval#1 (hess) cost=-2.609379e2 |g|=5.015e-1 rho=[10.086,-7.220]
[INFO] [OUTER schedule] inner-PIRLS cap transition (ARC bridge) arc_iter=12 g_ratio=1.000e0 last_iters=4 converged=true ift_residual=n/a accept_rho=1.000 prev=4 new=6 (capped)
[INFO] [STAGE] outer eval start order=ValueGradientHessian dim=2
[INFO] [reml-geometry] dense_spectral reason=constraints_present p=13 nnz_x=na nnz_h_est=na density_h_est=na threshold=0.1000
[INFO] [IFT-CACHE] outcome=miss drho_dim=2 p=13 elapsed=0.000s
[INFO] [ADAPTIVE-KKT] outer_g_norm=5.015e-1 effective_tol=1.000e-10 floor=1.000e-12 ceiling=1.000e-10
[INFO] [STAGE] PIRLS update_with_curvature iter=1 curvature=Fisher elapsed=0.000s source=rebuilt
[INFO] [PIRLS iter-end] iter=  1 elapsed=0.0009s lm_lambda=3.33e-7 g_norm=2.762e-8 last_dev_change=1.170e-6 last_halving=1
[INFO] [PIRLS iter-breakdown] iter=  1 attempts=1 curvature=0.000s solve=0.000s predred=0.000s candidate=0.000s other=0.000s
[INFO] [PIRLS lm-trajectory] iter=  1 start_lambda=1.000e-6 final_lambda=3.333e-7 log10_ratio=-0.477 accept_rho=1.000 attempts=1
[INFO] [STAGE] PIRLS update_with_curvature iter=2 curvature=Fisher elapsed=0.000s source=reused_prev_accept
[INFO] [PIRLS exact-decrement] applicable=true decrement_sq=3.263926e-16 threshold=1.467724e-13 pass=true gradient_norm=5.324326e-11 relative_gradient=2.643533e-11 dimension_scale=6.244998e1 natural_scale=1.014095e0 objective=1.409391e0 actual_reduction=-4.440892e-16 predicted_reduction=7.283995e-18 linear_model_term=-7.398344e-18 direction_norm=2.619155e-7 data_reduction=-5.409007e-13 penalty_reduction=5.404640e-13
[INFO] [PIRLS solve-end] iters=2 elapsed=0.0020s g_norm_initial=5.910e-1 g_norm_final=5.324e-11 convergence_rate=9.492e-6 status=Converged
[INFO] [STAGE] inner pirls solve iters=2 status=Converged max_eta=2.0 jeffreys_logdet=none rows=full(derivative-request) elapsed=0.003s
[INFO] [IFT-QUALITY] quality=5.858e-6 ift=2.000e0 pred_residual=1.416e-5 cap_predicted=3.000e0 iters=2
[INFO] [STAGE] logdet S (Z-projected) rho_dim=2 penalty_rank=5 elapsed=0.000s
[INFO] [#1271-diag] p=6 penalty_rank=5 nullspace_dim=1 logS=2.912094 logH=27.089721 half_diff=12.088813 h_above1=5 h_min=1.638e-6 h_max=2.285e4 rho=[10.0722,-7.2197] lambda=[2.368e4,7.320e-4]
[INFO] [STAGE] reml_laml cost_only_done k=2 ext_dim=0 dim=6 elapsed=0.000s
[INFO] [OUTER hessian-route] choice=dense reason=below_crossover n=300 p=6 k=2 callback_kernel=false subspace_trace=false scale_prefers_operator=false dense_workspace_bytes=2016
[INFO] [OUTER hessian-elapsed] choice=dense reason=below_crossover n=300 p=6 k=2 elapsed=0.000s
[INFO] [HGB] small-sample fallback to defaults: pairs=1, threshold=3
[INFO] [STAGE] outer eval end order=ValueGradientHessian elapsed=0.003s cost=-2.609373e2 |g|=5.016e-1
[INFO] [OUTER] eval#2 (hess) cost=-2.609373e2 |g|=5.016e-1 rho=[10.072,-7.220]
[INFO] [OUTER schedule] inner-PIRLS cap transition (ARC bridge) arc_iter=13 g_ratio=1.000e0 last_iters=2 converged=true ift_residual=5.858e-6 accept_rho=1.000 prev=6 new=3 (capped)
[INFO] [STAGE] outer eval start order=ValueGradientHessian dim=2
[INFO] [reml-geometry] dense_spectral reason=constraints_present p=13 nnz_x=na nnz_h_est=na density_h_est=na threshold=0.1000
[INFO] [IFT-CACHE] outcome=miss drho_dim=2 p=13 elapsed=0.000s
[INFO] [ADAPTIVE-KKT] outer_g_norm=5.016e-1 effective_tol=1.000e-10 floor=1.000e-12 ceiling=1.000e-10
[INFO] [STAGE] PIRLS update_with_curvature iter=1 curvature=Fisher elapsed=0.000s source=rebuilt
[INFO] [PIRLS solve-end] iters=1 elapsed=0.0010s g_norm_initial=5.869e-1 g_norm_final=2.096e-9 convergence_rate=3.572e-9 status=Converged
[INFO] [STAGE] inner pirls solve iters=1 status=Converged max_eta=2.0 jeffreys_logdet=none rows=full(derivative-request) elapsed=0.002s
[INFO] [IFT-QUALITY] quality=3.199e-5 ift=3.000e0 pred_residual=7.745e-5 cap_predicted=4.500e0 iters=1
[INFO] [STAGE] logdet S (Z-projected) rho_dim=2 penalty_rank=5 elapsed=0.000s
[INFO] [#1271-diag] p=6 penalty_rank=5 nullspace_dim=1 logS=3.965996 logH=27.671268 half_diff=11.852636 h_above1=5 h_min=2.613e-6 h_max=2.317e4 rho=[10.1121,-6.7502] lambda=[2.464e4,1.171e-3]
[INFO] [STAGE] reml_laml cost_only_done k=2 ext_dim=0 dim=6 elapsed=0.000s
[INFO] [OUTER hessian-route] choice=dense reason=below_crossover n=300 p=6 k=2 callback_kernel=false subspace_trace=false scale_prefers_operator=false dense_workspace_bytes=2016
[INFO] [OUTER hessian-elapsed] choice=dense reason=below_crossover n=300 p=6 k=2 elapsed=0.000s
[INFO] [HGB] small-sample fallback to defaults: pairs=2, threshold=3
[INFO] [STAGE] outer eval end order=ValueGradientHessian elapsed=0.002s cost=-2.611734e2 |g|=5.008e-1
[INFO] [OUTER] eval#3 (hess) cost=-2.611734e2 |g|=5.008e-1 rho=[10.112,-6.750]
[INFO] [STAGE] outer eval start order=ValueGradientHessian dim=2
[INFO] [reml-geometry] dense_spectral reason=constraints_present p=13 nnz_x=na nnz_h_est=na density_h_est=na threshold=0.1000
[INFO] [IFT-CACHE] outcome=miss drho_dim=2 p=13 elapsed=0.000s
[INFO] [ADAPTIVE-KKT] outer_g_norm=5.008e-1 effective_tol=1.000e-10 floor=1.000e-12 ceiling=1.000e-10
[INFO] [STAGE] PIRLS update_with_curvature iter=1 curvature=Fisher elapsed=0.000s source=rebuilt
[INFO] [PIRLS iter-end] iter=  1 elapsed=0.0009s lm_lambda=1.23e-8 g_norm=3.565e-8 last_dev_change=1.149e-6 last_halving=1
[INFO] [PIRLS iter-breakdown] iter=  1 attempts=1 curvature=0.000s solve=0.000s predred=0.000s candidate=0.000s other=0.000s
[INFO] [PIRLS lm-trajectory] iter=  1 start_lambda=3.704e-8 final_lambda=1.235e-8 log10_ratio=-0.477 accept_rho=1.000 attempts=1
[INFO] [STAGE] PIRLS update_with_curvature iter=2 curvature=Fisher elapsed=0.000s source=reused_prev_accept
[INFO] [PIRLS iter-end] iter=  2 elapsed=0.0007s lm_lambda=4.12e-9 g_norm=8.929e-9 last_dev_change=1.074e-11 last_halving=1
[INFO] [PIRLS iter-breakdown] iter=  2 attempts=1 curvature=0.000s solve=0.000s predred=0.000s candidate=0.000s other=0.000s
[INFO] [PIRLS lm-trajectory] iter=  2 start_lambda=1.235e-8 final_lambda=4.115e-9 log10_ratio=-0.477 accept_rho=1.000 attempts=1
[INFO] [STAGE] PIRLS update_with_curvature iter=3 curvature=Fisher elapsed=0.000s source=reused_prev_accept
[INFO] [PIRLS solve-end] iters=3 elapsed=0.0026s g_norm_initial=5.826e-1 g_norm_final=8.728e-10 convergence_rate=1.144e-3 status=Converged
[INFO] [STAGE] inner pirls solve iters=3 status=Converged max_eta=2.0 jeffreys_logdet=none rows=full(derivative-request) elapsed=0.003s
[INFO] [IFT-QUALITY] quality=1.243e-3 ift=4.500e0 pred_residual=3.014e-3 cap_predicted=6.750e0 iters=3
[INFO] [STAGE] logdet S (Z-projected) rho_dim=2 penalty_rank=5 elapsed=0.000s
[INFO] [#1271-diag] p=6 penalty_rank=5 nullspace_dim=1 logS=6.996604 logH=29.333803 half_diff=11.168599 h_above1=5 h_min=1.017e-5 h_max=2.409e4 rho=[10.2166,-5.3888] lambda=[2.735e4,4.568e-3]
[INFO] [STAGE] reml_laml cost_only_done k=2 ext_dim=0 dim=6 elapsed=0.000s
[INFO] [OUTER hessian-route] choice=dense reason=below_crossover n=300 p=6 k=2 callback_kernel=false subspace_trace=false scale_prefers_operator=false dense_workspace_bytes=2016
[INFO] [OUTER hessian-elapsed] choice=dense reason=below_crossover n=300 p=6 k=2 elapsed=0.000s
[INFO] [HGB] small-sample fallback to defaults: pairs=2, threshold=3
[INFO] [STAGE] outer eval end order=ValueGradientHessian elapsed=0.004s cost=-2.618571e2 |g|=5.007e-1
[INFO] [OUTER] eval#4 (hess) cost=-2.618571e2 |g|=5.007e-1 rho=[10.217,-5.389]
[INFO] [OUTER schedule] inner-PIRLS cap transition (ARC bridge) arc_iter=15 g_ratio=9.983e-1 last_iters=3 converged=true ift_residual=1.243e-3 accept_rho=1.000 prev=3 new=4 (capped)
[INFO] [STAGE] outer eval start order=ValueGradientHessian dim=2
[INFO] [reml-geometry] dense_spectral reason=constraints_present p=13 nnz_x=na nnz_h_est=na density_h_est=na threshold=0.1000
[INFO] [IFT-CACHE] outcome=miss drho_dim=2 p=13 elapsed=0.000s
[INFO] [ADAPTIVE-KKT] outer_g_norm=5.007e-1 effective_tol=1.000e-10 floor=1.000e-12 ceiling=1.000e-10
[INFO] [STAGE] PIRLS update_with_curvature iter=1 curvature=Fisher elapsed=0.000s source=rebuilt
[INFO] [PIRLS iter-end] iter=  1 elapsed=0.0009s lm_lambda=3.33e-7 g_norm=3.134e-6 last_dev_change=1.184e-6 last_halving=1
[INFO] [PIRLS iter-breakdown] iter=  1 attempts=1 curvature=0.000s solve=0.000s predred=0.000s candidate=0.000s other=0.000s
[INFO] [PIRLS lm-trajectory] iter=  1 start_lambda=1.000e-6 final_lambda=3.333e-7 log10_ratio=-0.477 accept_rho=1.000 attempts=1
[INFO] [STAGE] PIRLS update_with_curvature iter=2 curvature=Fisher elapsed=0.000s source=reused_prev_accept
[INFO] [PIRLS iter-end] iter=  2 elapsed=0.0006s lm_lambda=1.11e-7 g_norm=1.825e-7 last_dev_change=5.212e-10 last_halving=1
[INFO] [PIRLS iter-breakdown] iter=  2 attempts=1 curvature=0.000s solve=0.000s predred=0.000s candidate=0.000s other=0.000s
[INFO] [PIRLS lm-trajectory] iter=  2 start_lambda=3.333e-7 final_lambda=1.111e-7 log10_ratio=-0.477 accept_rho=1.000 attempts=1
[INFO] [STAGE] PIRLS update_with_curvature iter=3 curvature=Fisher elapsed=0.000s source=reused_prev_accept
[INFO] [PIRLS solve-end] iters=3 elapsed=0.0026s g_norm_initial=5.867e-1 g_norm_final=3.658e-9 convergence_rate=1.841e-3 status=Converged
[INFO] [STAGE] inner pirls solve iters=3 status=Converged max_eta=2.0 jeffreys_logdet=none rows=full(derivative-request) elapsed=0.003s
[INFO] [IFT-QUALITY] quality=2.225e-3 ift=6.750e0 pred_residual=5.397e-3 cap_predicted=1.012e1 iters=3
[INFO] [STAGE] logdet S (Z-projected) rho_dim=2 penalty_rank=5 elapsed=0.000s
[INFO] [#1271-diag] p=6 penalty_rank=5 nullspace_dim=1 logS=17.829208 logH=35.155541 half_diff=8.663166 h_above1=5 h_min=1.496e-3 h_max=2.727e4 rho=[10.5000,-0.3965] lambda=[3.631e4,6.727e-1]
[INFO] [STAGE] reml_laml cost_only_done k=2 ext_dim=0 dim=6 elapsed=0.000s
[INFO] [OUTER hessian-route] choice=dense reason=below_crossover n=300 p=6 k=2 callback_kernel=false subspace_trace=false scale_prefers_operator=false dense_workspace_bytes=2016
[INFO] [OUTER hessian-elapsed] choice=dense reason=below_crossover n=300 p=6 k=2 elapsed=0.000s
[INFO] [HGB] small-sample fallback to defaults: pairs=2, threshold=3
[INFO] [STAGE] outer eval end order=ValueGradientHessian elapsed=0.004s cost=-2.643102e2 |g|=4.484e-1
[INFO] [OUTER] eval#5 (hess) cost=-2.643102e2 |g|=4.484e-1 rho=[10.500,-0.396]
[INFO] [STAGE] outer eval start order=ValueGradientHessian dim=2
[INFO] [reml-geometry] dense_spectral reason=constraints_present p=13 nnz_x=na nnz_h_est=na density_h_est=na threshold=0.1000
[INFO] [IFT-CACHE] outcome=miss drho_dim=2 p=13 elapsed=0.000s
[INFO] [ADAPTIVE-KKT] outer_g_norm=4.484e-1 effective_tol=1.000e-10 floor=1.000e-12 ceiling=1.000e-10
[INFO] [STAGE] PIRLS update_with_curvature iter=1 curvature=Fisher elapsed=0.000s source=rebuilt
[INFO] [PIRLS iter-end] iter=  1 elapsed=0.0009s lm_lambda=3.33e-7 g_norm=5.301e-5 last_dev_change=7.480e-2 last_halving=1
[INFO] [PIRLS iter-breakdown] iter=  1 attempts=1 curvature=0.000s solve=0.000s predred=0.000s candidate=0.000s other=0.000s
[INFO] [PIRLS lm-trajectory] iter=  1 start_lambda=1.000e-6 final_lambda=3.333e-7 log10_ratio=-0.477 accept_rho=1.000 attempts=1
[INFO] [STAGE] PIRLS update_with_curvature iter=2 curvature=Fisher elapsed=0.000s source=reused_prev_accept
[INFO] [PIRLS exact-decrement] applicable=true decrement_sq=2.154906e-24 threshold=3.485654e-13 pass=true gradient_norm=4.187045e-11 relative_gradient=3.438148e-13 dimension_scale=6.244998e1 natural_scale=1.207820e2 objective=3.347120e0 actual_reduction=8.082424e-14 predicted_reduction=8.024643e-14 linear_model_term=-1.604902e-13 direction_norm=2.846366e-8 data_reduction=-1.465150e-7 penalty_reduction=1.465151e-7
[INFO] [PIRLS solve-end] iters=2 elapsed=0.0019s g_norm_initial=6.237e1 g_norm_final=4.187e-11 convergence_rate=8.193e-7 status=Converged
[INFO] [STAGE] inner pirls solve iters=2 status=Converged max_eta=2.0 jeffreys_logdet=none rows=full(derivative-request) elapsed=0.003s
[INFO] [IFT-QUALITY] quality=1.588e-2 ift=1.012e1 pred_residual=3.810e-2 cap_predicted=1.012e1 iters=2
[INFO] [STAGE] logdet S (Z-projected) rho_dim=2 penalty_rank=6 elapsed=0.000s
[INFO] [#1271-diag] p=7 penalty_rank=6 nullspace_dim=1 logS=48.108794 logH=57.125101 half_diff=4.508154 h_above1=7 h_min=5.849e0 h_max=9.690e4 rho=[11.5090,7.9133] lambda=[9.961e4,2.733e3]
[INFO] [STAGE] reml_laml cost_only_done k=2 ext_dim=0 dim=7 elapsed=0.000s
[INFO] [OUTER hessian-route] choice=dense reason=below_crossover n=300 p=7 k=2 callback_kernel=false subspace_trace=false scale_prefers_operator=false dense_workspace_bytes=2744
[INFO] [OUTER hessian-elapsed] choice=dense reason=below_crossover n=300 p=7 k=2 elapsed=0.000s
[INFO] [HGB] small-sample fallback to defaults: pairs=2, threshold=3
[INFO] [STAGE] outer eval end order=ValueGradientHessian elapsed=0.003s cost=-1.392091e2 |g|=8.284e1
[INFO] [OUTER] eval#6 (hess) cost=-1.392091e2 |g|=8.284e1 rho=[11.509,7.913]
[INFO] [STAGE] outer eval start order=ValueGradientHessian dim=2
[INFO] [reml-geometry] dense_spectral reason=constraints_present p=13 nnz_x=na nnz_h_est=na density_h_est=na threshold=0.1000
[INFO] [IFT-CACHE] outcome=miss drho_dim=2 p=13 elapsed=0.000s
[INFO] [ADAPTIVE-KKT] outer_g_norm=8.284e1 effective_tol=1.000e-10 floor=1.000e-12 ceiling=1.000e-10
[INFO] [STAGE] PIRLS update_with_curvature iter=1 curvature=Fisher elapsed=0.000s source=rebuilt
[INFO] [PIRLS iter-end] iter=  1 elapsed=0.0009s lm_lambda=3.70e-8 g_norm=1.001e-7 last_dev_change=3.692e-5 last_halving=1
[INFO] [PIRLS iter-breakdown] iter=  1 attempts=1 curvature=0.001s solve=0.000s predred=0.000s candidate=0.000s other=0.000s
[INFO] [PIRLS lm-trajectory] iter=  1 start_lambda=1.111e-7 final_lambda=3.704e-8 log10_ratio=-0.477 accept_rho=1.000 attempts=1
[INFO] [STAGE] PIRLS update_with_curvature iter=2 curvature=Fisher elapsed=0.000s source=reused_prev_accept
[INFO] [PIRLS exact-decrement] applicable=true decrement_sq=3.936909e-29 threshold=3.128435e-13 pass=true gradient_norm=2.319256e-13 relative_gradient=2.311224e-15 dimension_scale=6.244998e1 natural_scale=9.934750e1 objective=3.004098e0 actual_reduction=0.000000e0 predicted_reduction=2.495987e-19 linear_model_term=-5.395424e-19 direction_norm=5.372014e-11 data_reduction=-2.315572e-10 penalty_reduction=2.315572e-10
[INFO] [PIRLS solve-end] iters=2 elapsed=0.0019s g_norm_initial=2.446e0 g_norm_final=2.319e-13 convergence_rate=3.079e-7 status=Converged
[INFO] [STAGE] inner pirls solve iters=2 status=Converged max_eta=2.0 jeffreys_logdet=none rows=full(derivative-request) elapsed=0.003s
[INFO] [IFT-QUALITY] quality=2.677e-4 ift=1.012e1 pred_residual=6.435e-4 cap_predicted=1.012e1 iters=2
[INFO] [STAGE] logdet S (Z-projected) rho_dim=2 penalty_rank=6 elapsed=0.000s
[INFO] [#1271-diag] p=7 penalty_rank=6 nullspace_dim=1 logS=47.528599 logH=56.740789 half_diff=4.606095 h_above1=7 h_min=4.814e0 h_max=9.467e4 rho=[11.4648,7.7116] lambda=[9.530e4,2.234e3]
[INFO] [STAGE] reml_laml cost_only_done k=2 ext_dim=0 dim=7 elapsed=0.000s
[INFO] [OUTER hessian-route] choice=dense reason=below_crossover n=300 p=7 k=2 callback_kernel=false subspace_trace=false scale_prefers_operator=false dense_workspace_bytes=2744
[INFO] [OUTER hessian-elapsed] choice=dense reason=below_crossover n=300 p=7 k=2 elapsed=0.000s
[INFO] [STAGE] outer eval end order=ValueGradientHessian elapsed=0.003s cost=-1.552755e2 |g|=7.644e1
[INFO] [OUTER] eval#7 (hess) cost=-1.552755e2 |g|=7.644e1 rho=[11.465,7.712]
[INFO] [OUTER schedule] inner-PIRLS cap transition (ARC bridge) arc_iter=16 g_ratio=1.524e2 last_iters=2 converged=true ift_residual=2.677e-4 accept_rho=1.000 prev=4 new=3 (capped)
[INFO] [STAGE] outer eval start order=ValueGradientHessian dim=2
[INFO] [reml-geometry] dense_spectral reason=constraints_present p=13 nnz_x=na nnz_h_est=na density_h_est=na threshold=0.1000
[INFO] [IFT-CACHE] outcome=miss drho_dim=2 p=13 elapsed=0.000s
[INFO] [ADAPTIVE-KKT] outer_g_norm=7.644e1 effective_tol=1.000e-10 floor=1.000e-12 ceiling=1.000e-10
[INFO] [STAGE] PIRLS update_with_curvature iter=1 curvature=Fisher elapsed=0.000s source=rebuilt
[INFO] [PIRLS iter-end] iter=  1 elapsed=0.0009s lm_lambda=4.12e-9 g_norm=2.370e-8 last_dev_change=1.869e-4 last_halving=1
[INFO] [PIRLS iter-breakdown] iter=  1 attempts=1 curvature=0.001s solve=0.000s predred=0.000s candidate=0.000s other=0.000s
[INFO] [PIRLS lm-trajectory] iter=  1 start_lambda=1.235e-8 final_lambda=4.115e-9 log10_ratio=-0.477 accept_rho=1.000 attempts=1
[INFO] [STAGE] PIRLS update_with_curvature iter=2 curvature=Fisher elapsed=0.000s source=reused_prev_accept
[INFO] [PIRLS exact-decrement] applicable=true decrement_sq=1.449666e-28 threshold=2.619817e-13 pass=true gradient_norm=9.303114e-13 relative_gradient=1.332222e-14 dimension_scale=6.244998e1 natural_scale=6.883155e1 objective=2.515694e0 actual_reduction=8.881784e-16 predicted_reduction=4.527238e-19 linear_model_term=-4.793206e-19 direction_norm=1.719217e-11 data_reduction=-4.879208e-11 penalty_reduction=4.879297e-11
[INFO] [PIRLS solve-end] iters=2 elapsed=0.0020s g_norm_initial=3.698e0 g_norm_final=9.303e-13 convergence_rate=5.016e-7 status=Converged
[INFO] [STAGE] inner pirls solve iters=2 status=Converged max_eta=2.0 jeffreys_logdet=none rows=full(derivative-request) elapsed=0.003s
[INFO] [IFT-QUALITY] quality=7.430e-4 ift=1.012e1 pred_residual=1.791e-3 cap_predicted=1.012e1 iters=2
[INFO] [STAGE] logdet S (Z-projected) rho_dim=2 penalty_rank=5 elapsed=0.000s
[INFO] [#1271-diag] p=6 penalty_rank=5 nullspace_dim=1 logS=36.284493 logH=45.859792 half_diff=4.787649 h_above1=6 h_min=3.340e0 h_max=7.458e4 rho=[11.3871,7.3363] lambda=[8.818e4,1.535e3]
[INFO] [STAGE] reml_laml cost_only_done k=2 ext_dim=0 dim=6 elapsed=0.000s
[INFO] [OUTER hessian-route] choice=dense reason=below_crossover n=300 p=6 k=2 callback_kernel=false subspace_trace=false scale_prefers_operator=false dense_workspace_bytes=2016
[INFO] [OUTER hessian-elapsed] choice=dense reason=below_crossover n=300 p=6 k=2 elapsed=0.000s
[INFO] [STAGE] outer eval end order=ValueGradientHessian elapsed=0.003s cost=-1.816195e2 |g|=6.385e1
[INFO] [OUTER] eval#8 (hess) cost=-1.816195e2 |g|=6.385e1 rho=[11.387,7.336]
[INFO] [OUTER] cost-stall probe-noise rung declined (#2456): |g|=4.484e-1, bound 2.653e-1 set by score-relative; terms: solver-band 1.000e-3, score-relative 2.653e-1, probe-noise declined: sigma/delta=3.147e0 exceeds the 1.000e0 resolution ceiling (sigma=2.634e1, delta=8.371e0), so the criterion resolves no gradient at this step scale
[WARN] [OUTER] ARC cost-stall STUCK (NOT a flat valley): REML objective improved < 1.000e-7 (relative) over 3 outer steps but the projected gradient is FAR above the certified-stationary band (|g|=4.484e-1 > escape threshold 3.980e-1); refusing to halt-and-ship and continuing the descent (escape 1, value=-2.643102e2).
[INFO] [OUTER schedule] inner-PIRLS cap transition (ARC bridge) arc_iter=16 g_ratio=1.273e2 last_iters=2 converged=true ift_residual=7.430e-4 accept_rho=1.000 prev=0 new=3 (capped)
[INFO] [STAGE] outer eval start order=ValueGradientHessian dim=2
[INFO] [reml-geometry] dense_spectral reason=constraints_present p=13 nnz_x=na nnz_h_est=na density_h_est=na threshold=0.1000
[INFO] [IFT-CACHE] outcome=miss drho_dim=2 p=13 elapsed=0.000s
[INFO] [ADAPTIVE-KKT] outer_g_norm=6.385e1 effective_tol=1.000e-10 floor=1.000e-12 ceiling=1.000e-10
[INFO] [STAGE] PIRLS update_with_curvature iter=1 curvature=Fisher elapsed=0.000s source=rebuilt
[INFO] [PIRLS iter-end] iter=  1 elapsed=0.0009s lm_lambda=1.00e-9 g_norm=5.516e-8 last_dev_change=6.039e-1 last_halving=1
[INFO] [PIRLS iter-breakdown] iter=  1 attempts=1 curvature=0.000s solve=0.000s predred=0.000s candidate=0.000s other=0.000s
[INFO] [PIRLS lm-trajectory] iter=  1 start_lambda=1.372e-9 final_lambda=1.000e-9 log10_ratio=-0.137 accept_rho=1.000 attempts=1
[INFO] [STAGE] PIRLS update_with_curvature iter=2 curvature=Fisher elapsed=0.000s source=reused_prev_accept
[INFO] [PIRLS exact-decrement] applicable=true decrement_sq=3.672046e-25 threshold=1.470273e-13 pass=true gradient_norm=2.648992e-13 relative_gradient=1.286262e-13 dimension_scale=6.244998e1 natural_scale=1.059450e0 objective=1.411838e0 actual_reduction=2.220446e-16 predicted_reduction=6.451336e-17 linear_model_term=-1.310139e-16 direction_norm=1.333441e-7 data_reduction=-6.228351e-13 penalty_reduction=6.230745e-13
[INFO] [PIRLS solve-end] iters=2 elapsed=0.0020s g_norm_initial=1.783e2 g_norm_final=2.649e-13 convergence_rate=3.855e-8 status=Converged
[INFO] [STAGE] inner pirls solve iters=2 status=Converged max_eta=2.0 jeffreys_logdet=none rows=full(derivative-request) elapsed=0.003s
[INFO] [IFT-QUALITY] quality=4.494e-2 ift=1.012e1 pred_residual=1.090e-1 cap_predicted=1.012e1 iters=2
[INFO] [STAGE] logdet S (Z-projected) rho_dim=2 penalty_rank=5 elapsed=0.000s
[INFO] [#1271-diag] p=6 penalty_rank=5 nullspace_dim=1 logS=21.367893 logH=37.091345 half_diff=7.861726 h_above1=5 h_min=7.382e-3 h_max=2.892e4 rho=[10.6153,1.1999] lambda=[4.075e4,3.320e0]
[INFO] [STAGE] reml_laml cost_only_done k=2 ext_dim=0 dim=6 elapsed=0.000s
[INFO] [OUTER hessian-route] choice=dense reason=below_crossover n=300 p=6 k=2 callback_kernel=false subspace_trace=false scale_prefers_operator=false dense_workspace_bytes=2016
[INFO] [OUTER hessian-elapsed] choice=dense reason=below_crossover n=300 p=6 k=2 elapsed=0.000s
[INFO] [HGB] engage after 10 iters (max warmup reached)
[INFO] [HGB] target_mse=4.077e1 s_i=1.000e0 s_l=1.000e0 s_t=1.000e0 eps²_i=1.359e1 eps²_l=1.359e1 eps²_t=1.359e1 τ=1.000e-10 rtol=3.687e0 k=0 floor_active=[]
[INFO] [STAGE] outer eval end order=ValueGradientHessian elapsed=0.004s cost=-2.649050e2 |g|=2.426e-1
[INFO] [OUTER] eval#9 (hess) cost=-2.649050e2 |g|=2.426e-1 rho=[10.615,1.200]
[INFO] [OUTER schedule] inner-PIRLS cap transition (ARC bridge) arc_iter=17 g_ratio=4.837e-1 last_iters=2 converged=true ift_residual=4.494e-2 accept_rho=1.000 prev=3 new=4 (capped)
[INFO] [STAGE] outer eval start order=ValueGradientHessian dim=2
[INFO] [reml-geometry] dense_spectral reason=constraints_present p=13 nnz_x=na nnz_h_est=na density_h_est=na threshold=0.1000
[INFO] [IFT-CACHE] outcome=miss drho_dim=2 p=13 elapsed=0.000s
[INFO] [ADAPTIVE-KKT] outer_g_norm=1.000e-10 effective_tol=1.000e-10 floor=1.000e-10 ceiling=1.000e-10
[INFO] [STAGE] PIRLS update_with_curvature iter=1 curvature=Fisher elapsed=0.000s source=rebuilt
[INFO] [PIRLS solve-end] iters=1 elapsed=0.0009s g_norm_initial=7.134e-1 g_norm_final=1.917e-10 convergence_rate=2.687e-10 status=Converged
[INFO] [STAGE] inner pirls solve iters=1 status=Converged max_eta=2.0 jeffreys_logdet=none rows=full(derivative-request) elapsed=0.002s
[INFO] [IFT-QUALITY] quality=2.017e-5 ift=1.012e1 pred_residual=4.893e-5 cap_predicted=1.012e1 iters=1
[INFO] [STAGE] logdet S (Z-projected) rho_dim=2 penalty_rank=5 elapsed=0.000s
[INFO] [#1271-diag] p=6 penalty_rank=5 nullspace_dim=1 logS=26.286530 logH=41.044652 half_diff=7.379061 h_above1=5 h_min=1.872e-2 h_max=5.821e4 rho=[11.6346,2.1302] lambda=[1.129e5,8.417e0]
[INFO] [STAGE] reml_laml cost_only_done k=2 ext_dim=0 dim=6 elapsed=0.000s
[INFO] [OUTER hessian-route] choice=dense reason=below_crossover n=300 p=6 k=2 callback_kernel=false subspace_trace=false scale_prefers_operator=false dense_workspace_bytes=2016
[INFO] [OUTER hessian-elapsed] choice=dense reason=below_crossover n=300 p=6 k=2 elapsed=0.000s
[INFO] [HGB] target_mse=5.884e-4 s_i=1.000e0 s_l=1.000e0 s_t=1.000e0 eps²_i=1.961e-4 eps²_l=1.961e-4 eps²_t=1.961e-4 τ=1.000e-10 rtol=1.401e-2 k=0 floor_active=[]
[INFO] [STAGE] outer eval end order=ValueGradientHessian elapsed=0.003s cost=-2.649904e2 |g|=1.548e-1
[INFO] [OUTER] eval#10 (hess) cost=-2.649904e2 |g|=1.548e-1 rho=[11.635,2.130]
[INFO] [OUTER schedule] inner-PIRLS cap transition (ARC bridge) arc_iter=18 g_ratio=3.087e-1 last_iters=1 converged=true ift_residual=2.017e-5 accept_rho=1.000 prev=4 new=3 (capped)
[INFO] [STAGE] outer eval start order=ValueGradientHessian dim=2
[INFO] [reml-geometry] dense_spectral reason=constraints_present p=13 nnz_x=na nnz_h_est=na density_h_est=na threshold=0.1000
[INFO] [IFT-CACHE] outcome=miss drho_dim=2 p=13 elapsed=0.000s
[INFO] [ADAPTIVE-KKT] outer_g_norm=1.000e-10 effective_tol=1.000e-10 floor=1.000e-10 ceiling=1.000e-10
[INFO] [STAGE] PIRLS update_with_curvature iter=1 curvature=Fisher elapsed=0.000s source=rebuilt
[INFO] [PIRLS solve-end] iters=1 elapsed=0.0010s g_norm_initial=8.526e-1 g_norm_final=1.242e-10 convergence_rate=1.457e-10 status=Converged
[INFO] [STAGE] inner pirls solve iters=1 status=Converged max_eta=2.0 jeffreys_logdet=none rows=full(derivative-request) elapsed=0.002s
[INFO] [IFT-QUALITY] quality=4.597e-6 ift=1.012e1 pred_residual=1.115e-5 cap_predicted=1.012e1 iters=1
[INFO] [STAGE] logdet S (Z-projected) rho_dim=2 penalty_rank=5 elapsed=0.000s
[INFO] [#1271-diag] p=6 penalty_rank=5 nullspace_dim=1 logS=28.681229 logH=43.663801 half_diff=7.491286 h_above1=5 h_min=1.477e-2 h_max=1.353e5 rho=[12.5908,1.8933] lambda=[2.938e5,6.641e0]
[INFO] [STAGE] reml_laml cost_only_done k=2 ext_dim=0 dim=6 elapsed=0.000s
[INFO] [OUTER hessian-route] choice=dense reason=below_crossover n=300 p=6 k=2 callback_kernel=false subspace_trace=false scale_prefers_operator=false dense_workspace_bytes=2016
[INFO] [OUTER hessian-elapsed] choice=dense reason=below_crossover n=300 p=6 k=2 elapsed=0.000s
[INFO] [HGB] target_mse=2.397e-4 s_i=1.000e0 s_l=1.000e0 s_t=1.000e0 eps²_i=7.989e-5 eps²_l=7.989e-5 eps²_t=7.989e-5 τ=1.000e-10 rtol=8.938e-3 k=0 floor_active=[]
[INFO] [STAGE] outer eval end order=ValueGradientHessian elapsed=0.003s cost=-2.650162e2 |g|=1.737e-2
[INFO] [OUTER] eval#11 (hess) cost=-2.650162e2 |g|=1.737e-2 rho=[12.591,1.893]
[INFO] [STAGE] outer eval start order=ValueGradientHessian dim=2
[INFO] [reml-geometry] dense_spectral reason=constraints_present p=13 nnz_x=na nnz_h_est=na density_h_est=na threshold=0.1000
[INFO] [IFT-CACHE] outcome=miss drho_dim=2 p=13 elapsed=0.000s
[INFO] [ADAPTIVE-KKT] outer_g_norm=1.000e-10 effective_tol=1.000e-10 floor=1.000e-10 ceiling=1.000e-10
[INFO] [STAGE] PIRLS update_with_curvature iter=1 curvature=Fisher elapsed=0.000s source=rebuilt
[INFO] [PIRLS solve-end] iters=1 elapsed=0.0010s g_norm_initial=1.434e0 g_norm_final=2.292e-10 convergence_rate=1.598e-10 status=Converged
[INFO] [STAGE] inner pirls solve iters=1 status=Converged max_eta=2.0 jeffreys_logdet=none rows=full(derivative-request) elapsed=0.002s
[INFO] [IFT-QUALITY] quality=1.531e-6 ift=1.012e1 pred_residual=3.714e-6 cap_predicted=1.012e1 iters=1
[INFO] [STAGE] logdet S (Z-projected) rho_dim=2 penalty_rank=5 elapsed=0.000s
[INFO] [#1271-diag] p=6 penalty_rank=5 nullspace_dim=1 logS=31.620037 logH=46.630533 half_diff=7.505248 h_above1=5 h_min=1.429e-2 h_max=3.528e5 rho=[13.5923,1.8604] lambda=[8.000e5,6.427e0]
[INFO] [STAGE] reml_laml cost_only_done k=2 ext_dim=0 dim=6 elapsed=0.000s
[INFO] [OUTER hessian-route] choice=dense reason=below_crossover n=300 p=6 k=2 callback_kernel=false subspace_trace=false scale_prefers_operator=false dense_workspace_bytes=2016
[INFO] [OUTER hessian-elapsed] choice=dense reason=below_crossover n=300 p=6 k=2 elapsed=0.000s
[INFO] [HGB] target_mse=3.016e-6 s_i=1.000e0 s_l=1.000e0 s_t=1.000e0 eps²_i=1.005e-6 eps²_l=1.005e-6 eps²_t=1.005e-6 τ=1.000e-10 rtol=1.003e-3 k=0 floor_active=[]
[INFO] [STAGE] outer eval end order=ValueGradientHessian elapsed=0.003s cost=-2.650189e2 |g|=1.438e-3
[INFO] [OUTER] eval#12 (hess) cost=-2.650189e2 |g|=1.438e-3 rho=[13.592,1.860]
[INFO] [OUTER schedule] inner-PIRLS cap transition (ARC bridge) arc_iter=20 g_ratio=2.868e-3 last_iters=1 converged=true ift_residual=1.531e-6 accept_rho=1.000 prev=3 new=0 (uncapped)
[INFO] [STAGE] outer eval start order=ValueGradientHessian dim=2
[INFO] [reml-geometry] dense_spectral reason=constraints_present p=13 nnz_x=na nnz_h_est=na density_h_est=na threshold=0.1000
[INFO] [IFT-CACHE] outcome=miss drho_dim=2 p=13 elapsed=0.000s
[INFO] [ADAPTIVE-KKT] outer_g_norm=1.000e-12 effective_tol=1.000e-12 floor=1.000e-12 ceiling=1.000e-12
[INFO] [STAGE] PIRLS update_with_curvature iter=1 curvature=Fisher elapsed=0.000s source=rebuilt
[INFO] [PIRLS iter-end] iter=  1 elapsed=0.0009s lm_lambda=1.00e-9 g_norm=6.617e-10 last_dev_change=5.198e-6 last_halving=1
[INFO] [PIRLS iter-breakdown] iter=  1 attempts=1 curvature=0.000s solve=0.000s predred=0.000s candidate=0.000s other=0.000s
[INFO] [PIRLS lm-trajectory] iter=  1 start_lambda=1.000e-9 final_lambda=1.000e-9 log10_ratio=0.000 accept_rho=1.000 attempts=1
[INFO] [STAGE] PIRLS update_with_curvature iter=2 curvature=Fisher elapsed=0.000s source=reused_prev_accept
[INFO] [PIRLS exact-decrement] applicable=true decrement_sq=7.120178e-28 threshold=1.472658e-13 pass=true gradient_norm=6.225853e-13 relative_gradient=2.918245e-13 dimension_scale=6.244998e1 natural_scale=1.133424e0 objective=1.414129e0 actual_reduction=-2.220446e-16 predicted_reduction=7.009253e-22 linear_model_term=-1.345240e-19 direction_norm=4.328314e-9 data_reduction=-4.218847e-15 penalty_reduction=3.904863e-15
[INFO] [PIRLS solve-end] iters=2 elapsed=0.0020s g_norm_initial=3.287e0 g_norm_final=6.226e-13 convergence_rate=4.352e-7 status=Converged
[INFO] [STAGE] inner pirls solve iters=2 status=Converged max_eta=2.0 jeffreys_logdet=none rows=full(derivative-request) elapsed=0.003s
[INFO] [IFT-QUALITY] quality=5.670e-7 ift=1.012e1 pred_residual=1.376e-6 cap_predicted=1.012e1 iters=2
[INFO] [STAGE] logdet S (Z-projected) rho_dim=2 penalty_rank=4 elapsed=0.000s
[INFO] [#1271-diag] p=5 penalty_rank=4 nullspace_dim=1 logS=21.790250 logH=36.799469 half_diff=7.504609 h_above1=4 h_min=1.428e-2 h_max=9.462e5 rho=[14.5944,1.8599] lambda=[2.179e6,6.423e0]
[INFO] [STAGE] reml_laml cost_only_done k=2 ext_dim=0 dim=5 elapsed=0.000s
[INFO] [OUTER hessian-route] choice=dense reason=below_crossover n=300 p=5 k=2 callback_kernel=false subspace_trace=false scale_prefers_operator=false dense_workspace_bytes=1400
[INFO] [OUTER hessian-elapsed] choice=dense reason=below_crossover n=300 p=5 k=2 elapsed=0.000s
[INFO] [HGB] target_mse=2.069e-8 s_i=1.000e0 s_l=1.000e0 s_t=1.000e0 eps²_i=6.897e-9 eps²_l=6.897e-9 eps²_t=6.897e-9 τ=1.000e-10 rtol=8.305e-5 k=0 floor_active=[]
[INFO] [STAGE] outer eval end order=ValueGradientHessian elapsed=0.004s cost=-2.650198e2 |g|=5.184e-4
[INFO] [OUTER] eval#13 (hess) cost=-2.650198e2 |g|=5.184e-4 rho=[14.594,1.860]
[INFO] [STAGE] outer eval start order=ValueGradientHessian dim=2
[INFO] [reml-geometry] dense_spectral reason=constraints_present p=13 nnz_x=na nnz_h_est=na density_h_est=na threshold=0.1000
[INFO] [IFT-CACHE] outcome=miss drho_dim=2 p=13 elapsed=0.000s
[INFO] [ADAPTIVE-KKT] outer_g_norm=1.000e-12 effective_tol=1.000e-12 floor=1.000e-12 ceiling=1.000e-12
[INFO] [STAGE] PIRLS update_with_curvature iter=1 curvature=Fisher elapsed=0.000s source=rebuilt
[INFO] [PIRLS iter-end] iter=  1 elapsed=0.0010s lm_lambda=1.00e-9 g_norm=2.170e-9 last_dev_change=1.323e-5 last_halving=1
[INFO] [PIRLS iter-breakdown] iter=  1 attempts=1 curvature=0.001s solve=0.000s predred=0.000s candidate=0.000s other=0.000s
[INFO] [PIRLS lm-trajectory] iter=  1 start_lambda=1.000e-9 final_lambda=1.000e-9 log10_ratio=0.000 accept_rho=1.000 attempts=1
[INFO] [STAGE] PIRLS update_with_curvature iter=2 curvature=Fisher elapsed=0.000s source=reused_prev_accept
[INFO] [PIRLS exact-decrement] applicable=true decrement_sq=1.808520e-25 threshold=1.472658e-13 pass=true gradient_norm=9.307832e-13 relative_gradient=4.361907e-13 dimension_scale=6.244998e1 natural_scale=1.133890e0 objective=1.414129e0 actual_reduction=2.220446e-16 predicted_reduction=1.798941e-19 linear_model_term=-1.006627e-18 direction_norm=1.075803e-8 data_reduction=-9.992007e-15 penalty_reduction=1.010476e-14
[INFO] [PIRLS solve-end] iters=2 elapsed=0.0020s g_norm_initial=8.525e0 g_norm_final=9.308e-13 convergence_rate=3.304e-7 status=Converged
[INFO] [STAGE] inner pirls solve iters=2 status=Converged max_eta=2.0 jeffreys_logdet=none rows=full(derivative-request) elapsed=0.003s
[INFO] [IFT-QUALITY] quality=2.097e-7 ift=1.012e1 pred_residual=5.086e-7 cap_predicted=1.519e1 iters=2
[INFO] [STAGE] logdet S (Z-projected) rho_dim=2 penalty_rank=4 elapsed=0.000s
[INFO] [#1271-diag] p=5 penalty_rank=4 nullspace_dim=1 logS=23.791533 logH=38.800081 half_diff=7.504274 h_above1=4 h_min=1.428e-2 h_max=2.559e6 rho=[15.5951,1.8599] lambda=[5.927e6,6.423e0]
[INFO] [STAGE] reml_laml cost_only_done k=2 ext_dim=0 dim=5 elapsed=0.000s
[INFO] [OUTER hessian-route] choice=dense reason=below_crossover n=300 p=5 k=2 callback_kernel=false subspace_trace=false scale_prefers_operator=false dense_workspace_bytes=1400
[INFO] [OUTER hessian-elapsed] choice=dense reason=below_crossover n=300 p=5 k=2 elapsed=0.000s
[INFO] [HGB] target_mse=2.687e-9 s_i=1.000e0 s_l=1.000e0 s_t=1.000e0 eps²_i=8.958e-10 eps²_l=8.958e-10 eps²_t=8.958e-10 τ=1.000e-10 rtol=2.993e-5 k=0 floor_active=[]
[INFO] [STAGE] outer eval end order=ValueGradientHessian elapsed=0.004s cost=-2.650201e2 |g|=1.906e-4
[INFO] [OUTER] eval#14 (hess) cost=-2.650201e2 |g|=1.906e-4 rho=[15.595,1.860]
[INFO] [STAGE] outer eval start order=ValueGradientHessian dim=2
[INFO] [reml-geometry] dense_spectral reason=constraints_present p=13 nnz_x=na nnz_h_est=na density_h_est=na threshold=0.1000
[INFO] [IFT-CACHE] outcome=miss drho_dim=2 p=13 elapsed=0.000s
[INFO] [ADAPTIVE-KKT] outer_g_norm=1.000e-12 effective_tol=1.000e-12 floor=1.000e-12 ceiling=1.000e-12
[INFO] [STAGE] PIRLS update_with_curvature iter=1 curvature=Fisher elapsed=0.000s source=rebuilt
[INFO] [PIRLS iter-end] iter=  1 elapsed=0.0009s lm_lambda=1.00e-9 g_norm=6.280e-9 last_dev_change=3.521e-5 last_halving=1
[INFO] [PIRLS iter-breakdown] iter=  1 attempts=1 curvature=0.000s solve=0.000s predred=0.000s candidate=0.000s other=0.000s
[INFO] [PIRLS lm-trajectory] iter=  1 start_lambda=1.000e-9 final_lambda=1.000e-9 log10_ratio=0.000 accept_rho=1.000 attempts=1
[INFO] [STAGE] PIRLS update_with_curvature iter=2 curvature=Fisher elapsed=0.000s source=reused_prev_accept
[INFO] [PIRLS exact-decrement] applicable=true decrement_sq=1.162502e-23 threshold=1.472658e-13 pass=true gradient_norm=1.323618e-11 relative_gradient=6.202073e-12 dimension_scale=6.244998e1 natural_scale=1.134155e0 objective=1.414129e0 actual_reduction=-4.440892e-16 predicted_reduction=7.009158e-18 linear_model_term=-1.268377e-17 direction_norm=2.818495e-8 data_reduction=-2.708944e-14 penalty_reduction=2.666617e-14
[INFO] [PIRLS solve-end] iters=2 elapsed=0.0020s g_norm_initial=2.284e1 g_norm_final=1.324e-11 convergence_rate=7.612e-7 status=Converged
[INFO] [STAGE] inner pirls solve iters=2 status=Converged max_eta=2.0 jeffreys_logdet=none rows=full(derivative-request) elapsed=0.003s
[INFO] [IFT-QUALITY] quality=7.701e-8 ift=1.519e1 pred_residual=1.868e-7 cap_predicted=2.278e1 iters=2
[INFO] [STAGE] logdet S (Z-projected) rho_dim=2 penalty_rank=4 elapsed=0.000s
[INFO] [#1271-diag] p=5 penalty_rank=4 nullspace_dim=1 logS=25.790768 logH=40.799070 half_diff=7.504151 h_above1=4 h_min=1.428e-2 h_max=6.939e6 rho=[16.5947,1.8599] lambda=[1.611e7,6.423e0]
[INFO] [STAGE] reml_laml cost_only_done k=2 ext_dim=0 dim=5 elapsed=0.000s
[INFO] [OUTER hessian-route] choice=dense reason=below_crossover n=300 p=5 k=2 callback_kernel=false subspace_trace=false scale_prefers_operator=false dense_workspace_bytes=1400
[INFO] [OUTER hessian-elapsed] choice=dense reason=below_crossover n=300 p=5 k=2 elapsed=0.000s
[INFO] [HGB] target_mse=3.634e-10 s_i=1.000e0 s_l=1.000e0 s_t=1.000e0 eps²_i=1.211e-10 eps²_l=1.211e-10 eps²_t=1.211e-10 τ=1.000e-10 rtol=1.101e-5 k=0 floor_active=[]
[INFO] [STAGE] outer eval end order=ValueGradientHessian elapsed=0.003s cost=-2.650202e2 |g|=7.009e-5
[INFO] [OUTER] eval#15 (hess) cost=-2.650202e2 |g|=7.009e-5 rho=[16.595,1.860]
[INFO] [OUTER] ARC finite cost stall deferred to exact second-order convergence: REML objective improved < 1.000e-7 (relative) over 3 consecutive outer steps and the stored best projected gradient is small (|g|=7.009e-5; bound 2.660e-1 set by score-relative; terms: solver-band 1.000e-3, score-relative 2.660e-1, probe-noise 3.272e-4 (sigma=3.279e-4 / delta=1.002e0)), but only ARC owns the synchronized reduced-Hessian certificate (value=-2.650202e2).
[INFO] [STAGE] outer eval start order=ValueGradientHessian dim=2
[INFO] [reml-geometry] dense_spectral reason=constraints_present p=13 nnz_x=na nnz_h_est=na density_h_est=na threshold=0.1000
[INFO] [IFT-CACHE] outcome=miss drho_dim=2 p=13 elapsed=0.000s
[INFO] [ADAPTIVE-KKT] outer_g_norm=1.000e-12 effective_tol=1.000e-12 floor=1.000e-12 ceiling=1.000e-12
[INFO] [STAGE] PIRLS update_with_curvature iter=1 curvature=Fisher elapsed=0.000s source=rebuilt
[INFO] [PIRLS iter-end] iter=  1 elapsed=0.0009s lm_lambda=1.00e-9 g_norm=1.739e-8 last_dev_change=9.483e-5 last_halving=1
[INFO] [PIRLS iter-breakdown] iter=  1 attempts=1 curvature=0.001s solve=0.000s predred=0.000s candidate=0.000s other=0.000s
[INFO] [PIRLS lm-trajectory] iter=  1 start_lambda=1.000e-9 final_lambda=1.000e-9 log10_ratio=0.000 accept_rho=1.000 attempts=1
[INFO] [STAGE] PIRLS update_with_curvature iter=2 curvature=Fisher elapsed=0.000s source=reused_prev_accept
[INFO] [PIRLS exact-decrement] applicable=true decrement_sq=1.602710e-21 threshold=1.472658e-13 pass=true gradient_norm=4.255230e-11 relative_gradient=1.997445e-11 dimension_scale=6.244998e1 natural_scale=1.130336e0 objective=1.414129e0 actual_reduction=-2.220446e-16 predicted_reduction=3.969252e-17 linear_model_term=-7.992731e-17 direction_norm=7.504981e-8 data_reduction=-7.149836e-14 penalty_reduction=7.119305e-14
[INFO] [PIRLS solve-end] iters=2 elapsed=0.0020s g_norm_initial=6.169e1 g_norm_final=4.255e-11 convergence_rate=8.306e-7 status=Converged
[INFO] [STAGE] inner pirls solve iters=2 status=Converged max_eta=2.0 jeffreys_logdet=none rows=full(derivative-request) elapsed=0.003s
[INFO] [IFT-QUALITY] quality=2.653e-8 ift=2.278e1 pred_residual=6.437e-8 cap_predicted=3.417e1 iters=2
[INFO] [STAGE] logdet S (Z-projected) rho_dim=2 penalty_rank=4 elapsed=0.000s
[INFO] [#1271-diag] p=5 penalty_rank=4 nullspace_dim=1 logS=27.787011 logH=42.795222 half_diff=7.504106 h_above1=4 h_min=1.428e-2 h_max=1.881e7 rho=[17.5928,1.8599] lambda=[4.370e7,6.423e0]
[INFO] [STAGE] reml_laml cost_only_done k=2 ext_dim=0 dim=5 elapsed=0.000s
[INFO] [OUTER hessian-route] choice=dense reason=below_crossover n=300 p=5 k=2 callback_kernel=false subspace_trace=false scale_prefers_operator=false dense_workspace_bytes=1400
[INFO] [OUTER hessian-elapsed] choice=dense reason=below_crossover n=300 p=5 k=2 elapsed=0.000s
[INFO] [HGB] target_mse=4.912e-11 s_i=1.000e0 s_l=1.000e0 s_t=1.000e0 eps²_i=1.637e-11 eps²_l=1.637e-11 eps²_t=1.637e-11 τ=1.000e-10 rtol=4.046e-6 k=0 floor_active=[]
[INFO] [STAGE] outer eval end order=ValueGradientHessian elapsed=0.003s cost=-2.650203e2 |g|=2.575e-5
[INFO] [OUTER] eval#16 (hess) cost=-2.650203e2 |g|=2.575e-5 rho=[17.593,1.860]
[INFO] [STAGE] outer eval start order=ValueGradientHessian dim=2
[INFO] [reml-geometry] dense_spectral reason=constraints_present p=13 nnz_x=na nnz_h_est=na density_h_est=na threshold=0.1000
[INFO] [IFT-CACHE] outcome=miss drho_dim=2 p=13 elapsed=0.000s
[INFO] [ADAPTIVE-KKT] outer_g_norm=1.000e-12 effective_tol=1.000e-12 floor=1.000e-12 ceiling=1.000e-12
[INFO] [STAGE] PIRLS update_with_curvature iter=1 curvature=Fisher elapsed=0.000s source=rebuilt
[INFO] [PIRLS iter-end] iter=  1 elapsed=0.0009s lm_lambda=1.00e-9 g_norm=2.706e-8 last_dev_change=2.557e-4 last_halving=1
[INFO] [PIRLS iter-breakdown] iter=  1 attempts=1 curvature=0.000s solve=0.000s predred=0.000s candidate=0.000s other=0.000s
[INFO] [PIRLS lm-trajectory] iter=  1 start_lambda=1.000e-9 final_lambda=1.000e-9 log10_ratio=0.000 accept_rho=1.000 attempts=1
[INFO] [STAGE] PIRLS update_with_curvature iter=2 curvature=Fisher elapsed=0.000s source=reused_prev_accept
[INFO] [PIRLS exact-decrement] applicable=true decrement_sq=2.045722e-20 threshold=1.472658e-13 pass=true gradient_norm=1.343528e-10 relative_gradient=6.127876e-11 dimension_scale=6.244998e1 natural_scale=1.192485e0 objective=1.414129e0 actual_reduction=4.440892e-16 predicted_reduction=2.905065e-16 linear_model_term=-5.775859e-16 direction_norm=2.004699e-7 data_reduction=-1.909584e-13 penalty_reduction=1.913547e-13
[INFO] [PIRLS solve-end] iters=2 elapsed=0.0020s g_norm_initial=1.665e2 g_norm_final=1.344e-10 convergence_rate=8.983e-7 status=Converged
[INFO] [STAGE] inner pirls solve iters=2 status=Converged max_eta=2.0 jeffreys_logdet=none rows=full(derivative-request) elapsed=0.004s
[INFO] [IFT-QUALITY] quality=7.517e-9 ift=3.417e1 pred_residual=1.824e-8 cap_predicted=5.126e1 iters=2
[INFO] [STAGE] logdet S (Z-projected) rho_dim=2 penalty_rank=2 elapsed=0.000s
[INFO] [#1271-diag] p=3 penalty_rank=2 nullspace_dim=1 logS=-5.201441 logH=9.806718 half_diff=7.504079 h_above1=2 h_min=1.428e-2 h_max=8.637e3 rho=[18.5874,1.8599] lambda=[1.181e8,6.423e0]
[INFO] [STAGE] reml_laml cost_only_done k=2 ext_dim=0 dim=3 elapsed=0.000s
[INFO] [OUTER hessian-route] choice=dense reason=below_crossover n=300 p=3 k=2 callback_kernel=false subspace_trace=false scale_prefers_operator=false dense_workspace_bytes=504
[INFO] [OUTER hessian-elapsed] choice=dense reason=below_crossover n=300 p=3 k=2 elapsed=0.000s
[INFO] [HGB] target_mse=6.631e-12 s_i=1.000e0 s_l=1.000e0 s_t=1.000e0 eps²_i=2.210e-12 eps²_l=2.210e-12 eps²_t=2.210e-12 τ=1.000e-10 rtol=1.487e-6 k=0 floor_active=[]
[INFO] [STAGE] outer eval end order=ValueGradientHessian elapsed=0.005s cost=-2.650203e2 |g|=1.323e-7
[INFO] [OUTER] eval#17 (hess) cost=-2.650203e2 |g|=1.323e-7 rho=[18.587,1.860]
[INFO] [reml-geometry] dense_spectral reason=constraints_present p=13 nnz_x=na nnz_h_est=na density_h_est=na threshold=0.1000
[INFO] [STAGE] PIRLS update_with_curvature iter=1 curvature=Fisher elapsed=0.000s source=rebuilt
[INFO] [PIRLS iter-end] iter=  1 elapsed=0.0010s lm_lambda=3.33e-7 g_norm=4.775e-1 last_dev_change=5.195e1 last_halving=1
[INFO] [PIRLS iter-breakdown] iter=  1 attempts=1 curvature=0.001s solve=0.000s predred=0.000s candidate=0.000s other=0.000s
[INFO] [PIRLS lm-trajectory] iter=  1 start_lambda=1.000e-6 final_lambda=3.333e-7 log10_ratio=-0.477 accept_rho=1.000 attempts=1
[INFO] [STAGE] PIRLS update_with_curvature iter=2 curvature=Fisher elapsed=0.000s source=reused_prev_accept
[INFO] [PIRLS iter-end] iter=  2 elapsed=0.0007s lm_lambda=1.11e-7 g_norm=3.303e-2 last_dev_change=2.238e-4 last_halving=1
[INFO] [PIRLS iter-breakdown] iter=  2 attempts=1 curvature=0.000s solve=0.000s predred=0.000s candidate=0.000s other=0.000s
[INFO] [PIRLS lm-trajectory] iter=  2 start_lambda=3.333e-7 final_lambda=1.111e-7 log10_ratio=-0.477 accept_rho=1.000 attempts=1
[INFO] [STAGE] PIRLS update_with_curvature iter=3 curvature=Fisher elapsed=0.000s source=reused_prev_accept
[INFO] [PIRLS iter-end] iter=  3 elapsed=0.0006s lm_lambda=3.70e-8 g_norm=1.450e-2 last_dev_change=1.743e-4 last_halving=1
[INFO] [PIRLS iter-breakdown] iter=  3 attempts=1 curvature=0.000s solve=0.000s predred=0.000s candidate=0.000s other=0.000s
[INFO] [PIRLS lm-trajectory] iter=  3 start_lambda=1.111e-7 final_lambda=3.704e-8 log10_ratio=-0.477 accept_rho=1.000 attempts=1
[INFO] [STAGE] PIRLS update_with_curvature iter=4 curvature=Fisher elapsed=0.000s source=reused_prev_accept
[INFO] [PIRLS iter-end] iter=  4 elapsed=0.0007s lm_lambda=1.23e-8 g_norm=3.000e-3 last_dev_change=3.984e-5 last_halving=1
[INFO] [PIRLS iter-breakdown] iter=  4 attempts=1 curvature=0.000s solve=0.000s predred=0.000s candidate=0.000s other=0.000s
[INFO] [PIRLS lm-trajectory] iter=  4 start_lambda=3.704e-8 final_lambda=1.235e-8 log10_ratio=-0.477 accept_rho=1.000 attempts=1
[INFO] [STAGE] PIRLS update_with_curvature iter=5 curvature=Fisher elapsed=0.000s source=reused_prev_accept
[INFO] [PIRLS iter-end] iter=  5 elapsed=0.0006s lm_lambda=4.12e-9 g_norm=2.400e-4 last_dev_change=1.771e-6 last_halving=1
[INFO] [PIRLS iter-breakdown] iter=  5 attempts=1 curvature=0.000s solve=0.000s predred=0.000s candidate=0.000s other=0.000s
[INFO] [PIRLS lm-trajectory] iter=  5 start_lambda=1.235e-8 final_lambda=4.115e-9 log10_ratio=-0.477 accept_rho=1.000 attempts=1
[INFO] [STAGE] PIRLS update_with_curvature iter=6 curvature=Fisher elapsed=0.000s source=reused_prev_accept
[INFO] [PIRLS iter-end] iter=  6 elapsed=0.0006s lm_lambda=1.37e-9 g_norm=6.763e-6 last_dev_change=1.140e-8 last_halving=1
[INFO] [PIRLS iter-breakdown] iter=  6 attempts=1 curvature=0.000s solve=0.000s predred=0.000s candidate=0.000s other=0.000s
[INFO] [PIRLS lm-trajectory] iter=  6 start_lambda=4.115e-9 final_lambda=1.372e-9 log10_ratio=-0.477 accept_rho=1.000 attempts=1
[INFO] [STAGE] PIRLS update_with_curvature iter=7 curvature=Fisher elapsed=0.000s source=reused_prev_accept
[INFO] [PIRLS iter-end] iter=  7 elapsed=0.0007s lm_lambda=1.00e-9 g_norm=6.478e-8 last_dev_change=9.059e-12 last_halving=1
[INFO] [PIRLS iter-breakdown] iter=  7 attempts=1 curvature=0.000s solve=0.000s predred=0.000s candidate=0.000s other=0.000s
[INFO] [PIRLS lm-trajectory] iter=  7 start_lambda=1.372e-9 final_lambda=1.000e-9 log10_ratio=-0.137 accept_rho=1.000 attempts=1
[INFO] [STAGE] PIRLS update_with_curvature iter=8 curvature=Fisher elapsed=0.000s source=reused_prev_accept
[INFO] [PIRLS exact-decrement] applicable=true decrement_sq=9.582946e-20 threshold=1.472658e-13 pass=true gradient_norm=4.524484e-10 relative_gradient=2.063632e-10 dimension_scale=6.244998e1 natural_scale=1.192485e0 objective=1.414129e0 actual_reduction=8.881784e-16 predicted_reduction=8.307661e-16 linear_model_term=-1.649009e-15 direction_norm=3.384715e-7 data_reduction=1.250111e-13 penalty_reduction=-1.240162e-13
[INFO] [PIRLS solve-end] iters=8 elapsed=0.0072s g_norm_initial=1.487e3 g_norm_final=4.524e-10 convergence_rate=2.725e-2 status=Converged
[INFO] [STAGE] inner pirls solve iters=8 status=Converged max_eta=2.0 jeffreys_logdet=none rows=full(derivative-request) elapsed=0.009s
[INFO] [STAGE] logdet S (Z-projected) rho_dim=2 penalty_rank=2 elapsed=0.000s
[INFO] [#1271-diag] p=3 penalty_rank=2 nullspace_dim=1 logS=-5.201441 logH=9.806718 half_diff=7.504079 h_above1=2 h_min=1.428e-2 h_max=8.637e3 rho=[18.5874,1.8599] lambda=[1.181e8,6.423e0]
[INFO] [STAGE] logdet S (Z-projected) rho_dim=2 penalty_rank=2 elapsed=0.000s
[INFO] [#1271-diag] p=3 penalty_rank=2 nullspace_dim=1 logS=-5.201441 logH=9.806718 half_diff=7.504079 h_above1=2 h_min=1.428e-2 h_max=8.637e3 rho=[18.5874,1.8599] lambda=[1.181e8,6.423e0]
[INFO] [STAGE] reml_laml cost_only_done k=2 ext_dim=0 dim=3 elapsed=0.000s
[INFO] [HGB] small-sample fallback to defaults: pairs=0, threshold=3
[INFO] [CERTIFICATE] standard REML: the objective published no criterion resolution; using the last-bit floor 5.907e-14 of the value alone (#2812)
[INFO] [CERTIFICATE-BOUND] standard REML: fidelity=Screening, rho=[18.587352626541044, 1.8598891422666295], bound 4.470348e-6 set by solver-band (derived_standard=false, |Pg|=1.322778e-7, |g|=1.322778e-7, solver_band=4.470348e-6, cost=-2.650203e2)
[INFO] [CERTIFICATE] standard REML: gradient |g|=1.323e-7 |Pg|=1.323e-7 bound=4.470e-6 (rung=solver-band derived_standard=false) hessian_psd=not-spent curvature_source=screening-not-spent railed=[] → stationary
[INFO] [reml-geometry] dense_spectral reason=constraints_present p=13 nnz_x=na nnz_h_est=na density_h_est=na threshold=0.1000
[INFO] [STAGE] PIRLS update_with_curvature iter=1 curvature=Fisher elapsed=0.000s source=rebuilt
[INFO] [PIRLS iter-end] iter=  1 elapsed=0.0010s lm_lambda=3.33e-7 g_norm=4.775e-1 last_dev_change=5.195e1 last_halving=1
[INFO] [PIRLS iter-breakdown] iter=  1 attempts=1 curvature=0.001s solve=0.000s predred=0.000s candidate=0.000s other=0.000s
[INFO] [PIRLS lm-trajectory] iter=  1 start_lambda=1.000e-6 final_lambda=3.333e-7 log10_ratio=-0.477 accept_rho=1.000 attempts=1
[INFO] [STAGE] PIRLS update_with_curvature iter=2 curvature=Fisher elapsed=0.000s source=reused_prev_accept
[INFO] [PIRLS iter-end] iter=  2 elapsed=0.0007s lm_lambda=1.11e-7 g_norm=3.303e-2 last_dev_change=2.238e-4 last_halving=1
[INFO] [PIRLS iter-breakdown] iter=  2 attempts=1 curvature=0.000s solve=0.000s predred=0.000s candidate=0.000s other=0.000s
[INFO] [PIRLS lm-trajectory] iter=  2 start_lambda=3.333e-7 final_lambda=1.111e-7 log10_ratio=-0.477 accept_rho=1.000 attempts=1
[INFO] [STAGE] PIRLS update_with_curvature iter=3 curvature=Fisher elapsed=0.000s source=reused_prev_accept
[INFO] [PIRLS iter-end] iter=  3 elapsed=0.0007s lm_lambda=3.70e-8 g_norm=1.450e-2 last_dev_change=1.743e-4 last_halving=1
[INFO] [PIRLS iter-breakdown] iter=  3 attempts=1 curvature=0.000s solve=0.000s predred=0.000s candidate=0.000s other=0.000s
[INFO] [PIRLS lm-trajectory] iter=  3 start_lambda=1.111e-7 final_lambda=3.704e-8 log10_ratio=-0.477 accept_rho=1.000 attempts=1
[INFO] [STAGE] PIRLS update_with_curvature iter=4 curvature=Fisher elapsed=0.000s source=reused_prev_accept
[INFO] [PIRLS iter-end] iter=  4 elapsed=0.0006s lm_lambda=1.23e-8 g_norm=3.000e-3 last_dev_change=3.984e-5 last_halving=1
[INFO] [PIRLS iter-breakdown] iter=  4 attempts=1 curvature=0.000s solve=0.000s predred=0.000s candidate=0.000s other=0.000s
[INFO] [PIRLS lm-trajectory] iter=  4 start_lambda=3.704e-8 final_lambda=1.235e-8 log10_ratio=-0.477 accept_rho=1.000 attempts=1
[INFO] [STAGE] PIRLS update_with_curvature iter=5 curvature=Fisher elapsed=0.000s source=reused_prev_accept
[INFO] [PIRLS iter-end] iter=  5 elapsed=0.0006s lm_lambda=4.12e-9 g_norm=2.400e-4 last_dev_change=1.771e-6 last_halving=1
[INFO] [PIRLS iter-breakdown] iter=  5 attempts=1 curvature=0.000s solve=0.000s predred=0.000s candidate=0.000s other=0.000s
[INFO] [PIRLS lm-trajectory] iter=  5 start_lambda=1.235e-8 final_lambda=4.115e-9 log10_ratio=-0.477 accept_rho=1.000 attempts=1
[INFO] [STAGE] PIRLS update_with_curvature iter=6 curvature=Fisher elapsed=0.000s source=reused_prev_accept
[INFO] [PIRLS iter-end] iter=  6 elapsed=0.0006s lm_lambda=1.37e-9 g_norm=6.763e-6 last_dev_change=1.140e-8 last_halving=1
[INFO] [PIRLS iter-breakdown] iter=  6 attempts=1 curvature=0.000s solve=0.000s predred=0.000s candidate=0.000s other=0.000s
[INFO] [PIRLS lm-trajectory] iter=  6 start_lambda=4.115e-9 final_lambda=1.372e-9 log10_ratio=-0.477 accept_rho=1.000 attempts=1
[INFO] [STAGE] PIRLS update_with_curvature iter=7 curvature=Fisher elapsed=0.000s source=reused_prev_accept
[INFO] [PIRLS iter-end] iter=  7 elapsed=0.0006s lm_lambda=1.00e-9 g_norm=6.478e-8 last_dev_change=9.059e-12 last_halving=1
[INFO] [PIRLS iter-breakdown] iter=  7 attempts=1 curvature=0.000s solve=0.000s predred=0.000s candidate=0.000s other=0.000s
[INFO] [PIRLS lm-trajectory] iter=  7 start_lambda=1.372e-9 final_lambda=1.000e-9 log10_ratio=-0.137 accept_rho=1.000 attempts=1
[INFO] [STAGE] PIRLS update_with_curvature iter=8 curvature=Fisher elapsed=0.000s source=reused_prev_accept
[INFO] [PIRLS exact-decrement] applicable=true decrement_sq=9.582946e-20 threshold=1.472658e-13 pass=true gradient_norm=4.524484e-10 relative_gradient=2.063632e-10 dimension_scale=6.244998e1 natural_scale=1.192485e0 objective=1.414129e0 actual_reduction=8.881784e-16 predicted_reduction=8.307661e-16 linear_model_term=-1.649009e-15 direction_norm=3.384715e-7 data_reduction=1.250111e-13 penalty_reduction=-1.240162e-13
[INFO] [PIRLS solve-end] iters=8 elapsed=0.0069s g_norm_initial=1.487e3 g_norm_final=4.524e-10 convergence_rate=2.725e-2 status=Converged
[INFO] [STAGE] inner pirls solve iters=8 status=Converged max_eta=2.0 jeffreys_logdet=none rows=full(derivative-request) elapsed=0.009s
[INFO] [STAGE] logdet S (Z-projected) rho_dim=2 penalty_rank=2 elapsed=0.000s
[INFO] [#1271-diag] p=3 penalty_rank=2 nullspace_dim=1 logS=-5.201441 logH=9.806718 half_diff=7.504079 h_above1=2 h_min=1.428e-2 h_max=8.637e3 rho=[18.5874,1.8599] lambda=[1.181e8,6.423e0]
[INFO] [STAGE] reml_laml cost_only_done k=2 ext_dim=0 dim=3 elapsed=0.000s
[INFO] [OUTER hessian-route] choice=dense reason=below_crossover n=300 p=3 k=2 callback_kernel=false subspace_trace=false scale_prefers_operator=false dense_workspace_bytes=504
[INFO] [OUTER hessian-elapsed] choice=dense reason=below_crossover n=300 p=3 k=2 elapsed=0.000s
[INFO] [HGB] small-sample fallback to defaults: pairs=0, threshold=3
[INFO] [reml-geometry] dense_spectral reason=constraints_present p=13 nnz_x=na nnz_h_est=na density_h_est=na threshold=0.1000
[INFO] [STAGE] PIRLS update_with_curvature iter=1 curvature=Fisher elapsed=0.000s source=rebuilt
[INFO] [PIRLS iter-end] iter=  1 elapsed=0.0010s lm_lambda=3.33e-7 g_norm=4.775e-1 last_dev_change=5.195e1 last_halving=1
[INFO] [PIRLS iter-breakdown] iter=  1 attempts=1 curvature=0.001s solve=0.000s predred=0.000s candidate=0.000s other=0.000s
[INFO] [PIRLS lm-trajectory] iter=  1 start_lambda=1.000e-6 final_lambda=3.333e-7 log10_ratio=-0.477 accept_rho=1.000 attempts=1
[INFO] [STAGE] PIRLS update_with_curvature iter=2 curvature=Fisher elapsed=0.000s source=reused_prev_accept
[INFO] [PIRLS iter-end] iter=  2 elapsed=0.0007s lm_lambda=1.11e-7 g_norm=3.303e-2 last_dev_change=2.238e-4 last_halving=1
[INFO] [PIRLS iter-breakdown] iter=  2 attempts=1 curvature=0.000s solve=0.000s predred=0.000s candidate=0.000s other=0.000s
[INFO] [PIRLS lm-trajectory] iter=  2 start_lambda=3.333e-7 final_lambda=1.111e-7 log10_ratio=-0.477 accept_rho=1.000 attempts=1
[INFO] [STAGE] PIRLS update_with_curvature iter=3 curvature=Fisher elapsed=0.000s source=reused_prev_accept
[INFO] [PIRLS iter-end] iter=  3 elapsed=0.0006s lm_lambda=3.70e-8 g_norm=1.450e-2 last_dev_change=1.743e-4 last_halving=1
[INFO] [PIRLS iter-breakdown] iter=  3 attempts=1 curvature=0.000s solve=0.000s predred=0.000s candidate=0.000s other=0.000s
[INFO] [PIRLS lm-trajectory] iter=  3 start_lambda=1.111e-7 final_lambda=3.704e-8 log10_ratio=-0.477 accept_rho=1.000 attempts=1
[INFO] [STAGE] PIRLS update_with_curvature iter=4 curvature=Fisher elapsed=0.000s source=reused_prev_accept
[INFO] [PIRLS iter-end] iter=  4 elapsed=0.0006s lm_lambda=1.23e-8 g_norm=3.000e-3 last_dev_change=3.984e-5 last_halving=1
[INFO] [PIRLS iter-breakdown] iter=  4 attempts=1 curvature=0.000s solve=0.000s predred=0.000s candidate=0.000s other=0.000s
[INFO] [PIRLS lm-trajectory] iter=  4 start_lambda=3.704e-8 final_lambda=1.235e-8 log10_ratio=-0.477 accept_rho=1.000 attempts=1
[INFO] [STAGE] PIRLS update_with_curvature iter=5 curvature=Fisher elapsed=0.000s source=reused_prev_accept
[INFO] [PIRLS iter-end] iter=  5 elapsed=0.0007s lm_lambda=4.12e-9 g_norm=2.400e-4 last_dev_change=1.771e-6 last_halving=1
[INFO] [PIRLS iter-breakdown] iter=  5 attempts=1 curvature=0.000s solve=0.000s predred=0.000s candidate=0.000s other=0.000s
[INFO] [PIRLS lm-trajectory] iter=  5 start_lambda=1.235e-8 final_lambda=4.115e-9 log10_ratio=-0.477 accept_rho=1.000 attempts=1
[INFO] [STAGE] PIRLS update_with_curvature iter=6 curvature=Fisher elapsed=0.000s source=reused_prev_accept
[INFO] [PIRLS iter-end] iter=  6 elapsed=0.0007s lm_lambda=1.37e-9 g_norm=6.763e-6 last_dev_change=1.140e-8 last_halving=1
[INFO] [PIRLS iter-breakdown] iter=  6 attempts=1 curvature=0.000s solve=0.000s predred=0.000s candidate=0.000s other=0.000s
[INFO] [PIRLS lm-trajectory] iter=  6 start_lambda=4.115e-9 final_lambda=1.372e-9 log10_ratio=-0.477 accept_rho=1.000 attempts=1
[INFO] [STAGE] PIRLS update_with_curvature iter=7 curvature=Fisher elapsed=0.000s source=reused_prev_accept
[INFO] [PIRLS iter-end] iter=  7 elapsed=0.0007s lm_lambda=1.00e-9 g_norm=6.478e-8 last_dev_change=9.059e-12 last_halving=1
[INFO] [PIRLS iter-breakdown] iter=  7 attempts=1 curvature=0.000s solve=0.000s predred=0.000s candidate=0.000s other=0.000s
[INFO] [PIRLS lm-trajectory] iter=  7 start_lambda=1.372e-9 final_lambda=1.000e-9 log10_ratio=-0.137 accept_rho=1.000 attempts=1
[INFO] [STAGE] PIRLS update_with_curvature iter=8 curvature=Fisher elapsed=0.000s source=reused_prev_accept
[INFO] [PIRLS exact-decrement] applicable=true decrement_sq=9.582946e-20 threshold=1.472658e-13 pass=true gradient_norm=4.524484e-10 relative_gradient=2.063632e-10 dimension_scale=6.244998e1 natural_scale=1.192485e0 objective=1.414129e0 actual_reduction=8.881784e-16 predicted_reduction=8.307661e-16 linear_model_term=-1.649009e-15 direction_norm=3.384715e-7 data_reduction=1.250111e-13 penalty_reduction=-1.240162e-13
[INFO] [PIRLS solve-end] iters=8 elapsed=0.0070s g_norm_initial=1.487e3 g_norm_final=4.524e-10 convergence_rate=2.725e-2 status=Converged
[INFO] [STAGE] inner pirls solve iters=8 status=Converged max_eta=2.0 jeffreys_logdet=none rows=full(derivative-request) elapsed=0.009s
[INFO] [STAGE] logdet S (Z-projected) rho_dim=2 penalty_rank=2 elapsed=0.000s
[INFO] [#1271-diag] p=3 penalty_rank=2 nullspace_dim=1 logS=-5.201441 logH=9.806718 half_diff=7.504079 h_above1=2 h_min=1.428e-2 h_max=8.637e3 rho=[18.5874,1.8599] lambda=[1.181e8,6.423e0]
[INFO] [STAGE] reml_laml cost_only_done k=2 ext_dim=0 dim=3 elapsed=0.000s
[INFO] [OUTER hessian-route] choice=dense reason=below_crossover n=300 p=3 k=2 callback_kernel=false subspace_trace=false scale_prefers_operator=false dense_workspace_bytes=504
[INFO] [OUTER hessian-elapsed] choice=dense reason=below_crossover n=300 p=3 k=2 elapsed=0.000s
[INFO] [HGB] small-sample fallback to defaults: pairs=0, threshold=3
[INFO] [reml-geometry] dense_spectral reason=constraints_present p=13 nnz_x=na nnz_h_est=na density_h_est=na threshold=0.1000
[INFO] [STAGE] PIRLS update_with_curvature iter=1 curvature=Fisher elapsed=0.000s source=rebuilt
[INFO] [PIRLS iter-end] iter=  1 elapsed=0.0010s lm_lambda=3.33e-7 g_norm=4.775e-1 last_dev_change=5.195e1 last_halving=1
[INFO] [PIRLS iter-breakdown] iter=  1 attempts=1 curvature=0.001s solve=0.000s predred=0.000s candidate=0.000s other=0.000s
[INFO] [PIRLS lm-trajectory] iter=  1 start_lambda=1.000e-6 final_lambda=3.333e-7 log10_ratio=-0.477 accept_rho=1.000 attempts=1
[INFO] [STAGE] PIRLS update_with_curvature iter=2 curvature=Fisher elapsed=0.000s source=reused_prev_accept
[INFO] [PIRLS iter-end] iter=  2 elapsed=0.0006s lm_lambda=1.11e-7 g_norm=3.303e-2 last_dev_change=2.238e-4 last_halving=1
[INFO] [PIRLS iter-breakdown] iter=  2 attempts=1 curvature=0.000s solve=0.000s predred=0.000s candidate=0.000s other=0.000s
[INFO] [PIRLS lm-trajectory] iter=  2 start_lambda=3.333e-7 final_lambda=1.111e-7 log10_ratio=-0.477 accept_rho=1.000 attempts=1
[INFO] [STAGE] PIRLS update_with_curvature iter=3 curvature=Fisher elapsed=0.000s source=reused_prev_accept
[INFO] [PIRLS iter-end] iter=  3 elapsed=0.0006s lm_lambda=3.70e-8 g_norm=1.450e-2 last_dev_change=1.743e-4 last_halving=1
[INFO] [PIRLS iter-breakdown] iter=  3 attempts=1 curvature=0.000s solve=0.000s predred=0.000s candidate=0.000s other=0.000s
[INFO] [PIRLS lm-trajectory] iter=  3 start_lambda=1.111e-7 final_lambda=3.704e-8 log10_ratio=-0.477 accept_rho=1.000 attempts=1
[INFO] [STAGE] PIRLS update_with_curvature iter=4 curvature=Fisher elapsed=0.000s source=reused_prev_accept
[INFO] [PIRLS iter-end] iter=  4 elapsed=0.0007s lm_lambda=1.23e-8 g_norm=3.000e-3 last_dev_change=3.984e-5 last_halving=1
[INFO] [PIRLS iter-breakdown] iter=  4 attempts=1 curvature=0.000s solve=0.000s predred=0.000s candidate=0.000s other=0.000s
[INFO] [PIRLS lm-trajectory] iter=  4 start_lambda=3.704e-8 final_lambda=1.235e-8 log10_ratio=-0.477 accept_rho=1.000 attempts=1
[INFO] [STAGE] PIRLS update_with_curvature iter=5 curvature=Fisher elapsed=0.000s source=reused_prev_accept
[INFO] [PIRLS iter-end] iter=  5 elapsed=0.0006s lm_lambda=4.12e-9 g_norm=2.400e-4 last_dev_change=1.771e-6 last_halving=1
[INFO] [PIRLS iter-breakdown] iter=  5 attempts=1 curvature=0.000s solve=0.000s predred=0.000s candidate=0.000s other=0.000s
[INFO] [PIRLS lm-trajectory] iter=  5 start_lambda=1.235e-8 final_lambda=4.115e-9 log10_ratio=-0.477 accept_rho=1.000 attempts=1
[INFO] [STAGE] PIRLS update_with_curvature iter=6 curvature=Fisher elapsed=0.000s source=reused_prev_accept
[INFO] [PIRLS iter-end] iter=  6 elapsed=0.0006s lm_lambda=1.37e-9 g_norm=6.763e-6 last_dev_change=1.140e-8 last_halving=1
[INFO] [PIRLS iter-breakdown] iter=  6 attempts=1 curvature=0.000s solve=0.000s predred=0.000s candidate=0.000s other=0.000s
[INFO] [PIRLS lm-trajectory] iter=  6 start_lambda=4.115e-9 final_lambda=1.372e-9 log10_ratio=-0.477 accept_rho=1.000 attempts=1
[INFO] [STAGE] PIRLS update_with_curvature iter=7 curvature=Fisher elapsed=0.000s source=reused_prev_accept
[INFO] [PIRLS iter-end] iter=  7 elapsed=0.0006s lm_lambda=1.00e-9 g_norm=6.478e-8 last_dev_change=9.059e-12 last_halving=1
[INFO] [PIRLS iter-breakdown] iter=  7 attempts=1 curvature=0.000s solve=0.000s predred=0.000s candidate=0.000s other=0.000s
[INFO] [PIRLS lm-trajectory] iter=  7 start_lambda=1.372e-9 final_lambda=1.000e-9 log10_ratio=-0.137 accept_rho=1.000 attempts=1
[INFO] [STAGE] PIRLS update_with_curvature iter=8 curvature=Fisher elapsed=0.000s source=reused_prev_accept
[INFO] [PIRLS exact-decrement] applicable=true decrement_sq=9.582946e-20 threshold=1.472658e-13 pass=true gradient_norm=4.524484e-10 relative_gradient=2.063632e-10 dimension_scale=6.244998e1 natural_scale=1.192485e0 objective=1.414129e0 actual_reduction=8.881784e-16 predicted_reduction=8.307661e-16 linear_model_term=-1.649009e-15 direction_norm=3.384715e-7 data_reduction=1.250111e-13 penalty_reduction=-1.240162e-13
[INFO] [PIRLS solve-end] iters=8 elapsed=0.0068s g_norm_initial=1.487e3 g_norm_final=4.524e-10 convergence_rate=2.725e-2 status=Converged
[INFO] [STAGE] inner pirls solve iters=8 status=Converged max_eta=2.0 jeffreys_logdet=none rows=full(derivative-request) elapsed=0.009s
[INFO] [STAGE] logdet S (Z-projected) rho_dim=2 penalty_rank=2 elapsed=0.000s
[INFO] [#1271-diag] p=3 penalty_rank=2 nullspace_dim=1 logS=-5.201441 logH=9.806718 half_diff=7.504079 h_above1=2 h_min=1.428e-2 h_max=8.637e3 rho=[18.5874,1.8599] lambda=[1.181e8,6.423e0]
[INFO] [STAGE] logdet S (Z-projected) rho_dim=2 penalty_rank=2 elapsed=0.000s
[INFO] [#1271-diag] p=3 penalty_rank=2 nullspace_dim=1 logS=-5.201441 logH=9.806718 half_diff=7.504079 h_above1=2 h_min=1.428e-2 h_max=8.637e3 rho=[18.5874,1.8599] lambda=[1.181e8,6.423e0]
[INFO] [STAGE] reml_laml cost_only_done k=2 ext_dim=0 dim=3 elapsed=0.000s
[INFO] [OUTER hessian-route] choice=dense reason=below_crossover n=300 p=3 k=2 callback_kernel=false subspace_trace=false scale_prefers_operator=false dense_workspace_bytes=504
[INFO] [OUTER hessian-elapsed] choice=dense reason=below_crossover n=300 p=3 k=2 elapsed=0.000s
[INFO] [HGB] small-sample fallback to defaults: pairs=0, threshold=3
[INFO] [CERTIFICATE] standard REML: the objective published no criterion resolution; using the last-bit floor 5.907e-14 of the value alone (#2812)
[INFO] [CERTIFICATE-BOUND] standard REML: fidelity=Mint, rho=[18.587352626541044, 1.8598891422666295], bound 4.470348e-6 set by solver-band (derived_standard=false, |Pg|=1.322778e-7, |g|=1.322778e-7, solver_band=4.470348e-6, cost=-2.650203e2)
[INFO] [CERTIFICATE] standard REML: gradient |g|=1.323e-7 |Pg|=1.323e-7 bound=4.470e-6 (rung=solver-band derived_standard=false) hessian_psd=yes curvature_source=terminal-analytic railed=[] → stationary
[INFO] [STAGE] PIRLS update_with_curvature iter=1 curvature=Fisher elapsed=0.000s source=rebuilt
[INFO] [PIRLS iter-end] iter=  1 elapsed=0.0011s lm_lambda=3.33e-7 g_norm=4.775e-1 last_dev_change=5.195e1 last_halving=1
[INFO] [PIRLS iter-breakdown] iter=  1 attempts=1 curvature=0.001s solve=0.000s predred=0.000s candidate=0.000s other=0.000s
[INFO] [PIRLS lm-trajectory] iter=  1 start_lambda=1.000e-6 final_lambda=3.333e-7 log10_ratio=-0.477 accept_rho=1.000 attempts=1
[INFO] [STAGE] PIRLS update_with_curvature iter=2 curvature=Fisher elapsed=0.000s source=reused_prev_accept
[INFO] [PIRLS iter-end] iter=  2 elapsed=0.0007s lm_lambda=1.11e-7 g_norm=3.303e-2 last_dev_change=2.238e-4 last_halving=1
[INFO] [PIRLS iter-breakdown] iter=  2 attempts=1 curvature=0.000s solve=0.000s predred=0.000s candidate=0.000s other=0.000s
[INFO] [PIRLS lm-trajectory] iter=  2 start_lambda=3.333e-7 final_lambda=1.111e-7 log10_ratio=-0.477 accept_rho=1.000 attempts=1
[INFO] [STAGE] PIRLS update_with_curvature iter=3 curvature=Fisher elapsed=0.000s source=reused_prev_accept
[INFO] [PIRLS iter-end] iter=  3 elapsed=0.0007s lm_lambda=3.70e-8 g_norm=1.450e-2 last_dev_change=1.743e-4 last_halving=1
[INFO] [PIRLS iter-breakdown] iter=  3 attempts=1 curvature=0.000s solve=0.000s predred=0.000s candidate=0.000s other=0.000s
[INFO] [PIRLS lm-trajectory] iter=  3 start_lambda=1.111e-7 final_lambda=3.704e-8 log10_ratio=-0.477 accept_rho=1.000 attempts=1
[INFO] [STAGE] PIRLS update_with_curvature iter=4 curvature=Fisher elapsed=0.000s source=reused_prev_accept
[INFO] [PIRLS iter-end] iter=  4 elapsed=0.0007s lm_lambda=1.23e-8 g_norm=3.000e-3 last_dev_change=3.984e-5 last_halving=1
[INFO] [PIRLS iter-breakdown] iter=  4 attempts=1 curvature=0.000s solve=0.000s predred=0.000s candidate=0.000s other=0.000s
[INFO] [PIRLS lm-trajectory] iter=  4 start_lambda=3.704e-8 final_lambda=1.235e-8 log10_ratio=-0.477 accept_rho=1.000 attempts=1
[INFO] [STAGE] PIRLS update_with_curvature iter=5 curvature=Fisher elapsed=0.000s source=reused_prev_accept
[INFO] [PIRLS iter-end] iter=  5 elapsed=0.0007s lm_lambda=4.12e-9 g_norm=2.400e-4 last_dev_change=1.771e-6 last_halving=1
[INFO] [PIRLS iter-breakdown] iter=  5 attempts=1 curvature=0.000s solve=0.000s predred=0.000s candidate=0.000s other=0.000s
[INFO] [PIRLS lm-trajectory] iter=  5 start_lambda=1.235e-8 final_lambda=4.115e-9 log10_ratio=-0.477 accept_rho=1.000 attempts=1
[INFO] [STAGE] PIRLS update_with_curvature iter=6 curvature=Fisher elapsed=0.000s source=reused_prev_accept
[INFO] [PIRLS iter-end] iter=  6 elapsed=0.0007s lm_lambda=1.37e-9 g_norm=6.763e-6 last_dev_change=1.140e-8 last_halving=1
[INFO] [PIRLS iter-breakdown] iter=  6 attempts=1 curvature=0.000s solve=0.000s predred=0.000s candidate=0.000s other=0.000s
[INFO] [PIRLS lm-trajectory] iter=  6 start_lambda=4.115e-9 final_lambda=1.372e-9 log10_ratio=-0.477 accept_rho=1.000 attempts=1
[INFO] [STAGE] PIRLS update_with_curvature iter=7 curvature=Fisher elapsed=0.000s source=reused_prev_accept
[INFO] [PIRLS iter-end] iter=  7 elapsed=0.0007s lm_lambda=1.00e-9 g_norm=6.478e-8 last_dev_change=9.059e-12 last_halving=1
[INFO] [PIRLS iter-breakdown] iter=  7 attempts=1 curvature=0.000s solve=0.000s predred=0.000s candidate=0.000s other=0.000s
[INFO] [PIRLS lm-trajectory] iter=  7 start_lambda=1.372e-9 final_lambda=1.000e-9 log10_ratio=-0.137 accept_rho=1.000 attempts=1
[INFO] [STAGE] PIRLS update_with_curvature iter=8 curvature=Fisher elapsed=0.000s source=reused_prev_accept
[INFO] [PIRLS exact-decrement] applicable=true decrement_sq=9.582946e-20 threshold=1.472658e-13 pass=true gradient_norm=4.524484e-10 relative_gradient=2.063632e-10 dimension_scale=6.244998e1 natural_scale=1.192485e0 objective=1.414129e0 actual_reduction=8.881784e-16 predicted_reduction=8.307661e-16 linear_model_term=-1.649009e-15 direction_norm=3.384715e-7 data_reduction=1.250111e-13 penalty_reduction=-1.240162e-13
[INFO] [PIRLS solve-end] iters=8 elapsed=0.0072s g_norm_initial=1.487e3 g_norm_final=4.524e-10 convergence_rate=2.725e-2 status=Converged
[INFO] [STAGE] logdet S (Z-projected) rho_dim=2 penalty_rank=2 elapsed=0.000s
[INFO] [#1271-diag] p=3 penalty_rank=2 nullspace_dim=1 logS=-5.201441 logH=9.806718 half_diff=7.504079 h_above1=2 h_min=1.428e-2 h_max=8.637e3 rho=[18.5874,1.8599] lambda=[1.181e8,6.423e0]
[INFO] [STAGE] reml_laml cost_only_done k=2 ext_dim=0 dim=3 elapsed=0.000s
[INFO] [OUTER hessian-route] choice=dense reason=below_crossover n=300 p=3 k=2 callback_kernel=false subspace_trace=false scale_prefers_operator=false dense_workspace_bytes=504
[INFO] [OUTER hessian-elapsed] choice=dense reason=below_crossover n=300 p=3 k=2 elapsed=0.000s
[INFO] LAML rho Hessian is not fully identified (active_rank=1/2, structural_zero=0, below_gradient_floor=1, unresolvable_curvature=0, curvature_resolution=1.416e-14); using its certified structural pseudoinverse. `below_gradient_floor` counts saturation nulls: directions whose curvature is under the outer loop's own residual gradient, so they carry no resolvable rho-variance (#2428).
[WARN] [INDEF-HESS] rho=[18.587352626541044, 1.8598891422666295]
[WARN] [INDEF-HESS] eigenvalues=[4.934134767431431e-10, 0.498236292761197]
[WARN] [INDEF-HESS] active_rank=1/2 structural_zero=0 unresolvable_curvature=0 below_gradient_floor=1 curvature_resolution=1.416e-14
[WARN] [INDEF-HESS] classifications=["G", "A"] (A=active; Z=certified null of the penalty map, excused by STRUCTURE; R=under the measured curvature resolution ||dH||_2, excused by RESOLUTION; G=under the outer loop's own gradient floor, i.e. a saturation null, excused by the CHAIN RULE)
[WARN] [INDEF-HESS] min_eigenvalue=4.9341e-10 min_eigenvector=[1.0, 0.0]
[WARN] [INDEF-HESS] outer_gradient=[1.3147001286606508e-7, 1.4595917999248286e-8]
[WARN] [INDEF-HESS] reparam_split sigma=[4.934134767431431e-10, 0.498236292761197] reparam=sum_k g_k v_k^2=[1.3147001286606508e-7, 1.4595917999248286e-8] intrinsic=sigma-reparam=[-1.3097659938932194e-7, 0.49823627816527905] gradient_floor=sum_k |g_k| v_k^2=[1.3147001286606508e-7, 1.4595917999248286e-8] (a certified-null direction has intrinsic == 0 EXACTLY, so |sigma| == floor and the gate's boundary runs through it; see #2676)
[WARN] [INDEF-HESS] penalty_count=2 ranges=[(0, 13), (0, 13)] ranks=[10, 2]
[WARN] [INDEF-HESS] pair=(0,1) relative_defect=9.223600e-1 best_scale=3.863316e-1 tr_ii=1.0000e0 tr_jj=1.0000e0 v_neg[i]-v_neg[j]/sqrt2=7.0711e-1
[INFO] [reml-geometry] dense_spectral reason=constraints_present p=13 nnz_x=na nnz_h_est=na density_h_est=na threshold=0.1000
[INFO] [IFT-CACHE] outcome=miss drho_dim=2 p=13 elapsed=0.000s
[INFO] [ADAPTIVE-KKT] outer_g_norm=1.323e-7 effective_tol=1.000e-12 floor=1.000e-12 ceiling=1.000e-12
[INFO] [STAGE] PIRLS update_with_curvature iter=1 curvature=Fisher elapsed=0.000s source=rebuilt
[INFO] [PIRLS iter-end] iter=  1 elapsed=0.0013s lm_lambda=3.33e-7 g_norm=3.406e-5 last_dev_change=2.576e-4 last_halving=1
[INFO] [PIRLS iter-breakdown] iter=  1 attempts=1 curvature=0.001s solve=0.000s predred=0.000s candidate=0.000s other=0.000s
[INFO] [PIRLS lm-trajectory] iter=  1 start_lambda=1.000e-6 final_lambda=3.333e-7 log10_ratio=-0.477 accept_rho=1.000 attempts=1
[INFO] [STAGE] PIRLS update_with_curvature iter=2 curvature=Fisher elapsed=0.000s source=reused_prev_accept
[INFO] [PIRLS iter-end] iter=  2 elapsed=0.0008s lm_lambda=1.11e-7 g_norm=7.272e-6 last_dev_change=5.306e-11 last_halving=1
[INFO] [PIRLS iter-breakdown] iter=  2 attempts=1 curvature=0.000s solve=0.000s predred=0.000s candidate=0.000s other=0.000s
[INFO] [PIRLS lm-trajectory] iter=  2 start_lambda=3.333e-7 final_lambda=1.111e-7 log10_ratio=-0.477 accept_rho=1.000 attempts=1
[INFO] [STAGE] PIRLS update_with_curvature iter=3 curvature=Fisher elapsed=0.000s source=reused_prev_accept
[INFO] [PIRLS iter-end] iter=  3 elapsed=0.0008s lm_lambda=3.70e-8 g_norm=1.160e-6 last_dev_change=7.834e-12 last_halving=1
[INFO] [PIRLS iter-breakdown] iter=  3 attempts=1 curvature=0.000s solve=0.000s predred=0.000s candidate=0.000s other=0.000s
[INFO] [PIRLS lm-trajectory] iter=  3 start_lambda=1.111e-7 final_lambda=3.704e-8 log10_ratio=-0.477 accept_rho=1.000 attempts=1
[INFO] [STAGE] PIRLS update_with_curvature iter=4 curvature=Fisher elapsed=0.000s source=reused_prev_accept
[INFO] [PIRLS iter-end] iter=  4 elapsed=0.0009s lm_lambda=1.23e-8 g_norm=6.903e-8 last_dev_change=2.038e-13 last_halving=1
[INFO] [PIRLS iter-breakdown] iter=  4 attempts=1 curvature=0.000s solve=0.000s predred=0.000s candidate=0.000s other=0.000s
[INFO] [PIRLS lm-trajectory] iter=  4 start_lambda=3.704e-8 final_lambda=1.235e-8 log10_ratio=-0.477 accept_rho=1.000 attempts=1
[INFO] [STAGE] PIRLS update_with_curvature iter=5 curvature=Fisher elapsed=0.000s source=reused_prev_accept
[INFO] [PIRLS exact-decrement] applicable=true decrement_sq=6.788499e-19 threshold=1.488037e-13 pass=true gradient_norm=1.489147e-9 relative_gradient=5.889371e-10 dimension_scale=6.244998e1 natural_scale=1.528533e0 objective=1.428896e0 actual_reduction=1.110223e-15 predicted_reduction=7.240771e-16 linear_model_term=-1.417472e-15 direction_norm=1.534232e-7 data_reduction=-9.598988e-13 penalty_reduction=9.610507e-13
[INFO] [PIRLS solve-end] iters=5 elapsed=0.0056s g_norm_initial=1.667e2 g_norm_final=1.489e-9 convergence_rate=6.169e-3 status=Converged
[INFO] [STAGE] inner pirls solve iters=5 status=Converged max_eta=2.0 jeffreys_logdet=none rows=full(derivative-request) elapsed=0.008s
[INFO] [IFT-QUALITY] quality=6.554e-5 ift=2.000e0 pred_residual=1.590e-4 cap_predicted=3.000e0 iters=5
[INFO] [STAGE] logdet S (Z-projected) rho_dim=2 penalty_rank=2 elapsed=0.000s
[INFO] [#1271-diag] p=3 penalty_rank=2 nullspace_dim=1 logS=-2.368013 logH=11.223716 half_diff=6.795864 h_above1=2 h_min=5.888e-2 h_max=8.639e3 rho=[18.5874,3.2766] lambda=[1.181e8,2.649e1]
[INFO] [reml-geometry] dense_spectral reason=constraints_present p=13 nnz_x=na nnz_h_est=na density_h_est=na threshold=0.1000
[INFO] [IFT-CACHE] outcome=miss drho_dim=2 p=13 elapsed=0.000s
[INFO] [ADAPTIVE-KKT] outer_g_norm=1.323e-7 effective_tol=1.000e-12 floor=1.000e-12 ceiling=1.000e-12
[INFO] [STAGE] PIRLS update_with_curvature iter=1 curvature=Fisher elapsed=0.000s source=rebuilt
[INFO] [PIRLS iter-end] iter=  1 elapsed=0.0013s lm_lambda=3.33e-7 g_norm=1.659e-5 last_dev_change=2.561e-4 last_halving=1
[INFO] [PIRLS iter-breakdown] iter=  1 attempts=1 curvature=0.001s solve=0.000s predred=0.000s candidate=0.000s other=0.000s
[INFO] [PIRLS lm-trajectory] iter=  1 start_lambda=1.000e-6 final_lambda=3.333e-7 log10_ratio=-0.477 accept_rho=1.000 attempts=1
[INFO] [STAGE] PIRLS update_with_curvature iter=2 curvature=Fisher elapsed=0.000s source=reused_prev_accept
[INFO] [PIRLS iter-end] iter=  2 elapsed=0.0009s lm_lambda=1.11e-7 g_norm=4.114e-6 last_dev_change=1.346e-11 last_halving=1
[INFO] [PIRLS iter-breakdown] iter=  2 attempts=1 curvature=0.000s solve=0.000s predred=0.000s candidate=0.000s other=0.000s
[INFO] [PIRLS lm-trajectory] iter=  2 start_lambda=3.333e-7 final_lambda=1.111e-7 log10_ratio=-0.477 accept_rho=1.000 attempts=1
[INFO] [STAGE] PIRLS update_with_curvature iter=3 curvature=Fisher elapsed=0.000s source=reused_prev_accept
[INFO] [PIRLS iter-end] iter=  3 elapsed=0.0010s lm_lambda=3.70e-8 g_norm=1.048e-6 last_dev_change=4.330e-12 last_halving=1
[INFO] [PIRLS iter-breakdown] iter=  3 attempts=1 curvature=0.001s solve=0.000s predred=0.000s candidate=0.000s other=0.000s
[INFO] [PIRLS lm-trajectory] iter=  3 start_lambda=1.111e-7 final_lambda=3.704e-8 log10_ratio=-0.477 accept_rho=1.000 attempts=1
[INFO] [STAGE] PIRLS update_with_curvature iter=4 curvature=Fisher elapsed=0.000s source=reused_prev_accept
[INFO] [PIRLS iter-end] iter=  4 elapsed=0.0008s lm_lambda=1.23e-8 g_norm=1.072e-7 last_dev_change=2.971e-13 last_halving=1
[INFO] [PIRLS iter-breakdown] iter=  4 attempts=1 curvature=0.000s solve=0.000s predred=0.000s candidate=0.000s other=0.000s
[INFO] [PIRLS lm-trajectory] iter=  4 start_lambda=3.704e-8 final_lambda=1.235e-8 log10_ratio=-0.477 accept_rho=0.999 attempts=1
[INFO] [STAGE] PIRLS update_with_curvature iter=5 curvature=Fisher elapsed=0.000s source=reused_prev_accept
[INFO] [PIRLS exact-decrement] applicable=true decrement_sq=8.323151e-18 threshold=1.479013e-13 pass=true gradient_norm=3.901526e-9 relative_gradient=1.724152e-9 dimension_scale=6.244998e1 natural_scale=1.262867e0 objective=1.420231e0 actual_reduction=3.330669e-15 predicted_reduction=3.138193e-15 linear_model_term=-6.055999e-15 direction_norm=4.223016e-7 data_reduction=-8.160139e-13 penalty_reduction=8.191503e-13
[INFO] [PIRLS solve-end] iters=5 elapsed=0.0059s g_norm_initial=1.666e2 g_norm_final=3.902e-9 convergence_rate=7.480e-3 status=Converged
[INFO] [STAGE] inner pirls solve iters=5 status=Converged max_eta=2.0 jeffreys_logdet=none rows=full(derivative-request) elapsed=0.007s
[INFO] [IFT-QUALITY] quality=2.265e-5 ift=3.000e0 pred_residual=5.494e-5 cap_predicted=4.500e0 iters=5
[INFO] [STAGE] logdet S (Z-projected) rho_dim=2 penalty_rank=2 elapsed=0.000s
[INFO] [#1271-diag] p=3 penalty_rank=2 nullspace_dim=1 logS=-3.543875 logH=10.635618 half_diff=7.089747 h_above1=2 h_min=3.271e-2 h_max=8.638e3 rho=[18.5874,2.6887] lambda=[1.181e8,1.471e1]
[INFO] [reml-geometry] dense_spectral reason=constraints_present p=13 nnz_x=na nnz_h_est=na density_h_est=na threshold=0.1000
[INFO] [IFT-CACHE] outcome=miss drho_dim=2 p=13 elapsed=0.000s
[INFO] [ADAPTIVE-KKT] outer_g_norm=1.323e-7 effective_tol=1.000e-12 floor=1.000e-12 ceiling=1.000e-12
[INFO] [STAGE] PIRLS update_with_curvature iter=1 curvature=Fisher elapsed=0.000s source=rebuilt
[INFO] [PIRLS iter-end] iter=  1 elapsed=0.0009s lm_lambda=3.33e-7 g_norm=2.361e-5 last_dev_change=2.610e-4 last_halving=1
[INFO] [PIRLS iter-breakdown] iter=  1 attempts=1 curvature=0.001s solve=0.000s predred=0.000s candidate=0.000s other=0.000s
[INFO] [PIRLS lm-trajectory] iter=  1 start_lambda=1.000e-6 final_lambda=3.333e-7 log10_ratio=-0.477 accept_rho=1.000 attempts=1
[INFO] [STAGE] PIRLS update_with_curvature iter=2 curvature=Fisher elapsed=0.000s source=reused_prev_accept
[INFO] [PIRLS iter-end] iter=  2 elapsed=0.0006s lm_lambda=1.11e-7 g_norm=2.405e-6 last_dev_change=3.360e-12 last_halving=1
[INFO] [PIRLS iter-breakdown] iter=  2 attempts=1 curvature=0.000s solve=0.000s predred=0.000s candidate=0.000s other=0.000s
[INFO] [PIRLS lm-trajectory] iter=  2 start_lambda=3.333e-7 final_lambda=1.111e-7 log10_ratio=-0.477 accept_rho=1.000 attempts=1
[INFO] [STAGE] PIRLS update_with_curvature iter=3 curvature=Fisher elapsed=0.000s source=reused_prev_accept
[INFO] [PIRLS iter-end] iter=  3 elapsed=0.0006s lm_lambda=3.70e-8 g_norm=1.835e-6 last_dev_change=6.230e-12 last_halving=1
[INFO] [PIRLS iter-breakdown] iter=  3 attempts=1 curvature=0.000s solve=0.000s predred=0.000s candidate=0.000s other=0.000s
[INFO] [PIRLS lm-trajectory] iter=  3 start_lambda=1.111e-7 final_lambda=3.704e-8 log10_ratio=-0.477 accept_rho=1.000 attempts=1
[INFO] [STAGE] PIRLS update_with_curvature iter=4 curvature=Fisher elapsed=0.000s source=reused_prev_accept
[INFO] [PIRLS iter-end] iter=  4 elapsed=0.0006s lm_lambda=1.23e-8 g_norm=9.512e-7 last_dev_change=6.368e-12 last_halving=1
[INFO] [PIRLS iter-breakdown] iter=  4 attempts=1 curvature=0.000s solve=0.000s predred=0.000s candidate=0.000s other=0.000s
[INFO] [PIRLS lm-trajectory] iter=  4 start_lambda=3.704e-8 final_lambda=1.235e-8 log10_ratio=-0.477 accept_rho=1.000 attempts=1
[INFO] [STAGE] PIRLS update_with_curvature iter=5 curvature=Fisher elapsed=0.000s source=reused_prev_accept
[INFO] [PIRLS iter-end] iter=  5 elapsed=0.0006s lm_lambda=4.12e-9 g_norm=2.511e-7 last_dev_change=2.176e-12 last_halving=1
[INFO] [PIRLS iter-breakdown] iter=  5 attempts=1 curvature=0.000s solve=0.000s predred=0.000s candidate=0.000s other=0.000s
[INFO] [PIRLS lm-trajectory] iter=  5 start_lambda=1.235e-8 final_lambda=4.115e-9 log10_ratio=-0.477 accept_rho=1.000 attempts=1
[INFO] [STAGE] PIRLS update_with_curvature iter=6 curvature=Fisher elapsed=0.000s source=reused_prev_accept
[INFO] [PIRLS iter-end] iter=  6 elapsed=0.0007s lm_lambda=1.37e-9 g_norm=2.680e-8 last_dev_change=1.614e-13 last_halving=1
[INFO] [PIRLS iter-breakdown] iter=  6 attempts=1 curvature=0.000s solve=0.000s predred=0.000s candidate=0.000s other=0.000s
[INFO] [PIRLS lm-trajectory] iter=  6 start_lambda=4.115e-9 final_lambda=1.372e-9 log10_ratio=-0.477 accept_rho=1.002 attempts=1
[INFO] [STAGE] PIRLS update_with_curvature iter=7 curvature=Fisher elapsed=0.000s source=reused_prev_accept
[INFO] [PIRLS exact-decrement] applicable=true decrement_sq=5.184781e-18 threshold=1.468928e-13 pass=true gradient_norm=9.974117e-10 relative_gradient=4.520786e-10 dimension_scale=6.244998e1 natural_scale=1.206279e0 objective=1.410546e0 actual_reduction=1.554312e-15 predicted_reduction=1.854174e-15 linear_model_term=-3.574775e-15 direction_norm=9.967057e-7 data_reduction=-2.176037e-14 penalty_reduction=2.347298e-14
[INFO] [PIRLS solve-end] iters=7 elapsed=0.0058s g_norm_initial=1.669e2 g_norm_final=9.974e-10 convergence_rate=2.493e-2 status=Converged
[INFO] [STAGE] inner pirls solve iters=7 status=Converged max_eta=2.0 jeffreys_logdet=none rows=full(derivative-request) elapsed=0.007s
[INFO] [IFT-QUALITY] quality=1.193e-4 ift=4.500e0 pred_residual=2.894e-4 cap_predicted=6.750e0 iters=7
[INFO] [STAGE] logdet S (Z-projected) rho_dim=2 penalty_rank=2 elapsed=0.000s
[INFO] [#1271-diag] p=3 penalty_rank=2 nullspace_dim=1 logS=-8.034865 logH=8.389937 half_diff=8.212401 h_above1=2 h_min=3.464e-3 h_max=8.636e3 rho=[18.5874,0.4432] lambda=[1.181e8,1.558e0]
[INFO] [reml-geometry] dense_spectral reason=constraints_present p=13 nnz_x=na nnz_h_est=na density_h_est=na threshold=0.1000
[INFO] [IFT-REJECTED] reason=large_drho max_drho=7.663e0 cap=6.750e0 drho_dim=2
[INFO] [TANGENT-REJECTED] reason=alpha_above_cap alpha=3.413e0 cap=2.000e0
[INFO] [ADAPTIVE-KKT] outer_g_norm=1.323e-7 effective_tol=1.000e-12 floor=1.000e-12 ceiling=1.000e-12
[INFO] [STAGE] PIRLS update_with_curvature iter=1 curvature=Fisher elapsed=0.000s source=rebuilt
[INFO] [PIRLS iter-end] iter=  1 elapsed=0.0009s lm_lambda=3.33e-7 g_norm=4.203e-6 last_dev_change=2.557e-4 last_halving=1
[INFO] [PIRLS iter-breakdown] iter=  1 attempts=1 curvature=0.001s solve=0.000s predred=0.000s candidate=0.000s other=0.000s
[INFO] [PIRLS lm-trajectory] iter=  1 start_lambda=1.000e-6 final_lambda=3.333e-7 log10_ratio=-0.477 accept_rho=1.000 attempts=1
[INFO] [STAGE] PIRLS update_with_curvature iter=2 curvature=Fisher elapsed=0.000s source=reused_prev_accept
[INFO] [PIRLS exact-decrement] applicable=true decrement_sq=1.204013e-10 threshold=1.467734e-13 pass=false gradient_norm=1.852265e-7 relative_gradient=8.346122e-8 dimension_scale=6.244998e1 natural_scale=1.219313e0 objective=1.409400e0 actual_reduction=1.110223e-14 predicted_reduction=1.084347e-14 linear_model_term=-1.581053e-14 direction_norm=4.280410e-7 data_reduction=-1.754152e-14 penalty_reduction=2.865079e-14
[INFO] [PIRLS solve-end] iters=2 elapsed=0.0018s g_norm_initial=1.665e2 g_norm_final=1.852e-7 convergence_rate=3.336e-5 status=LmStepSearchExhausted
[INFO] [STAGE] inner pirls solve iters=2 status=Converged max_eta=2.0 jeffreys_logdet=none rows=full(derivative-request) elapsed=0.003s
[INFO] [STAGE] logdet S (Z-projected) rho_dim=2 penalty_rank=2 elapsed=0.000s
[INFO] [#1271-diag] p=3 penalty_rank=2 nullspace_dim=1 logS=-23.347912 logH=0.733908 half_diff=12.040910 h_above1=2 h_min=1.638e-6 h_max=8.636e3 rho=[18.5874,-7.2197] lambda=[1.181e8,7.320e-4]
[INFO] [reml-geometry] dense_spectral reason=constraints_present p=13 nnz_x=na nnz_h_est=na density_h_est=na threshold=0.1000
[INFO] [IFT-REJECTED] reason=large_drho max_drho=7.491e0 cap=6.750e0 drho_dim=2
[INFO] [TANGENT-REJECTED] reason=alpha_negative alpha=-9.776e-1 cap=2.000e0
[INFO] [ADAPTIVE-KKT] outer_g_norm=1.323e-7 effective_tol=1.000e-12 floor=1.000e-12 ceiling=1.000e-12
[INFO] [STAGE] PIRLS update_with_curvature iter=1 curvature=Fisher elapsed=0.000s source=rebuilt
[INFO] [PIRLS iter-end] iter=  1 elapsed=0.0009s lm_lambda=3.70e-8 g_norm=1.499e-4 last_dev_change=2.558e-4 last_halving=1
[INFO] [PIRLS iter-breakdown] iter=  1 attempts=1 curvature=0.000s solve=0.000s predred=0.000s candidate=0.000s other=0.000s
[INFO] [PIRLS lm-trajectory] iter=  1 start_lambda=1.111e-7 final_lambda=3.704e-8 log10_ratio=-0.477 accept_rho=1.000 attempts=1
[INFO] [STAGE] PIRLS update_with_curvature iter=2 curvature=Fisher elapsed=0.000s source=reused_prev_accept
[INFO] [PIRLS iter-end] iter=  2 elapsed=0.0006s lm_lambda=1.23e-8 g_norm=8.370e-5 last_dev_change=4.683e-8 last_halving=1
[INFO] [PIRLS iter-breakdown] iter=  2 attempts=1 curvature=0.000s solve=0.000s predred=0.000s candidate=0.000s other=0.000s
[INFO] [PIRLS lm-trajectory] iter=  2 start_lambda=3.704e-8 final_lambda=1.235e-8 log10_ratio=-0.477 accept_rho=1.000 attempts=1
[INFO] [STAGE] PIRLS update_with_curvature iter=3 curvature=Fisher elapsed=0.000s source=reused_prev_accept
[INFO] [PIRLS iter-end] iter=  3 elapsed=0.0006s lm_lambda=4.12e-9 g_norm=2.500e-5 last_dev_change=1.958e-8 last_halving=1
[INFO] [PIRLS iter-breakdown] iter=  3 attempts=1 curvature=0.000s solve=0.000s predred=0.000s candidate=0.000s other=0.000s
[INFO] [PIRLS lm-trajectory] iter=  3 start_lambda=1.235e-8 final_lambda=4.115e-9 log10_ratio=-0.477 accept_rho=1.000 attempts=1
[INFO] [STAGE] PIRLS update_with_curvature iter=4 curvature=Fisher elapsed=0.000s source=reused_prev_accept
[INFO] [PIRLS iter-end] iter=  4 elapsed=0.0006s lm_lambda=1.37e-9 g_norm=3.108e-6 last_dev_change=1.888e-9 last_halving=1
[INFO] [PIRLS iter-breakdown] iter=  4 attempts=1 curvature=0.000s solve=0.000s predred=0.000s candidate=0.000s other=0.000s
[INFO] [PIRLS lm-trajectory] iter=  4 start_lambda=4.115e-9 final_lambda=1.372e-9 log10_ratio=-0.477 accept_rho=1.000 attempts=1
[INFO] [STAGE] PIRLS update_with_curvature iter=5 curvature=Fisher elapsed=0.000s source=reused_prev_accept
[INFO] [PIRLS iter-end] iter=  5 elapsed=0.0006s lm_lambda=1.00e-9 g_norm=1.404e-7 last_dev_change=2.958e-11 last_halving=1
[INFO] [PIRLS iter-breakdown] iter=  5 attempts=1 curvature=0.000s solve=0.000s predred=0.000s candidate=0.000s other=0.000s
[INFO] [PIRLS lm-trajectory] iter=  5 start_lambda=1.372e-9 final_lambda=1.000e-9 log10_ratio=-0.137 accept_rho=1.000 attempts=1
[INFO] [STAGE] PIRLS update_with_curvature iter=6 curvature=Fisher elapsed=0.000s source=reused_prev_accept
[INFO] [PIRLS exact-decrement] applicable=true decrement_sq=1.318853e-16 threshold=1.468739e-13 pass=true gradient_norm=4.624944e-9 relative_gradient=2.094567e-9 dimension_scale=6.244998e1 natural_scale=1.208066e0 objective=1.410365e0 actual_reduction=6.061818e-14 predicted_reduction=6.040538e-14 linear_model_term=-1.169488e-13 direction_norm=6.226165e-6 data_reduction=-9.570122e-14 penalty_reduction=1.562447e-13
[INFO] [PIRLS solve-end] iters=6 elapsed=0.0050s g_norm_initial=1.665e2 g_norm_final=4.625e-9 convergence_rate=1.740e-2 status=Converged
[INFO] [STAGE] inner pirls solve iters=6 status=Converged max_eta=2.0 jeffreys_logdet=none rows=full(derivative-request) elapsed=0.006s
[INFO] [STAGE] logdet S (Z-projected) rho_dim=2 penalty_rank=2 elapsed=0.000s
[INFO] [#1271-diag] p=3 penalty_rank=2 nullspace_dim=1 logS=-8.378430 logH=8.218151 half_diff=8.298290 h_above1=2 h_min=2.917e-3 h_max=8.636e3 rho=[18.5874,0.2714] lambda=[1.181e8,1.312e0]
[INFO] [reml-geometry] dense_spectral reason=constraints_present p=13 nnz_x=na nnz_h_est=na density_h_est=na threshold=0.1000
[INFO] [IFT-CACHE] outcome=miss drho_dim=2 p=13 elapsed=0.000s
[INFO] [ADAPTIVE-KKT] outer_g_norm=1.323e-7 effective_tol=1.000e-12 floor=1.000e-12 ceiling=1.000e-12
[INFO] [STAGE] PIRLS update_with_curvature iter=1 curvature=Fisher elapsed=0.000s source=rebuilt
[INFO] [PIRLS iter-end] iter=  1 elapsed=0.0009s lm_lambda=3.33e-7 g_norm=6.880e-6 last_dev_change=2.558e-4 last_halving=1
[INFO] [PIRLS iter-breakdown] iter=  1 attempts=1 curvature=0.000s solve=0.000s predred=0.000s candidate=0.000s other=0.000s
[INFO] [PIRLS lm-trajectory] iter=  1 start_lambda=1.000e-6 final_lambda=3.333e-7 log10_ratio=-0.477 accept_rho=1.000 attempts=1
[INFO] [STAGE] PIRLS update_with_curvature iter=2 curvature=Fisher elapsed=0.000s source=reused_prev_accept
[INFO] [PIRLS exact-decrement] applicable=true decrement_sq=1.998530e-14 threshold=1.467844e-13 pass=true gradient_norm=1.916827e-8 relative_gradient=8.642357e-9 dimension_scale=6.244998e1 natural_scale=1.217944e0 objective=1.409505e0 actual_reduction=1.332268e-14 predicted_reduction=1.264828e-14 linear_model_term=-2.510416e-14 direction_norm=6.151004e-8 data_reduction=-3.291367e-12 penalty_reduction=3.304516e-12
[INFO] [PIRLS solve-end] iters=2 elapsed=0.0020s g_norm_initial=1.665e2 g_norm_final=1.917e-8 convergence_rate=1.073e-5 status=Converged
[INFO] [STAGE] inner pirls solve iters=2 status=Converged max_eta=2.0 jeffreys_logdet=none rows=full(derivative-request) elapsed=0.003s
[INFO] [IFT-QUALITY] quality=2.003e-5 ift=6.750e0 pred_residual=4.860e-5 cap_predicted=1.012e1 iters=2
[INFO] [STAGE] logdet S (Z-projected) rho_dim=2 penalty_rank=2 elapsed=0.000s
[INFO] [#1271-diag] p=3 penalty_rank=2 nullspace_dim=1 logS=-12.796867 logH=6.008915 half_diff=9.402891 h_above1=2 h_min=3.203e-4 h_max=8.636e3 rho=[18.5874,-1.9379] lambda=[1.181e8,1.440e-1]
[INFO] [reml-geometry] dense_spectral reason=constraints_present p=13 nnz_x=na nnz_h_est=na density_h_est=na threshold=0.1000
[INFO] [IFT-CACHE] outcome=miss drho_dim=2 p=13 elapsed=0.000s
[INFO] [ADAPTIVE-KKT] outer_g_norm=1.323e-7 effective_tol=1.000e-12 floor=1.000e-12 ceiling=1.000e-12
[INFO] [STAGE] PIRLS update_with_curvature iter=1 curvature=Fisher elapsed=0.000s source=rebuilt
[INFO] [PIRLS iter-end] iter=  1 elapsed=0.0009s lm_lambda=3.70e-8 g_norm=2.633e-6 last_dev_change=2.585e-4 last_halving=1
[INFO] [PIRLS iter-breakdown] iter=  1 attempts=1 curvature=0.001s solve=0.000s predred=0.000s candidate=0.000s other=0.000s
[INFO] [PIRLS lm-trajectory] iter=  1 start_lambda=1.111e-7 final_lambda=3.704e-8 log10_ratio=-0.477 accept_rho=1.000 attempts=1
[INFO] [STAGE] PIRLS update_with_curvature iter=2 curvature=Fisher elapsed=0.000s source=reused_prev_accept
[INFO] [PIRLS iter-end] iter=  2 elapsed=0.0005s lm_lambda=1.23e-8 g_norm=8.529e-7 last_dev_change=5.956e-12 last_halving=1
[INFO] [PIRLS iter-breakdown] iter=  2 attempts=1 curvature=0.000s solve=0.000s predred=0.000s candidate=0.000s other=0.000s
[INFO] [PIRLS lm-trajectory] iter=  2 start_lambda=3.704e-8 final_lambda=1.235e-8 log10_ratio=-0.477 accept_rho=1.000 attempts=1
[INFO] [STAGE] PIRLS update_with_curvature iter=3 curvature=Fisher elapsed=0.000s source=reused_prev_accept
[INFO] [PIRLS exact-decrement] applicable=true decrement_sq=1.692570e-16 threshold=1.479013e-13 pass=true gradient_norm=3.122246e-8 relative_gradient=1.379774e-8 dimension_scale=6.244998e1 natural_scale=1.262867e0 objective=1.420231e0 actual_reduction=6.328271e-14 predicted_reduction=6.284919e-14 linear_model_term=-1.212520e-13 direction_norm=1.889346e-6 data_reduction=3.647527e-12 penalty_reduction=-3.584298e-12
[INFO] [PIRLS solve-end] iters=3 elapsed=0.0024s g_norm_initial=1.668e2 g_norm_final=3.122e-8 convergence_rate=5.721e-4 status=Converged
[INFO] [STAGE] inner pirls solve iters=3 status=Converged max_eta=2.0 jeffreys_logdet=none rows=full(derivative-request) elapsed=0.004s
[INFO] [IFT-QUALITY] quality=1.370e-4 ift=1.012e1 pred_residual=3.324e-4 cap_predicted=1.519e1 iters=3
[INFO] [STAGE] logdet S (Z-projected) rho_dim=2 penalty_rank=2 elapsed=0.000s
[INFO] [#1271-diag] p=3 penalty_rank=2 nullspace_dim=1 logS=-3.543875 logH=10.635618 half_diff=7.089747 h_above1=2 h_min=3.271e-2 h_max=8.638e3 rho=[18.5874,2.6887] lambda=[1.181e8,1.471e1]
[INFO] [reml-geometry] dense_spectral reason=constraints_present p=13 nnz_x=na nnz_h_est=na density_h_est=na threshold=0.1000
[INFO] [IFT-CACHE] outcome=miss drho_dim=2 p=13 elapsed=0.000s
[INFO] [ADAPTIVE-KKT] outer_g_norm=1.323e-7 effective_tol=1.000e-12 floor=1.000e-12 ceiling=1.000e-12
[INFO] [STAGE] PIRLS update_with_curvature iter=1 curvature=Fisher elapsed=0.000s source=rebuilt
[INFO] [PIRLS iter-end] iter=  1 elapsed=0.0009s lm_lambda=3.33e-7 g_norm=4.754e-5 last_dev_change=2.886e-4 last_halving=1
[INFO] [PIRLS iter-breakdown] iter=  1 attempts=1 curvature=0.000s solve=0.000s predred=0.000s candidate=0.000s other=0.000s
[INFO] [PIRLS lm-trajectory] iter=  1 start_lambda=1.000e-6 final_lambda=3.333e-7 log10_ratio=-0.477 accept_rho=1.000 attempts=1
[INFO] [STAGE] PIRLS update_with_curvature iter=2 curvature=Fisher elapsed=0.000s source=reused_prev_accept
[INFO] [PIRLS iter-end] iter=  2 elapsed=0.0006s lm_lambda=1.11e-7 g_norm=4.790e-7 last_dev_change=7.028e-13 last_halving=1
[INFO] [PIRLS iter-breakdown] iter=  2 attempts=1 curvature=0.000s solve=0.000s predred=0.000s candidate=0.000s other=0.000s
[INFO] [PIRLS lm-trajectory] iter=  2 start_lambda=3.333e-7 final_lambda=1.111e-7 log10_ratio=-0.477 accept_rho=1.000 attempts=1
[INFO] [STAGE] PIRLS update_with_curvature iter=3 curvature=Fisher elapsed=0.000s source=reused_prev_accept
[INFO] [PIRLS iter-end] iter=  3 elapsed=0.0006s lm_lambda=3.70e-8 g_norm=4.638e-7 last_dev_change=3.495e-13 last_halving=1
[INFO] [PIRLS iter-breakdown] iter=  3 attempts=1 curvature=0.000s solve=0.000s predred=0.000s candidate=0.000s other=0.000s
[INFO] [PIRLS lm-trajectory] iter=  3 start_lambda=1.111e-7 final_lambda=3.704e-8 log10_ratio=-0.477 accept_rho=1.000 attempts=1
[INFO] [STAGE] PIRLS update_with_curvature iter=4 curvature=Fisher elapsed=0.000s source=reused_prev_accept
[INFO] [PIRLS iter-end] iter=  4 elapsed=0.0006s lm_lambda=1.23e-8 g_norm=4.271e-7 last_dev_change=9.142e-13 last_halving=1
[INFO] [PIRLS iter-breakdown] iter=  4 attempts=1 curvature=0.000s solve=0.000s predred=0.000s candidate=0.000s other=0.000s
[INFO] [PIRLS lm-trajectory] iter=  4 start_lambda=3.704e-8 final_lambda=1.235e-8 log10_ratio=-0.477 accept_rho=1.000 attempts=1
[INFO] [STAGE] PIRLS update_with_curvature iter=5 curvature=Fisher elapsed=0.000s source=reused_prev_accept
[INFO] [PIRLS iter-end] iter=  5 elapsed=0.0006s lm_lambda=4.12e-9 g_norm=3.395e-7 last_dev_change=1.876e-12 last_halving=1
[INFO] [PIRLS iter-breakdown] iter=  5 attempts=1 curvature=0.000s solve=0.000s predred=0.000s candidate=0.000s other=0.000s
[INFO] [PIRLS lm-trajectory] iter=  5 start_lambda=1.235e-8 final_lambda=4.115e-9 log10_ratio=-0.477 accept_rho=1.000 attempts=1
[INFO] [STAGE] PIRLS update_with_curvature iter=6 curvature=Fisher elapsed=0.000s source=reused_prev_accept
[INFO] [PIRLS iter-end] iter=  6 elapsed=0.0006s lm_lambda=1.37e-9 g_norm=1.915e-7 last_dev_change=2.198e-12 last_halving=1
[INFO] [PIRLS iter-breakdown] iter=  6 attempts=1 curvature=0.000s solve=0.000s predred=0.000s candidate=0.000s other=0.000s
[INFO] [PIRLS lm-trajectory] iter=  6 start_lambda=4.115e-9 final_lambda=1.372e-9 log10_ratio=-0.477 accept_rho=1.000 attempts=1
[INFO] [STAGE] PIRLS update_with_curvature iter=7 curvature=Fisher elapsed=0.000s source=reused_prev_accept
[INFO] [PIRLS iter-end] iter=  7 elapsed=0.0006s lm_lambda=1.00e-9 g_norm=5.767e-8 last_dev_change=9.324e-13 last_halving=1
[INFO] [PIRLS iter-breakdown] iter=  7 attempts=1 curvature=0.000s solve=0.000s predred=0.000s candidate=0.000s other=0.000s
[INFO] [PIRLS lm-trajectory] iter=  7 start_lambda=1.372e-9 final_lambda=1.000e-9 log10_ratio=-0.137 accept_rho=1.000 attempts=1
[INFO] [STAGE] PIRLS update_with_curvature iter=8 curvature=Fisher elapsed=0.000s source=reused_prev_accept
[INFO] [PIRLS iter-end] iter=  8 elapsed=0.0006s lm_lambda=1.00e-9 g_norm=1.375e-8 last_dev_change=8.793e-14 last_halving=1
[INFO] [PIRLS iter-breakdown] iter=  8 attempts=1 curvature=0.000s solve=0.000s predred=0.000s candidate=0.000s other=0.000s
[INFO] [PIRLS lm-trajectory] iter=  8 start_lambda=1.000e-9 final_lambda=1.000e-9 log10_ratio=0.000 accept_rho=1.002 attempts=1
[INFO] [STAGE] PIRLS update_with_curvature iter=9 curvature=Fisher elapsed=0.000s source=reused_prev_accept
[INFO] [PIRLS exact-decrement] applicable=true decrement_sq=6.000721e-16 threshold=1.467844e-13 pass=true gradient_norm=3.259956e-9 relative_gradient=1.469810e-9 dimension_scale=6.244998e1 natural_scale=1.217944e0 objective=1.409505e0 actual_reduction=4.884981e-15 predicted_reduction=4.990409e-15 linear_model_term=-8.061109e-15 direction_norm=4.379018e-6 data_reduction=-8.881784e-16 penalty_reduction=5.820756e-15
[INFO] [PIRLS solve-end] iters=9 elapsed=0.0073s g_norm_initial=1.675e2 g_norm_final=3.260e-9 convergence_rate=6.455e-2 status=Converged
[INFO] [STAGE] inner pirls solve iters=9 status=Converged max_eta=2.0 jeffreys_logdet=none rows=full(derivative-request) elapsed=0.009s
[INFO] [IFT-QUALITY] quality=3.314e-4 ift=1.519e1 pred_residual=8.041e-4 cap_predicted=2.278e1 iters=9
[INFO] [STAGE] logdet S (Z-projected) rho_dim=2 penalty_rank=2 elapsed=0.000s
[INFO] [#1271-diag] p=3 penalty_rank=2 nullspace_dim=1 logS=-12.796867 logH=6.008915 half_diff=9.402891 h_above1=2 h_min=3.203e-4 h_max=8.636e3 rho=[18.5874,-1.9379] lambda=[1.181e8,1.440e-1]
[INFO] [STAGE] PIRLS update_with_curvature iter=1 curvature=Fisher elapsed=0.000s source=rebuilt
[INFO] [STAGE] PIRLS update_with_curvature iter=1 curvature=Fisher elapsed=0.000s source=rebuilt
[INFO] [PIRLS iter-end] iter=  1 elapsed=0.0007s lm_lambda=3.33e-7 g_norm=2.352e-5 last_dev_change=2.569e-4 last_halving=1
[INFO] [PIRLS iter-breakdown] iter=  1 attempts=1 curvature=0.000s solve=0.000s predred=0.000s candidate=0.000s other=0.000s
[INFO] [PIRLS lm-trajectory] iter=  1 start_lambda=1.000e-6 final_lambda=3.333e-7 log10_ratio=-0.477 accept_rho=1.000 attempts=1
[INFO] [STAGE] PIRLS update_with_curvature iter=2 curvature=Fisher elapsed=0.000s source=reused_prev_accept
[INFO] [PIRLS iter-end] iter=  1 elapsed=0.0007s lm_lambda=3.33e-7 g_norm=5.460e-7 last_dev_change=2.558e-4 last_halving=1
[INFO] [PIRLS iter-breakdown] iter=  1 attempts=1 curvature=0.000s solve=0.000s predred=0.000s candidate=0.000s other=0.000s
[INFO] [PIRLS lm-trajectory] iter=  1 start_lambda=1.000e-6 final_lambda=3.333e-7 log10_ratio=-0.477 accept_rho=1.000 attempts=1
[INFO] [STAGE] PIRLS update_with_curvature iter=2 curvature=Fisher elapsed=0.000s source=reused_prev_accept
[INFO] [PIRLS exact-decrement] applicable=true decrement_sq=4.830915e-13 threshold=1.467844e-13 pass=false gradient_norm=1.648087e-7 relative_gradient=7.430697e-8 dimension_scale=6.244998e1 natural_scale=1.217944e0 objective=1.409505e0 actual_reduction=5.107026e-15 predicted_reduction=4.825455e-15 linear_model_term=-5.037846e-15 direction_norm=3.722781e-7 data_reduction=-2.791101e-13 penalty_reduction=2.842103e-13
[INFO] [PIRLS solve-end] iters=2 elapsed=0.0014s g_norm_initial=1.664e2 g_norm_final=1.648e-7 convergence_rate=3.147e-5 status=LmStepSearchExhausted
[INFO] [PIRLS iter-end] iter=  2 elapsed=0.0005s lm_lambda=1.11e-7 g_norm=5.854e-6 last_dev_change=2.725e-11 last_halving=1
[INFO] [PIRLS iter-breakdown] iter=  2 attempts=1 curvature=0.000s solve=0.000s predred=0.000s candidate=0.000s other=0.000s
[INFO] [PIRLS lm-trajectory] iter=  2 start_lambda=3.333e-7 final_lambda=1.111e-7 log10_ratio=-0.477 accept_rho=1.000 attempts=1
[INFO] [STAGE] PIRLS update_with_curvature iter=3 curvature=Fisher elapsed=0.000s source=reused_prev_accept
[INFO] [STAGE] sigma-cubature pirls solve rho=[18.587,-1.938] iters=2 status=Converged max_eta=2.0 elapsed=0.002s
[INFO] [PIRLS iter-end] iter=  3 elapsed=0.0005s lm_lambda=3.70e-8 g_norm=1.491e-6 last_dev_change=8.769e-12 last_halving=1
[INFO] [PIRLS iter-breakdown] iter=  3 attempts=1 curvature=0.000s solve=0.000s predred=0.000s candidate=0.000s other=0.000s
[INFO] [PIRLS lm-trajectory] iter=  3 start_lambda=1.111e-7 final_lambda=3.704e-8 log10_ratio=-0.477 accept_rho=1.000 attempts=1
[INFO] [STAGE] PIRLS update_with_curvature iter=4 curvature=Fisher elapsed=0.000s source=reused_prev_accept
[INFO] [PIRLS iter-end] iter=  4 elapsed=0.0006s lm_lambda=1.23e-8 g_norm=1.525e-7 last_dev_change=6.024e-13 last_halving=1
[INFO] [PIRLS iter-breakdown] iter=  4 attempts=1 curvature=0.000s solve=0.000s predred=0.000s candidate=0.000s other=0.000s
[INFO] [PIRLS lm-trajectory] iter=  4 start_lambda=3.704e-8 final_lambda=1.235e-8 log10_ratio=-0.477 accept_rho=1.001 attempts=1
[INFO] [STAGE] PIRLS update_with_curvature iter=5 curvature=Fisher elapsed=0.000s source=reused_prev_accept
[INFO] [PIRLS exact-decrement] applicable=true decrement_sq=1.704672e-17 threshold=1.479013e-13 pass=true gradient_norm=5.579926e-9 relative_gradient=2.465866e-9 dimension_scale=6.244998e1 natural_scale=1.262867e0 objective=1.420231e0 actual_reduction=5.995204e-15 predicted_reduction=6.356431e-15 linear_model_term=-1.226407e-14 direction_norm=6.008992e-7 data_reduction=-1.161071e-12 penalty_reduction=1.167216e-12
[INFO] [PIRLS solve-end] iters=5 elapsed=0.0039s g_norm_initial=1.667e2 g_norm_final=5.580e-9 convergence_rate=8.035e-3 status=Converged
[INFO] [STAGE] sigma-cubature pirls solve rho=[18.587,2.689] iters=5 status=Converged max_eta=2.0 elapsed=0.005s
[INFO] [sigma-cubature] node=0 step=2.3133e0 wald_step=1.4167e0 ΔV=5.821546e-1 posterior_weight=4.900022e-1 evals=7 box_limited=false tr(φ̂·H(ρ)⁻¹)=2.892426e-1 tr(φ̂·H(ρ̂)⁻¹)=6.623554e-1
[INFO] [sigma-cubature] node=1 step=2.3133e0 wald_step=1.4167e0 ΔV=5.421582e-1 posterior_weight=5.099978e-1 evals=7 box_limited=false tr(φ̂·H(ρ)⁻¹)=2.953496e1 tr(φ̂·H(ρ̂)⁻¹)=6.623554e-1
[INFO] [sigma-cubature] tr(correction)=1.454214e1 tr(φ̂·H(ρ̂)⁻¹)=6.623554e-1
[INFO] [smoothing-correction] branch=cubature rank=1 points=2 near_boundary=false grad_norm=1.323e-7 max_rho_var=2.007e0 max_node_criterion_rise=5.822e-1 (proposal calibration rise 0.5)
[INFO] [reml-geometry] dense_spectral reason=constraints_present p=13 nnz_x=na nnz_h_est=na density_h_est=na threshold=0.1000
[INFO] [STAGE] logdet S (Z-projected) rho_dim=2 penalty_rank=2 elapsed=0.000s
[INFO] [#1271-diag] p=3 penalty_rank=2 nullspace_dim=1 logS=-5.201441 logH=9.806718 half_diff=7.504079 h_above1=2 h_min=1.428e-2 h_max=8.637e3 rho=[18.5874,1.8599] lambda=[1.181e8,6.423e0]
[INFO] [STAGE] reml_laml cost_only_done k=2 ext_dim=0 dim=3 elapsed=0.000s
[INFO] [OUTER hessian-route] choice=dense reason=below_crossover n=300 p=3 k=2 callback_kernel=false subspace_trace=false scale_prefers_operator=false dense_workspace_bytes=504
[INFO] [OUTER hessian-elapsed] choice=dense reason=below_crossover n=300 p=3 k=2 elapsed=0.000s
[INFO] [reml-geometry] dense_spectral reason=constraints_present p=13 nnz_x=na nnz_h_est=na density_h_est=na threshold=0.1000
[INFO] [IFT-REJECTED] reason=large_drho max_drho=5.869e2 cap=2.278e1 drho_dim=2
[INFO] [TANGENT-REJECTED] reason=alpha_negative alpha=-4.215e-1 cap=2.000e0
[INFO] [ADAPTIVE-KKT] outer_g_norm=1.323e-7 effective_tol=1.000e-12 floor=1.000e-12 ceiling=1.000e-12
[WARN] [GAM COST]   -> P-IRLS INNER LOOP FAILED. Error: Hessian matrix is not positive definite (minimum eigenvalue: -2.6372e246). This indicates a numerical instability.
[INFO] [GAM fit] n=300 p=13 k=2 fam=LikelihoodSpec { response: Gaussian, link: Standard(Identity) } link=Identity X=dense reml_iter=200 firth=false
[INFO] [reml-geometry] dense_spectral reason=constraints_present p=13 nnz_x=na nnz_h_est=na density_h_est=na threshold=0.1000
[INFO] [STAGE] PIRLS update_with_curvature iter=1 curvature=Fisher elapsed=0.000s source=rebuilt
[INFO] [PIRLS iter-end] iter=  1 elapsed=0.0010s lm_lambda=3.33e-7 g_norm=2.368e-4 last_dev_change=5.196e1 last_halving=1
[INFO] [PIRLS iter-breakdown] iter=  1 attempts=1 curvature=0.001s solve=0.000s predred=0.000s candidate=0.000s other=0.000s
[INFO] [PIRLS lm-trajectory] iter=  1 start_lambda=1.000e-6 final_lambda=3.333e-7 log10_ratio=-0.477 accept_rho=1.000 attempts=1
[INFO] [STAGE] PIRLS update_with_curvature iter=2 curvature=Fisher elapsed=0.000s source=reused_prev_accept
[INFO] [PIRLS iter-end] iter=  2 elapsed=0.0007s lm_lambda=1.11e-7 g_norm=9.618e-7 last_dev_change=6.069e-8 last_halving=1
[INFO] [PIRLS iter-breakdown] iter=  2 attempts=1 curvature=0.000s solve=0.000s predred=0.000s candidate=0.000s other=0.000s
[INFO] [PIRLS lm-trajectory] iter=  2 start_lambda=3.333e-7 final_lambda=1.111e-7 log10_ratio=-0.477 accept_rho=1.000 attempts=1
[INFO] [STAGE] PIRLS update_with_curvature iter=3 curvature=Fisher elapsed=0.000s source=reused_prev_accept
[INFO] [PIRLS iter-end] iter=  3 elapsed=0.0007s lm_lambda=3.70e-8 g_norm=1.174e-8 last_dev_change=6.757e-11 last_halving=1
[INFO] [PIRLS iter-breakdown] iter=  3 attempts=1 curvature=0.000s solve=0.000s predred=0.000s candidate=0.000s other=0.000s
[INFO] [PIRLS lm-trajectory] iter=  3 start_lambda=1.111e-7 final_lambda=3.704e-8 log10_ratio=-0.477 accept_rho=1.000 attempts=1
[INFO] [STAGE] PIRLS update_with_curvature iter=4 curvature=Fisher elapsed=0.000s source=reused_prev_accept
[INFO] [PIRLS exact-decrement] applicable=true decrement_sq=3.230044e-19 threshold=1.466282e-13 pass=true gradient_norm=4.742809e-11 relative_gradient=1.967062e-11 dimension_scale=6.244998e1 natural_scale=1.411113e0 objective=1.408006e0 actual_reduction=9.992007e-15 predicted_reduction=9.842400e-15 linear_model_term=-1.960722e-14 direction_norm=2.963382e-6 data_reduction=-4.360956e-12 penalty_reduction=4.370860e-12
[INFO] [PIRLS solve-end] iters=4 elapsed=0.0038s g_norm_initial=1.618e3 g_norm_final=4.743e-11 convergence_rate=4.138e-4 status=Converged
[INFO] [STAGE] inner pirls solve iters=4 status=Converged max_eta=2.0 jeffreys_logdet=none rows=full(derivative-request) elapsed=0.005s
[INFO] [STAGE] logdet S (Z-projected) rho_dim=2 penalty_rank=4 elapsed=0.000s
[INFO] [#1271-diag] p=5 penalty_rank=4 nullspace_dim=1 logS=-11.746953 logH=12.699967 half_diff=12.223460 h_above1=3 h_min=2.224e-3 h_max=1.612e4 rho=[0.0000,0.0000] lambda=[1.000e0,1.000e0]
[INFO] [STAGE] reml_laml cost_only_done k=2 ext_dim=0 dim=5 elapsed=0.000s
[INFO] [HGB] small-sample fallback to defaults: pairs=0, threshold=3
[INFO] [STAGE] logdet S (Z-projected) rho_dim=2 penalty_rank=4 elapsed=0.000s
[INFO] [#1271-diag] p=5 penalty_rank=4 nullspace_dim=1 logS=-11.746953 logH=12.699967 half_diff=12.223460 h_above1=3 h_min=2.224e-3 h_max=1.612e4 rho=[0.0000,0.0000] lambda=[1.000e0,1.000e0]
[INFO] [reml-geometry] dense_spectral reason=constraints_present p=13 nnz_x=na nnz_h_est=na density_h_est=na threshold=0.1000
[INFO] [IFT-REJECTED] reason=large_drho max_drho=1.111e1 cap=2.000e0 drho_dim=2
[INFO] [STAGE] PIRLS update_with_curvature iter=1 curvature=Fisher elapsed=0.000s source=rebuilt
[INFO] [PIRLS iter-end] iter=  1 elapsed=0.0009s lm_lambda=3.33e-7 g_norm=2.733e-4 last_dev_change=3.540e1 last_halving=1
[INFO] [PIRLS iter-breakdown] iter=  1 attempts=1 curvature=0.001s solve=0.000s predred=0.000s candidate=0.000s other=0.000s
[INFO] [PIRLS lm-trajectory] iter=  1 start_lambda=1.000e-6 final_lambda=3.333e-7 log10_ratio=-0.477 accept_rho=1.000 attempts=1
[INFO] [STAGE] PIRLS update_with_curvature iter=2 curvature=Fisher elapsed=0.000s source=reused_prev_accept
[INFO] [PIRLS solve-end] iters=2 elapsed=0.0017s g_norm_initial=1.412e3 g_norm_final=3.939e-11 convergence_rate=1.670e-7 status=Converged
[INFO] [STAGE] inner pirls solve iters=2 status=Converged max_eta=1.5 jeffreys_logdet=none rows=full(derivative-request) elapsed=0.002s
[INFO] [STAGE] logdet S (Z-projected) rho_dim=2 penalty_rank=6 elapsed=0.000s
[INFO] [#1271-diag] p=7 penalty_rank=6 nullspace_dim=1 logS=48.706214 logH=55.224628 half_diff=3.259207 h_above1=7 h_min=8.983e1 h_max=2.949e4 rho=[10.0589,11.1122] lambda=[2.336e4,6.698e4]
[INFO] [OUTER] standard REML: n_params=2, gradient=Analytic, hessian=Either -> solver=Arc, search_hessian_source=Analytic [solver=Arc;hessian=Analytic;matrix-free=false] [EFS with runtime barrier-curvature guard]
[INFO] [reml-geometry] dense_spectral reason=constraints_present p=13 nnz_x=na nnz_h_est=na density_h_est=na threshold=0.1000
[INFO] [STAGE] PIRLS update_with_curvature iter=1 curvature=Fisher elapsed=0.000s source=rebuilt
[INFO] [PIRLS iter-end] iter=  1 elapsed=0.0010s lm_lambda=3.33e-7 g_norm=2.368e-4 last_dev_change=5.196e1 last_halving=1
[INFO] [PIRLS iter-breakdown] iter=  1 attempts=1 curvature=0.001s solve=0.000s predred=0.000s candidate=0.000s other=0.000s
[INFO] [PIRLS lm-trajectory] iter=  1 start_lambda=1.000e-6 final_lambda=3.333e-7 log10_ratio=-0.477 accept_rho=1.000 attempts=1
[INFO] [STAGE] PIRLS update_with_curvature iter=2 curvature=Fisher elapsed=0.000s source=reused_prev_accept
[INFO] [PIRLS iter-end] iter=  2 elapsed=0.0007s lm_lambda=1.11e-7 g_norm=9.618e-7 last_dev_change=6.069e-8 last_halving=1
[INFO] [PIRLS iter-breakdown] iter=  2 attempts=1 curvature=0.000s solve=0.000s predred=0.000s candidate=0.000s other=0.000s
[INFO] [PIRLS lm-trajectory] iter=  2 start_lambda=3.333e-7 final_lambda=1.111e-7 log10_ratio=-0.477 accept_rho=1.000 attempts=1
[INFO] [STAGE] PIRLS update_with_curvature iter=3 curvature=Fisher elapsed=0.000s source=reused_prev_accept
[INFO] [PIRLS iter-end] iter=  3 elapsed=0.0007s lm_lambda=3.70e-8 g_norm=1.174e-8 last_dev_change=6.757e-11 last_halving=1
[INFO] [PIRLS iter-breakdown] iter=  3 attempts=1 curvature=0.000s solve=0.000s predred=0.000s candidate=0.000s other=0.000s
[INFO] [PIRLS lm-trajectory] iter=  3 start_lambda=1.111e-7 final_lambda=3.704e-8 log10_ratio=-0.477 accept_rho=1.000 attempts=1
[INFO] [STAGE] PIRLS update_with_curvature iter=4 curvature=Fisher elapsed=0.000s source=reused_prev_accept
[INFO] [PIRLS exact-decrement] applicable=true decrement_sq=3.230044e-19 threshold=1.466282e-13 pass=true gradient_norm=4.742809e-11 relative_gradient=1.967062e-11 dimension_scale=6.244998e1 natural_scale=1.411113e0 objective=1.408006e0 actual_reduction=9.992007e-15 predicted_reduction=9.842400e-15 linear_model_term=-1.960722e-14 direction_norm=2.963382e-6 data_reduction=-4.360956e-12 penalty_reduction=4.370860e-12
[INFO] [PIRLS solve-end] iters=4 elapsed=0.0038s g_norm_initial=1.618e3 g_norm_final=4.743e-11 convergence_rate=4.138e-4 status=Converged
[INFO] [STAGE] inner pirls solve iters=4 status=Converged max_eta=2.0 jeffreys_logdet=none rows=full(derivative-request) elapsed=0.005s
[INFO] [STAGE] logdet S (Z-projected) rho_dim=2 penalty_rank=4 elapsed=0.000s
[INFO] [#1271-diag] p=5 penalty_rank=4 nullspace_dim=1 logS=-11.746953 logH=12.699967 half_diff=12.223460 h_above1=3 h_min=2.224e-3 h_max=1.612e4 rho=[0.0000,0.0000] lambda=[1.000e0,1.000e0]
[INFO] [STAGE] reml_laml cost_only_done k=2 ext_dim=0 dim=5 elapsed=0.000s
[INFO] [OUTER hessian-route] choice=dense reason=below_crossover n=300 p=5 k=2 callback_kernel=false subspace_trace=false scale_prefers_operator=false dense_workspace_bytes=1400
[INFO] [OUTER hessian-elapsed] choice=dense reason=below_crossover n=300 p=5 k=2 elapsed=0.000s
[INFO] [HGB] small-sample fallback to defaults: pairs=0, threshold=3
[INFO] [OUTER schedule] inner-PIRLS cap transition (ARC bridge) arc_iter=0 g_ratio=n/a last_iters=4 converged=true ift_residual=n/a accept_rho=1.000 prev=0 new=6 (capped)
[INFO] [STAGE] outer eval start order=ValueGradientHessian dim=2
[INFO] [reml-geometry] dense_spectral reason=constraints_present p=13 nnz_x=na nnz_h_est=na density_h_est=na threshold=0.1000
[INFO] [IFT-CACHE] outcome=miss drho_dim=2 p=13 elapsed=0.000s
[INFO] [ADAPTIVE-KKT] outer_g_norm=9.302e-1 effective_tol=1.000e-10 floor=1.000e-12 ceiling=1.000e-10
[INFO] [STAGE] PIRLS update_with_curvature iter=1 curvature=Fisher elapsed=0.000s source=rebuilt
[INFO] [PIRLS iter-end] iter=  1 elapsed=0.0010s lm_lambda=3.33e-7 g_norm=2.479e-5 last_dev_change=8.481e-2 last_halving=1
[INFO] [PIRLS iter-breakdown] iter=  1 attempts=1 curvature=0.001s solve=0.000s predred=0.000s candidate=0.000s other=0.000s
[INFO] [PIRLS lm-trajectory] iter=  1 start_lambda=1.000e-6 final_lambda=3.333e-7 log10_ratio=-0.477 accept_rho=1.000 attempts=1
[INFO] [STAGE] PIRLS update_with_curvature iter=2 curvature=Fisher elapsed=0.000s source=reused_prev_accept
[INFO] [PIRLS iter-end] iter=  2 elapsed=0.0007s lm_lambda=1.11e-7 g_norm=1.356e-7 last_dev_change=1.565e-9 last_halving=1
[INFO] [PIRLS iter-breakdown] iter=  2 attempts=1 curvature=0.000s solve=0.000s predred=0.000s candidate=0.000s other=0.000s
[INFO] [PIRLS lm-trajectory] iter=  2 start_lambda=3.333e-7 final_lambda=1.111e-7 log10_ratio=-0.477 accept_rho=1.000 attempts=1
[INFO] [STAGE] PIRLS update_with_curvature iter=3 curvature=Fisher elapsed=0.000s source=reused_prev_accept
[INFO] [PIRLS solve-end] iters=3 elapsed=0.0028s g_norm_initial=1.055e2 g_norm_final=1.091e-9 convergence_rate=2.179e-4 status=Converged
[INFO] [STAGE] inner pirls solve iters=3 status=Converged max_eta=2.0 jeffreys_logdet=none rows=full(derivative-request) elapsed=0.003s
[INFO] [IFT-QUALITY] quality=1.137e-2 ift=2.000e0 pred_residual=2.784e-2 cap_predicted=2.000e0 iters=3
[INFO] [STAGE] logdet S (Z-projected) rho_dim=2 penalty_rank=4 elapsed=0.000s
[INFO] [#1271-diag] p=5 penalty_rank=4 nullspace_dim=1 logS=-9.406825 logH=13.348657 half_diff=11.377741 h_above1=3 h_min=3.331e-3 h_max=1.612e4 rho=[0.7658,0.4043] lambda=[2.151e0,1.498e0]
[INFO] [STAGE] reml_laml cost_only_done k=2 ext_dim=0 dim=5 elapsed=0.000s
[INFO] [OUTER hessian-route] choice=dense reason=below_crossover n=300 p=5 k=2 callback_kernel=false subspace_trace=false scale_prefers_operator=false dense_workspace_bytes=1400
[INFO] [OUTER hessian-elapsed] choice=dense reason=below_crossover n=300 p=5 k=2 elapsed=0.000s
[INFO] [HGB] small-sample fallback to defaults: pairs=1, threshold=3
[INFO] [STAGE] outer eval end order=ValueGradientHessian elapsed=0.004s cost=-2.617104e2 |g|=8.238e-1
[INFO] [OUTER] eval#1 (hess) cost=-2.617104e2 |g|=8.238e-1 rho=[0.404,0.766]
[INFO] [OUTER schedule] inner-PIRLS cap transition (ARC bridge) arc_iter=1 g_ratio=1.000e0 last_iters=3 converged=true ift_residual=1.137e-2 accept_rho=1.000 prev=6 new=5 (capped)
[INFO] [STAGE] outer eval start order=ValueGradientHessian dim=2
[INFO] [reml-geometry] dense_spectral reason=constraints_present p=13 nnz_x=na nnz_h_est=na density_h_est=na threshold=0.1000
[INFO] [IFT-REJECTED] reason=large_drho max_drho=2.013e0 cap=2.000e0 drho_dim=2
[INFO] [TANGENT-REJECTED] reason=alpha_above_cap alpha=2.655e0 cap=1.750e0
[INFO] [ADAPTIVE-KKT] outer_g_norm=8.238e-1 effective_tol=1.000e-10 floor=1.000e-12 ceiling=1.000e-10
[INFO] [STAGE] PIRLS update_with_curvature iter=1 curvature=Fisher elapsed=0.000s source=rebuilt
[INFO] [PIRLS iter-end] iter=  1 elapsed=0.0009s lm_lambda=3.33e-7 g_norm=4.964e-5 last_dev_change=3.244e-3 last_halving=1
[INFO] [PIRLS iter-breakdown] iter=  1 attempts=1 curvature=0.001s solve=0.000s predred=0.000s candidate=0.000s other=0.000s
[INFO] [PIRLS lm-trajectory] iter=  1 start_lambda=1.000e-6 final_lambda=3.333e-7 log10_ratio=-0.477 accept_rho=1.000 attempts=1
[INFO] [STAGE] PIRLS update_with_curvature iter=2 curvature=Fisher elapsed=0.000s source=reused_prev_accept
[INFO] [PIRLS iter-end] iter=  2 elapsed=0.0006s lm_lambda=1.11e-7 g_norm=1.140e-8 last_dev_change=4.985e-10 last_halving=1
[INFO] [PIRLS iter-breakdown] iter=  2 attempts=1 curvature=0.000s solve=0.000s predred=0.000s candidate=0.000s other=0.000s
[INFO] [PIRLS lm-trajectory] iter=  2 start_lambda=3.333e-7 final_lambda=1.111e-7 log10_ratio=-0.477 accept_rho=1.000 attempts=1
[INFO] [STAGE] PIRLS update_with_curvature iter=3 curvature=Fisher elapsed=0.000s source=reused_prev_accept
[INFO] [PIRLS exact-decrement] applicable=true decrement_sq=2.945166e-20 threshold=1.470375e-13 pass=true gradient_norm=4.479250e-11 relative_gradient=1.864599e-11 dimension_scale=6.244998e1 natural_scale=1.402259e0 objective=1.411937e0 actual_reduction=2.220446e-15 predicted_reduction=2.070220e-15 linear_model_term=-4.130247e-15 direction_norm=6.356825e-7 data_reduction=-7.826650e-11 penalty_reduction=7.826871e-11
[INFO] [PIRLS solve-end] iters=3 elapsed=0.0028s g_norm_initial=1.292e0 g_norm_final=4.479e-11 convergence_rate=3.261e-4 status=Converged
[INFO] [STAGE] inner pirls solve iters=3 status=Converged max_eta=2.0 jeffreys_logdet=none rows=full(derivative-request) elapsed=0.003s
[INFO] [STAGE] logdet S (Z-projected) rho_dim=2 penalty_rank=5 elapsed=0.000s
[INFO] [#1271-diag] p=6 penalty_rank=5 nullspace_dim=1 logS=-1.942140 logH=18.743025 half_diff=10.342582 h_above1=5 h_min=1.014e-2 h_max=3.210e4 rho=[2.7784,1.5171] lambda=[1.609e1,4.559e0]
[INFO] [STAGE] reml_laml cost_only_done k=2 ext_dim=0 dim=6 elapsed=0.000s
[INFO] [OUTER hessian-route] choice=dense reason=below_crossover n=300 p=6 k=2 callback_kernel=false subspace_trace=false scale_prefers_operator=false dense_workspace_bytes=2016
[INFO] [OUTER hessian-elapsed] choice=dense reason=below_crossover n=300 p=6 k=2 elapsed=0.000s
[INFO] [HGB] small-sample fallback to defaults: pairs=1, threshold=3
[INFO] [STAGE] outer eval end order=ValueGradientHessian elapsed=0.004s cost=-2.624138e2 |g|=9.161e-1
[INFO] [OUTER] eval#2 (hess) cost=-2.624138e2 |g|=9.161e-1 rho=[1.517,2.778]
[INFO] [STAGE] outer eval start order=ValueGradientHessian dim=2
[INFO] [reml-geometry] dense_spectral reason=constraints_present p=13 nnz_x=na nnz_h_est=na density_h_est=na threshold=0.1000
[INFO] [IFT-CACHE] outcome=miss drho_dim=2 p=13 elapsed=0.000s
[INFO] [ADAPTIVE-KKT] outer_g_norm=9.161e-1 effective_tol=1.000e-10 floor=1.000e-12 ceiling=1.000e-10
[INFO] [STAGE] PIRLS update_with_curvature iter=1 curvature=Fisher elapsed=0.000s source=rebuilt
[INFO] [PIRLS iter-end] iter=  1 elapsed=0.0010s lm_lambda=3.33e-7 g_norm=5.935e-5 last_dev_change=3.548e-1 last_halving=1
[INFO] [PIRLS iter-breakdown] iter=  1 attempts=1 curvature=0.001s solve=0.000s predred=0.000s candidate=0.000s other=0.000s
[INFO] [PIRLS lm-trajectory] iter=  1 start_lambda=1.000e-6 final_lambda=3.333e-7 log10_ratio=-0.477 accept_rho=1.000 attempts=1
[INFO] [STAGE] PIRLS update_with_curvature iter=2 curvature=Fisher elapsed=0.000s source=reused_prev_accept
[INFO] [PIRLS iter-end] iter=  2 elapsed=0.0007s lm_lambda=1.11e-7 g_norm=8.634e-8 last_dev_change=1.026e-9 last_halving=1
[INFO] [PIRLS iter-breakdown] iter=  2 attempts=1 curvature=0.000s solve=0.000s predred=0.000s candidate=0.000s other=0.000s
[INFO] [PIRLS lm-trajectory] iter=  2 start_lambda=3.333e-7 final_lambda=1.111e-7 log10_ratio=-0.477 accept_rho=1.000 attempts=1
[INFO] [STAGE] PIRLS update_with_curvature iter=3 curvature=Fisher elapsed=0.000s source=reused_prev_accept
[INFO] [PIRLS exact-decrement] applicable=true decrement_sq=4.217355e-19 threshold=1.471572e-13 pass=true gradient_norm=1.890643e-10 relative_gradient=8.630775e-11 dimension_scale=6.244998e1 natural_scale=1.190583e0 objective=1.413085e0 actual_reduction=4.396483e-14 predicted_reduction=4.392966e-14 linear_model_term=-8.766728e-14 direction_norm=2.658604e-6 data_reduction=-1.536260e-11 penalty_reduction=1.540647e-11
[INFO] [PIRLS solve-end] iters=3 elapsed=0.0029s g_norm_initial=2.145e2 g_norm_final=1.891e-10 convergence_rate=9.588e-5 status=Converged
[INFO] [STAGE] inner pirls solve iters=3 status=Converged max_eta=2.0 jeffreys_logdet=none rows=full(derivative-request) elapsed=0.003s
[INFO] [IFT-QUALITY] quality=5.450e-3 ift=2.000e0 pred_residual=1.324e-2 cap_predicted=2.000e0 iters=3
[INFO] [STAGE] logdet S (Z-projected) rho_dim=2 penalty_rank=5 elapsed=0.000s
[INFO] [#1271-diag] p=6 penalty_rank=5 nullspace_dim=1 logS=4.292618 logH=21.684604 half_diff=8.695993 h_above1=5 h_min=1.237e-2 h_max=3.212e4 rho=[4.7236,1.7166] lambda=[1.126e2,5.566e0]
[INFO] [STAGE] reml_laml cost_only_done k=2 ext_dim=0 dim=6 elapsed=0.000s
[INFO] [OUTER hessian-route] choice=dense reason=below_crossover n=300 p=6 k=2 callback_kernel=false subspace_trace=false scale_prefers_operator=false dense_workspace_bytes=2016
[INFO] [OUTER hessian-elapsed] choice=dense reason=below_crossover n=300 p=6 k=2 elapsed=0.000s
[INFO] [HGB] small-sample fallback to defaults: pairs=1, threshold=3
[INFO] [STAGE] outer eval end order=ValueGradientHessian elapsed=0.004s cost=-2.639388e2 |g|=6.093e-1
[INFO] [OUTER] eval#3 (hess) cost=-2.639388e2 |g|=6.093e-1 rho=[1.717,4.724]
[INFO] [OUTER schedule] inner-PIRLS cap transition (ARC bridge) arc_iter=3 g_ratio=7.396e-1 last_iters=3 converged=true ift_residual=5.450e-3 accept_rho=1.000 prev=5 new=4 (capped)
[INFO] [STAGE] outer eval start order=ValueGradientHessian dim=2
[INFO] [reml-geometry] dense_spectral reason=constraints_present p=13 nnz_x=na nnz_h_est=na density_h_est=na threshold=0.1000
[INFO] [IFT-REJECTED] reason=large_drho max_drho=2.909e0 cap=2.000e0 drho_dim=2
[INFO] [TANGENT-PREDICT] alpha=1.488e0 cap=2.000e0 drho_step_norm_sq=5.689e0 drho_prev_norm_sq=3.824e0
[INFO] [ADAPTIVE-KKT] outer_g_norm=6.093e-1 effective_tol=1.000e-10 floor=1.000e-12 ceiling=1.000e-10
[INFO] [STAGE] PIRLS update_with_curvature iter=1 curvature=Fisher elapsed=0.000s source=rebuilt
[INFO] [PIRLS iter-end] iter=  1 elapsed=0.0009s lm_lambda=3.33e-7 g_norm=1.533e-4 last_dev_change=5.682e-1 last_halving=1
[INFO] [PIRLS iter-breakdown] iter=  1 attempts=1 curvature=0.001s solve=0.000s predred=0.000s candidate=0.000s other=0.000s
[INFO] [PIRLS lm-trajectory] iter=  1 start_lambda=1.000e-6 final_lambda=3.333e-7 log10_ratio=-0.477 accept_rho=1.000 attempts=1
[INFO] [STAGE] PIRLS update_with_curvature iter=2 curvature=Fisher elapsed=0.000s source=reused_prev_accept
[INFO] [PIRLS iter-end] iter=  2 elapsed=0.0006s lm_lambda=1.11e-7 g_norm=1.977e-7 last_dev_change=1.280e-9 last_halving=1
[INFO] [PIRLS iter-breakdown] iter=  2 attempts=1 curvature=0.000s solve=0.000s predred=0.000s candidate=0.000s other=0.000s
[INFO] [PIRLS lm-trajectory] iter=  2 start_lambda=3.333e-7 final_lambda=1.111e-7 log10_ratio=-0.477 accept_rho=1.000 attempts=1
[INFO] [STAGE] PIRLS update_with_curvature iter=3 curvature=Fisher elapsed=0.000s source=reused_prev_accept
[INFO] [PIRLS exact-decrement] applicable=true decrement_sq=2.948407e-19 threshold=1.472629e-13 pass=true gradient_norm=3.743571e-10 relative_gradient=1.952881e-10 dimension_scale=6.244998e1 natural_scale=9.169474e-1 objective=1.414101e0 actual_reduction=4.107825e-14 predicted_reduction=4.106294e-14 linear_model_term=-8.197045e-14 direction_norm=2.382602e-6 data_reduction=-4.816814e-12 penalty_reduction=4.858066e-12
[INFO] [PIRLS solve-end] iters=3 elapsed=0.0027s g_norm_initial=2.704e2 g_norm_final=3.744e-10 convergence_rate=1.115e-4 status=Converged
[INFO] [STAGE] inner pirls solve iters=3 status=Converged max_eta=2.0 jeffreys_logdet=none rows=full(derivative-request) elapsed=0.003s
[INFO] [TANGENT-QUALITY] quality=7.245e-3 pred_residual=1.758e-2 iters=3
[INFO] [STAGE] logdet S (Z-projected) rho_dim=2 penalty_rank=7 elapsed=0.000s
[INFO] [#1271-diag] p=8 penalty_rank=7 nullspace_dim=1 logS=26.312814 logH=42.010990 half_diff=7.849088 h_above1=7 h_min=1.441e-2 h_max=5.759e4 rho=[7.6326,1.8689] lambda=[2.064e3,6.481e0]
[INFO] [STAGE] reml_laml cost_only_done k=2 ext_dim=0 dim=8 elapsed=0.000s
[INFO] [OUTER hessian-route] choice=dense reason=below_crossover n=300 p=8 k=2 callback_kernel=false subspace_trace=false scale_prefers_operator=false dense_workspace_bytes=3584
[INFO] [OUTER hessian-elapsed] choice=dense reason=below_crossover n=300 p=8 k=2 elapsed=0.000s
[INFO] [HGB] small-sample fallback to defaults: pairs=1, threshold=3
[INFO] [STAGE] outer eval end order=ValueGradientHessian elapsed=0.004s cost=-2.646783e2 |g|=2.779e-1
[INFO] [OUTER] eval#4 (hess) cost=-2.646783e2 |g|=2.779e-1 rho=[1.869,7.633]
[INFO] [STAGE] outer eval start order=ValueGradientHessian dim=2
[INFO] [reml-geometry] dense_spectral reason=constraints_present p=13 nnz_x=na nnz_h_est=na density_h_est=na threshold=0.1000
[INFO] [IFT-CACHE] outcome=miss drho_dim=2 p=13 elapsed=0.000s
[INFO] [ADAPTIVE-KKT] outer_g_norm=2.779e-1 effective_tol=1.000e-10 floor=1.000e-12 ceiling=1.000e-10
[INFO] [STAGE] PIRLS update_with_curvature iter=1 curvature=Fisher elapsed=0.000s source=rebuilt
[INFO] [PIRLS iter-end] iter=  1 elapsed=0.0009s lm_lambda=3.33e-7 g_norm=2.106e-6 last_dev_change=2.321e-4 last_halving=1
[INFO] [PIRLS iter-breakdown] iter=  1 attempts=1 curvature=0.001s solve=0.000s predred=0.000s candidate=0.000s other=0.000s
[INFO] [PIRLS lm-trajectory] iter=  1 start_lambda=1.000e-6 final_lambda=3.333e-7 log10_ratio=-0.477 accept_rho=1.000 attempts=1
[INFO] [STAGE] PIRLS update_with_curvature iter=2 curvature=Fisher elapsed=0.000s source=reused_prev_accept
[INFO] [PIRLS solve-end] iters=2 elapsed=0.0017s g_norm_initial=4.596e0 g_norm_final=3.595e-9 convergence_rate=2.797e-5 status=Converged
[INFO] [STAGE] inner pirls solve iters=2 status=Converged max_eta=2.0 jeffreys_logdet=none rows=full(derivative-request) elapsed=0.002s
[INFO] [IFT-QUALITY] quality=1.744e-4 ift=2.000e0 pred_residual=4.232e-4 cap_predicted=2.000e0 iters=2
[INFO] [STAGE] logdet S (Z-projected) rho_dim=2 penalty_rank=7 elapsed=0.000s
[INFO] [#1271-diag] p=8 penalty_rank=7 nullspace_dim=1 logS=33.600993 logH=48.801507 half_diff=7.600257 h_above1=7 h_min=1.428e-2 h_max=5.998e4 rho=[9.0938,1.8600] lambda=[8.900e3,6.424e0]
[INFO] [STAGE] reml_laml cost_only_done k=2 ext_dim=0 dim=8 elapsed=0.000s
[INFO] [OUTER hessian-route] choice=dense reason=below_crossover n=300 p=8 k=2 callback_kernel=false subspace_trace=false scale_prefers_operator=false dense_workspace_bytes=3584
[INFO] [OUTER hessian-elapsed] choice=dense reason=below_crossover n=300 p=8 k=2 elapsed=0.000s
[INFO] [HGB] small-sample fallback to defaults: pairs=1, threshold=3
[INFO] [STAGE] outer eval end order=ValueGradientHessian elapsed=0.003s cost=-2.649264e2 |g|=8.825e-2
[INFO] [OUTER] eval#5 (hess) cost=-2.649264e2 |g|=8.825e-2 rho=[1.860,9.094]
[INFO] [OUTER schedule] inner-PIRLS cap transition (ARC bridge) arc_iter=5 g_ratio=1.071e-1 last_iters=2 converged=true ift_residual=1.744e-4 accept_rho=1.000 prev=4 new=3 (capped)
[INFO] [STAGE] outer eval start order=ValueGradientHessian dim=2
[INFO] [reml-geometry] dense_spectral reason=constraints_present p=13 nnz_x=na nnz_h_est=na density_h_est=na threshold=0.1000
[INFO] [IFT-CACHE] outcome=miss drho_dim=2 p=13 elapsed=0.000s
[INFO] [ADAPTIVE-KKT] outer_g_norm=8.825e-2 effective_tol=1.000e-10 floor=1.000e-12 ceiling=1.000e-10
[INFO] [STAGE] PIRLS update_with_curvature iter=1 curvature=Fisher elapsed=0.000s source=rebuilt
[INFO] [PIRLS iter-end] iter=  1 elapsed=0.0009s lm_lambda=3.70e-8 g_norm=2.461e-8 last_dev_change=1.381e-5 last_halving=1
[INFO] [PIRLS iter-breakdown] iter=  1 attempts=1 curvature=0.001s solve=0.000s predred=0.000s candidate=0.000s other=0.000s
[INFO] [PIRLS lm-trajectory] iter=  1 start_lambda=1.111e-7 final_lambda=3.704e-8 log10_ratio=-0.477 accept_rho=1.000 attempts=1
[INFO] [STAGE] PIRLS update_with_curvature iter=2 curvature=Fisher elapsed=0.000s source=reused_prev_accept
[INFO] [PIRLS exact-decrement] applicable=true decrement_sq=4.177850e-23 threshold=1.472651e-13 pass=true gradient_norm=5.562523e-12 relative_gradient=2.923432e-12 dimension_scale=6.244998e1 natural_scale=9.027372e-1 objective=1.414121e0 actual_reduction=-2.220446e-16 predicted_reduction=3.688052e-17 linear_model_term=-7.310834e-17 direction_norm=7.107719e-8 data_reduction=1.964873e-12 penalty_reduction=-1.965273e-12
[INFO] [PIRLS solve-end] iters=2 elapsed=0.0019s g_norm_initial=7.664e-1 g_norm_final=5.563e-12 convergence_rate=2.694e-6 status=Converged
[INFO] [STAGE] inner pirls solve iters=2 status=Converged max_eta=2.0 jeffreys_logdet=none rows=full(derivative-request) elapsed=0.002s
[INFO] [IFT-QUALITY] quality=4.964e-5 ift=2.000e0 pred_residual=1.204e-4 cap_predicted=2.000e0 iters=2
[INFO] [STAGE] logdet S (Z-projected) rho_dim=2 penalty_rank=7 elapsed=0.000s
[INFO] [#1271-diag] p=8 penalty_rank=7 nullspace_dim=1 logS=39.244865 logH=54.318057 half_diff=7.536596 h_above1=7 h_min=1.428e-2 h_max=6.668e4 rho=[10.2226,1.8599] lambda=[2.752e4,6.423e0]
[INFO] [STAGE] reml_laml cost_only_done k=2 ext_dim=0 dim=8 elapsed=0.000s
[INFO] [OUTER hessian-route] choice=dense reason=below_crossover n=300 p=8 k=2 callback_kernel=false subspace_trace=false scale_prefers_operator=false dense_workspace_bytes=3584
[INFO] [OUTER hessian-elapsed] choice=dense reason=below_crossover n=300 p=8 k=2 elapsed=0.000s
[INFO] [HGB] small-sample fallback to defaults: pairs=1, threshold=3
[INFO] [STAGE] outer eval end order=ValueGradientHessian elapsed=0.003s cost=-2.649886e2 |g|=3.104e-2
[INFO] [OUTER] eval#6 (hess) cost=-2.649886e2 |g|=3.104e-2 rho=[1.860,10.223]
[INFO] [STAGE] outer eval start order=ValueGradientHessian dim=2
[INFO] [reml-geometry] dense_spectral reason=constraints_present p=13 nnz_x=na nnz_h_est=na density_h_est=na threshold=0.1000
[INFO] [IFT-CACHE] outcome=miss drho_dim=2 p=13 elapsed=0.000s
[INFO] [ADAPTIVE-KKT] outer_g_norm=3.104e-2 effective_tol=1.000e-10 floor=1.000e-12 ceiling=1.000e-10
[INFO] [STAGE] PIRLS update_with_curvature iter=1 curvature=Fisher elapsed=0.000s source=rebuilt
[INFO] [PIRLS solve-end] iters=1 elapsed=0.0009s g_norm_initial=6.136e-1 g_norm_final=1.362e-9 convergence_rate=2.220e-9 status=Converged
[INFO] [STAGE] inner pirls solve iters=1 status=Converged max_eta=2.0 jeffreys_logdet=none rows=full(derivative-request) elapsed=0.002s
[INFO] [IFT-QUALITY] quality=1.939e-5 ift=2.000e0 pred_residual=4.704e-5 cap_predicted=2.000e0 iters=1
[INFO] [STAGE] logdet S (Z-projected) rho_dim=2 penalty_rank=7 elapsed=0.000s
[INFO] [#1271-diag] p=8 penalty_rank=7 nullspace_dim=1 logS=44.463009 logH=59.494402 half_diff=7.515697 h_above1=7 h_min=1.428e-2 h_max=8.594e4 rho=[11.2662,1.8599] lambda=[7.814e4,6.423e0]
[INFO] [STAGE] reml_laml cost_only_done k=2 ext_dim=0 dim=8 elapsed=0.000s
[INFO] [OUTER hessian-route] choice=dense reason=below_crossover n=300 p=8 k=2 callback_kernel=false subspace_trace=false scale_prefers_operator=false dense_workspace_bytes=3584
[INFO] [OUTER hessian-elapsed] choice=dense reason=below_crossover n=300 p=8 k=2 elapsed=0.000s
[INFO] [HGB] small-sample fallback to defaults: pairs=1, threshold=3
[INFO] [STAGE] outer eval end order=ValueGradientHessian elapsed=0.002s cost=-2.650090e2 |g|=1.124e-2
[INFO] [OUTER] eval#7 (hess) cost=-2.650090e2 |g|=1.124e-2 rho=[1.860,11.266]
[INFO] [STAGE] outer eval start order=ValueGradientHessian dim=2
[INFO] [reml-geometry] dense_spectral reason=constraints_present p=13 nnz_x=na nnz_h_est=na density_h_est=na threshold=0.1000
[INFO] [IFT-CACHE] outcome=miss drho_dim=2 p=13 elapsed=0.000s
[INFO] [ADAPTIVE-KKT] outer_g_norm=1.124e-2 effective_tol=1.000e-10 floor=1.000e-12 ceiling=1.000e-10
[INFO] [STAGE] PIRLS update_with_curvature iter=1 curvature=Fisher elapsed=0.000s source=rebuilt
[INFO] [PIRLS solve-end] iters=1 elapsed=0.0009s g_norm_initial=6.985e-1 g_norm_final=4.283e-10 convergence_rate=6.132e-10 status=Converged
[INFO] [STAGE] inner pirls solve iters=1 status=Converged max_eta=2.0 jeffreys_logdet=none rows=full(derivative-request) elapsed=0.002s
[INFO] [IFT-QUALITY] quality=7.392e-6 ift=2.000e0 pred_residual=1.793e-5 cap_predicted=2.000e0 iters=1
[INFO] [STAGE] logdet S (Z-projected) rho_dim=2 penalty_rank=7 elapsed=0.000s
[INFO] [#1271-diag] p=8 penalty_rank=7 nullspace_dim=1 logS=49.541045 logH=64.557662 half_diff=7.508308 h_above1=7 h_min=1.428e-2 h_max=1.423e5 rho=[12.2818,1.8599] lambda=[2.157e5,6.423e0]
[INFO] [STAGE] reml_laml cost_only_done k=2 ext_dim=0 dim=8 elapsed=0.000s
[INFO] [OUTER hessian-route] choice=dense reason=below_crossover n=300 p=8 k=2 callback_kernel=false subspace_trace=false scale_prefers_operator=false dense_workspace_bytes=3584
[INFO] [OUTER hessian-elapsed] choice=dense reason=below_crossover n=300 p=8 k=2 elapsed=0.000s
[INFO] [HGB] small-sample fallback to defaults: pairs=1, threshold=3
[INFO] [STAGE] outer eval end order=ValueGradientHessian elapsed=0.002s cost=-2.650162e2 |g|=4.112e-3
[INFO] [OUTER] eval#8 (hess) cost=-2.650162e2 |g|=4.112e-3 rho=[1.860,12.282]
[INFO] [OUTER schedule] inner-PIRLS cap transition (ARC bridge) arc_iter=8 g_ratio=4.991e-3 last_iters=1 converged=true ift_residual=7.392e-6 accept_rho=1.000 prev=3 new=0 (uncapped)
[INFO] [STAGE] outer eval start order=ValueGradientHessian dim=2
[INFO] [reml-geometry] dense_spectral reason=constraints_present p=13 nnz_x=na nnz_h_est=na density_h_est=na threshold=0.1000
[INFO] [IFT-CACHE] outcome=miss drho_dim=2 p=13 elapsed=0.000s
[INFO] [ADAPTIVE-KKT] outer_g_norm=4.112e-3 effective_tol=1.000e-12 floor=1.000e-12 ceiling=1.000e-12
[INFO] [STAGE] PIRLS update_with_curvature iter=1 curvature=Fisher elapsed=0.000s source=rebuilt
[INFO] [PIRLS iter-end] iter=  1 elapsed=0.0009s lm_lambda=1.00e-9 g_norm=5.810e-10 last_dev_change=1.626e-6 last_halving=1
[INFO] [PIRLS iter-breakdown] iter=  1 attempts=1 curvature=0.001s solve=0.000s predred=0.000s candidate=0.000s other=0.000s
[INFO] [PIRLS lm-trajectory] iter=  1 start_lambda=1.372e-9 final_lambda=1.000e-9 log10_ratio=-0.137 accept_rho=1.000 attempts=1
[INFO] [STAGE] PIRLS update_with_curvature iter=2 curvature=Fisher elapsed=0.000s source=reused_prev_accept
[INFO] [PIRLS exact-decrement] applicable=true decrement_sq=2.677380e-25 threshold=1.472658e-13 pass=true gradient_norm=2.101597e-12 relative_gradient=1.102068e-12 dimension_scale=6.244998e1 natural_scale=9.069578e-1 objective=1.414128e0 actual_reduction=-2.220446e-16 predicted_reduction=-2.733585e-19 linear_model_term=2.366185e-19 direction_norm=2.267939e-9 data_reduction=1.554312e-15 penalty_reduction=-1.779826e-15
[INFO] [PIRLS solve-end] iters=2 elapsed=0.0019s g_norm_initial=1.082e0 g_norm_final=2.102e-12 convergence_rate=1.394e-6 status=Converged
[INFO] [STAGE] inner pirls solve iters=2 status=Converged max_eta=2.0 jeffreys_logdet=none rows=full(derivative-request) elapsed=0.002s
[INFO] [IFT-QUALITY] quality=2.759e-6 ift=2.000e0 pred_residual=6.693e-6 cap_predicted=3.000e0 iters=2
[INFO] [STAGE] logdet S (Z-projected) rho_dim=2 penalty_rank=7 elapsed=0.000s
[INFO] [#1271-diag] p=8 penalty_rank=7 nullspace_dim=1 logS=54.569355 logH=69.580613 half_diff=7.505629 h_above1=7 h_min=1.428e-2 h_max=3.044e5 rho=[13.2875,1.8599] lambda=[5.898e5,6.423e0]
[INFO] [STAGE] reml_laml cost_only_done k=2 ext_dim=0 dim=8 elapsed=0.000s
[INFO] [OUTER hessian-route] choice=dense reason=below_crossover n=300 p=8 k=2 callback_kernel=false subspace_trace=false scale_prefers_operator=false dense_workspace_bytes=3584
[INFO] [OUTER hessian-elapsed] choice=dense reason=below_crossover n=300 p=8 k=2 elapsed=0.000s
[INFO] [HGB] small-sample fallback to defaults: pairs=1, threshold=3
[INFO] [HGB] engage after 10 iters (max warmup reached)
[INFO] [HGB] target_mse=1.691e-7 s_i=1.000e0 s_l=1.000e0 s_t=1.000e0 eps²_i=5.636e-8 eps²_l=5.636e-8 eps²_t=5.636e-8 τ=1.000e-10 rtol=2.374e-4 k=0 floor_active=[]
[INFO] [STAGE] outer eval end order=ValueGradientHessian elapsed=0.004s cost=-2.650188e2 |g|=1.510e-3
[INFO] [OUTER] eval#9 (hess) cost=-2.650188e2 |g|=1.510e-3 rho=[1.860,13.287]
[INFO] [STAGE] outer eval start order=ValueGradientHessian dim=2
[INFO] [reml-geometry] dense_spectral reason=constraints_present p=13 nnz_x=na nnz_h_est=na density_h_est=na threshold=0.1000
[INFO] [IFT-CACHE] outcome=miss drho_dim=2 p=13 elapsed=0.000s
[INFO] [ADAPTIVE-KKT] outer_g_norm=1.000e-12 effective_tol=1.000e-12 floor=1.000e-12 ceiling=1.000e-12
[INFO] [STAGE] PIRLS update_with_curvature iter=1 curvature=Fisher elapsed=0.000s source=rebuilt
[INFO] [PIRLS iter-end] iter=  1 elapsed=0.0009s lm_lambda=1.00e-9 g_norm=1.196e-9 last_dev_change=3.593e-6 last_halving=1
[INFO] [PIRLS iter-breakdown] iter=  1 attempts=1 curvature=0.001s solve=0.000s predred=0.000s candidate=0.000s other=0.000s
[INFO] [PIRLS lm-trajectory] iter=  1 start_lambda=1.000e-9 final_lambda=1.000e-9 log10_ratio=0.000 accept_rho=1.000 attempts=1
[INFO] [STAGE] PIRLS update_with_curvature iter=2 curvature=Fisher elapsed=0.000s source=reused_prev_accept
[INFO] [PIRLS exact-decrement] applicable=true decrement_sq=5.148563e-25 threshold=1.472658e-13 pass=true gradient_norm=4.194978e-13 relative_gradient=2.199759e-13 dimension_scale=6.244998e1 natural_scale=9.070171e-1 objective=1.414129e0 actual_reduction=2.220446e-16 predicted_reduction=-1.199756e-18 linear_model_term=1.117118e-18 direction_norm=3.401294e-9 data_reduction=2.664535e-15 penalty_reduction=-2.648923e-15
[INFO] [PIRLS solve-end] iters=2 elapsed=0.0019s g_norm_initial=2.414e0 g_norm_final=4.195e-13 convergence_rate=4.169e-7 status=Converged
[INFO] [STAGE] inner pirls solve iters=2 status=Converged max_eta=2.0 jeffreys_logdet=none rows=full(derivative-request) elapsed=0.002s
[INFO] [IFT-QUALITY] quality=1.021e-6 ift=3.000e0 pred_residual=2.476e-6 cap_predicted=4.500e0 iters=2
[INFO] [STAGE] logdet S (Z-projected) rho_dim=2 penalty_rank=7 elapsed=0.000s
[INFO] [#1271-diag] p=8 penalty_rank=7 nullspace_dim=1 logS=59.579349 logH=74.588646 half_diff=7.504649 h_above1=7 h_min=1.428e-2 h_max=7.543e5 rho=[14.2895,1.8599] lambda=[1.606e6,6.423e0]
[INFO] [STAGE] reml_laml cost_only_done k=2 ext_dim=0 dim=8 elapsed=0.000s
[INFO] [OUTER hessian-route] choice=dense reason=below_crossover n=300 p=8 k=2 callback_kernel=false subspace_trace=false scale_prefers_operator=false dense_workspace_bytes=3584
[INFO] [OUTER hessian-elapsed] choice=dense reason=below_crossover n=300 p=8 k=2 elapsed=0.000s
[INFO] [HGB] small-sample fallback to defaults: pairs=0, threshold=3
[INFO] [HGB] target_mse=2.279e-8 s_i=1.000e0 s_l=1.000e0 s_t=1.000e0 eps²_i=7.595e-9 eps²_l=7.595e-9 eps²_t=7.595e-9 τ=1.000e-10 rtol=8.715e-5 k=0 floor_active=[]
[INFO] [STAGE] outer eval end order=ValueGradientHessian elapsed=0.003s cost=-2.650198e2 |g|=5.549e-4
[INFO] [OUTER] eval#10 (hess) cost=-2.650198e2 |g|=5.549e-4 rho=[1.860,14.289]
[INFO] [STAGE] outer eval start order=ValueGradientHessian dim=2
[INFO] [reml-geometry] dense_spectral reason=constraints_present p=13 nnz_x=na nnz_h_est=na density_h_est=na threshold=0.1000
[INFO] [IFT-CACHE] outcome=miss drho_dim=2 p=13 elapsed=0.000s
[INFO] [ADAPTIVE-KKT] outer_g_norm=1.000e-12 effective_tol=1.000e-12 floor=1.000e-12 ceiling=1.000e-12
[INFO] [STAGE] PIRLS update_with_curvature iter=1 curvature=Fisher elapsed=0.000s source=rebuilt
[INFO] [PIRLS iter-end] iter=  1 elapsed=0.0009s lm_lambda=1.00e-9 g_norm=2.852e-9 last_dev_change=9.479e-6 last_halving=1
[INFO] [PIRLS iter-breakdown] iter=  1 attempts=1 curvature=0.001s solve=0.000s predred=0.000s candidate=0.000s other=0.000s
[INFO] [PIRLS lm-trajectory] iter=  1 start_lambda=1.000e-9 final_lambda=1.000e-9 log10_ratio=0.000 accept_rho=1.000 attempts=1
[INFO] [STAGE] PIRLS update_with_curvature iter=2 curvature=Fisher elapsed=0.000s source=reused_prev_accept
[INFO] [PIRLS exact-decrement] applicable=true decrement_sq=4.808003e-25 threshold=1.472658e-13 pass=true gradient_norm=8.098938e-12 relative_gradient=4.246780e-12 dimension_scale=6.244998e1 natural_scale=9.070774e-1 objective=1.414129e0 actual_reduction=-2.220446e-16 predicted_reduction=7.691756e-19 linear_model_term=-1.245196e-18 direction_norm=8.163263e-9 data_reduction=6.883383e-15 penalty_reduction=-7.016956e-15
[INFO] [PIRLS solve-end] iters=2 elapsed=0.0019s g_norm_initial=6.259e0 g_norm_final=8.099e-12 convergence_rate=1.138e-6 status=Converged
[INFO] [STAGE] inner pirls solve iters=2 status=Converged max_eta=2.0 jeffreys_logdet=none rows=full(derivative-request) elapsed=0.002s
[INFO] [IFT-QUALITY] quality=3.762e-7 ift=4.500e0 pred_residual=9.127e-7 cap_predicted=6.750e0 iters=2
[INFO] [STAGE] logdet S (Z-projected) rho_dim=2 penalty_rank=6 elapsed=0.000s
[INFO] [#1271-diag] p=7 penalty_rank=6 nullspace_dim=1 logS=51.195172 logH=66.203749 half_diff=7.504289 h_above1=6 h_min=1.428e-2 h_max=1.974e6 rho=[15.2900,1.8599] lambda=[4.369e6,6.423e0]
[INFO] [STAGE] reml_laml cost_only_done k=2 ext_dim=0 dim=7 elapsed=0.000s
[INFO] [OUTER hessian-route] choice=dense reason=below_crossover n=300 p=7 k=2 callback_kernel=false subspace_trace=false scale_prefers_operator=false dense_workspace_bytes=2744
[INFO] [OUTER hessian-elapsed] choice=dense reason=below_crossover n=300 p=7 k=2 elapsed=0.000s
[INFO] [HGB] small-sample fallback to defaults: pairs=0, threshold=3
[INFO] [HGB] target_mse=3.079e-9 s_i=1.000e0 s_l=1.000e0 s_t=1.000e0 eps²_i=1.026e-9 eps²_l=1.026e-9 eps²_t=1.026e-9 τ=1.000e-10 rtol=3.203e-5 k=0 floor_active=[]
[INFO] [STAGE] outer eval end order=ValueGradientHessian elapsed=0.003s cost=-2.650201e2 |g|=2.039e-4
[INFO] [OUTER] eval#11 (hess) cost=-2.650201e2 |g|=2.039e-4 rho=[1.860,15.290]
[INFO] [STAGE] outer eval start order=ValueGradientHessian dim=2
[INFO] [reml-geometry] dense_spectral reason=constraints_present p=13 nnz_x=na nnz_h_est=na density_h_est=na threshold=0.1000
[INFO] [IFT-CACHE] outcome=miss drho_dim=2 p=13 elapsed=0.000s
[INFO] [ADAPTIVE-KKT] outer_g_norm=1.000e-12 effective_tol=1.000e-12 floor=1.000e-12 ceiling=1.000e-12
[INFO] [STAGE] PIRLS update_with_curvature iter=1 curvature=Fisher elapsed=0.000s source=rebuilt
[INFO] [PIRLS iter-end] iter=  1 elapsed=0.0009s lm_lambda=1.00e-9 g_norm=7.812e-9 last_dev_change=2.566e-5 last_halving=1
[INFO] [PIRLS iter-breakdown] iter=  1 attempts=1 curvature=0.001s solve=0.000s predred=0.000s candidate=0.000s other=0.000s
[INFO] [PIRLS lm-trajectory] iter=  1 start_lambda=1.000e-9 final_lambda=1.000e-9 log10_ratio=0.000 accept_rho=1.000 attempts=1
[INFO] [STAGE] PIRLS update_with_curvature iter=2 curvature=Fisher elapsed=0.000s source=reused_prev_accept
[INFO] [PIRLS exact-decrement] applicable=true decrement_sq=4.533553e-24 threshold=1.472658e-13 pass=true gradient_norm=1.902650e-11 relative_gradient=9.984292e-12 dimension_scale=6.244998e1 natural_scale=9.056437e-1 objective=1.414129e0 actual_reduction=0.000000e0 predicted_reduction=4.568616e-18 linear_model_term=-7.744896e-18 direction_norm=2.108672e-8 data_reduction=1.909584e-14 penalty_reduction=-1.916869e-14
[INFO] [PIRLS solve-end] iters=2 elapsed=0.0019s g_norm_initial=1.680e1 g_norm_final=1.903e-11 convergence_rate=1.064e-6 status=Converged
[INFO] [STAGE] inner pirls solve iters=2 status=Converged max_eta=2.0 jeffreys_logdet=none rows=full(derivative-request) elapsed=0.002s
[INFO] [IFT-QUALITY] quality=1.386e-7 ift=6.750e0 pred_residual=3.363e-7 cap_predicted=1.012e1 iters=2
[INFO] [STAGE] logdet S (Z-projected) rho_dim=2 penalty_rank=6 elapsed=0.000s
[INFO] [#1271-diag] p=7 penalty_rank=6 nullspace_dim=1 logS=55.193555 logH=70.201867 half_diff=7.504156 h_above1=6 h_min=1.428e-2 h_max=5.303e6 rho=[16.2896,1.8599] lambda=[1.187e7,6.423e0]
[INFO] [STAGE] reml_laml cost_only_done k=2 ext_dim=0 dim=7 elapsed=0.000s
[INFO] [OUTER hessian-route] choice=dense reason=below_crossover n=300 p=7 k=2 callback_kernel=false subspace_trace=false scale_prefers_operator=false dense_workspace_bytes=2744
[INFO] [OUTER hessian-elapsed] choice=dense reason=below_crossover n=300 p=7 k=2 elapsed=0.000s
[INFO] [HGB] small-sample fallback to defaults: pairs=1, threshold=3
[INFO] [HGB] target_mse=4.159e-10 s_i=1.000e0 s_l=1.000e0 s_t=1.000e0 eps²_i=1.386e-10 eps²_l=1.386e-10 eps²_t=1.386e-10 τ=1.000e-10 rtol=1.177e-5 k=0 floor_active=[]
[INFO] [STAGE] outer eval end order=ValueGradientHessian elapsed=0.003s cost=-2.650202e2 |g|=7.495e-5
[INFO] [OUTER] eval#12 (hess) cost=-2.650202e2 |g|=7.495e-5 rho=[1.860,16.290]
[INFO] [OUTER] ARC finite cost stall deferred to exact second-order convergence: REML objective improved < 1.000e-7 (relative) over 3 consecutive outer steps and the stored best projected gradient is small (|g|=7.495e-5; bound 2.660e-1 set by score-relative; terms: solver-band 1.000e-3, score-relative 2.660e-1, probe-noise 3.503e-4 (sigma=3.510e-4 / delta=1.002e0)), but only ARC owns the synchronized reduced-Hessian certificate (value=-2.650202e2).
[INFO] [STAGE] outer eval start order=ValueGradientHessian dim=2
[INFO] [reml-geometry] dense_spectral reason=constraints_present p=13 nnz_x=na nnz_h_est=na density_h_est=na threshold=0.1000
[INFO] [IFT-CACHE] outcome=miss drho_dim=2 p=13 elapsed=0.000s
[INFO] [ADAPTIVE-KKT] outer_g_norm=1.000e-12 effective_tol=1.000e-12 floor=1.000e-12 ceiling=1.000e-12
[INFO] [STAGE] PIRLS update_with_curvature iter=1 curvature=Fisher elapsed=0.000s source=rebuilt
[INFO] [PIRLS iter-end] iter=  1 elapsed=0.0009s lm_lambda=1.00e-9 g_norm=2.117e-8 last_dev_change=6.961e-5 last_halving=1
[INFO] [PIRLS iter-breakdown] iter=  1 attempts=1 curvature=0.001s solve=0.000s predred=0.000s candidate=0.000s other=0.000s
[INFO] [PIRLS lm-trajectory] iter=  1 start_lambda=1.000e-9 final_lambda=1.000e-9 log10_ratio=0.000 accept_rho=1.000 attempts=1
[INFO] [STAGE] PIRLS update_with_curvature iter=2 curvature=Fisher elapsed=0.000s source=reused_prev_accept
[INFO] [PIRLS exact-decrement] applicable=true decrement_sq=1.890549e-21 threshold=1.472658e-13 pass=true gradient_norm=9.625734e-11 relative_gradient=5.051150e-11 dimension_scale=6.244998e1 natural_scale=9.056518e-1 objective=1.414129e0 actual_reduction=0.000000e0 predicted_reduction=2.287009e-17 linear_model_term=-4.499670e-17 direction_norm=5.565529e-8 data_reduction=5.173639e-14 penalty_reduction=-5.193155e-14
[INFO] [PIRLS solve-end] iters=2 elapsed=0.0019s g_norm_initial=4.544e1 g_norm_final=9.626e-11 convergence_rate=1.455e-6 status=Converged
[INFO] [STAGE] inner pirls solve iters=2 status=Converged max_eta=2.0 jeffreys_logdet=none rows=full(derivative-request) elapsed=0.003s
[INFO] [IFT-QUALITY] quality=5.093e-8 ift=1.012e1 pred_residual=1.236e-7 cap_predicted=1.519e1 iters=2
[INFO] [STAGE] logdet S (Z-projected) rho_dim=2 penalty_rank=6 elapsed=0.000s
[INFO] [#1271-diag] p=7 penalty_rank=6 nullspace_dim=1 logS=59.186462 logH=74.194677 half_diff=7.504108 h_above1=6 h_min=1.428e-2 h_max=1.433e7 rho=[17.2878,1.8599] lambda=[3.221e7,6.423e0]
[INFO] [STAGE] reml_laml cost_only_done k=2 ext_dim=0 dim=7 elapsed=0.000s
[INFO] [OUTER hessian-route] choice=dense reason=below_crossover n=300 p=7 k=2 callback_kernel=false subspace_trace=false scale_prefers_operator=false dense_workspace_bytes=2744
[INFO] [OUTER hessian-elapsed] choice=dense reason=below_crossover n=300 p=7 k=2 elapsed=0.000s
[INFO] [HGB] small-sample fallback to defaults: pairs=2, threshold=3
[INFO] [HGB] target_mse=5.618e-11 s_i=1.000e0 s_l=1.000e0 s_t=1.000e0 eps²_i=1.873e-11 eps²_l=1.873e-11 eps²_t=1.873e-11 τ=1.000e-10 rtol=4.327e-6 k=0 floor_active=[]
[INFO] [STAGE] outer eval end order=ValueGradientHessian elapsed=0.004s cost=-2.650203e2 |g|=2.754e-5
[INFO] [OUTER] eval#13 (hess) cost=-2.650203e2 |g|=2.754e-5 rho=[1.860,17.288]
[INFO] [STAGE] outer eval start order=ValueGradientHessian dim=2
[INFO] [reml-geometry] dense_spectral reason=constraints_present p=13 nnz_x=na nnz_h_est=na density_h_est=na threshold=0.1000
[INFO] [IFT-CACHE] outcome=miss drho_dim=2 p=13 elapsed=0.000s
[INFO] [ADAPTIVE-KKT] outer_g_norm=1.000e-12 effective_tol=1.000e-12 floor=1.000e-12 ceiling=1.000e-12
[INFO] [STAGE] PIRLS update_with_curvature iter=1 curvature=Fisher elapsed=0.000s source=rebuilt
[INFO] [PIRLS iter-end] iter=  1 elapsed=0.0010s lm_lambda=1.00e-9 g_norm=2.001e-8 last_dev_change=1.883e-4 last_halving=1
[INFO] [PIRLS iter-breakdown] iter=  1 attempts=1 curvature=0.001s solve=0.000s predred=0.000s candidate=0.000s other=0.000s
[INFO] [PIRLS lm-trajectory] iter=  1 start_lambda=1.000e-9 final_lambda=1.000e-9 log10_ratio=0.000 accept_rho=1.000 attempts=1
[INFO] [STAGE] PIRLS update_with_curvature iter=2 curvature=Fisher elapsed=0.000s source=reused_prev_accept
[INFO] [PIRLS exact-decrement] applicable=true decrement_sq=6.158478e-23 threshold=1.472658e-13 pass=true gradient_norm=9.029852e-11 relative_gradient=4.700497e-11 dimension_scale=6.244998e1 natural_scale=9.210419e-1 objective=1.414129e0 actual_reduction=2.220446e-16 predicted_reduction=1.577232e-16 linear_model_term=-3.174735e-16 direction_norm=1.495442e-7 data_reduction=1.409983e-13 penalty_reduction=-1.406861e-13
[INFO] [PIRLS solve-end] iters=2 elapsed=0.0020s g_norm_initial=1.227e2 g_norm_final=9.030e-11 convergence_rate=8.577e-7 status=Converged
[INFO] [STAGE] inner pirls solve iters=2 status=Converged max_eta=2.0 jeffreys_logdet=none rows=full(derivative-request) elapsed=0.003s
[INFO] [IFT-QUALITY] quality=1.739e-8 ift=1.519e1 pred_residual=4.219e-8 cap_predicted=2.278e1 iters=2
[INFO] [STAGE] logdet S (Z-projected) rho_dim=2 penalty_rank=2 elapsed=0.000s
[INFO] [#1271-diag] p=3 penalty_rank=2 nullspace_dim=1 logS=-5.201441 logH=9.806718 half_diff=7.504079 h_above1=2 h_min=1.428e-2 h_max=8.637e3 rho=[18.2827,1.8599] lambda=[8.712e7,6.423e0]
[INFO] [STAGE] reml_laml cost_only_done k=2 ext_dim=0 dim=3 elapsed=0.000s
[INFO] [OUTER hessian-route] choice=dense reason=below_crossover n=300 p=3 k=2 callback_kernel=false subspace_trace=false scale_prefers_operator=false dense_workspace_bytes=504
[INFO] [OUTER hessian-elapsed] choice=dense reason=below_crossover n=300 p=3 k=2 elapsed=0.000s
[INFO] [HGB] target_mse=7.585e-12 s_i=1.000e0 s_l=1.000e0 s_t=1.000e0 eps²_i=2.528e-12 eps²_l=2.528e-12 eps²_t=2.528e-12 τ=1.000e-10 rtol=1.590e-6 k=0 floor_active=[]
[INFO] [STAGE] outer eval end order=ValueGradientHessian elapsed=0.004s cost=-2.650203e2 |g|=1.818e-7
[INFO] [OUTER] eval#14 (hess) cost=-2.650203e2 |g|=1.818e-7 rho=[1.860,18.283]
[INFO] [reml-geometry] dense_spectral reason=constraints_present p=13 nnz_x=na nnz_h_est=na density_h_est=na threshold=0.1000
[INFO] [STAGE] PIRLS update_with_curvature iter=1 curvature=Fisher elapsed=0.000s source=rebuilt
[INFO] [PIRLS iter-end] iter=  1 elapsed=0.0009s lm_lambda=3.33e-7 g_norm=9.127e-2 last_dev_change=5.196e1 last_halving=1
[INFO] [PIRLS iter-breakdown] iter=  1 attempts=1 curvature=0.001s solve=0.000s predred=0.000s candidate=0.000s other=0.000s
[INFO] [PIRLS lm-trajectory] iter=  1 start_lambda=1.000e-6 final_lambda=3.333e-7 log10_ratio=-0.477 accept_rho=1.000 attempts=1
[INFO] [STAGE] PIRLS update_with_curvature iter=2 curvature=Fisher elapsed=0.000s source=reused_prev_accept
[INFO] [PIRLS iter-end] iter=  2 elapsed=0.0007s lm_lambda=1.11e-7 g_norm=1.605e-2 last_dev_change=2.407e-4 last_halving=1
[INFO] [PIRLS iter-breakdown] iter=  2 attempts=1 curvature=0.000s solve=0.000s predred=0.000s candidate=0.000s other=0.000s
[INFO] [PIRLS lm-trajectory] iter=  2 start_lambda=3.333e-7 final_lambda=1.111e-7 log10_ratio=-0.477 accept_rho=1.000 attempts=1
[INFO] [STAGE] PIRLS update_with_curvature iter=3 curvature=Fisher elapsed=0.000s source=reused_prev_accept
[INFO] [PIRLS iter-end] iter=  3 elapsed=0.0007s lm_lambda=3.70e-8 g_norm=5.876e-3 last_dev_change=1.399e-4 last_halving=1
[INFO] [PIRLS iter-breakdown] iter=  3 attempts=1 curvature=0.000s solve=0.000s predred=0.000s candidate=0.000s other=0.000s
[INFO] [PIRLS lm-trajectory] iter=  3 start_lambda=1.111e-7 final_lambda=3.704e-8 log10_ratio=-0.477 accept_rho=1.000 attempts=1
[INFO] [STAGE] PIRLS update_with_curvature iter=4 curvature=Fisher elapsed=0.000s source=reused_prev_accept
[INFO] [PIRLS iter-end] iter=  4 elapsed=0.0007s lm_lambda=1.23e-8 g_norm=9.488e-4 last_dev_change=2.110e-5 last_halving=1
[INFO] [PIRLS iter-breakdown] iter=  4 attempts=1 curvature=0.000s solve=0.000s predred=0.000s candidate=0.000s other=0.000s
[INFO] [PIRLS lm-trajectory] iter=  4 start_lambda=3.704e-8 final_lambda=1.235e-8 log10_ratio=-0.477 accept_rho=1.000 attempts=1
[INFO] [STAGE] PIRLS update_with_curvature iter=5 curvature=Fisher elapsed=0.000s source=reused_prev_accept
[INFO] [PIRLS iter-end] iter=  5 elapsed=0.0006s lm_lambda=4.12e-9 g_norm=5.724e-5 last_dev_change=5.630e-7 last_halving=1
[INFO] [PIRLS iter-breakdown] iter=  5 attempts=1 curvature=0.000s solve=0.000s predred=0.000s candidate=0.000s other=0.000s
[INFO] [PIRLS lm-trajectory] iter=  5 start_lambda=1.235e-8 final_lambda=4.115e-9 log10_ratio=-0.477 accept_rho=1.000 attempts=1
[INFO] [STAGE] PIRLS update_with_curvature iter=6 curvature=Fisher elapsed=0.000s source=reused_prev_accept
[INFO] [PIRLS iter-end] iter=  6 elapsed=0.0007s lm_lambda=1.37e-9 g_norm=1.199e-6 last_dev_change=2.055e-9 last_halving=1
[INFO] [PIRLS iter-breakdown] iter=  6 attempts=1 curvature=0.000s solve=0.000s predred=0.000s candidate=0.000s other=0.000s
[INFO] [PIRLS lm-trajectory] iter=  6 start_lambda=4.115e-9 final_lambda=1.372e-9 log10_ratio=-0.477 accept_rho=1.000 attempts=1
[INFO] [STAGE] PIRLS update_with_curvature iter=7 curvature=Fisher elapsed=0.000s source=reused_prev_accept
[INFO] [PIRLS iter-end] iter=  7 elapsed=0.0007s lm_lambda=1.00e-9 g_norm=8.458e-9 last_dev_change=9.024e-13 last_halving=1
[INFO] [PIRLS iter-breakdown] iter=  7 attempts=1 curvature=0.000s solve=0.000s predred=0.000s candidate=0.000s other=0.000s
[INFO] [PIRLS lm-trajectory] iter=  7 start_lambda=1.372e-9 final_lambda=1.000e-9 log10_ratio=-0.137 accept_rho=1.000 attempts=1
[INFO] [STAGE] PIRLS update_with_curvature iter=8 curvature=Fisher elapsed=0.000s source=reused_prev_accept
[INFO] [PIRLS exact-decrement] applicable=true decrement_sq=4.828878e-21 threshold=1.472658e-13 pass=true gradient_norm=7.838355e-11 relative_gradient=4.080262e-11 dimension_scale=6.244998e1 natural_scale=9.210419e-1 objective=1.414129e0 actual_reduction=-2.220446e-16 predicted_reduction=4.515646e-17 linear_model_term=-8.946882e-17 direction_norm=7.876683e-8 data_reduction=2.864375e-14 penalty_reduction=-2.898203e-14
[INFO] [PIRLS solve-end] iters=8 elapsed=0.0067s g_norm_initial=1.718e3 g_norm_final=7.838e-11 convergence_rate=2.150e-2 status=Converged
[INFO] [STAGE] inner pirls solve iters=8 status=Converged max_eta=2.0 jeffreys_logdet=none rows=full(derivative-request) elapsed=0.008s
[INFO] [STAGE] logdet S (Z-projected) rho_dim=2 penalty_rank=2 elapsed=0.000s
[INFO] [#1271-diag] p=3 penalty_rank=2 nullspace_dim=1 logS=-5.201441 logH=9.806718 half_diff=7.504079 h_above1=2 h_min=1.428e-2 h_max=8.637e3 rho=[18.2827,1.8599] lambda=[8.712e7,6.423e0]
[INFO] [STAGE] logdet S (Z-projected) rho_dim=2 penalty_rank=2 elapsed=0.000s
[INFO] [#1271-diag] p=3 penalty_rank=2 nullspace_dim=1 logS=-5.201441 logH=9.806718 half_diff=7.504079 h_above1=2 h_min=1.428e-2 h_max=8.637e3 rho=[18.2827,1.8599] lambda=[8.712e7,6.423e0]
[INFO] [STAGE] reml_laml cost_only_done k=2 ext_dim=0 dim=3 elapsed=0.000s
[INFO] [HGB] small-sample fallback to defaults: pairs=0, threshold=3
[INFO] [CERTIFICATE] standard REML: the objective published no criterion resolution; using the last-bit floor 5.907e-14 of the value alone (#2812)
[INFO] [CERTIFICATE-BOUND] standard REML: fidelity=Screening, rho=[1.8598892031094103, 18.282742943330934], bound 4.470348e-6 set by solver-band (derived_standard=false, |Pg|=1.817893e-7, |g|=1.817893e-7, solver_band=4.470348e-6, cost=-2.650203e2)
[INFO] [CERTIFICATE] standard REML: gradient |g|=1.818e-7 |Pg|=1.818e-7 bound=4.470e-6 (rung=solver-band derived_standard=false) hessian_psd=not-spent curvature_source=screening-not-spent railed=[] → stationary
[INFO] [reml-geometry] dense_spectral reason=constraints_present p=13 nnz_x=na nnz_h_est=na density_h_est=na threshold=0.1000
[INFO] [STAGE] PIRLS update_with_curvature iter=1 curvature=Fisher elapsed=0.000s source=rebuilt
[INFO] [PIRLS iter-end] iter=  1 elapsed=0.0009s lm_lambda=3.33e-7 g_norm=2.826e-4 last_dev_change=2.669e1 last_halving=1
[INFO] [PIRLS iter-breakdown] iter=  1 attempts=1 curvature=0.001s solve=0.000s predred=0.000s candidate=0.000s other=0.000s
[INFO] [PIRLS lm-trajectory] iter=  1 start_lambda=1.000e-6 final_lambda=3.333e-7 log10_ratio=-0.477 accept_rho=1.000 attempts=1
[INFO] [STAGE] PIRLS update_with_curvature iter=2 curvature=Fisher elapsed=0.000s source=reused_prev_accept
[INFO] [PIRLS solve-end] iters=2 elapsed=0.0017s g_norm_initial=1.618e3 g_norm_final=4.462e-11 convergence_rate=1.661e-7 status=Converged
[INFO] [STAGE] inner pirls solve iters=2 status=Converged max_eta=1.5 jeffreys_logdet=none rows=full(derivative-request) elapsed=0.002s
[INFO] [STAGE] logdet S (Z-projected) rho_dim=2 penalty_rank=6 elapsed=0.000s
[INFO] [#1271-diag] p=7 penalty_rank=6 nullspace_dim=1 logS=48.706214 logH=55.224628 half_diff=3.259207 h_above1=7 h_min=8.983e1 h_max=2.949e4 rho=[10.0589,11.1122] lambda=[2.336e4,6.698e4]
[INFO] [STAGE] reml_laml cost_only_done k=2 ext_dim=0 dim=7 elapsed=0.000s
[INFO] [OUTER hessian-route] choice=dense reason=below_crossover n=300 p=7 k=2 callback_kernel=false subspace_trace=false scale_prefers_operator=false dense_workspace_bytes=2744
[INFO] [OUTER hessian-elapsed] choice=dense reason=below_crossover n=300 p=7 k=2 elapsed=0.000s
[INFO] [HGB] small-sample fallback to defaults: pairs=0, threshold=3
[INFO] [OUTER schedule] inner-PIRLS cap transition (ARC bridge) arc_iter=13 g_ratio=n/a last_iters=2 converged=true ift_residual=n/a accept_rho=1.000 prev=0 new=4 (capped)
[INFO] [STAGE] outer eval start order=ValueGradientHessian dim=2
[INFO] [reml-geometry] dense_spectral reason=constraints_present p=13 nnz_x=na nnz_h_est=na density_h_est=na threshold=0.1000
[INFO] [IFT-REJECTED] reason=large_drho max_drho=1.833e1 cap=2.000e0 drho_dim=2
[INFO] [ADAPTIVE-KKT] outer_g_norm=7.231e1 effective_tol=1.000e-10 floor=1.000e-12 ceiling=1.000e-10
[INFO] [STAGE] PIRLS update_with_curvature iter=1 curvature=Fisher elapsed=0.000s source=rebuilt
[INFO] [PIRLS iter-end] iter=  1 elapsed=0.0009s lm_lambda=3.70e-8 g_norm=5.737e-5 last_dev_change=1.233e1 last_halving=1
[INFO] [PIRLS iter-breakdown] iter=  1 attempts=1 curvature=0.001s solve=0.000s predred=0.000s candidate=0.000s other=0.000s
[INFO] [PIRLS lm-trajectory] iter=  1 start_lambda=1.111e-7 final_lambda=3.704e-8 log10_ratio=-0.477 accept_rho=1.000 attempts=1
[INFO] [STAGE] PIRLS update_with_curvature iter=2 curvature=Fisher elapsed=0.000s source=reused_prev_accept
[INFO] [PIRLS iter-end] iter=  2 elapsed=0.0006s lm_lambda=1.23e-8 g_norm=1.109e-7 last_dev_change=3.508e-11 last_halving=1
[INFO] [PIRLS iter-breakdown] iter=  2 attempts=1 curvature=0.000s solve=0.000s predred=0.000s candidate=0.000s other=0.000s
[INFO] [PIRLS lm-trajectory] iter=  2 start_lambda=3.704e-8 final_lambda=1.235e-8 log10_ratio=-0.477 accept_rho=1.000 attempts=1
[INFO] [STAGE] PIRLS update_with_curvature iter=3 curvature=Fisher elapsed=0.000s source=reused_prev_accept
[INFO] [PIRLS iter-end] iter=  3 elapsed=0.0006s lm_lambda=4.12e-9 g_norm=7.401e-8 last_dev_change=5.385e-11 last_halving=1
[INFO] [PIRLS iter-breakdown] iter=  3 attempts=1 curvature=0.000s solve=0.000s predred=0.000s candidate=0.000s other=0.000s
[INFO] [PIRLS lm-trajectory] iter=  3 start_lambda=1.235e-8 final_lambda=4.115e-9 log10_ratio=-0.477 accept_rho=1.000 attempts=1
[INFO] [STAGE] PIRLS update_with_curvature iter=4 curvature=Fisher elapsed=0.000s source=reused_prev_accept
[INFO] [PIRLS iter-end] iter=  4 elapsed=0.0006s lm_lambda=1.37e-9 g_norm=2.965e-8 last_dev_change=3.627e-11 last_halving=1
[INFO] [PIRLS iter-breakdown] iter=  4 attempts=1 curvature=0.000s solve=0.000s predred=0.000s candidate=0.000s other=0.000s
[INFO] [PIRLS lm-trajectory] iter=  4 start_lambda=4.115e-9 final_lambda=1.372e-9 log10_ratio=-0.477 accept_rho=1.000 attempts=1
[INFO] [PIRLS solve-end] iters=4 elapsed=0.0034s g_norm_initial=7.945e2 g_norm_final=2.965e-8 convergence_rate=2.472e-3 status=MaxIterationsReached
[INFO] [STAGE] inner pirls solve iters=4 status=Converged max_eta=2.0 jeffreys_logdet=none rows=full(derivative-request) elapsed=0.004s
[INFO] [STAGE] logdet S (Z-projected) rho_dim=2 penalty_rank=7 elapsed=0.000s
[INFO] [#1271-diag] p=8 penalty_rank=7 nullspace_dim=1 logS=20.661382 logH=44.818566 half_diff=12.078592 h_above1=7 h_min=1.638e-6 h_max=6.583e4 rho=[10.1352,-7.2197] lambda=[2.521e4,7.320e-4]
[INFO] [STAGE] reml_laml cost_only_done k=2 ext_dim=0 dim=8 elapsed=0.000s
[INFO] [OUTER hessian-route] choice=dense reason=below_crossover n=300 p=8 k=2 callback_kernel=false subspace_trace=false scale_prefers_operator=false dense_workspace_bytes=3584
[INFO] [OUTER hessian-elapsed] choice=dense reason=below_crossover n=300 p=8 k=2 elapsed=0.000s
[INFO] [HGB] small-sample fallback to defaults: pairs=0, threshold=3
[INFO] [STAGE] outer eval end order=ValueGradientHessian elapsed=0.005s cost=-2.609475e2 |g|=5.030e-1
[INFO] [OUTER] eval#1 (hess) cost=-2.609475e2 |g|=5.030e-1 rho=[-7.220,10.135]
[INFO] [OUTER schedule] inner-PIRLS cap transition (ARC bridge) arc_iter=13 g_ratio=1.000e0 last_iters=4 converged=true ift_residual=n/a accept_rho=1.000 prev=4 new=6 (capped)
[INFO] [STAGE] outer eval start order=ValueGradientHessian dim=2
[INFO] [reml-geometry] dense_spectral reason=constraints_present p=13 nnz_x=na nnz_h_est=na density_h_est=na threshold=0.1000
[INFO] [IFT-CACHE] outcome=miss drho_dim=2 p=13 elapsed=0.000s
[INFO] [ADAPTIVE-KKT] outer_g_norm=5.030e-1 effective_tol=1.000e-10 floor=1.000e-12 ceiling=1.000e-10
[INFO] [STAGE] PIRLS update_with_curvature iter=1 curvature=Fisher elapsed=0.000s source=rebuilt
[INFO] [PIRLS iter-end] iter=  1 elapsed=0.0009s lm_lambda=3.33e-7 g_norm=3.078e-8 last_dev_change=8.924e-7 last_halving=1
[INFO] [PIRLS iter-breakdown] iter=  1 attempts=1 curvature=0.001s solve=0.000s predred=0.000s candidate=0.000s other=0.000s
[INFO] [PIRLS lm-trajectory] iter=  1 start_lambda=1.000e-6 final_lambda=3.333e-7 log10_ratio=-0.477 accept_rho=1.000 attempts=1
[INFO] [STAGE] PIRLS update_with_curvature iter=2 curvature=Fisher elapsed=0.000s source=reused_prev_accept
[INFO] [PIRLS exact-decrement] applicable=true decrement_sq=4.279543e-17 threshold=1.467725e-13 pass=true gradient_norm=5.134679e-11 relative_gradient=2.547404e-11 dimension_scale=6.244998e1 natural_scale=1.015651e0 objective=1.409391e0 actual_reduction=-6.661338e-16 predicted_reduction=6.232425e-20 linear_model_term=-8.190093e-20 direction_norm=9.444372e-8 data_reduction=-3.814726e-13 penalty_reduction=3.808139e-13
[INFO] [PIRLS solve-end] iters=2 elapsed=0.0019s g_norm_initial=5.516e-1 g_norm_final=5.135e-11 convergence_rate=9.648e-6 status=Converged
[INFO] [STAGE] inner pirls solve iters=2 status=Converged max_eta=2.0 jeffreys_logdet=none rows=full(derivative-request) elapsed=0.002s
[INFO] [IFT-QUALITY] quality=2.163e-6 ift=2.000e0 pred_residual=5.229e-6 cap_predicted=3.000e0 iters=2
[INFO] [STAGE] logdet S (Z-projected) rho_dim=2 penalty_rank=7 elapsed=0.000s
[INFO] [#1271-diag] p=8 penalty_rank=7 nullspace_dim=1 logS=20.464241 logH=44.624204 half_diff=12.079981 h_above1=7 h_min=1.638e-6 h_max=6.548e4 rho=[10.0957,-7.2197] lambda=[2.424e4,7.320e-4]
[INFO] [STAGE] reml_laml cost_only_done k=2 ext_dim=0 dim=8 elapsed=0.000s
[INFO] [OUTER hessian-route] choice=dense reason=below_crossover n=300 p=8 k=2 callback_kernel=false subspace_trace=false scale_prefers_operator=false dense_workspace_bytes=3584
[INFO] [OUTER hessian-elapsed] choice=dense reason=below_crossover n=300 p=8 k=2 elapsed=0.000s
[INFO] [HGB] small-sample fallback to defaults: pairs=1, threshold=3
[INFO] [STAGE] outer eval end order=ValueGradientHessian elapsed=0.003s cost=-2.609461e2 |g|=5.031e-1
[INFO] [OUTER] eval#2 (hess) cost=-2.609461e2 |g|=5.031e-1 rho=[-7.220,10.096]
[INFO] [OUTER schedule] inner-PIRLS cap transition (ARC bridge) arc_iter=14 g_ratio=1.000e0 last_iters=2 converged=true ift_residual=2.163e-6 accept_rho=1.000 prev=6 new=3 (capped)
[INFO] [STAGE] outer eval start order=ValueGradientHessian dim=2
[INFO] [reml-geometry] dense_spectral reason=constraints_present p=13 nnz_x=na nnz_h_est=na density_h_est=na threshold=0.1000
[INFO] [IFT-CACHE] outcome=miss drho_dim=2 p=13 elapsed=0.000s
[INFO] [ADAPTIVE-KKT] outer_g_norm=5.031e-1 effective_tol=1.000e-10 floor=1.000e-12 ceiling=1.000e-10
[INFO] [STAGE] PIRLS update_with_curvature iter=1 curvature=Fisher elapsed=0.000s source=rebuilt
[INFO] [PIRLS iter-end] iter=  1 elapsed=0.0009s lm_lambda=3.70e-8 g_norm=1.532e-8 last_dev_change=8.897e-7 last_halving=1
[INFO] [PIRLS iter-breakdown] iter=  1 attempts=1 curvature=0.001s solve=0.000s predred=0.000s candidate=0.000s other=0.000s
[INFO] [PIRLS lm-trajectory] iter=  1 start_lambda=1.111e-7 final_lambda=3.704e-8 log10_ratio=-0.477 accept_rho=1.000 attempts=1
[INFO] [STAGE] PIRLS update_with_curvature iter=2 curvature=Fisher elapsed=0.000s source=reused_prev_accept
[INFO] [PIRLS iter-end] iter=  2 elapsed=0.0006s lm_lambda=1.23e-8 g_norm=9.563e-9 last_dev_change=2.720e-13 last_halving=1
[INFO] [PIRLS iter-breakdown] iter=  2 attempts=1 curvature=0.000s solve=0.000s predred=0.000s candidate=0.000s other=0.000s
[INFO] [PIRLS lm-trajectory] iter=  2 start_lambda=3.704e-8 final_lambda=1.235e-8 log10_ratio=-0.477 accept_rho=1.000 attempts=1
[INFO] [STAGE] PIRLS update_with_curvature iter=3 curvature=Fisher elapsed=0.000s source=reused_prev_accept
[INFO] [PIRLS solve-end] iters=3 elapsed=0.0025s g_norm_initial=5.501e-1 g_norm_final=5.323e-9 convergence_rate=2.131e-3 status=Converged
[INFO] [STAGE] inner pirls solve iters=3 status=Converged max_eta=2.0 jeffreys_logdet=none rows=full(derivative-request) elapsed=0.003s
[INFO] [IFT-QUALITY] quality=1.975e-4 ift=3.000e0 pred_residual=4.781e-4 cap_predicted=4.500e0 iters=3
[INFO] [STAGE] logdet S (Z-projected) rho_dim=2 penalty_rank=7 elapsed=0.000s
[INFO] [#1271-diag] p=8 penalty_rank=7 nullspace_dim=1 logS=21.558234 logH=45.245772 half_diff=11.843769 h_above1=7 h_min=2.613e-6 h_max=6.576e4 rho=[10.1277,-6.7503] lambda=[2.503e4,1.171e-3]
[INFO] [STAGE] reml_laml cost_only_done k=2 ext_dim=0 dim=8 elapsed=0.000s
[INFO] [OUTER hessian-route] choice=dense reason=below_crossover n=300 p=8 k=2 callback_kernel=false subspace_trace=false scale_prefers_operator=false dense_workspace_bytes=3584
[INFO] [OUTER hessian-elapsed] choice=dense reason=below_crossover n=300 p=8 k=2 elapsed=0.000s
[INFO] [HGB] small-sample fallback to defaults: pairs=2, threshold=3
[INFO] [STAGE] outer eval end order=ValueGradientHessian elapsed=0.004s cost=-2.611823e2 |g|=5.011e-1
[INFO] [OUTER] eval#3 (hess) cost=-2.611823e2 |g|=5.011e-1 rho=[-6.750,10.128]
[INFO] [OUTER schedule] inner-PIRLS cap transition (ARC bridge) arc_iter=15 g_ratio=9.962e-1 last_iters=3 converged=true ift_residual=1.975e-4 accept_rho=1.001 prev=3 new=4 (capped)
[INFO] [STAGE] outer eval start order=ValueGradientHessian dim=2
[INFO] [reml-geometry] dense_spectral reason=constraints_present p=13 nnz_x=na nnz_h_est=na density_h_est=na threshold=0.1000
[INFO] [IFT-CACHE] outcome=miss drho_dim=2 p=13 elapsed=0.000s
[INFO] [ADAPTIVE-KKT] outer_g_norm=5.011e-1 effective_tol=1.000e-10 floor=1.000e-12 ceiling=1.000e-10
[INFO] [STAGE] PIRLS update_with_curvature iter=1 curvature=Fisher elapsed=0.000s source=rebuilt
[INFO] [PIRLS iter-end] iter=  1 elapsed=0.0009s lm_lambda=3.33e-7 g_norm=2.235e-7 last_dev_change=8.867e-7 last_halving=1
[INFO] [PIRLS iter-breakdown] iter=  1 attempts=1 curvature=0.000s solve=0.000s predred=0.000s candidate=0.000s other=0.000s
[INFO] [PIRLS lm-trajectory] iter=  1 start_lambda=1.000e-6 final_lambda=3.333e-7 log10_ratio=-0.477 accept_rho=1.000 attempts=1
[INFO] [STAGE] PIRLS update_with_curvature iter=2 curvature=Fisher elapsed=0.000s source=reused_prev_accept
[INFO] [PIRLS iter-end] iter=  2 elapsed=0.0006s lm_lambda=1.11e-7 g_norm=1.774e-7 last_dev_change=9.517e-12 last_halving=1
[INFO] [PIRLS iter-breakdown] iter=  2 attempts=1 curvature=0.000s solve=0.000s predred=0.000s candidate=0.000s other=0.000s
[INFO] [PIRLS lm-trajectory] iter=  2 start_lambda=3.333e-7 final_lambda=1.111e-7 log10_ratio=-0.477 accept_rho=1.000 attempts=1
[INFO] [STAGE] PIRLS update_with_curvature iter=3 curvature=Fisher elapsed=0.000s source=reused_prev_accept
[INFO] [PIRLS iter-end] iter=  3 elapsed=0.0006s lm_lambda=3.70e-8 g_norm=1.321e-7 last_dev_change=1.753e-11 last_halving=1
[INFO] [PIRLS iter-breakdown] iter=  3 attempts=1 curvature=0.000s solve=0.000s predred=0.000s candidate=0.000s other=0.000s
[INFO] [PIRLS lm-trajectory] iter=  3 start_lambda=1.111e-7 final_lambda=3.704e-8 log10_ratio=-0.477 accept_rho=1.000 attempts=1
[INFO] [STAGE] PIRLS update_with_curvature iter=4 curvature=Fisher elapsed=0.000s source=reused_prev_accept
[INFO] [PIRLS iter-end] iter=  4 elapsed=0.0006s lm_lambda=1.23e-8 g_norm=6.507e-8 last_dev_change=1.650e-11 last_halving=1
[INFO] [PIRLS iter-breakdown] iter=  4 attempts=1 curvature=0.000s solve=0.000s predred=0.000s candidate=0.000s other=0.000s
[INFO] [PIRLS lm-trajectory] iter=  4 start_lambda=3.704e-8 final_lambda=1.235e-8 log10_ratio=-0.477 accept_rho=1.000 attempts=1
[INFO] [PIRLS solve-end] iters=4 elapsed=0.0034s g_norm_initial=5.487e-1 g_norm_final=6.507e-8 convergence_rate=1.856e-2 status=MaxIterationsReached
[INFO] [STAGE] inner pirls solve iters=4 status=Converged max_eta=2.0 jeffreys_logdet=none rows=full(derivative-request) elapsed=0.004s
[INFO] [IFT-QUALITY] quality=1.322e-3 ift=4.500e0 pred_residual=3.206e-3 cap_predicted=6.750e0 iters=4
[INFO] [STAGE] logdet S (Z-projected) rho_dim=2 penalty_rank=7 elapsed=0.000s
[INFO] [#1271-diag] p=8 penalty_rank=7 nullspace_dim=1 logS=24.712985 logH=47.029957 half_diff=11.158486 h_above1=7 h_min=1.021e-5 h_max=6.658e4 rho=[10.2135,-5.3843] lambda=[2.727e4,4.588e-3]
[INFO] [STAGE] reml_laml cost_only_done k=2 ext_dim=0 dim=8 elapsed=0.000s
[INFO] [OUTER hessian-route] choice=dense reason=below_crossover n=300 p=8 k=2 callback_kernel=false subspace_trace=false scale_prefers_operator=false dense_workspace_bytes=3584
[INFO] [OUTER hessian-elapsed] choice=dense reason=below_crossover n=300 p=8 k=2 elapsed=0.000s
[INFO] [HGB] small-sample fallback to defaults: pairs=2, threshold=3
[INFO] [STAGE] outer eval end order=ValueGradientHessian elapsed=0.005s cost=-2.618672e2 |g|=5.002e-1
[INFO] [OUTER] eval#4 (hess) cost=-2.618672e2 |g|=5.002e-1 rho=[-5.384,10.213]
[INFO] [OUTER schedule] inner-PIRLS cap transition (ARC bridge) arc_iter=16 g_ratio=9.945e-1 last_iters=4 converged=true ift_residual=1.322e-3 accept_rho=1.000 prev=4 new=5 (capped)
[INFO] [STAGE] outer eval start order=ValueGradientHessian dim=2
[INFO] [reml-geometry] dense_spectral reason=constraints_present p=13 nnz_x=na nnz_h_est=na density_h_est=na threshold=0.1000
[INFO] [IFT-CACHE] outcome=miss drho_dim=2 p=13 elapsed=0.000s
[INFO] [ADAPTIVE-KKT] outer_g_norm=5.002e-1 effective_tol=1.000e-10 floor=1.000e-12 ceiling=1.000e-10
[INFO] [STAGE] PIRLS update_with_curvature iter=1 curvature=Fisher elapsed=0.000s source=rebuilt
[INFO] [PIRLS iter-end] iter=  1 elapsed=0.0014s lm_lambda=3.33e-7 g_norm=9.698e-7 last_dev_change=8.845e-7 last_halving=1
[INFO] [PIRLS iter-breakdown] iter=  1 attempts=1 curvature=0.001s solve=0.000s predred=0.000s candidate=0.000s other=0.000s
[INFO] [PIRLS lm-trajectory] iter=  1 start_lambda=1.000e-6 final_lambda=3.333e-7 log10_ratio=-0.477 accept_rho=1.000 attempts=1
[INFO] [STAGE] PIRLS update_with_curvature iter=2 curvature=Fisher elapsed=0.000s source=reused_prev_accept
[INFO] [PIRLS iter-end] iter=  2 elapsed=0.0008s lm_lambda=1.11e-7 g_norm=4.375e-7 last_dev_change=8.371e-11 last_halving=1
[INFO] [PIRLS iter-breakdown] iter=  2 attempts=1 curvature=0.000s solve=0.000s predred=0.000s candidate=0.000s other=0.000s
[INFO] [PIRLS lm-trajectory] iter=  2 start_lambda=3.333e-7 final_lambda=1.111e-7 log10_ratio=-0.477 accept_rho=1.000 attempts=1
[INFO] [STAGE] PIRLS update_with_curvature iter=3 curvature=Fisher elapsed=0.000s source=reused_prev_accept
[INFO] [PIRLS iter-end] iter=  3 elapsed=0.0008s lm_lambda=3.70e-8 g_norm=9.729e-8 last_dev_change=2.157e-11 last_halving=1
[INFO] [PIRLS iter-breakdown] iter=  3 attempts=1 curvature=0.000s solve=0.000s predred=0.000s candidate=0.000s other=0.000s
[INFO] [PIRLS lm-trajectory] iter=  3 start_lambda=1.111e-7 final_lambda=3.704e-8 log10_ratio=-0.477 accept_rho=1.000 attempts=1
[INFO] [STAGE] PIRLS update_with_curvature iter=4 curvature=Fisher elapsed=0.000s source=reused_prev_accept
[INFO] [PIRLS iter-end] iter=  4 elapsed=0.0008s lm_lambda=1.23e-8 g_norm=8.468e-9 last_dev_change=1.114e-12 last_halving=1
[INFO] [PIRLS iter-breakdown] iter=  4 attempts=1 curvature=0.000s solve=0.000s predred=0.000s candidate=0.000s other=0.000s
[INFO] [PIRLS lm-trajectory] iter=  4 start_lambda=3.704e-8 final_lambda=1.235e-8 log10_ratio=-0.477 accept_rho=1.000 attempts=1
[INFO] [STAGE] PIRLS update_with_curvature iter=5 curvature=Fisher elapsed=0.000s source=reused_prev_accept
[INFO] [PIRLS exact-decrement] applicable=true decrement_sq=1.614543e-17 threshold=1.467762e-13 pass=true gradient_norm=2.607891e-10 relative_gradient=1.292957e-10 dimension_scale=6.244998e1 natural_scale=1.016997e0 objective=1.409427e0 actual_reduction=8.215650e-15 predicted_reduction=8.491005e-15 linear_model_term=-1.647429e-14 direction_norm=1.231765e-5 data_reduction=-4.218847e-15 penalty_reduction=1.244531e-14
[INFO] [PIRLS solve-end] iters=5 elapsed=0.0055s g_norm_initial=5.480e-1 g_norm_final=2.608e-10 convergence_rate=1.366e-2 status=Converged
[INFO] [STAGE] inner pirls solve iters=5 status=Converged max_eta=2.0 jeffreys_logdet=none rows=full(derivative-request) elapsed=0.006s
[INFO] [IFT-QUALITY] quality=8.120e-4 ift=6.750e0 pred_residual=1.970e-3 cap_predicted=1.012e1 iters=5
[INFO] [STAGE] logdet S (Z-projected) rho_dim=2 penalty_rank=7 elapsed=0.000s
[INFO] [#1271-diag] p=8 penalty_rank=7 nullspace_dim=1 logS=30.020015 logH=49.996625 half_diff=9.988305 h_above1=7 h_min=1.052e-4 h_max=6.796e4 rho=[10.3419,-3.0509] lambda=[3.100e4,4.732e-2]
[INFO] [STAGE] reml_laml cost_only_done k=2 ext_dim=0 dim=8 elapsed=0.000s
[INFO] [OUTER hessian-route] choice=dense reason=below_crossover n=300 p=8 k=2 callback_kernel=false subspace_trace=false scale_prefers_operator=false dense_workspace_bytes=3584
[INFO] [OUTER hessian-elapsed] choice=dense reason=below_crossover n=300 p=8 k=2 elapsed=0.000s
[INFO] [HGB] small-sample fallback to defaults: pairs=2, threshold=3
[INFO] [STAGE] outer eval end order=ValueGradientHessian elapsed=0.007s cost=-2.630339e2 |g|=4.970e-1
[INFO] [OUTER] eval#5 (hess) cost=-2.630339e2 |g|=4.970e-1 rho=[-3.051,10.342]
[INFO] [OUTER schedule] inner-PIRLS cap transition (ARC bridge) arc_iter=17 g_ratio=9.881e-1 last_iters=5 converged=true ift_residual=8.120e-4 accept_rho=1.000 prev=5 new=6 (capped)
[INFO] [STAGE] outer eval start order=ValueGradientHessian dim=2
[INFO] [reml-geometry] dense_spectral reason=constraints_present p=13 nnz_x=na nnz_h_est=na density_h_est=na threshold=0.1000
[INFO] [IFT-CACHE] outcome=miss drho_dim=2 p=13 elapsed=0.000s
[INFO] [ADAPTIVE-KKT] outer_g_norm=4.970e-1 effective_tol=1.000e-10 floor=1.000e-12 ceiling=1.000e-10
[INFO] [STAGE] PIRLS update_with_curvature iter=1 curvature=Fisher elapsed=0.000s source=rebuilt
[INFO] [PIRLS iter-end] iter=  1 elapsed=0.0012s lm_lambda=3.33e-7 g_norm=2.232e-7 last_dev_change=8.831e-7 last_halving=1
[INFO] [PIRLS iter-breakdown] iter=  1 attempts=1 curvature=0.001s solve=0.000s predred=0.000s candidate=0.000s other=0.000s
[INFO] [PIRLS lm-trajectory] iter=  1 start_lambda=1.000e-6 final_lambda=3.333e-7 log10_ratio=-0.477 accept_rho=1.000 attempts=1
[INFO] [STAGE] PIRLS update_with_curvature iter=2 curvature=Fisher elapsed=0.000s source=reused_prev_accept
[INFO] [PIRLS iter-end] iter=  2 elapsed=0.0008s lm_lambda=1.11e-7 g_norm=2.122e-8 last_dev_change=6.319e-13 last_halving=1
[INFO] [PIRLS iter-breakdown] iter=  2 attempts=1 curvature=0.000s solve=0.000s predred=0.000s candidate=0.000s other=0.000s
[INFO] [PIRLS lm-trajectory] iter=  2 start_lambda=3.333e-7 final_lambda=1.111e-7 log10_ratio=-0.477 accept_rho=0.999 attempts=1
[INFO] [STAGE] PIRLS update_with_curvature iter=3 curvature=Fisher elapsed=0.000s source=reused_prev_accept
[INFO] [PIRLS exact-decrement] applicable=true decrement_sq=2.047081e-17 threshold=1.467993e-13 pass=true gradient_norm=8.042774e-10 relative_gradient=3.999154e-10 dimension_scale=6.244998e1 natural_scale=1.011119e0 objective=1.409649e0 actual_reduction=6.883383e-15 predicted_reduction=7.126705e-15 linear_model_term=-1.373119e-14 direction_norm=4.135403e-6 data_reduction=-3.774758e-15 penalty_reduction=1.082473e-14
[INFO] [PIRLS solve-end] iters=3 elapsed=0.0033s g_norm_initial=5.478e-1 g_norm_final=8.043e-10 convergence_rate=1.137e-3 status=Converged
[INFO] [STAGE] inner pirls solve iters=3 status=Converged max_eta=2.0 jeffreys_logdet=none rows=full(derivative-request) elapsed=0.004s
[INFO] [IFT-QUALITY] quality=6.292e-5 ift=1.012e1 pred_residual=1.526e-4 cap_predicted=1.519e1 iters=3
[INFO] [STAGE] logdet S (Z-projected) rho_dim=2 penalty_rank=7 elapsed=0.000s
[INFO] [#1271-diag] p=8 penalty_rank=7 nullspace_dim=1 logS=34.515503 logH=52.493324 half_diff=8.988910 h_above1=7 h_min=7.724e-4 h_max=6.919e4 rho=[10.4437,-1.0575] lambda=[3.433e4,3.473e-1]
[INFO] [STAGE] reml_laml cost_only_done k=2 ext_dim=0 dim=8 elapsed=0.000s
[INFO] [OUTER hessian-route] choice=dense reason=below_crossover n=300 p=8 k=2 callback_kernel=false subspace_trace=false scale_prefers_operator=false dense_workspace_bytes=3584
[INFO] [OUTER hessian-elapsed] choice=dense reason=below_crossover n=300 p=8 k=2 elapsed=0.000s
[INFO] [HGB] small-sample fallback to defaults: pairs=2, threshold=3
[INFO] [STAGE] outer eval end order=ValueGradientHessian elapsed=0.005s cost=-2.640098e2 |g|=4.735e-1
[INFO] [OUTER] eval#6 (hess) cost=-2.640098e2 |g|=4.735e-1 rho=[-1.058,10.444]
[INFO] [OUTER schedule] inner-PIRLS cap transition (ARC bridge) arc_iter=18 g_ratio=9.414e-1 last_iters=3 converged=true ift_residual=6.292e-5 accept_rho=1.000 prev=6 new=4 (capped)
[INFO] [STAGE] outer eval start order=ValueGradientHessian dim=2
[INFO] [reml-geometry] dense_spectral reason=constraints_present p=13 nnz_x=na nnz_h_est=na density_h_est=na threshold=0.1000
[INFO] [IFT-REJECTED] reason=large_drho max_drho=1.735e1 cap=1.519e1 drho_dim=2
[INFO] [TANGENT-REJECTED] reason=alpha_above_cap alpha=8.708e0 cap=2.000e0
[INFO] [ADAPTIVE-KKT] outer_g_norm=4.735e-1 effective_tol=1.000e-10 floor=1.000e-12 ceiling=1.000e-10
[INFO] [STAGE] PIRLS update_with_curvature iter=1 curvature=Fisher elapsed=0.000s source=rebuilt
[INFO] [PIRLS iter-end] iter=  1 elapsed=0.0012s lm_lambda=3.33e-7 g_norm=4.635e-2 last_dev_change=8.722e3 last_halving=1
[INFO] [PIRLS iter-breakdown] iter=  1 attempts=1 curvature=0.001s solve=0.000s predred=0.000s candidate=0.000s other=0.000s
[INFO] [PIRLS lm-trajectory] iter=  1 start_lambda=1.000e-6 final_lambda=3.333e-7 log10_ratio=-0.477 accept_rho=1.000 attempts=1
[INFO] [STAGE] PIRLS update_with_curvature iter=2 curvature=Fisher elapsed=0.000s source=reused_prev_accept
[INFO] [PIRLS solve-end] iters=2 elapsed=0.0022s g_norm_initial=2.711e5 g_norm_final=1.487e-8 convergence_rate=2.342e-7 status=Converged
[INFO] [STAGE] inner pirls solve iters=2 status=Converged max_eta=1.0 jeffreys_logdet=none rows=full(derivative-request) elapsed=0.003s
[INFO] [STAGE] logdet S (Z-projected) rho_dim=2 penalty_rank=6 elapsed=0.000s
[INFO] [#1271-diag] p=7 penalty_rank=6 nullspace_dim=1 logS=64.726701 logH=70.460522 half_diff=2.866911 h_above1=7 h_min=2.974e2 h_max=2.304e6 rho=[11.4735,16.2933] lambda=[9.613e4,1.191e7]
[INFO] [STAGE] reml_laml cost_only_done k=2 ext_dim=0 dim=7 elapsed=0.000s
[INFO] [OUTER hessian-route] choice=dense reason=below_crossover n=300 p=7 k=2 callback_kernel=false subspace_trace=false scale_prefers_operator=false dense_workspace_bytes=2744
[INFO] [OUTER hessian-elapsed] choice=dense reason=below_crossover n=300 p=7 k=2 elapsed=0.000s
[INFO] [HGB] small-sample fallback to defaults: pairs=2, threshold=3
[INFO] [STAGE] outer eval end order=ValueGradientHessian elapsed=0.004s cost=2.721896e2 |g|=8.561e-1
[INFO] [OUTER] eval#7 (hess) cost=2.721896e2 |g|=8.561e-1 rho=[16.293,11.474]
[INFO] [OUTER schedule] inner-PIRLS cap transition (ARC bridge) arc_iter=18 g_ratio=1.702e0 last_iters=2 converged=true ift_residual=6.292e-5 accept_rho=1.000 prev=4 new=3 (capped)
[INFO] [STAGE] outer eval start order=ValueGradientHessian dim=2
[INFO] [reml-geometry] dense_spectral reason=constraints_present p=13 nnz_x=na nnz_h_est=na density_h_est=na threshold=0.1000
[INFO] [IFT-CACHE] outcome=miss drho_dim=2 p=13 elapsed=0.000s
[INFO] [ADAPTIVE-KKT] outer_g_norm=8.561e-1 effective_tol=1.000e-10 floor=1.000e-12 ceiling=1.000e-10
[INFO] [STAGE] PIRLS update_with_curvature iter=1 curvature=Fisher elapsed=0.000s source=rebuilt
[INFO] [PIRLS iter-end] iter=  1 elapsed=0.0012s lm_lambda=3.70e-8 g_norm=6.488e-7 last_dev_change=8.847e-5 last_halving=1
[INFO] [PIRLS iter-breakdown] iter=  1 attempts=1 curvature=0.001s solve=0.000s predred=0.000s candidate=0.000s other=0.000s
[INFO] [PIRLS lm-trajectory] iter=  1 start_lambda=1.111e-7 final_lambda=3.704e-8 log10_ratio=-0.477 accept_rho=1.000 attempts=1
[INFO] [STAGE] PIRLS update_with_curvature iter=2 curvature=Fisher elapsed=0.000s source=reused_prev_accept
[INFO] [PIRLS exact-decrement] applicable=true decrement_sq=9.794117e-30 threshold=5.519871e-12 pass=true gradient_norm=4.654055e-13 relative_gradient=1.458968e-16 dimension_scale=6.244998e1 natural_scale=3.188964e3 objective=5.300488e1 actual_reduction=0.000000e0 predicted_reduction=-9.708361e-19 linear_model_term=1.142192e-19 direction_norm=1.167072e-11 data_reduction=2.648051e-10 penalty_reduction=-2.648075e-10
[INFO] [PIRLS solve-end] iters=2 elapsed=0.0025s g_norm_initial=5.208e1 g_norm_final=4.654e-13 convergence_rate=9.454e-8 status=Converged
[INFO] [STAGE] inner pirls solve iters=2 status=Converged max_eta=1.0 jeffreys_logdet=none rows=full(derivative-request) elapsed=0.003s
[INFO] [IFT-QUALITY] quality=1.110e-5 ift=1.519e1 pred_residual=2.213e-5 cap_predicted=2.278e1 iters=2
[INFO] [STAGE] logdet S (Z-projected) rho_dim=2 penalty_rank=6 elapsed=0.000s
[INFO] [#1271-diag] p=7 penalty_rank=6 nullspace_dim=1 logS=64.529202 logH=70.263698 half_diff=2.867248 h_above1=7 h_min=2.973e2 h_max=2.114e6 rho=[11.4677,16.2061] lambda=[9.558e4,1.092e7]
[INFO] [STAGE] reml_laml cost_only_done k=2 ext_dim=0 dim=7 elapsed=0.000s
[INFO] [OUTER hessian-route] choice=dense reason=below_crossover n=300 p=7 k=2 callback_kernel=false subspace_trace=false scale_prefers_operator=false dense_workspace_bytes=2744
[INFO] [OUTER hessian-elapsed] choice=dense reason=below_crossover n=300 p=7 k=2 elapsed=0.000s
[INFO] [STAGE] outer eval end order=ValueGradientHessian elapsed=0.004s cost=2.721115e2 |g|=9.331e-1
[INFO] [OUTER] eval#8 (hess) cost=2.721115e2 |g|=9.331e-1 rho=[16.206,11.468]
[INFO] [STAGE] outer eval start order=ValueGradientHessian dim=2
[INFO] [reml-geometry] dense_spectral reason=constraints_present p=13 nnz_x=na nnz_h_est=na density_h_est=na threshold=0.1000
[INFO] [IFT-CACHE] outcome=miss drho_dim=2 p=13 elapsed=0.000s
[INFO] [ADAPTIVE-KKT] outer_g_norm=9.331e-1 effective_tol=1.000e-10 floor=1.000e-12 ceiling=1.000e-10
[INFO] [STAGE] PIRLS update_with_curvature iter=1 curvature=Fisher elapsed=0.000s source=rebuilt
[INFO] [PIRLS solve-end] iters=1 elapsed=0.0012s g_norm_initial=6.109e1 g_norm_final=8.886e-8 convergence_rate=1.455e-9 status=Converged
[INFO] [STAGE] inner pirls solve iters=1 status=Converged max_eta=1.0 jeffreys_logdet=none rows=full(derivative-request) elapsed=0.002s
[INFO] [IFT-QUALITY] quality=4.920e-5 ift=2.278e1 pred_residual=9.812e-5 cap_predicted=3.417e1 iters=1
[INFO] [STAGE] logdet S (Z-projected) rho_dim=2 penalty_rank=6 elapsed=0.000s
[INFO] [#1271-diag] p=7 penalty_rank=6 nullspace_dim=1 logS=64.140180 logH=69.876152 half_diff=2.867986 h_above1=7 h_min=2.969e2 h_max=1.784e6 rho=[11.4563,16.0343] lambda=[9.450e4,9.197e6]
[INFO] [STAGE] reml_laml cost_only_done k=2 ext_dim=0 dim=7 elapsed=0.000s
[INFO] [OUTER hessian-route] choice=dense reason=below_crossover n=300 p=7 k=2 callback_kernel=false subspace_trace=false scale_prefers_operator=false dense_workspace_bytes=2744
[INFO] [OUTER hessian-elapsed] choice=dense reason=below_crossover n=300 p=7 k=2 elapsed=0.000s
[INFO] [HGB] engage after 10 iters (max warmup reached)
[INFO] [HGB] target_mse=8.707e-3 s_i=1.000e0 s_l=1.000e0 s_t=1.000e0 eps²_i=2.902e-3 eps²_l=2.902e-3 eps²_t=2.902e-3 τ=1.000e-10 rtol=5.387e-2 k=0 floor_active=[]
[INFO] [STAGE] outer eval end order=ValueGradientHessian elapsed=0.003s cost=2.719364e2 |g|=1.106e0
[INFO] [OUTER] eval#9 (hess) cost=2.719364e2 |g|=1.106e0 rho=[16.034,11.456]
[WARN] [OUTER] ARC cost-stall STUCK (NOT a flat valley): REML objective improved < 1.000e-7 (relative) over 3 outer steps but the projected gradient is FAR above the certified-stationary band (|g|=4.735e-1 > escape threshold 3.975e-1); refusing to halt-and-ship and continuing the descent (escape 1, value=-2.640098e2).
[INFO] [OUTER schedule] inner-PIRLS cap transition (ARC bridge) arc_iter=18 g_ratio=2.198e0 last_iters=1 converged=true ift_residual=4.920e-5 accept_rho=1.000 prev=0 new=3 (capped)
[INFO] [STAGE] outer eval start order=ValueGradientHessian dim=2
[INFO] [reml-geometry] dense_spectral reason=constraints_present p=13 nnz_x=na nnz_h_est=na density_h_est=na threshold=0.1000
[INFO] [IFT-CACHE] outcome=miss drho_dim=2 p=13 elapsed=0.000s
[INFO] [ADAPTIVE-KKT] outer_g_norm=1.000e-10 effective_tol=1.000e-10 floor=1.000e-10 ceiling=1.000e-10
[INFO] [STAGE] PIRLS update_with_curvature iter=1 curvature=Fisher elapsed=0.000s source=rebuilt
[INFO] [PIRLS solve-end] iters=1 elapsed=0.0012s g_norm_initial=1.011e2 g_norm_final=5.698e-8 convergence_rate=5.638e-10 status=Converged
[INFO] [STAGE] inner pirls solve iters=1 status=Converged max_eta=1.0 jeffreys_logdet=none rows=full(derivative-request) elapsed=0.002s
[INFO] [IFT-QUALITY] quality=2.336e-4 ift=3.417e1 pred_residual=4.658e-4 cap_predicted=5.126e1 iters=1
[INFO] [STAGE] logdet S (Z-projected) rho_dim=2 penalty_rank=6 elapsed=0.000s
[INFO] [#1271-diag] p=7 penalty_rank=6 nullspace_dim=1 logS=63.385208 logH=69.124728 half_diff=2.869760 h_above1=7 h_min=2.960e2 h_max=1.286e6 rho=[11.4343,15.7009] lambda=[9.244e4,6.589e6]
[INFO] [STAGE] reml_laml cost_only_done k=2 ext_dim=0 dim=7 elapsed=0.000s
[INFO] [OUTER hessian-route] choice=dense reason=below_crossover n=300 p=7 k=2 callback_kernel=false subspace_trace=false scale_prefers_operator=false dense_workspace_bytes=2744
[INFO] [OUTER hessian-elapsed] choice=dense reason=below_crossover n=300 p=7 k=2 elapsed=0.000s
[INFO] [HGB] target_mse=1.223e-2 s_i=1.000e0 s_l=1.000e0 s_t=1.000e0 eps²_i=4.076e-3 eps²_l=4.076e-3 eps²_t=4.076e-3 τ=1.000e-10 rtol=6.384e-2 k=0 floor_active=[]
[INFO] [STAGE] outer eval end order=ValueGradientHessian elapsed=0.003s cost=2.714988e2 |g|=1.537e0
[INFO] [OUTER] eval#10 (hess) cost=2.714988e2 |g|=1.537e0 rho=[15.701,11.434]
[INFO] [STAGE] outer eval start order=ValueGradientHessian dim=2
[INFO] [reml-geometry] dense_spectral reason=constraints_present p=13 nnz_x=na nnz_h_est=na density_h_est=na threshold=0.1000
[INFO] [IFT-CACHE] outcome=miss drho_dim=2 p=13 elapsed=0.000s
[INFO] [ADAPTIVE-KKT] outer_g_norm=1.000e-10 effective_tol=1.000e-10 floor=1.000e-10 ceiling=1.000e-10
[INFO] [STAGE] PIRLS update_with_curvature iter=1 curvature=Fisher elapsed=0.000s source=rebuilt
[INFO] [PIRLS iter-end] iter=  1 elapsed=0.0012s lm_lambda=1.00e-9 g_norm=1.251e-6 last_dev_change=3.765e1 last_halving=1
[INFO] [PIRLS iter-breakdown] iter=  1 attempts=1 curvature=0.001s solve=0.000s predred=0.000s candidate=0.000s other=0.000s
[INFO] [PIRLS lm-trajectory] iter=  1 start_lambda=1.372e-9 final_lambda=1.000e-9 log10_ratio=-0.137 accept_rho=1.000 attempts=1
[INFO] [STAGE] PIRLS update_with_curvature iter=2 curvature=Fisher elapsed=0.000s source=reused_prev_accept
[INFO] [PIRLS exact-decrement] applicable=true decrement_sq=2.620784e-25 threshold=1.477700e-13 pass=true gradient_norm=2.116196e-12 relative_gradient=1.130649e-12 dimension_scale=6.244998e1 natural_scale=8.716642e-1 objective=1.418970e0 actual_reduction=1.332268e-15 predicted_reduction=1.576531e-15 linear_model_term=-3.154535e-15 direction_norm=3.247011e-7 data_reduction=2.077138e-11 penalty_reduction=-2.077009e-11
[INFO] [PIRLS solve-end] iters=2 elapsed=0.0024s g_norm_initial=1.388e3 g_norm_final=2.116e-12 convergence_rate=3.904e-8 status=Converged
[INFO] [STAGE] inner pirls solve iters=2 status=Converged max_eta=2.0 jeffreys_logdet=none rows=full(derivative-request) elapsed=0.003s
[INFO] [IFT-QUALITY] quality=3.569e-1 ift=5.126e1 pred_residual=8.659e-1 cap_predicted=5.126e1 iters=2
[INFO] [STAGE] logdet S (Z-projected) rho_dim=2 penalty_rank=7 elapsed=0.000s
[INFO] [#1271-diag] p=8 penalty_rank=7 nullspace_dim=1 logS=42.744291 logH=57.090166 half_diff=7.172937 h_above1=7 h_min=2.892e-2 h_max=7.198e4 rho=[10.6403,2.5654] lambda=[4.178e4,1.301e1]
[INFO] [STAGE] reml_laml cost_only_done k=2 ext_dim=0 dim=8 elapsed=0.000s
[INFO] [OUTER hessian-route] choice=dense reason=below_crossover n=300 p=8 k=2 callback_kernel=false subspace_trace=false scale_prefers_operator=false dense_workspace_bytes=3584
[INFO] [OUTER hessian-elapsed] choice=dense reason=below_crossover n=300 p=8 k=2 elapsed=0.000s
[INFO] [HGB] target_mse=2.363e-2 s_i=1.000e0 s_l=1.000e0 s_t=1.000e0 eps²_i=7.876e-3 eps²_l=7.876e-3 eps²_t=7.876e-3 τ=1.000e-10 rtol=8.875e-2 k=0 floor_active=[]
[INFO] [STAGE] outer eval end order=ValueGradientHessian elapsed=0.004s cost=-2.648405e2 |g|=5.092e-1
[INFO] [OUTER] eval#11 (hess) cost=-2.648405e2 |g|=5.092e-1 rho=[2.565,10.640]
[INFO] [OUTER schedule] inner-PIRLS cap transition (ARC bridge) arc_iter=19 g_ratio=1.012e0 last_iters=2 converged=true ift_residual=3.569e-1 accept_rho=1.000 prev=3 new=6 (capped)
[INFO] [STAGE] outer eval start order=ValueGradientHessian dim=2
[INFO] [reml-geometry] dense_spectral reason=constraints_present p=13 nnz_x=na nnz_h_est=na density_h_est=na threshold=0.1000
[INFO] [IFT-CACHE] outcome=miss drho_dim=2 p=13 elapsed=0.000s
[INFO] [ADAPTIVE-KKT] outer_g_norm=1.000e-10 effective_tol=1.000e-10 floor=1.000e-10 ceiling=1.000e-10
[INFO] [STAGE] PIRLS update_with_curvature iter=1 curvature=Fisher elapsed=0.000s source=rebuilt
[INFO] [PIRLS solve-end] iters=1 elapsed=0.0012s g_norm_initial=6.104e-1 g_norm_final=1.556e-10 convergence_rate=2.550e-10 status=Converged
[INFO] [STAGE] inner pirls solve iters=1 status=Converged max_eta=2.0 jeffreys_logdet=none rows=full(derivative-request) elapsed=0.002s
[INFO] [IFT-QUALITY] quality=6.593e-6 ift=5.126e1 pred_residual=1.599e-5 cap_predicted=5.126e1 iters=1
[INFO] [STAGE] logdet S (Z-projected) rho_dim=2 penalty_rank=7 elapsed=0.000s
[INFO] [#1271-diag] p=8 penalty_rank=7 nullspace_dim=1 logS=46.352653 logH=61.179401 half_diff=7.413374 h_above1=7 h_min=1.742e-2 h_max=9.673e4 rho=[11.5647,2.0586] lambda=[1.053e5,7.835e0]
[INFO] [STAGE] reml_laml cost_only_done k=2 ext_dim=0 dim=8 elapsed=0.000s
[INFO] [OUTER hessian-route] choice=dense reason=below_crossover n=300 p=8 k=2 callback_kernel=false subspace_trace=false scale_prefers_operator=false dense_workspace_bytes=3584
[INFO] [OUTER hessian-elapsed] choice=dense reason=below_crossover n=300 p=8 k=2 elapsed=0.000s
[INFO] [HGB] target_mse=2.593e-3 s_i=1.000e0 s_l=1.000e0 s_t=1.000e0 eps²_i=8.644e-4 eps²_l=8.644e-4 eps²_t=8.644e-4 τ=1.000e-10 rtol=2.940e-2 k=0 floor_active=[]
[INFO] [STAGE] outer eval end order=ValueGradientHessian elapsed=0.003s cost=-2.650014e2 |g|=1.098e-1
[INFO] [OUTER] eval#12 (hess) cost=-2.650014e2 |g|=1.098e-1 rho=[2.059,11.565]
[INFO] [OUTER schedule] inner-PIRLS cap transition (ARC bridge) arc_iter=20 g_ratio=2.182e-1 last_iters=1 converged=true ift_residual=6.593e-6 accept_rho=1.000 prev=6 new=3 (capped)
[INFO] [STAGE] outer eval start order=ValueGradientHessian dim=2
[INFO] [reml-geometry] dense_spectral reason=constraints_present p=13 nnz_x=na nnz_h_est=na density_h_est=na threshold=0.1000
[INFO] [IFT-CACHE] outcome=miss drho_dim=2 p=13 elapsed=0.000s
[INFO] [ADAPTIVE-KKT] outer_g_norm=1.000e-10 effective_tol=1.000e-10 floor=1.000e-10 ceiling=1.000e-10
[INFO] [STAGE] PIRLS update_with_curvature iter=1 curvature=Fisher elapsed=0.000s source=rebuilt
[INFO] [PIRLS solve-end] iters=1 elapsed=0.0012s g_norm_initial=7.538e-1 g_norm_final=1.594e-10 convergence_rate=2.114e-10 status=Converged
[INFO] [STAGE] inner pirls solve iters=1 status=Converged max_eta=2.0 jeffreys_logdet=none rows=full(derivative-request) elapsed=0.002s
[INFO] [IFT-QUALITY] quality=4.859e-6 ift=5.126e1 pred_residual=1.179e-5 cap_predicted=5.126e1 iters=1
[INFO] [STAGE] logdet S (Z-projected) rho_dim=2 penalty_rank=7 elapsed=0.000s
[INFO] [#1271-diag] p=8 penalty_rank=7 nullspace_dim=1 logS=50.986203 logH=65.982361 half_diff=7.498079 h_above1=7 h_min=1.455e-2 h_max=1.722e5 rho=[12.5635,1.8783] lambda=[2.859e5,6.542e0]
[INFO] [STAGE] reml_laml cost_only_done k=2 ext_dim=0 dim=8 elapsed=0.000s
[INFO] [OUTER hessian-route] choice=dense reason=below_crossover n=300 p=8 k=2 callback_kernel=false subspace_trace=false scale_prefers_operator=false dense_workspace_bytes=3584
[INFO] [OUTER hessian-elapsed] choice=dense reason=below_crossover n=300 p=8 k=2 elapsed=0.000s
[INFO] [HGB] target_mse=1.205e-4 s_i=1.000e0 s_l=1.000e0 s_t=1.000e0 eps²_i=4.016e-5 eps²_l=4.016e-5 eps²_t=4.016e-5 τ=1.000e-10 rtol=6.337e-3 k=0 floor_active=[]
[INFO] [STAGE] outer eval end order=ValueGradientHessian elapsed=0.003s cost=-2.650171e2 |g|=9.755e-3
[INFO] [OUTER] eval#13 (hess) cost=-2.650171e2 |g|=9.755e-3 rho=[1.878,12.563]
[INFO] [STAGE] outer eval start order=ValueGradientHessian dim=2
[INFO] [reml-geometry] dense_spectral reason=constraints_present p=13 nnz_x=na nnz_h_est=na density_h_est=na threshold=0.1000
[INFO] [IFT-CACHE] outcome=miss drho_dim=2 p=13 elapsed=0.000s
[INFO] [ADAPTIVE-KKT] outer_g_norm=1.000e-10 effective_tol=1.000e-10 floor=1.000e-10 ceiling=1.000e-10
[INFO] [STAGE] PIRLS update_with_curvature iter=1 curvature=Fisher elapsed=0.000s source=rebuilt
[INFO] [PIRLS solve-end] iters=1 elapsed=0.0013s g_norm_initial=1.315e0 g_norm_final=5.695e-10 convergence_rate=4.331e-10 status=Converged
[INFO] [STAGE] inner pirls solve iters=1 status=Converged max_eta=2.0 jeffreys_logdet=none rows=full(derivative-request) elapsed=0.002s
[INFO] [IFT-QUALITY] quality=2.082e-6 ift=5.126e1 pred_residual=5.051e-6 cap_predicted=5.126e1 iters=1
[INFO] [STAGE] logdet S (Z-projected) rho_dim=2 penalty_rank=7 elapsed=0.000s
[INFO] [#1271-diag] p=8 penalty_rank=7 nullspace_dim=1 logS=55.965962 logH=70.976298 half_diff=7.505168 h_above1=7 h_min=1.428e-2 h_max=3.880e5 rho=[13.5667,1.8601] lambda=[7.798e5,6.424e0]
[INFO] [STAGE] reml_laml cost_only_done k=2 ext_dim=0 dim=8 elapsed=0.000s
[INFO] [OUTER hessian-route] choice=dense reason=below_crossover n=300 p=8 k=2 callback_kernel=false subspace_trace=false scale_prefers_operator=false dense_workspace_bytes=3584
[INFO] [OUTER hessian-elapsed] choice=dense reason=below_crossover n=300 p=8 k=2 elapsed=0.000s
[INFO] [HGB] target_mse=9.515e-7 s_i=1.000e0 s_l=1.000e0 s_t=1.000e0 eps²_i=3.172e-7 eps²_l=3.172e-7 eps²_t=3.172e-7 τ=1.000e-10 rtol=5.632e-4 k=0 floor_active=[]
[INFO] [STAGE] outer eval end order=ValueGradientHessian elapsed=0.003s cost=-2.650192e2 |g|=1.145e-3
[INFO] [OUTER] eval#14 (hess) cost=-2.650192e2 |g|=1.145e-3 rho=[1.860,13.567]
[INFO] [OUTER schedule] inner-PIRLS cap transition (ARC bridge) arc_iter=22 g_ratio=2.277e-3 last_iters=1 converged=true ift_residual=2.082e-6 accept_rho=1.000 prev=3 new=0 (uncapped)
[INFO] [STAGE] outer eval start order=ValueGradientHessian dim=2
[INFO] [reml-geometry] dense_spectral reason=constraints_present p=13 nnz_x=na nnz_h_est=na density_h_est=na threshold=0.1000
[INFO] [IFT-CACHE] outcome=miss drho_dim=2 p=13 elapsed=0.000s
[INFO] [ADAPTIVE-KKT] outer_g_norm=1.000e-12 effective_tol=1.000e-12 floor=1.000e-12 ceiling=1.000e-12
[INFO] [STAGE] PIRLS update_with_curvature iter=1 curvature=Fisher elapsed=0.000s source=rebuilt
[INFO] [PIRLS iter-end] iter=  1 elapsed=0.0012s lm_lambda=1.00e-9 g_norm=1.578e-9 last_dev_change=4.676e-6 last_halving=1
[INFO] [PIRLS iter-breakdown] iter=  1 attempts=1 curvature=0.001s solve=0.000s predred=0.000s candidate=0.000s other=0.000s
[INFO] [PIRLS lm-trajectory] iter=  1 start_lambda=1.000e-9 final_lambda=1.000e-9 log10_ratio=0.000 accept_rho=1.000 attempts=1
[INFO] [STAGE] PIRLS update_with_curvature iter=2 curvature=Fisher elapsed=0.000s source=reused_prev_accept
[INFO] [PIRLS exact-decrement] applicable=true decrement_sq=1.183421e-24 threshold=1.472658e-13 pass=true gradient_norm=1.492778e-12 relative_gradient=7.827722e-13 dimension_scale=6.244998e1 natural_scale=9.070403e-1 objective=1.414129e0 actual_reduction=4.440892e-16 predicted_reduction=5.642912e-19 linear_model_term=-6.952705e-19 direction_norm=4.282078e-9 data_reduction=3.774758e-15 penalty_reduction=-3.424344e-15
[INFO] [PIRLS solve-end] iters=2 elapsed=0.0024s g_norm_initial=3.124e0 g_norm_final=1.493e-12 convergence_rate=6.913e-7 status=Converged
[INFO] [STAGE] inner pirls solve iters=2 status=Converged max_eta=2.0 jeffreys_logdet=none rows=full(derivative-request) elapsed=0.003s
[INFO] [IFT-QUALITY] quality=7.728e-7 ift=5.126e1 pred_residual=1.875e-6 cap_predicted=5.126e1 iters=2
[INFO] [STAGE] logdet S (Z-projected) rho_dim=2 penalty_rank=7 elapsed=0.000s
[INFO] [#1271-diag] p=8 penalty_rank=7 nullspace_dim=1 logS=60.972497 logH=75.981517 half_diff=7.504510 h_above1=7 h_min=1.428e-2 h_max=9.837e5 rho=[14.5681,1.8599] lambda=[2.123e6,6.423e0]
[INFO] [STAGE] reml_laml cost_only_done k=2 ext_dim=0 dim=8 elapsed=0.000s
[INFO] [OUTER hessian-route] choice=dense reason=below_crossover n=300 p=8 k=2 callback_kernel=false subspace_trace=false scale_prefers_operator=false dense_workspace_bytes=3584
[INFO] [OUTER hessian-elapsed] choice=dense reason=below_crossover n=300 p=8 k=2 elapsed=0.000s
[INFO] [HGB] target_mse=1.312e-8 s_i=1.000e0 s_l=1.000e0 s_t=1.000e0 eps²_i=4.372e-9 eps²_l=4.372e-9 eps²_t=4.372e-9 τ=1.000e-10 rtol=6.612e-5 k=0 floor_active=[]
[INFO] [STAGE] outer eval end order=ValueGradientHessian elapsed=0.004s cost=-2.650199e2 |g|=4.200e-4
[INFO] [OUTER] eval#15 (hess) cost=-2.650199e2 |g|=4.200e-4 rho=[1.860,14.568]
[INFO] [STAGE] outer eval start order=ValueGradientHessian dim=2
[INFO] [reml-geometry] dense_spectral reason=constraints_present p=13 nnz_x=na nnz_h_est=na density_h_est=na threshold=0.1000
[INFO] [IFT-CACHE] outcome=miss drho_dim=2 p=13 elapsed=0.000s
[INFO] [ADAPTIVE-KKT] outer_g_norm=1.000e-12 effective_tol=1.000e-12 floor=1.000e-12 ceiling=1.000e-12
[INFO] [STAGE] PIRLS update_with_curvature iter=1 curvature=Fisher elapsed=0.000s source=rebuilt
[INFO] [PIRLS iter-end] iter=  1 elapsed=0.0012s lm_lambda=1.00e-9 g_norm=3.770e-9 last_dev_change=1.250e-5 last_halving=1
[INFO] [PIRLS iter-breakdown] iter=  1 attempts=1 curvature=0.001s solve=0.000s predred=0.000s candidate=0.000s other=0.000s
[INFO] [PIRLS lm-trajectory] iter=  1 start_lambda=1.000e-9 final_lambda=1.000e-9 log10_ratio=0.000 accept_rho=1.000 attempts=1
[INFO] [STAGE] PIRLS update_with_curvature iter=2 curvature=Fisher elapsed=0.000s source=reused_prev_accept
[INFO] [PIRLS exact-decrement] applicable=true decrement_sq=2.612431e-24 threshold=1.472658e-13 pass=true gradient_norm=3.150535e-12 relative_gradient=1.652015e-12 dimension_scale=6.244998e1 natural_scale=9.070860e-1 objective=1.414129e0 actual_reduction=-4.440892e-16 predicted_reduction=1.235275e-18 linear_model_term=-2.029328e-18 direction_norm=1.054327e-8 data_reduction=8.881784e-15 penalty_reduction=-9.262556e-15
[INFO] [PIRLS solve-end] iters=2 elapsed=0.0024s g_norm_initial=8.227e0 g_norm_final=3.151e-12 convergence_rate=6.188e-7 status=Converged
[INFO] [STAGE] inner pirls solve iters=2 status=Converged max_eta=2.0 jeffreys_logdet=none rows=full(derivative-request) elapsed=0.003s
[INFO] [IFT-QUALITY] quality=2.849e-7 ift=5.126e1 pred_residual=6.911e-7 cap_predicted=7.689e1 iters=2
[INFO] [STAGE] logdet S (Z-projected) rho_dim=2 penalty_rank=6 elapsed=0.000s
[INFO] [#1271-diag] p=7 penalty_rank=6 nullspace_dim=1 logS=52.308619 logH=67.317094 half_diff=7.504238 h_above1=6 h_min=1.428e-2 h_max=2.596e6 rho=[15.5684,1.8599] lambda=[5.771e6,6.423e0]
[INFO] [STAGE] reml_laml cost_only_done k=2 ext_dim=0 dim=7 elapsed=0.000s
[INFO] [OUTER hessian-route] choice=dense reason=below_crossover n=300 p=7 k=2 callback_kernel=false subspace_trace=false scale_prefers_operator=false dense_workspace_bytes=2744
[INFO] [OUTER hessian-elapsed] choice=dense reason=below_crossover n=300 p=7 k=2 elapsed=0.000s
[INFO] [HGB] target_mse=1.764e-9 s_i=1.000e0 s_l=1.000e0 s_t=1.000e0 eps²_i=5.879e-10 eps²_l=5.879e-10 eps²_t=5.879e-10 τ=1.000e-10 rtol=2.425e-5 k=0 floor_active=[]
[INFO] [STAGE] outer eval end order=ValueGradientHessian elapsed=0.004s cost=-2.650202e2 |g|=1.544e-4
[INFO] [OUTER] eval#16 (hess) cost=-2.650202e2 |g|=1.544e-4 rho=[1.860,15.568]
[INFO] [STAGE] outer eval start order=ValueGradientHessian dim=2
[INFO] [reml-geometry] dense_spectral reason=constraints_present p=13 nnz_x=na nnz_h_est=na density_h_est=na threshold=0.1000
[INFO] [IFT-CACHE] outcome=miss drho_dim=2 p=13 elapsed=0.000s
[INFO] [ADAPTIVE-KKT] outer_g_norm=1.000e-12 effective_tol=1.000e-12 floor=1.000e-12 ceiling=1.000e-12
[INFO] [STAGE] PIRLS update_with_curvature iter=1 curvature=Fisher elapsed=0.000s source=rebuilt
[INFO] [PIRLS iter-end] iter=  1 elapsed=0.0012s lm_lambda=1.00e-9 g_norm=1.029e-8 last_dev_change=3.388e-5 last_halving=1
[INFO] [PIRLS iter-breakdown] iter=  1 attempts=1 curvature=0.001s solve=0.000s predred=0.000s candidate=0.000s other=0.000s
[INFO] [PIRLS lm-trajectory] iter=  1 start_lambda=1.000e-9 final_lambda=1.000e-9 log10_ratio=0.000 accept_rho=1.000 attempts=1
[INFO] [STAGE] PIRLS update_with_curvature iter=2 curvature=Fisher elapsed=0.000s source=reused_prev_accept
[INFO] [PIRLS exact-decrement] applicable=true decrement_sq=8.971185e-23 threshold=1.472658e-13 pass=true gradient_norm=8.394722e-12 relative_gradient=4.405183e-12 dimension_scale=6.244998e1 natural_scale=9.056468e-1 objective=1.414129e0 actual_reduction=-4.440892e-16 predicted_reduction=5.435991e-18 linear_model_term=-1.086499e-17 direction_norm=2.756825e-8 data_reduction=2.486900e-14 penalty_reduction=-2.533564e-14
[INFO] [PIRLS solve-end] iters=2 elapsed=0.0024s g_norm_initial=2.216e1 g_norm_final=8.395e-12 convergence_rate=6.155e-7 status=Converged
[INFO] [STAGE] inner pirls solve iters=2 status=Converged max_eta=2.0 jeffreys_logdet=none rows=full(derivative-request) elapsed=0.003s
[INFO] [IFT-QUALITY] quality=1.049e-7 ift=7.689e1 pred_residual=2.546e-7 cap_predicted=1.153e2 iters=2
[INFO] [STAGE] logdet S (Z-projected) rho_dim=2 penalty_rank=6 elapsed=0.000s
[INFO] [#1271-diag] p=7 penalty_rank=6 nullspace_dim=1 logS=56.305840 logH=71.314115 half_diff=7.504138 h_above1=6 h_min=1.428e-2 h_max=6.992e6 rho=[16.5677,1.8599] lambda=[1.568e7,6.423e0]
[INFO] [STAGE] reml_laml cost_only_done k=2 ext_dim=0 dim=7 elapsed=0.000s
[INFO] [OUTER hessian-route] choice=dense reason=below_crossover n=300 p=7 k=2 callback_kernel=false subspace_trace=false scale_prefers_operator=false dense_workspace_bytes=2744
[INFO] [OUTER hessian-elapsed] choice=dense reason=below_crossover n=300 p=7 k=2 elapsed=0.000s
[INFO] [HGB] target_mse=2.383e-10 s_i=1.000e0 s_l=1.000e0 s_t=1.000e0 eps²_i=7.943e-11 eps²_l=7.943e-11 eps²_t=7.943e-11 τ=1.000e-10 rtol=8.913e-6 k=0 floor_active=[]
[INFO] [STAGE] outer eval end order=ValueGradientHessian elapsed=0.004s cost=-2.650203e2 |g|=5.673e-5
[INFO] [OUTER] eval#17 (hess) cost=-2.650203e2 |g|=5.673e-5 rho=[1.860,16.568]
[INFO] [OUTER] ARC finite cost stall deferred to exact second-order convergence: REML objective improved < 1.000e-7 (relative) over 3 consecutive outer steps and the stored best projected gradient is small (|g|=5.673e-5; bound 2.660e-1 set by score-relative; terms: solver-band 1.000e-3, score-relative 2.660e-1, probe-noise 2.653e-4 (sigma=2.656e-4 / delta=1.001e0)), but only ARC owns the synchronized reduced-Hessian certificate (value=-2.650203e2).
[INFO] [STAGE] outer eval start order=ValueGradientHessian dim=2
[INFO] [reml-geometry] dense_spectral reason=constraints_present p=13 nnz_x=na nnz_h_est=na density_h_est=na threshold=0.1000
[INFO] [IFT-CACHE] outcome=miss drho_dim=2 p=13 elapsed=0.000s
[INFO] [ADAPTIVE-KKT] outer_g_norm=1.000e-12 effective_tol=1.000e-12 floor=1.000e-12 ceiling=1.000e-12
[INFO] [STAGE] PIRLS update_with_curvature iter=1 curvature=Fisher elapsed=0.000s source=rebuilt
[INFO] [PIRLS iter-end] iter=  1 elapsed=0.0011s lm_lambda=1.00e-9 g_norm=1.931e-8 last_dev_change=9.187e-5 last_halving=1
[INFO] [PIRLS iter-breakdown] iter=  1 attempts=1 curvature=0.001s solve=0.000s predred=0.000s candidate=0.000s other=0.000s
[INFO] [PIRLS lm-trajectory] iter=  1 start_lambda=1.000e-9 final_lambda=1.000e-9 log10_ratio=0.000 accept_rho=1.000 attempts=1
[INFO] [STAGE] PIRLS update_with_curvature iter=2 curvature=Fisher elapsed=0.000s source=reused_prev_accept
[INFO] [PIRLS exact-decrement] applicable=true decrement_sq=7.232933e-22 threshold=1.472658e-13 pass=true gradient_norm=2.302433e-11 relative_gradient=1.198534e-11 dimension_scale=6.244998e1 natural_scale=9.210413e-1 objective=1.414129e0 actual_reduction=0.000000e0 predicted_reduction=3.809520e-17 linear_model_term=-7.636563e-17 direction_norm=7.319483e-8 data_reduction=6.883383e-14 penalty_reduction=-6.874622e-14
[INFO] [PIRLS solve-end] iters=2 elapsed=0.0025s g_norm_initial=5.994e1 g_norm_final=2.302e-11 convergence_rate=6.198e-7 status=Converged
[INFO] [STAGE] inner pirls solve iters=2 status=Converged max_eta=2.0 jeffreys_logdet=none rows=full(derivative-request) elapsed=0.003s
[INFO] [IFT-QUALITY] quality=3.593e-8 ift=1.153e2 pred_residual=8.717e-8 cap_predicted=1.730e2 iters=2
[INFO] [STAGE] logdet S (Z-projected) rho_dim=2 penalty_rank=5 elapsed=0.000s
[INFO] [#1271-diag] p=6 penalty_rank=5 nullspace_dim=1 logS=43.930793 logH=58.938990 half_diff=7.504099 h_above1=5 h_min=1.428e-2 h_max=1.465e7 rho=[17.5653,1.8599] lambda=[4.251e7,6.423e0]
[INFO] [STAGE] reml_laml cost_only_done k=2 ext_dim=0 dim=6 elapsed=0.000s
[INFO] [OUTER hessian-route] choice=dense reason=below_crossover n=300 p=6 k=2 callback_kernel=false subspace_trace=false scale_prefers_operator=false dense_workspace_bytes=2016
[INFO] [OUTER hessian-elapsed] choice=dense reason=below_crossover n=300 p=6 k=2 elapsed=0.000s
[INFO] [HGB] target_mse=3.218e-11 s_i=1.000e0 s_l=1.000e0 s_t=1.000e0 eps²_i=1.073e-11 eps²_l=1.073e-11 eps²_t=1.073e-11 τ=1.000e-10 rtol=3.275e-6 k=0 floor_active=[]
[INFO] [STAGE] outer eval end order=ValueGradientHessian elapsed=0.004s cost=-2.650203e2 |g|=1.880e-5
[INFO] [OUTER] eval#18 (hess) cost=-2.650203e2 |g|=1.880e-5 rho=[1.860,17.565]
[INFO] [STAGE] outer eval start order=ValueGradientHessian dim=2
[INFO] [reml-geometry] dense_spectral reason=constraints_present p=13 nnz_x=na nnz_h_est=na density_h_est=na threshold=0.1000
[INFO] [IFT-CACHE] outcome=miss drho_dim=2 p=13 elapsed=0.000s
[INFO] [ADAPTIVE-KKT] outer_g_norm=1.000e-12 effective_tol=1.000e-12 floor=1.000e-12 ceiling=1.000e-12
[INFO] [STAGE] PIRLS update_with_curvature iter=1 curvature=Fisher elapsed=0.000s source=rebuilt
[INFO] [PIRLS iter-end] iter=  1 elapsed=0.0009s lm_lambda=1.00e-9 g_norm=2.625e-8 last_dev_change=2.479e-4 last_halving=1
[INFO] [PIRLS iter-breakdown] iter=  1 attempts=1 curvature=0.000s solve=0.000s predred=0.000s candidate=0.000s other=0.000s
[INFO] [PIRLS lm-trajectory] iter=  1 start_lambda=1.000e-9 final_lambda=1.000e-9 log10_ratio=0.000 accept_rho=1.000 attempts=1
[INFO] [STAGE] PIRLS update_with_curvature iter=2 curvature=Fisher elapsed=0.000s source=reused_prev_accept
[INFO] [PIRLS exact-decrement] applicable=true decrement_sq=3.522923e-20 threshold=1.472658e-13 pass=true gradient_norm=1.716198e-10 relative_gradient=7.827639e-11 dimension_scale=6.244998e1 natural_scale=1.192485e0 objective=1.414129e0 actual_reduction=2.220446e-16 predicted_reduction=2.738413e-16 linear_model_term=-5.433253e-16 direction_norm=1.942293e-7 data_reduction=1.847411e-13 penalty_reduction=-1.846717e-13
[INFO] [PIRLS solve-end] iters=2 elapsed=0.0020s g_norm_initial=1.616e2 g_norm_final=1.716e-10 convergence_rate=1.031e-6 status=Converged
[INFO] [STAGE] inner pirls solve iters=2 status=Converged max_eta=2.0 jeffreys_logdet=none rows=full(derivative-request) elapsed=0.004s
[INFO] [IFT-QUALITY] quality=7.497e-9 ift=1.730e2 pred_residual=1.819e-8 cap_predicted=2.595e2 iters=2
[INFO] [STAGE] logdet S (Z-projected) rho_dim=2 penalty_rank=2 elapsed=0.000s
[INFO] [#1271-diag] p=3 penalty_rank=2 nullspace_dim=1 logS=-5.201441 logH=9.806718 half_diff=7.504079 h_above1=2 h_min=1.428e-2 h_max=8.637e3 rho=[18.5578,1.8599] lambda=[1.147e8,6.423e0]
[INFO] [STAGE] reml_laml cost_only_done k=2 ext_dim=0 dim=3 elapsed=0.000s
[INFO] [OUTER hessian-route] choice=dense reason=below_crossover n=300 p=3 k=2 callback_kernel=false subspace_trace=false scale_prefers_operator=false dense_workspace_bytes=504
[INFO] [OUTER hessian-elapsed] choice=dense reason=below_crossover n=300 p=3 k=2 elapsed=0.000s
[INFO] [HGB] target_mse=3.536e-12 s_i=1.000e0 s_l=1.000e0 s_t=1.000e0 eps²_i=1.179e-12 eps²_l=1.179e-12 eps²_t=1.179e-12 τ=1.000e-10 rtol=1.086e-6 k=0 floor_active=[]
[INFO] [STAGE] outer eval end order=ValueGradientHessian elapsed=0.005s cost=-2.650203e2 |g|=1.316e-7
[INFO] [OUTER] eval#19 (hess) cost=-2.650203e2 |g|=1.316e-7 rho=[1.860,18.558]
[INFO] [reml-geometry] dense_spectral reason=constraints_present p=13 nnz_x=na nnz_h_est=na density_h_est=na threshold=0.1000
[INFO] [STAGE] PIRLS update_with_curvature iter=1 curvature=Fisher elapsed=0.000s source=rebuilt
[INFO] [PIRLS iter-end] iter=  1 elapsed=0.0009s lm_lambda=3.33e-7 g_norm=7.960e-2 last_dev_change=5.196e1 last_halving=1
[INFO] [PIRLS iter-breakdown] iter=  1 attempts=1 curvature=0.001s solve=0.000s predred=0.000s candidate=0.000s other=0.000s
[INFO] [PIRLS lm-trajectory] iter=  1 start_lambda=1.000e-6 final_lambda=3.333e-7 log10_ratio=-0.477 accept_rho=1.000 attempts=1
[INFO] [STAGE] PIRLS update_with_curvature iter=2 curvature=Fisher elapsed=0.000s source=reused_prev_accept
[INFO] [PIRLS iter-end] iter=  2 elapsed=0.0006s lm_lambda=1.11e-7 g_norm=1.833e-2 last_dev_change=2.259e-4 last_halving=1
[INFO] [PIRLS iter-breakdown] iter=  2 attempts=1 curvature=0.000s solve=0.000s predred=0.000s candidate=0.000s other=0.000s
[INFO] [PIRLS lm-trajectory] iter=  2 start_lambda=3.333e-7 final_lambda=1.111e-7 log10_ratio=-0.477 accept_rho=1.000 attempts=1
[INFO] [STAGE] PIRLS update_with_curvature iter=3 curvature=Fisher elapsed=0.000s source=reused_prev_accept
[INFO] [PIRLS iter-end] iter=  3 elapsed=0.0006s lm_lambda=3.70e-8 g_norm=7.914e-3 last_dev_change=1.713e-4 last_halving=1
[INFO] [PIRLS iter-breakdown] iter=  3 attempts=1 curvature=0.000s solve=0.000s predred=0.000s candidate=0.000s other=0.000s
[INFO] [PIRLS lm-trajectory] iter=  3 start_lambda=1.111e-7 final_lambda=3.704e-8 log10_ratio=-0.477 accept_rho=1.000 attempts=1
[INFO] [STAGE] PIRLS update_with_curvature iter=4 curvature=Fisher elapsed=0.000s source=reused_prev_accept
[INFO] [PIRLS iter-end] iter=  4 elapsed=0.0006s lm_lambda=1.23e-8 g_norm=1.600e-3 last_dev_change=3.766e-5 last_halving=1
[INFO] [PIRLS iter-breakdown] iter=  4 attempts=1 curvature=0.000s solve=0.000s predred=0.000s candidate=0.000s other=0.000s
[INFO] [PIRLS lm-trajectory] iter=  4 start_lambda=3.704e-8 final_lambda=1.235e-8 log10_ratio=-0.477 accept_rho=1.000 attempts=1
[INFO] [STAGE] PIRLS update_with_curvature iter=5 curvature=Fisher elapsed=0.000s source=reused_prev_accept
[INFO] [PIRLS iter-end] iter=  5 elapsed=0.0006s lm_lambda=4.12e-9 g_norm=1.246e-4 last_dev_change=1.595e-6 last_halving=1
[INFO] [PIRLS iter-breakdown] iter=  5 attempts=1 curvature=0.000s solve=0.000s predred=0.000s candidate=0.000s other=0.000s
[INFO] [PIRLS lm-trajectory] iter=  5 start_lambda=1.235e-8 final_lambda=4.115e-9 log10_ratio=-0.477 accept_rho=1.000 attempts=1
[INFO] [STAGE] PIRLS update_with_curvature iter=6 curvature=Fisher elapsed=0.000s source=reused_prev_accept
[INFO] [PIRLS iter-end] iter=  6 elapsed=0.0006s lm_lambda=1.37e-9 g_norm=3.411e-6 last_dev_change=9.723e-9 last_halving=1
[INFO] [PIRLS iter-breakdown] iter=  6 attempts=1 curvature=0.000s solve=0.000s predred=0.000s candidate=0.000s other=0.000s
[INFO] [PIRLS lm-trajectory] iter=  6 start_lambda=4.115e-9 final_lambda=1.372e-9 log10_ratio=-0.477 accept_rho=1.000 attempts=1
[INFO] [STAGE] PIRLS update_with_curvature iter=7 curvature=Fisher elapsed=0.000s source=reused_prev_accept
[INFO] [PIRLS iter-end] iter=  7 elapsed=0.0006s lm_lambda=1.00e-9 g_norm=3.170e-8 last_dev_change=7.293e-12 last_halving=1
[INFO] [PIRLS iter-breakdown] iter=  7 attempts=1 curvature=0.000s solve=0.000s predred=0.000s candidate=0.000s other=0.000s
[INFO] [PIRLS lm-trajectory] iter=  7 start_lambda=1.372e-9 final_lambda=1.000e-9 log10_ratio=-0.137 accept_rho=1.000 attempts=1
[INFO] [STAGE] PIRLS update_with_curvature iter=8 curvature=Fisher elapsed=0.000s source=reused_prev_accept
[INFO] [PIRLS exact-decrement] applicable=true decrement_sq=5.231982e-20 threshold=1.472658e-13 pass=true gradient_norm=1.972105e-10 relative_gradient=8.994838e-11 dimension_scale=6.244998e1 natural_scale=1.192485e0 objective=1.414129e0 actual_reduction=1.110223e-15 predicted_reduction=6.301080e-16 linear_model_term=-1.252148e-15 direction_norm=2.951142e-7 data_reduction=1.092459e-13 penalty_reduction=-1.081071e-13
[INFO] [PIRLS solve-end] iters=8 elapsed=0.0064s g_norm_initial=1.750e3 g_norm_final=1.972e-10 convergence_rate=2.407e-2 status=Converged
[INFO] [STAGE] inner pirls solve iters=8 status=Converged max_eta=2.0 jeffreys_logdet=none rows=full(derivative-request) elapsed=0.008s
[INFO] [STAGE] logdet S (Z-projected) rho_dim=2 penalty_rank=2 elapsed=0.000s
[INFO] [#1271-diag] p=3 penalty_rank=2 nullspace_dim=1 logS=-5.201441 logH=9.806718 half_diff=7.504079 h_above1=2 h_min=1.428e-2 h_max=8.637e3 rho=[18.5578,1.8599] lambda=[1.147e8,6.423e0]
[INFO] [STAGE] logdet S (Z-projected) rho_dim=2 penalty_rank=2 elapsed=0.000s
[INFO] [#1271-diag] p=3 penalty_rank=2 nullspace_dim=1 logS=-5.201441 logH=9.806718 half_diff=7.504079 h_above1=2 h_min=1.428e-2 h_max=8.637e3 rho=[18.5578,1.8599] lambda=[1.147e8,6.423e0]
[INFO] [STAGE] reml_laml cost_only_done k=2 ext_dim=0 dim=3 elapsed=0.000s
[INFO] [HGB] small-sample fallback to defaults: pairs=0, threshold=3
[INFO] [CERTIFICATE] standard REML: the objective published no criterion resolution; using the last-bit floor 5.907e-14 of the value alone (#2812)
[INFO] [CERTIFICATE-BOUND] standard REML: fidelity=Screening, rho=[1.8598891213289879, 18.557816238622458], bound 4.470348e-6 set by solver-band (derived_standard=false, |Pg|=1.315725e-7, |g|=1.315725e-7, solver_band=4.470348e-6, cost=-2.650203e2)
[INFO] [CERTIFICATE] standard REML: gradient |g|=1.316e-7 |Pg|=1.316e-7 bound=4.470e-6 (rung=solver-band derived_standard=false) hessian_psd=not-spent curvature_source=screening-not-spent railed=[] → stationary
[INFO] [reml-geometry] dense_spectral reason=constraints_present p=13 nnz_x=na nnz_h_est=na density_h_est=na threshold=0.1000
[INFO] [STAGE] PIRLS update_with_curvature iter=1 curvature=Fisher elapsed=0.000s source=rebuilt
[INFO] [PIRLS iter-end] iter=  1 elapsed=0.0009s lm_lambda=3.33e-7 g_norm=7.960e-2 last_dev_change=5.196e1 last_halving=1
[INFO] [PIRLS iter-breakdown] iter=  1 attempts=1 curvature=0.001s solve=0.000s predred=0.000s candidate=0.000s other=0.000s
[INFO] [PIRLS lm-trajectory] iter=  1 start_lambda=1.000e-6 final_lambda=3.333e-7 log10_ratio=-0.477 accept_rho=1.000 attempts=1
[INFO] [STAGE] PIRLS update_with_curvature iter=2 curvature=Fisher elapsed=0.000s source=reused_prev_accept
[INFO] [PIRLS iter-end] iter=  2 elapsed=0.0006s lm_lambda=1.11e-7 g_norm=1.833e-2 last_dev_change=2.259e-4 last_halving=1
[INFO] [PIRLS iter-breakdown] iter=  2 attempts=1 curvature=0.000s solve=0.000s predred=0.000s candidate=0.000s other=0.000s
[INFO] [PIRLS lm-trajectory] iter=  2 start_lambda=3.333e-7 final_lambda=1.111e-7 log10_ratio=-0.477 accept_rho=1.000 attempts=1
[INFO] [STAGE] PIRLS update_with_curvature iter=3 curvature=Fisher elapsed=0.000s source=reused_prev_accept
[INFO] [PIRLS iter-end] iter=  3 elapsed=0.0006s lm_lambda=3.70e-8 g_norm=7.914e-3 last_dev_change=1.713e-4 last_halving=1
[INFO] [PIRLS iter-breakdown] iter=  3 attempts=1 curvature=0.000s solve=0.000s predred=0.000s candidate=0.000s other=0.000s
[INFO] [PIRLS lm-trajectory] iter=  3 start_lambda=1.111e-7 final_lambda=3.704e-8 log10_ratio=-0.477 accept_rho=1.000 attempts=1
[INFO] [STAGE] PIRLS update_with_curvature iter=4 curvature=Fisher elapsed=0.000s source=reused_prev_accept
[INFO] [PIRLS iter-end] iter=  4 elapsed=0.0006s lm_lambda=1.23e-8 g_norm=1.600e-3 last_dev_change=3.766e-5 last_halving=1
[INFO] [PIRLS iter-breakdown] iter=  4 attempts=1 curvature=0.000s solve=0.000s predred=0.000s candidate=0.000s other=0.000s
[INFO] [PIRLS lm-trajectory] iter=  4 start_lambda=3.704e-8 final_lambda=1.235e-8 log10_ratio=-0.477 accept_rho=1.000 attempts=1
[INFO] [STAGE] PIRLS update_with_curvature iter=5 curvature=Fisher elapsed=0.000s source=reused_prev_accept
[INFO] [PIRLS iter-end] iter=  5 elapsed=0.0006s lm_lambda=4.12e-9 g_norm=1.246e-4 last_dev_change=1.595e-6 last_halving=1
[INFO] [PIRLS iter-breakdown] iter=  5 attempts=1 curvature=0.000s solve=0.000s predred=0.000s candidate=0.000s other=0.000s
[INFO] [PIRLS lm-trajectory] iter=  5 start_lambda=1.235e-8 final_lambda=4.115e-9 log10_ratio=-0.477 accept_rho=1.000 attempts=1
[INFO] [STAGE] PIRLS update_with_curvature iter=6 curvature=Fisher elapsed=0.000s source=reused_prev_accept
[INFO] [PIRLS iter-end] iter=  6 elapsed=0.0006s lm_lambda=1.37e-9 g_norm=3.411e-6 last_dev_change=9.723e-9 last_halving=1
[INFO] [PIRLS iter-breakdown] iter=  6 attempts=1 curvature=0.000s solve=0.000s predred=0.000s candidate=0.000s other=0.000s
[INFO] [PIRLS lm-trajectory] iter=  6 start_lambda=4.115e-9 final_lambda=1.372e-9 log10_ratio=-0.477 accept_rho=1.000 attempts=1
[INFO] [STAGE] PIRLS update_with_curvature iter=7 curvature=Fisher elapsed=0.000s source=reused_prev_accept
[INFO] [PIRLS iter-end] iter=  7 elapsed=0.0006s lm_lambda=1.00e-9 g_norm=3.170e-8 last_dev_change=7.293e-12 last_halving=1
[INFO] [PIRLS iter-breakdown] iter=  7 attempts=1 curvature=0.000s solve=0.000s predred=0.000s candidate=0.000s other=0.000s
[INFO] [PIRLS lm-trajectory] iter=  7 start_lambda=1.372e-9 final_lambda=1.000e-9 log10_ratio=-0.137 accept_rho=1.000 attempts=1
[INFO] [STAGE] PIRLS update_with_curvature iter=8 curvature=Fisher elapsed=0.000s source=reused_prev_accept
[INFO] [PIRLS exact-decrement] applicable=true decrement_sq=5.231982e-20 threshold=1.472658e-13 pass=true gradient_norm=1.972105e-10 relative_gradient=8.994838e-11 dimension_scale=6.244998e1 natural_scale=1.192485e0 objective=1.414129e0 actual_reduction=1.110223e-15 predicted_reduction=6.301080e-16 linear_model_term=-1.252148e-15 direction_norm=2.951142e-7 data_reduction=1.092459e-13 penalty_reduction=-1.081071e-13
[INFO] [PIRLS solve-end] iters=8 elapsed=0.0065s g_norm_initial=1.750e3 g_norm_final=1.972e-10 convergence_rate=2.407e-2 status=Converged
[INFO] [STAGE] inner pirls solve iters=8 status=Converged max_eta=2.0 jeffreys_logdet=none rows=full(derivative-request) elapsed=0.008s
[INFO] [STAGE] logdet S (Z-projected) rho_dim=2 penalty_rank=2 elapsed=0.000s
[INFO] [#1271-diag] p=3 penalty_rank=2 nullspace_dim=1 logS=-5.201441 logH=9.806718 half_diff=7.504079 h_above1=2 h_min=1.428e-2 h_max=8.637e3 rho=[18.5578,1.8599] lambda=[1.147e8,6.423e0]
[INFO] [STAGE] reml_laml cost_only_done k=2 ext_dim=0 dim=3 elapsed=0.000s
[INFO] [OUTER hessian-route] choice=dense reason=below_crossover n=300 p=3 k=2 callback_kernel=false subspace_trace=false scale_prefers_operator=false dense_workspace_bytes=504
[INFO] [OUTER hessian-elapsed] choice=dense reason=below_crossover n=300 p=3 k=2 elapsed=0.000s
[INFO] [HGB] small-sample fallback to defaults: pairs=0, threshold=3
[INFO] [reml-geometry] dense_spectral reason=constraints_present p=13 nnz_x=na nnz_h_est=na density_h_est=na threshold=0.1000
[INFO] [STAGE] PIRLS update_with_curvature iter=1 curvature=Fisher elapsed=0.000s source=rebuilt
[INFO] [PIRLS iter-end] iter=  1 elapsed=0.0009s lm_lambda=3.33e-7 g_norm=7.960e-2 last_dev_change=5.196e1 last_halving=1
[INFO] [PIRLS iter-breakdown] iter=  1 attempts=1 curvature=0.001s solve=0.000s predred=0.000s candidate=0.000s other=0.000s
[INFO] [PIRLS lm-trajectory] iter=  1 start_lambda=1.000e-6 final_lambda=3.333e-7 log10_ratio=-0.477 accept_rho=1.000 attempts=1
[INFO] [STAGE] PIRLS update_with_curvature iter=2 curvature=Fisher elapsed=0.000s source=reused_prev_accept
[INFO] [PIRLS iter-end] iter=  2 elapsed=0.0006s lm_lambda=1.11e-7 g_norm=1.833e-2 last_dev_change=2.259e-4 last_halving=1
[INFO] [PIRLS iter-breakdown] iter=  2 attempts=1 curvature=0.000s solve=0.000s predred=0.000s candidate=0.000s other=0.000s
[INFO] [PIRLS lm-trajectory] iter=  2 start_lambda=3.333e-7 final_lambda=1.111e-7 log10_ratio=-0.477 accept_rho=1.000 attempts=1
[INFO] [STAGE] PIRLS update_with_curvature iter=3 curvature=Fisher elapsed=0.000s source=reused_prev_accept
[INFO] [PIRLS iter-end] iter=  3 elapsed=0.0006s lm_lambda=3.70e-8 g_norm=7.914e-3 last_dev_change=1.713e-4 last_halving=1
[INFO] [PIRLS iter-breakdown] iter=  3 attempts=1 curvature=0.000s solve=0.000s predred=0.000s candidate=0.000s other=0.000s
[INFO] [PIRLS lm-trajectory] iter=  3 start_lambda=1.111e-7 final_lambda=3.704e-8 log10_ratio=-0.477 accept_rho=1.000 attempts=1
[INFO] [STAGE] PIRLS update_with_curvature iter=4 curvature=Fisher elapsed=0.000s source=reused_prev_accept
[INFO] [PIRLS iter-end] iter=  4 elapsed=0.0006s lm_lambda=1.23e-8 g_norm=1.600e-3 last_dev_change=3.766e-5 last_halving=1
[INFO] [PIRLS iter-breakdown] iter=  4 attempts=1 curvature=0.000s solve=0.000s predred=0.000s candidate=0.000s other=0.000s
[INFO] [PIRLS lm-trajectory] iter=  4 start_lambda=3.704e-8 final_lambda=1.235e-8 log10_ratio=-0.477 accept_rho=1.000 attempts=1
[INFO] [STAGE] PIRLS update_with_curvature iter=5 curvature=Fisher elapsed=0.000s source=reused_prev_accept
[INFO] [PIRLS iter-end] iter=  5 elapsed=0.0006s lm_lambda=4.12e-9 g_norm=1.246e-4 last_dev_change=1.595e-6 last_halving=1
[INFO] [PIRLS iter-breakdown] iter=  5 attempts=1 curvature=0.000s solve=0.000s predred=0.000s candidate=0.000s other=0.000s
[INFO] [PIRLS lm-trajectory] iter=  5 start_lambda=1.235e-8 final_lambda=4.115e-9 log10_ratio=-0.477 accept_rho=1.000 attempts=1
[INFO] [STAGE] PIRLS update_with_curvature iter=6 curvature=Fisher elapsed=0.000s source=reused_prev_accept
[INFO] [PIRLS iter-end] iter=  6 elapsed=0.0006s lm_lambda=1.37e-9 g_norm=3.411e-6 last_dev_change=9.723e-9 last_halving=1
[INFO] [PIRLS iter-breakdown] iter=  6 attempts=1 curvature=0.000s solve=0.000s predred=0.000s candidate=0.000s other=0.000s
[INFO] [PIRLS lm-trajectory] iter=  6 start_lambda=4.115e-9 final_lambda=1.372e-9 log10_ratio=-0.477 accept_rho=1.000 attempts=1
[INFO] [STAGE] PIRLS update_with_curvature iter=7 curvature=Fisher elapsed=0.000s source=reused_prev_accept
[INFO] [PIRLS iter-end] iter=  7 elapsed=0.0006s lm_lambda=1.00e-9 g_norm=3.170e-8 last_dev_change=7.293e-12 last_halving=1
[INFO] [PIRLS iter-breakdown] iter=  7 attempts=1 curvature=0.000s solve=0.000s predred=0.000s candidate=0.000s other=0.000s
[INFO] [PIRLS lm-trajectory] iter=  7 start_lambda=1.372e-9 final_lambda=1.000e-9 log10_ratio=-0.137 accept_rho=1.000 attempts=1
[INFO] [STAGE] PIRLS update_with_curvature iter=8 curvature=Fisher elapsed=0.000s source=reused_prev_accept
[INFO] [PIRLS exact-decrement] applicable=true decrement_sq=5.231982e-20 threshold=1.472658e-13 pass=true gradient_norm=1.972105e-10 relative_gradient=8.994838e-11 dimension_scale=6.244998e1 natural_scale=1.192485e0 objective=1.414129e0 actual_reduction=1.110223e-15 predicted_reduction=6.301080e-16 linear_model_term=-1.252148e-15 direction_norm=2.951142e-7 data_reduction=1.092459e-13 penalty_reduction=-1.081071e-13
[INFO] [PIRLS solve-end] iters=8 elapsed=0.0064s g_norm_initial=1.750e3 g_norm_final=1.972e-10 convergence_rate=2.407e-2 status=Converged
[INFO] [STAGE] inner pirls solve iters=8 status=Converged max_eta=2.0 jeffreys_logdet=none rows=full(derivative-request) elapsed=0.007s
[INFO] [STAGE] logdet S (Z-projected) rho_dim=2 penalty_rank=2 elapsed=0.000s
[INFO] [#1271-diag] p=3 penalty_rank=2 nullspace_dim=1 logS=-5.201441 logH=9.806718 half_diff=7.504079 h_above1=2 h_min=1.428e-2 h_max=8.637e3 rho=[18.5578,1.8599] lambda=[1.147e8,6.423e0]
[INFO] [STAGE] reml_laml cost_only_done k=2 ext_dim=0 dim=3 elapsed=0.000s
[INFO] [OUTER hessian-route] choice=dense reason=below_crossover n=300 p=3 k=2 callback_kernel=false subspace_trace=false scale_prefers_operator=false dense_workspace_bytes=504
[INFO] [OUTER hessian-elapsed] choice=dense reason=below_crossover n=300 p=3 k=2 elapsed=0.000s
[INFO] [HGB] small-sample fallback to defaults: pairs=0, threshold=3
[INFO] [reml-geometry] dense_spectral reason=constraints_present p=13 nnz_x=na nnz_h_est=na density_h_est=na threshold=0.1000
[INFO] [STAGE] PIRLS update_with_curvature iter=1 curvature=Fisher elapsed=0.000s source=rebuilt
[INFO] [PIRLS iter-end] iter=  1 elapsed=0.0009s lm_lambda=3.33e-7 g_norm=7.960e-2 last_dev_change=5.196e1 last_halving=1
[INFO] [PIRLS iter-breakdown] iter=  1 attempts=1 curvature=0.000s solve=0.000s predred=0.000s candidate=0.000s other=0.000s
[INFO] [PIRLS lm-trajectory] iter=  1 start_lambda=1.000e-6 final_lambda=3.333e-7 log10_ratio=-0.477 accept_rho=1.000 attempts=1
[INFO] [STAGE] PIRLS update_with_curvature iter=2 curvature=Fisher elapsed=0.000s source=reused_prev_accept
[INFO] [PIRLS iter-end] iter=  2 elapsed=0.0006s lm_lambda=1.11e-7 g_norm=1.833e-2 last_dev_change=2.259e-4 last_halving=1
[INFO] [PIRLS iter-breakdown] iter=  2 attempts=1 curvature=0.000s solve=0.000s predred=0.000s candidate=0.000s other=0.000s
[INFO] [PIRLS lm-trajectory] iter=  2 start_lambda=3.333e-7 final_lambda=1.111e-7 log10_ratio=-0.477 accept_rho=1.000 attempts=1
[INFO] [STAGE] PIRLS update_with_curvature iter=3 curvature=Fisher elapsed=0.000s source=reused_prev_accept
[INFO] [PIRLS iter-end] iter=  3 elapsed=0.0006s lm_lambda=3.70e-8 g_norm=7.914e-3 last_dev_change=1.713e-4 last_halving=1
[INFO] [PIRLS iter-breakdown] iter=  3 attempts=1 curvature=0.000s solve=0.000s predred=0.000s candidate=0.000s other=0.000s
[INFO] [PIRLS lm-trajectory] iter=  3 start_lambda=1.111e-7 final_lambda=3.704e-8 log10_ratio=-0.477 accept_rho=1.000 attempts=1
[INFO] [STAGE] PIRLS update_with_curvature iter=4 curvature=Fisher elapsed=0.000s source=reused_prev_accept
[INFO] [PIRLS iter-end] iter=  4 elapsed=0.0006s lm_lambda=1.23e-8 g_norm=1.600e-3 last_dev_change=3.766e-5 last_halving=1
[INFO] [PIRLS iter-breakdown] iter=  4 attempts=1 curvature=0.000s solve=0.000s predred=0.000s candidate=0.000s other=0.000s
[INFO] [PIRLS lm-trajectory] iter=  4 start_lambda=3.704e-8 final_lambda=1.235e-8 log10_ratio=-0.477 accept_rho=1.000 attempts=1
[INFO] [STAGE] PIRLS update_with_curvature iter=5 curvature=Fisher elapsed=0.000s source=reused_prev_accept
[INFO] [PIRLS iter-end] iter=  5 elapsed=0.0006s lm_lambda=4.12e-9 g_norm=1.246e-4 last_dev_change=1.595e-6 last_halving=1
[INFO] [PIRLS iter-breakdown] iter=  5 attempts=1 curvature=0.000s solve=0.000s predred=0.000s candidate=0.000s other=0.000s
[INFO] [PIRLS lm-trajectory] iter=  5 start_lambda=1.235e-8 final_lambda=4.115e-9 log10_ratio=-0.477 accept_rho=1.000 attempts=1
[INFO] [STAGE] PIRLS update_with_curvature iter=6 curvature=Fisher elapsed=0.000s source=reused_prev_accept
[INFO] [PIRLS iter-end] iter=  6 elapsed=0.0006s lm_lambda=1.37e-9 g_norm=3.411e-6 last_dev_change=9.723e-9 last_halving=1
[INFO] [PIRLS iter-breakdown] iter=  6 attempts=1 curvature=0.000s solve=0.000s predred=0.000s candidate=0.000s other=0.000s
[INFO] [PIRLS lm-trajectory] iter=  6 start_lambda=4.115e-9 final_lambda=1.372e-9 log10_ratio=-0.477 accept_rho=1.000 attempts=1
[INFO] [STAGE] PIRLS update_with_curvature iter=7 curvature=Fisher elapsed=0.000s source=reused_prev_accept
[INFO] [PIRLS iter-end] iter=  7 elapsed=0.0006s lm_lambda=1.00e-9 g_norm=3.170e-8 last_dev_change=7.293e-12 last_halving=1
[INFO] [PIRLS iter-breakdown] iter=  7 attempts=1 curvature=0.000s solve=0.000s predred=0.000s candidate=0.000s other=0.000s
[INFO] [PIRLS lm-trajectory] iter=  7 start_lambda=1.372e-9 final_lambda=1.000e-9 log10_ratio=-0.137 accept_rho=1.000 attempts=1
[INFO] [STAGE] PIRLS update_with_curvature iter=8 curvature=Fisher elapsed=0.000s source=reused_prev_accept
[INFO] [PIRLS exact-decrement] applicable=true decrement_sq=5.231982e-20 threshold=1.472658e-13 pass=true gradient_norm=1.972105e-10 relative_gradient=8.994838e-11 dimension_scale=6.244998e1 natural_scale=1.192485e0 objective=1.414129e0 actual_reduction=1.110223e-15 predicted_reduction=6.301080e-16 linear_model_term=-1.252148e-15 direction_norm=2.951142e-7 data_reduction=1.092459e-13 penalty_reduction=-1.081071e-13
[INFO] [PIRLS solve-end] iters=8 elapsed=0.0064s g_norm_initial=1.750e3 g_norm_final=1.972e-10 convergence_rate=2.407e-2 status=Converged
[INFO] [STAGE] inner pirls solve iters=8 status=Converged max_eta=2.0 jeffreys_logdet=none rows=full(derivative-request) elapsed=0.007s
[INFO] [STAGE] logdet S (Z-projected) rho_dim=2 penalty_rank=2 elapsed=0.000s
[INFO] [#1271-diag] p=3 penalty_rank=2 nullspace_dim=1 logS=-5.201441 logH=9.806718 half_diff=7.504079 h_above1=2 h_min=1.428e-2 h_max=8.637e3 rho=[18.5578,1.8599] lambda=[1.147e8,6.423e0]
[INFO] [STAGE] logdet S (Z-projected) rho_dim=2 penalty_rank=2 elapsed=0.000s
[INFO] [#1271-diag] p=3 penalty_rank=2 nullspace_dim=1 logS=-5.201441 logH=9.806718 half_diff=7.504079 h_above1=2 h_min=1.428e-2 h_max=8.637e3 rho=[18.5578,1.8599] lambda=[1.147e8,6.423e0]
[INFO] [STAGE] reml_laml cost_only_done k=2 ext_dim=0 dim=3 elapsed=0.000s
[INFO] [OUTER hessian-route] choice=dense reason=below_crossover n=300 p=3 k=2 callback_kernel=false subspace_trace=false scale_prefers_operator=false dense_workspace_bytes=504
[INFO] [OUTER hessian-elapsed] choice=dense reason=below_crossover n=300 p=3 k=2 elapsed=0.000s
[INFO] [HGB] small-sample fallback to defaults: pairs=0, threshold=3
[INFO] [CERTIFICATE] standard REML: the objective published no criterion resolution; using the last-bit floor 5.907e-14 of the value alone (#2812)
[INFO] [CERTIFICATE-BOUND] standard REML: fidelity=Mint, rho=[1.8598891213289879, 18.557816238622458], bound 4.470348e-6 set by solver-band (derived_standard=false, |Pg|=1.315725e-7, |g|=1.315725e-7, solver_band=4.470348e-6, cost=-2.650203e2)
[INFO] [CERTIFICATE] standard REML: gradient |g|=1.316e-7 |Pg|=1.316e-7 bound=4.470e-6 (rung=solver-band derived_standard=false) hessian_psd=yes curvature_source=terminal-analytic railed=[] → stationary
[INFO] [STAGE] PIRLS update_with_curvature iter=1 curvature=Fisher elapsed=0.000s source=rebuilt
[INFO] [PIRLS iter-end] iter=  1 elapsed=0.0009s lm_lambda=3.33e-7 g_norm=7.960e-2 last_dev_change=5.196e1 last_halving=1
[INFO] [PIRLS iter-breakdown] iter=  1 attempts=1 curvature=0.001s solve=0.000s predred=0.000s candidate=0.000s other=0.000s
[INFO] [PIRLS lm-trajectory] iter=  1 start_lambda=1.000e-6 final_lambda=3.333e-7 log10_ratio=-0.477 accept_rho=1.000 attempts=1
[INFO] [STAGE] PIRLS update_with_curvature iter=2 curvature=Fisher elapsed=0.000s source=reused_prev_accept
[INFO] [PIRLS iter-end] iter=  2 elapsed=0.0006s lm_lambda=1.11e-7 g_norm=1.833e-2 last_dev_change=2.259e-4 last_halving=1
[INFO] [PIRLS iter-breakdown] iter=  2 attempts=1 curvature=0.000s solve=0.000s predred=0.000s candidate=0.000s other=0.000s
[INFO] [PIRLS lm-trajectory] iter=  2 start_lambda=3.333e-7 final_lambda=1.111e-7 log10_ratio=-0.477 accept_rho=1.000 attempts=1
[INFO] [STAGE] PIRLS update_with_curvature iter=3 curvature=Fisher elapsed=0.000s source=reused_prev_accept
[INFO] [PIRLS iter-end] iter=  3 elapsed=0.0006s lm_lambda=3.70e-8 g_norm=7.914e-3 last_dev_change=1.713e-4 last_halving=1
[INFO] [PIRLS iter-breakdown] iter=  3 attempts=1 curvature=0.000s solve=0.000s predred=0.000s candidate=0.000s other=0.000s
[INFO] [PIRLS lm-trajectory] iter=  3 start_lambda=1.111e-7 final_lambda=3.704e-8 log10_ratio=-0.477 accept_rho=1.000 attempts=1
[INFO] [STAGE] PIRLS update_with_curvature iter=4 curvature=Fisher elapsed=0.000s source=reused_prev_accept
[INFO] [PIRLS iter-end] iter=  4 elapsed=0.0006s lm_lambda=1.23e-8 g_norm=1.600e-3 last_dev_change=3.766e-5 last_halving=1
[INFO] [PIRLS iter-breakdown] iter=  4 attempts=1 curvature=0.000s solve=0.000s predred=0.000s candidate=0.000s other=0.000s
[INFO] [PIRLS lm-trajectory] iter=  4 start_lambda=3.704e-8 final_lambda=1.235e-8 log10_ratio=-0.477 accept_rho=1.000 attempts=1
[INFO] [STAGE] PIRLS update_with_curvature iter=5 curvature=Fisher elapsed=0.000s source=reused_prev_accept
[INFO] [PIRLS iter-end] iter=  5 elapsed=0.0006s lm_lambda=4.12e-9 g_norm=1.246e-4 last_dev_change=1.595e-6 last_halving=1
[INFO] [PIRLS iter-breakdown] iter=  5 attempts=1 curvature=0.000s solve=0.000s predred=0.000s candidate=0.000s other=0.000s
[INFO] [PIRLS lm-trajectory] iter=  5 start_lambda=1.235e-8 final_lambda=4.115e-9 log10_ratio=-0.477 accept_rho=1.000 attempts=1
[INFO] [STAGE] PIRLS update_with_curvature iter=6 curvature=Fisher elapsed=0.000s source=reused_prev_accept
[INFO] [PIRLS iter-end] iter=  6 elapsed=0.0006s lm_lambda=1.37e-9 g_norm=3.411e-6 last_dev_change=9.723e-9 last_halving=1
[INFO] [PIRLS iter-breakdown] iter=  6 attempts=1 curvature=0.000s solve=0.000s predred=0.000s candidate=0.000s other=0.000s
[INFO] [PIRLS lm-trajectory] iter=  6 start_lambda=4.115e-9 final_lambda=1.372e-9 log10_ratio=-0.477 accept_rho=1.000 attempts=1
[INFO] [STAGE] PIRLS update_with_curvature iter=7 curvature=Fisher elapsed=0.000s source=reused_prev_accept
[INFO] [PIRLS iter-end] iter=  7 elapsed=0.0007s lm_lambda=1.00e-9 g_norm=3.170e-8 last_dev_change=7.293e-12 last_halving=1
[INFO] [PIRLS iter-breakdown] iter=  7 attempts=1 curvature=0.000s solve=0.000s predred=0.000s candidate=0.000s other=0.000s
[INFO] [PIRLS lm-trajectory] iter=  7 start_lambda=1.372e-9 final_lambda=1.000e-9 log10_ratio=-0.137 accept_rho=1.000 attempts=1
[INFO] [STAGE] PIRLS update_with_curvature iter=8 curvature=Fisher elapsed=0.000s source=reused_prev_accept
[INFO] [PIRLS exact-decrement] applicable=true decrement_sq=5.231982e-20 threshold=1.472658e-13 pass=true gradient_norm=1.972105e-10 relative_gradient=8.994838e-11 dimension_scale=6.244998e1 natural_scale=1.192485e0 objective=1.414129e0 actual_reduction=1.110223e-15 predicted_reduction=6.301080e-16 linear_model_term=-1.252148e-15 direction_norm=2.951142e-7 data_reduction=1.092459e-13 penalty_reduction=-1.081071e-13
[INFO] [PIRLS solve-end] iters=8 elapsed=0.0065s g_norm_initial=1.750e3 g_norm_final=1.972e-10 convergence_rate=2.407e-2 status=Converged
[INFO] [STAGE] logdet S (Z-projected) rho_dim=2 penalty_rank=2 elapsed=0.000s
[INFO] [#1271-diag] p=3 penalty_rank=2 nullspace_dim=1 logS=-5.201441 logH=9.806718 half_diff=7.504079 h_above1=2 h_min=1.428e-2 h_max=8.637e3 rho=[18.5578,1.8599] lambda=[1.147e8,6.423e0]
[INFO] [STAGE] reml_laml cost_only_done k=2 ext_dim=0 dim=3 elapsed=0.000s
[INFO] [OUTER hessian-route] choice=dense reason=below_crossover n=300 p=3 k=2 callback_kernel=false subspace_trace=false scale_prefers_operator=false dense_workspace_bytes=504
[INFO] [OUTER hessian-elapsed] choice=dense reason=below_crossover n=300 p=3 k=2 elapsed=0.000s
[INFO] LAML rho Hessian is not fully identified (active_rank=1/2, structural_zero=0, below_gradient_floor=1, unresolvable_curvature=0, curvature_resolution=1.416e-14); using its certified structural pseudoinverse. `below_gradient_floor` counts saturation nulls: directions whose curvature is under the outer loop's own residual gradient, so they carry no resolvable rho-variance (#2428).
[WARN] [INDEF-HESS] rho=[18.557816238622458, 1.8598891213289879]
[WARN] [INDEF-HESS] eigenvalues=[4.972601774788643e-10, 0.4982362839353067]
[WARN] [INDEF-HESS] active_rank=1/2 structural_zero=0 unresolvable_curvature=0 below_gradient_floor=1 curvature_resolution=1.416e-14
[WARN] [INDEF-HESS] classifications=["G", "A"] (A=active; Z=certified null of the penalty map, excused by STRUCTURE; R=under the measured curvature resolution ||dH||_2, excused by RESOLUTION; G=under the outer loop's own gradient floor, i.e. a saturation null, excused by the CHAIN RULE)
[WARN] [INDEF-HESS] min_eigenvalue=4.9726e-10 min_eigenvector=[1.0, 0.0]
[WARN] [INDEF-HESS] outer_gradient=[1.3145538247733098e-7, 5.550404754739433e-9]
[WARN] [INDEF-HESS] reparam_split sigma=[4.972601774788643e-10, 0.4982362839353067] reparam=sum_k g_k v_k^2=[1.3145538247733098e-7, 5.550404754739433e-9] intrinsic=sigma-reparam=[-1.3095812229985212e-7, 0.498236278384902] gradient_floor=sum_k |g_k| v_k^2=[1.3145538247733098e-7, 5.550404754739433e-9] (a certified-null direction has intrinsic == 0 EXACTLY, so |sigma| == floor and the gate's boundary runs through it; see #2676)
[WARN] [INDEF-HESS] penalty_count=2 ranges=[(0, 13), (0, 13)] ranks=[10, 2]
[WARN] [INDEF-HESS] pair=(0,1) relative_defect=9.223600e-1 best_scale=3.863316e-1 tr_ii=1.0000e0 tr_jj=1.0000e0 v_neg[i]-v_neg[j]/sqrt2=7.0711e-1
[INFO] [reml-geometry] dense_spectral reason=constraints_present p=13 nnz_x=na nnz_h_est=na density_h_est=na threshold=0.1000
[INFO] [IFT-CACHE] outcome=miss drho_dim=2 p=13 elapsed=0.000s
[INFO] [ADAPTIVE-KKT] outer_g_norm=1.316e-7 effective_tol=1.000e-12 floor=1.000e-12 ceiling=1.000e-12
[INFO] [STAGE] PIRLS update_with_curvature iter=1 curvature=Fisher elapsed=0.000s source=rebuilt
[INFO] [PIRLS iter-end] iter=  1 elapsed=0.0009s lm_lambda=3.33e-7 g_norm=6.563e-6 last_dev_change=2.485e-4 last_halving=1
[INFO] [PIRLS iter-breakdown] iter=  1 attempts=1 curvature=0.001s solve=0.000s predred=0.000s candidate=0.000s other=0.000s
[INFO] [PIRLS lm-trajectory] iter=  1 start_lambda=1.000e-6 final_lambda=3.333e-7 log10_ratio=-0.477 accept_rho=1.000 attempts=1
[INFO] [STAGE] PIRLS update_with_curvature iter=2 curvature=Fisher elapsed=0.000s source=reused_prev_accept
[INFO] [PIRLS iter-end] iter=  2 elapsed=0.0005s lm_lambda=1.11e-7 g_norm=2.537e-6 last_dev_change=2.130e-12 last_halving=1
[INFO] [PIRLS iter-breakdown] iter=  2 attempts=1 curvature=0.000s solve=0.000s predred=0.000s candidate=0.000s other=0.000s
[INFO] [PIRLS lm-trajectory] iter=  2 start_lambda=3.333e-7 final_lambda=1.111e-7 log10_ratio=-0.477 accept_rho=1.000 attempts=1
[INFO] [STAGE] PIRLS update_with_curvature iter=3 curvature=Fisher elapsed=0.000s source=reused_prev_accept
[INFO] [PIRLS iter-end] iter=  3 elapsed=0.0005s lm_lambda=3.70e-8 g_norm=3.948e-7 last_dev_change=3.013e-13 last_halving=1
[INFO] [PIRLS iter-breakdown] iter=  3 attempts=1 curvature=0.000s solve=0.000s predred=0.000s candidate=0.000s other=0.000s
[INFO] [PIRLS lm-trajectory] iter=  3 start_lambda=1.111e-7 final_lambda=3.704e-8 log10_ratio=-0.477 accept_rho=1.000 attempts=1
[INFO] [STAGE] PIRLS update_with_curvature iter=4 curvature=Fisher elapsed=0.000s source=reused_prev_accept
[INFO] [PIRLS exact-decrement] applicable=true decrement_sq=5.015741e-17 threshold=1.488037e-13 pass=true gradient_norm=2.305857e-8 relative_gradient=9.119347e-9 dimension_scale=6.244998e1 natural_scale=1.528532e0 objective=1.428896e0 actual_reduction=7.549517e-15 predicted_reduction=7.458227e-15 linear_model_term=-1.410019e-14 direction_norm=4.748419e-7 data_reduction=-2.971401e-12 penalty_reduction=2.978874e-12
[INFO] [PIRLS solve-end] iters=4 elapsed=0.0030s g_norm_initial=1.614e2 g_norm_final=2.306e-8 convergence_rate=3.457e-3 status=Converged
[INFO] [STAGE] inner pirls solve iters=4 status=Converged max_eta=2.0 jeffreys_logdet=none rows=full(derivative-request) elapsed=0.004s
[INFO] [IFT-QUALITY] quality=6.554e-5 ift=2.000e0 pred_residual=1.590e-4 cap_predicted=3.000e0 iters=4
[INFO] [STAGE] logdet S (Z-projected) rho_dim=2 penalty_rank=2 elapsed=0.000s
[INFO] [#1271-diag] p=3 penalty_rank=2 nullspace_dim=1 logS=-2.368013 logH=11.223716 half_diff=6.795864 h_above1=2 h_min=5.888e-2 h_max=8.639e3 rho=[18.5578,3.2766] lambda=[1.147e8,2.649e1]
[INFO] [reml-geometry] dense_spectral reason=constraints_present p=13 nnz_x=na nnz_h_est=na density_h_est=na threshold=0.1000
[INFO] [IFT-CACHE] outcome=miss drho_dim=2 p=13 elapsed=0.000s
[INFO] [ADAPTIVE-KKT] outer_g_norm=1.316e-7 effective_tol=1.000e-12 floor=1.000e-12 ceiling=1.000e-12
[INFO] [STAGE] PIRLS update_with_curvature iter=1 curvature=Fisher elapsed=0.000s source=rebuilt
[INFO] [PIRLS iter-end] iter=  1 elapsed=0.0009s lm_lambda=3.33e-7 g_norm=4.978e-6 last_dev_change=2.478e-4 last_halving=1
[INFO] [PIRLS iter-breakdown] iter=  1 attempts=1 curvature=0.000s solve=0.000s predred=0.000s candidate=0.000s other=0.000s
[INFO] [PIRLS lm-trajectory] iter=  1 start_lambda=1.000e-6 final_lambda=3.333e-7 log10_ratio=-0.477 accept_rho=1.000 attempts=1
[INFO] [STAGE] PIRLS update_with_curvature iter=2 curvature=Fisher elapsed=0.000s source=reused_prev_accept
[INFO] [PIRLS iter-end] iter=  2 elapsed=0.0006s lm_lambda=1.11e-7 g_norm=1.239e-6 last_dev_change=1.270e-12 last_halving=1
[INFO] [PIRLS iter-breakdown] iter=  2 attempts=1 curvature=0.000s solve=0.000s predred=0.000s candidate=0.000s other=0.000s
[INFO] [PIRLS lm-trajectory] iter=  2 start_lambda=3.333e-7 final_lambda=1.111e-7 log10_ratio=-0.477 accept_rho=1.000 attempts=1
[INFO] [STAGE] PIRLS update_with_curvature iter=3 curvature=Fisher elapsed=0.000s source=reused_prev_accept
[INFO] [PIRLS iter-end] iter=  3 elapsed=0.0006s lm_lambda=3.70e-8 g_norm=3.087e-7 last_dev_change=3.946e-13 last_halving=1
[INFO] [PIRLS iter-breakdown] iter=  3 attempts=1 curvature=0.000s solve=0.000s predred=0.000s candidate=0.000s other=0.000s
[INFO] [PIRLS lm-trajectory] iter=  3 start_lambda=1.111e-7 final_lambda=3.704e-8 log10_ratio=-0.477 accept_rho=1.001 attempts=1
[INFO] [STAGE] PIRLS update_with_curvature iter=4 curvature=Fisher elapsed=0.000s source=reused_prev_accept
[INFO] [PIRLS exact-decrement] applicable=true decrement_sq=5.168652e-16 threshold=1.479013e-13 pass=true gradient_norm=3.072194e-8 relative_gradient=1.357656e-8 dimension_scale=6.244998e1 natural_scale=1.262867e0 objective=1.420231e0 actual_reduction=2.575717e-14 predicted_reduction=2.582554e-14 linear_model_term=-4.697527e-14 direction_norm=1.136965e-6 data_reduction=2.196021e-12 penalty_reduction=-2.170257e-12
[INFO] [PIRLS solve-end] iters=4 elapsed=0.0035s g_norm_initial=1.615e2 g_norm_final=3.072e-8 convergence_rate=3.714e-3 status=Converged
[INFO] [STAGE] inner pirls solve iters=4 status=Converged max_eta=2.0 jeffreys_logdet=none rows=full(derivative-request) elapsed=0.005s
[INFO] [IFT-QUALITY] quality=2.261e-5 ift=3.000e0 pred_residual=5.484e-5 cap_predicted=4.500e0 iters=4
[INFO] [STAGE] logdet S (Z-projected) rho_dim=2 penalty_rank=2 elapsed=0.000s
[INFO] [#1271-diag] p=3 penalty_rank=2 nullspace_dim=1 logS=-3.543875 logH=10.635618 half_diff=7.089747 h_above1=2 h_min=3.271e-2 h_max=8.638e3 rho=[18.5578,2.6887] lambda=[1.147e8,1.471e1]
[INFO] [reml-geometry] dense_spectral reason=constraints_present p=13 nnz_x=na nnz_h_est=na density_h_est=na threshold=0.1000
[INFO] [IFT-CACHE] outcome=miss drho_dim=2 p=13 elapsed=0.000s
[INFO] [ADAPTIVE-KKT] outer_g_norm=1.316e-7 effective_tol=1.000e-12 floor=1.000e-12 ceiling=1.000e-12
[INFO] [STAGE] PIRLS update_with_curvature iter=1 curvature=Fisher elapsed=0.000s source=rebuilt
[INFO] [PIRLS iter-end] iter=  1 elapsed=0.0008s lm_lambda=3.33e-7 g_norm=4.030e-5 last_dev_change=2.509e-4 last_halving=1
[INFO] [PIRLS iter-breakdown] iter=  1 attempts=1 curvature=0.001s solve=0.000s predred=0.000s candidate=0.000s other=0.000s
[INFO] [PIRLS lm-trajectory] iter=  1 start_lambda=1.000e-6 final_lambda=3.333e-7 log10_ratio=-0.477 accept_rho=1.000 attempts=1
[INFO] [STAGE] PIRLS update_with_curvature iter=2 curvature=Fisher elapsed=0.000s source=reused_prev_accept
[INFO] [PIRLS iter-end] iter=  2 elapsed=0.0005s lm_lambda=1.11e-7 g_norm=1.929e-6 last_dev_change=7.034e-13 last_halving=1
[INFO] [PIRLS iter-breakdown] iter=  2 attempts=1 curvature=0.000s solve=0.000s predred=0.000s candidate=0.000s other=0.000s
[INFO] [PIRLS lm-trajectory] iter=  2 start_lambda=3.333e-7 final_lambda=1.111e-7 log10_ratio=-0.477 accept_rho=1.000 attempts=1
[INFO] [STAGE] PIRLS update_with_curvature iter=3 curvature=Fisher elapsed=0.000s source=reused_prev_accept
[INFO] [PIRLS iter-end] iter=  3 elapsed=0.0005s lm_lambda=3.70e-8 g_norm=1.460e-6 last_dev_change=1.289e-12 last_halving=1
[INFO] [PIRLS iter-breakdown] iter=  3 attempts=1 curvature=0.000s solve=0.000s predred=0.000s candidate=0.000s other=0.000s
[INFO] [PIRLS lm-trajectory] iter=  3 start_lambda=1.111e-7 final_lambda=3.704e-8 log10_ratio=-0.477 accept_rho=1.000 attempts=1
[INFO] [STAGE] PIRLS update_with_curvature iter=4 curvature=Fisher elapsed=0.000s source=reused_prev_accept
[INFO] [PIRLS iter-end] iter=  4 elapsed=0.0004s lm_lambda=1.23e-8 g_norm=7.464e-7 last_dev_change=1.287e-12 last_halving=1
[INFO] [PIRLS iter-breakdown] iter=  4 attempts=1 curvature=0.000s solve=0.000s predred=0.000s candidate=0.000s other=0.000s
[INFO] [PIRLS lm-trajectory] iter=  4 start_lambda=3.704e-8 final_lambda=1.235e-8 log10_ratio=-0.477 accept_rho=1.000 attempts=1
[INFO] [STAGE] PIRLS update_with_curvature iter=5 curvature=Fisher elapsed=0.000s source=reused_prev_accept
[INFO] [PIRLS iter-end] iter=  5 elapsed=0.0005s lm_lambda=4.12e-9 g_norm=1.925e-7 last_dev_change=4.248e-13 last_halving=1
[INFO] [PIRLS iter-breakdown] iter=  5 attempts=1 curvature=0.000s solve=0.000s predred=0.000s candidate=0.000s other=0.000s
[INFO] [PIRLS lm-trajectory] iter=  5 start_lambda=1.235e-8 final_lambda=4.115e-9 log10_ratio=-0.477 accept_rho=1.001 attempts=1
[INFO] [STAGE] PIRLS update_with_curvature iter=6 curvature=Fisher elapsed=0.000s source=reused_prev_accept
[INFO] [PIRLS exact-decrement] applicable=true decrement_sq=6.500986e-16 threshold=1.468928e-13 pass=true gradient_norm=1.992147e-8 relative_gradient=9.029440e-9 dimension_scale=6.244998e1 natural_scale=1.206279e0 objective=1.410546e0 actual_reduction=2.953193e-14 predicted_reduction=3.003520e-14 linear_model_term=-5.443763e-14 direction_norm=3.753561e-6 data_reduction=-8.193446e-14 penalty_reduction=1.114631e-13
[INFO] [PIRLS solve-end] iters=6 elapsed=0.0042s g_norm_initial=1.612e2 g_norm_final=1.992e-8 convergence_rate=2.232e-2 status=Converged
[INFO] [STAGE] inner pirls solve iters=6 status=Converged max_eta=2.0 jeffreys_logdet=none rows=full(derivative-request) elapsed=0.005s
[INFO] [IFT-QUALITY] quality=1.194e-4 ift=4.500e0 pred_residual=2.897e-4 cap_predicted=6.750e0 iters=6
[INFO] [STAGE] logdet S (Z-projected) rho_dim=2 penalty_rank=2 elapsed=0.000s
[INFO] [#1271-diag] p=3 penalty_rank=2 nullspace_dim=1 logS=-8.034865 logH=8.389937 half_diff=8.212401 h_above1=2 h_min=3.464e-3 h_max=8.636e3 rho=[18.5578,0.4432] lambda=[1.147e8,1.558e0]
[INFO] [reml-geometry] dense_spectral reason=constraints_present p=13 nnz_x=na nnz_h_est=na density_h_est=na threshold=0.1000
[INFO] [IFT-REJECTED] reason=large_drho max_drho=7.663e0 cap=6.750e0 drho_dim=2
[INFO] [TANGENT-REJECTED] reason=alpha_above_cap alpha=3.413e0 cap=2.000e0
[INFO] [ADAPTIVE-KKT] outer_g_norm=1.316e-7 effective_tol=1.000e-12 floor=1.000e-12 ceiling=1.000e-12
[INFO] [STAGE] PIRLS update_with_curvature iter=1 curvature=Fisher elapsed=0.000s source=rebuilt
[INFO] [PIRLS iter-end] iter=  1 elapsed=0.0011s lm_lambda=3.33e-7 g_norm=6.638e-6 last_dev_change=2.480e-4 last_halving=1
[INFO] [PIRLS iter-breakdown] iter=  1 attempts=1 curvature=0.001s solve=0.000s predred=0.000s candidate=0.000s other=0.000s
[INFO] [PIRLS lm-trajectory] iter=  1 start_lambda=1.000e-6 final_lambda=3.333e-7 log10_ratio=-0.477 accept_rho=1.000 attempts=1
[INFO] [STAGE] PIRLS update_with_curvature iter=2 curvature=Fisher elapsed=0.000s source=reused_prev_accept
[INFO] [PIRLS exact-decrement] applicable=true decrement_sq=1.220221e-10 threshold=1.467734e-13 pass=false gradient_norm=1.058970e-7 relative_gradient=4.771611e-8 dimension_scale=6.244998e1 natural_scale=1.219312e0 objective=1.409400e0 actual_reduction=1.798561e-14 predicted_reduction=1.742971e-14 linear_model_term=-2.872283e-14 direction_norm=4.196555e-7 data_reduction=8.060219e-14 penalty_reduction=-6.263988e-14
[INFO] [PIRLS solve-end] iters=2 elapsed=0.0024s g_norm_initial=1.616e2 g_norm_final=1.059e-7 convergence_rate=2.560e-5 status=LmStepSearchExhausted
[INFO] [STAGE] inner pirls solve iters=2 status=LmStepSearchExhausted max_eta=2.0 jeffreys_logdet=none rows=full(derivative-request) elapsed=0.004s
[INFO] [ADAPTIVE-KKT] outer_g_norm=1.316e-7 effective_tol=1.000e-12 floor=1.000e-12 ceiling=1.000e-12
[INFO] [STAGE] PIRLS update_with_curvature iter=1 curvature=Fisher elapsed=0.000s source=rebuilt
[INFO] [PIRLS iter-end] iter=  1 elapsed=0.0009s lm_lambda=3.33e-7 g_norm=5.325e-2 last_dev_change=5.196e1 last_halving=1
[INFO] [PIRLS iter-breakdown] iter=  1 attempts=1 curvature=0.000s solve=0.000s predred=0.000s candidate=0.000s other=0.000s
[INFO] [PIRLS lm-trajectory] iter=  1 start_lambda=1.000e-6 final_lambda=3.333e-7 log10_ratio=-0.477 accept_rho=1.000 attempts=1
[INFO] [STAGE] PIRLS update_with_curvature iter=2 curvature=Fisher elapsed=0.000s source=reused_prev_accept
[INFO] [PIRLS iter-end] iter=  2 elapsed=0.0006s lm_lambda=1.11e-7 g_norm=5.693e-6 last_dev_change=7.427e-7 last_halving=1
[INFO] [PIRLS iter-breakdown] iter=  2 attempts=1 curvature=0.000s solve=0.000s predred=0.000s candidate=0.000s other=0.000s
[INFO] [PIRLS lm-trajectory] iter=  2 start_lambda=3.333e-7 final_lambda=1.111e-7 log10_ratio=-0.477 accept_rho=1.000 attempts=1
[INFO] [STAGE] PIRLS update_with_curvature iter=3 curvature=Fisher elapsed=0.000s source=reused_prev_accept
[INFO] [PIRLS iter-end] iter=  3 elapsed=0.0006s lm_lambda=3.70e-8 g_norm=3.570e-6 last_dev_change=2.102e-11 last_halving=1
[INFO] [PIRLS iter-breakdown] iter=  3 attempts=1 curvature=0.000s solve=0.000s predred=0.000s candidate=0.000s other=0.000s
[INFO] [PIRLS lm-trajectory] iter=  3 start_lambda=1.111e-7 final_lambda=3.704e-8 log10_ratio=-0.477 accept_rho=1.000 attempts=1
[INFO] [STAGE] PIRLS update_with_curvature iter=4 curvature=Fisher elapsed=0.000s source=reused_prev_accept
[INFO] [PIRLS iter-end] iter=  4 elapsed=0.0006s lm_lambda=1.23e-8 g_norm=3.568e-6 last_dev_change=6.302e-11 last_halving=1
[INFO] [PIRLS iter-breakdown] iter=  4 attempts=1 curvature=0.000s solve=0.000s predred=0.000s candidate=0.000s other=0.000s
[INFO] [PIRLS lm-trajectory] iter=  4 start_lambda=3.704e-8 final_lambda=1.235e-8 log10_ratio=-0.477 accept_rho=1.000 attempts=1
[INFO] [STAGE] PIRLS update_with_curvature iter=5 curvature=Fisher elapsed=0.000s source=reused_prev_accept
[INFO] [PIRLS iter-end] iter=  5 elapsed=0.0006s lm_lambda=4.12e-9 g_norm=3.563e-6 last_dev_change=1.886e-10 last_halving=1
[INFO] [PIRLS iter-breakdown] iter=  5 attempts=1 curvature=0.000s solve=0.000s predred=0.000s candidate=0.000s other=0.000s
[INFO] [PIRLS lm-trajectory] iter=  5 start_lambda=1.235e-8 final_lambda=4.115e-9 log10_ratio=-0.477 accept_rho=1.000 attempts=1
[INFO] [STAGE] PIRLS update_with_curvature iter=6 curvature=Fisher elapsed=0.000s source=reused_prev_accept
[INFO] [PIRLS iter-end] iter=  6 elapsed=0.0006s lm_lambda=1.37e-9 g_norm=3.549e-6 last_dev_change=5.621e-10 last_halving=1
[INFO] [PIRLS iter-breakdown] iter=  6 attempts=1 curvature=0.000s solve=0.000s predred=0.000s candidate=0.000s other=0.000s
[INFO] [PIRLS lm-trajectory] iter=  6 start_lambda=4.115e-9 final_lambda=1.372e-9 log10_ratio=-0.477 accept_rho=1.000 attempts=1
[INFO] [STAGE] PIRLS update_with_curvature iter=7 curvature=Fisher elapsed=0.000s source=reused_prev_accept
[INFO] [PIRLS iter-end] iter=  7 elapsed=0.0006s lm_lambda=1.00e-9 g_norm=3.506e-6 last_dev_change=1.653e-9 last_halving=1
[INFO] [PIRLS iter-breakdown] iter=  7 attempts=1 curvature=0.000s solve=0.000s predred=0.000s candidate=0.000s other=0.000s
[INFO] [PIRLS lm-trajectory] iter=  7 start_lambda=1.372e-9 final_lambda=1.000e-9 log10_ratio=-0.137 accept_rho=1.000 attempts=1
[INFO] [STAGE] PIRLS update_with_curvature iter=8 curvature=Fisher elapsed=0.000s source=reused_prev_accept
[INFO] [PIRLS iter-end] iter=  8 elapsed=0.0006s lm_lambda=1.00e-9 g_norm=3.448e-6 last_dev_change=2.198e-9 last_halving=1
[INFO] [PIRLS iter-breakdown] iter=  8 attempts=1 curvature=0.000s solve=0.000s predred=0.000s candidate=0.000s other=0.000s
[INFO] [PIRLS lm-trajectory] iter=  8 start_lambda=1.000e-9 final_lambda=1.000e-9 log10_ratio=0.000 accept_rho=1.000 attempts=1
[INFO] [STAGE] PIRLS update_with_curvature iter=9 curvature=Fisher elapsed=0.000s source=reused_prev_accept
[INFO] [PIRLS iter-end] iter=  9 elapsed=0.0006s lm_lambda=1.00e-9 g_norm=3.391e-6 last_dev_change=2.126e-9 last_halving=1
[INFO] [PIRLS iter-breakdown] iter=  9 attempts=1 curvature=0.000s solve=0.000s predred=0.000s candidate=0.000s other=0.000s
[INFO] [PIRLS lm-trajectory] iter=  9 start_lambda=1.000e-9 final_lambda=1.000e-9 log10_ratio=0.000 accept_rho=1.000 attempts=1
[INFO] [STAGE] PIRLS update_with_curvature iter=10 curvature=Fisher elapsed=0.000s source=reused_prev_accept
[INFO] [PIRLS iter-end] iter= 10 elapsed=0.0006s lm_lambda=1.00e-9 g_norm=3.336e-6 last_dev_change=2.056e-9 last_halving=1
[INFO] [PIRLS iter-breakdown] iter= 10 attempts=1 curvature=0.000s solve=0.000s predred=0.000s candidate=0.000s other=0.000s
[INFO] [PIRLS lm-trajectory] iter= 10 start_lambda=1.000e-9 final_lambda=1.000e-9 log10_ratio=0.000 accept_rho=1.000 attempts=1
[INFO] [STAGE] PIRLS update_with_curvature iter=11 curvature=Fisher elapsed=0.000s source=reused_prev_accept
[INFO] [PIRLS iter-end] iter= 11 elapsed=0.0006s lm_lambda=1.00e-9 g_norm=3.281e-6 last_dev_change=1.989e-9 last_halving=1
[INFO] [PIRLS iter-breakdown] iter= 11 attempts=1 curvature=0.000s solve=0.000s predred=0.000s candidate=0.000s other=0.000s
[INFO] [PIRLS lm-trajectory] iter= 11 start_lambda=1.000e-9 final_lambda=1.000e-9 log10_ratio=0.000 accept_rho=1.000 attempts=1
[INFO] [STAGE] PIRLS update_with_curvature iter=12 curvature=Fisher elapsed=0.000s source=reused_prev_accept
[INFO] [PIRLS iter-end] iter= 12 elapsed=0.0006s lm_lambda=1.00e-9 g_norm=3.226e-6 last_dev_change=1.924e-9 last_halving=1
[INFO] [PIRLS iter-breakdown] iter= 12 attempts=1 curvature=0.000s solve=0.000s predred=0.000s candidate=0.000s other=0.000s
[INFO] [PIRLS lm-trajectory] iter= 12 start_lambda=1.000e-9 final_lambda=1.000e-9 log10_ratio=0.000 accept_rho=1.000 attempts=1
[INFO] [STAGE] PIRLS update_with_curvature iter=13 curvature=Fisher elapsed=0.000s source=reused_prev_accept
[INFO] [PIRLS iter-end] iter= 13 elapsed=0.0006s lm_lambda=1.00e-9 g_norm=3.173e-6 last_dev_change=1.861e-9 last_halving=1
[INFO] [PIRLS iter-breakdown] iter= 13 attempts=1 curvature=0.000s solve=0.000s predred=0.000s candidate=0.000s other=0.000s
[INFO] [PIRLS lm-trajectory] iter= 13 start_lambda=1.000e-9 final_lambda=1.000e-9 log10_ratio=0.000 accept_rho=1.000 attempts=1
[INFO] [STAGE] PIRLS update_with_curvature iter=14 curvature=Fisher elapsed=0.000s source=reused_prev_accept
[INFO] [PIRLS iter-end] iter= 14 elapsed=0.0006s lm_lambda=1.00e-9 g_norm=3.121e-6 last_dev_change=1.800e-9 last_halving=1
[INFO] [PIRLS iter-breakdown] iter= 14 attempts=1 curvature=0.000s solve=0.000s predred=0.000s candidate=0.000s other=0.000s
[INFO] [PIRLS lm-trajectory] iter= 14 start_lambda=1.000e-9 final_lambda=1.000e-9 log10_ratio=0.000 accept_rho=1.000 attempts=1
[INFO] [STAGE] PIRLS update_with_curvature iter=15 curvature=Fisher elapsed=0.000s source=reused_prev_accept
[INFO] [PIRLS iter-end] iter= 15 elapsed=0.0006s lm_lambda=1.00e-9 g_norm=3.069e-6 last_dev_change=1.741e-9 last_halving=1
[INFO] [PIRLS iter-breakdown] iter= 15 attempts=1 curvature=0.000s solve=0.000s predred=0.000s candidate=0.000s other=0.000s
[INFO] [PIRLS lm-trajectory] iter= 15 start_lambda=1.000e-9 final_lambda=1.000e-9 log10_ratio=0.000 accept_rho=1.000 attempts=1
[INFO] [STAGE] PIRLS update_with_curvature iter=16 curvature=Fisher elapsed=0.000s source=reused_prev_accept
[INFO] [PIRLS iter-end] iter= 16 elapsed=0.0006s lm_lambda=1.00e-9 g_norm=3.019e-6 last_dev_change=1.684e-9 last_halving=1
[INFO] [PIRLS iter-breakdown] iter= 16 attempts=1 curvature=0.000s solve=0.000s predred=0.000s candidate=0.000s other=0.000s
[INFO] [PIRLS lm-trajectory] iter= 16 start_lambda=1.000e-9 final_lambda=1.000e-9 log10_ratio=0.000 accept_rho=1.000 attempts=1
[INFO] [STAGE] PIRLS update_with_curvature iter=17 curvature=Fisher elapsed=0.000s source=reused_prev_accept
[INFO] [PIRLS iter-end] iter= 17 elapsed=0.0006s lm_lambda=1.00e-9 g_norm=2.969e-6 last_dev_change=1.629e-9 last_halving=1
[INFO] [PIRLS iter-breakdown] iter= 17 attempts=1 curvature=0.000s solve=0.000s predred=0.000s candidate=0.000s other=0.000s
[INFO] [PIRLS lm-trajectory] iter= 17 start_lambda=1.000e-9 final_lambda=1.000e-9 log10_ratio=0.000 accept_rho=1.000 attempts=1
[INFO] [STAGE] PIRLS update_with_curvature iter=18 curvature=Fisher elapsed=0.000s source=reused_prev_accept
[INFO] [PIRLS iter-end] iter= 18 elapsed=0.0006s lm_lambda=1.00e-9 g_norm=2.920e-6 last_dev_change=1.576e-9 last_halving=1
[INFO] [PIRLS iter-breakdown] iter= 18 attempts=1 curvature=0.000s solve=0.000s predred=0.000s candidate=0.000s other=0.000s
[INFO] [PIRLS lm-trajectory] iter= 18 start_lambda=1.000e-9 final_lambda=1.000e-9 log10_ratio=0.000 accept_rho=1.000 attempts=1
[INFO] [STAGE] PIRLS update_with_curvature iter=19 curvature=Fisher elapsed=0.000s source=reused_prev_accept
[INFO] [PIRLS iter-end] iter= 19 elapsed=0.0006s lm_lambda=1.00e-9 g_norm=2.872e-6 last_dev_change=1.525e-9 last_halving=1
[INFO] [PIRLS iter-breakdown] iter= 19 attempts=1 curvature=0.000s solve=0.000s predred=0.000s candidate=0.000s other=0.000s
[INFO] [PIRLS lm-trajectory] iter= 19 start_lambda=1.000e-9 final_lambda=1.000e-9 log10_ratio=0.000 accept_rho=1.000 attempts=1
[INFO] [STAGE] PIRLS update_with_curvature iter=20 curvature=Fisher elapsed=0.000s source=reused_prev_accept
[INFO] [PIRLS iter-end] iter= 20 elapsed=0.0006s lm_lambda=1.00e-9 g_norm=2.825e-6 last_dev_change=1.475e-9 last_halving=1
[INFO] [PIRLS iter-breakdown] iter= 20 attempts=1 curvature=0.000s solve=0.000s predred=0.000s candidate=0.000s other=0.000s
[INFO] [PIRLS lm-trajectory] iter= 20 start_lambda=1.000e-9 final_lambda=1.000e-9 log10_ratio=0.000 accept_rho=1.000 attempts=1
[INFO] [STAGE] PIRLS update_with_curvature iter=21 curvature=Fisher elapsed=0.000s source=reused_prev_accept
[INFO] [PIRLS iter-end] iter= 21 elapsed=0.0006s lm_lambda=1.00e-9 g_norm=2.778e-6 last_dev_change=1.426e-9 last_halving=1
[INFO] [PIRLS iter-breakdown] iter= 21 attempts=1 curvature=0.000s solve=0.000s predred=0.000s candidate=0.000s other=0.000s
[INFO] [PIRLS lm-trajectory] iter= 21 start_lambda=1.000e-9 final_lambda=1.000e-9 log10_ratio=0.000 accept_rho=1.000 attempts=1
[INFO] [STAGE] PIRLS update_with_curvature iter=22 curvature=Fisher elapsed=0.000s source=reused_prev_accept
[INFO] [PIRLS iter-end] iter= 22 elapsed=0.0006s lm_lambda=1.00e-9 g_norm=2.732e-6 last_dev_change=1.380e-9 last_halving=1
[INFO] [PIRLS iter-breakdown] iter= 22 attempts=1 curvature=0.000s solve=0.000s predred=0.000s candidate=0.000s other=0.000s
[INFO] [PIRLS lm-trajectory] iter= 22 start_lambda=1.000e-9 final_lambda=1.000e-9 log10_ratio=0.000 accept_rho=1.000 attempts=1
[INFO] [STAGE] PIRLS update_with_curvature iter=23 curvature=Fisher elapsed=0.000s source=reused_prev_accept
[INFO] [PIRLS iter-end] iter= 23 elapsed=0.0006s lm_lambda=1.00e-9 g_norm=2.687e-6 last_dev_change=1.335e-9 last_halving=1
[INFO] [PIRLS iter-breakdown] iter= 23 attempts=1 curvature=0.000s solve=0.000s predred=0.000s candidate=0.000s other=0.000s
[INFO] [PIRLS lm-trajectory] iter= 23 start_lambda=1.000e-9 final_lambda=1.000e-9 log10_ratio=0.000 accept_rho=1.000 attempts=1
[INFO] [STAGE] PIRLS update_with_curvature iter=24 curvature=Fisher elapsed=0.000s source=reused_prev_accept
[INFO] [PIRLS iter-end] iter= 24 elapsed=0.0006s lm_lambda=1.00e-9 g_norm=2.643e-6 last_dev_change=1.291e-9 last_halving=1
[INFO] [PIRLS iter-breakdown] iter= 24 attempts=1 curvature=0.000s solve=0.000s predred=0.000s candidate=0.000s other=0.000s
[INFO] [PIRLS lm-trajectory] iter= 24 start_lambda=1.000e-9 final_lambda=1.000e-9 log10_ratio=0.000 accept_rho=1.000 attempts=1
[INFO] [STAGE] PIRLS update_with_curvature iter=25 curvature=Fisher elapsed=0.000s source=reused_prev_accept
[INFO] [PIRLS iter-end] iter= 25 elapsed=0.0006s lm_lambda=1.00e-9 g_norm=2.599e-6 last_dev_change=1.249e-9 last_halving=1
[INFO] [PIRLS iter-breakdown] iter= 25 attempts=1 curvature=0.000s solve=0.000s predred=0.000s candidate=0.000s other=0.000s
[INFO] [PIRLS lm-trajectory] iter= 25 start_lambda=1.000e-9 final_lambda=1.000e-9 log10_ratio=0.000 accept_rho=1.000 attempts=1
[INFO] [STAGE] PIRLS update_with_curvature iter=26 curvature=Fisher elapsed=0.000s source=reused_prev_accept
[INFO] [PIRLS iter-end] iter= 26 elapsed=0.0006s lm_lambda=1.00e-9 g_norm=2.556e-6 last_dev_change=1.208e-9 last_halving=1
[INFO] [PIRLS iter-breakdown] iter= 26 attempts=1 curvature=0.000s solve=0.000s predred=0.000s candidate=0.000s other=0.000s
[INFO] [PIRLS lm-trajectory] iter= 26 start_lambda=1.000e-9 final_lambda=1.000e-9 log10_ratio=0.000 accept_rho=1.000 attempts=1
[INFO] [STAGE] PIRLS update_with_curvature iter=27 curvature=Fisher elapsed=0.000s source=reused_prev_accept
[INFO] [PIRLS iter-end] iter= 27 elapsed=0.0006s lm_lambda=1.00e-9 g_norm=2.514e-6 last_dev_change=1.168e-9 last_halving=1
[INFO] [PIRLS iter-breakdown] iter= 27 attempts=1 curvature=0.000s solve=0.000s predred=0.000s candidate=0.000s other=0.000s
[INFO] [PIRLS lm-trajectory] iter= 27 start_lambda=1.000e-9 final_lambda=1.000e-9 log10_ratio=0.000 accept_rho=1.000 attempts=1
[INFO] [STAGE] PIRLS update_with_curvature iter=28 curvature=Fisher elapsed=0.000s source=reused_prev_accept
[INFO] [PIRLS iter-end] iter= 28 elapsed=0.0006s lm_lambda=1.00e-9 g_norm=2.473e-6 last_dev_change=1.130e-9 last_halving=1
[INFO] [PIRLS iter-breakdown] iter= 28 attempts=1 curvature=0.000s solve=0.000s predred=0.000s candidate=0.000s other=0.000s
[INFO] [PIRLS lm-trajectory] iter= 28 start_lambda=1.000e-9 final_lambda=1.000e-9 log10_ratio=0.000 accept_rho=1.000 attempts=1
[INFO] [STAGE] PIRLS update_with_curvature iter=29 curvature=Fisher elapsed=0.000s source=reused_prev_accept
[INFO] [PIRLS iter-end] iter= 29 elapsed=0.0006s lm_lambda=1.00e-9 g_norm=2.432e-6 last_dev_change=1.093e-9 last_halving=1
[INFO] [PIRLS iter-breakdown] iter= 29 attempts=1 curvature=0.000s solve=0.000s predred=0.000s candidate=0.000s other=0.000s
[INFO] [PIRLS lm-trajectory] iter= 29 start_lambda=1.000e-9 final_lambda=1.000e-9 log10_ratio=0.000 accept_rho=1.000 attempts=1
[INFO] [STAGE] PIRLS update_with_curvature iter=30 curvature=Fisher elapsed=0.000s source=reused_prev_accept
[INFO] [PIRLS iter-end] iter= 30 elapsed=0.0006s lm_lambda=1.00e-9 g_norm=2.392e-6 last_dev_change=1.058e-9 last_halving=1
[INFO] [PIRLS iter-breakdown] iter= 30 attempts=1 curvature=0.000s solve=0.000s predred=0.000s candidate=0.000s other=0.000s
[INFO] [PIRLS lm-trajectory] iter= 30 start_lambda=1.000e-9 final_lambda=1.000e-9 log10_ratio=0.000 accept_rho=1.000 attempts=1
[INFO] [STAGE] PIRLS update_with_curvature iter=31 curvature=Fisher elapsed=0.000s source=reused_prev_accept
[INFO] [PIRLS iter-end] iter= 31 elapsed=0.0006s lm_lambda=1.00e-9 g_norm=2.353e-6 last_dev_change=1.023e-9 last_halving=1
[INFO] [PIRLS iter-breakdown] iter= 31 attempts=1 curvature=0.000s solve=0.000s predred=0.000s candidate=0.000s other=0.000s
[INFO] [PIRLS lm-trajectory] iter= 31 start_lambda=1.000e-9 final_lambda=1.000e-9 log10_ratio=0.000 accept_rho=1.000 attempts=1
[INFO] [STAGE] PIRLS update_with_curvature iter=32 curvature=Fisher elapsed=0.000s source=reused_prev_accept
[INFO] [PIRLS iter-end] iter= 32 elapsed=0.0006s lm_lambda=1.00e-9 g_norm=2.314e-6 last_dev_change=9.895e-10 last_halving=1
[INFO] [PIRLS iter-breakdown] iter= 32 attempts=1 curvature=0.000s solve=0.000s predred=0.000s candidate=0.000s other=0.000s
[INFO] [PIRLS lm-trajectory] iter= 32 start_lambda=1.000e-9 final_lambda=1.000e-9 log10_ratio=0.000 accept_rho=1.000 attempts=1
[INFO] [STAGE] PIRLS update_with_curvature iter=33 curvature=Fisher elapsed=0.000s source=reused_prev_accept
[INFO] [PIRLS iter-end] iter= 33 elapsed=0.0006s lm_lambda=1.00e-9 g_norm=2.276e-6 last_dev_change=9.571e-10 last_halving=1
[INFO] [PIRLS iter-breakdown] iter= 33 attempts=1 curvature=0.000s solve=0.000s predred=0.000s candidate=0.000s other=0.000s
[INFO] [PIRLS lm-trajectory] iter= 33 start_lambda=1.000e-9 final_lambda=1.000e-9 log10_ratio=0.000 accept_rho=1.000 attempts=1
[INFO] [STAGE] PIRLS update_with_curvature iter=34 curvature=Fisher elapsed=0.000s source=reused_prev_accept
[INFO] [PIRLS iter-end] iter= 34 elapsed=0.0006s lm_lambda=1.00e-9 g_norm=2.238e-6 last_dev_change=9.258e-10 last_halving=1
[INFO] [PIRLS iter-breakdown] iter= 34 attempts=1 curvature=0.000s solve=0.000s predred=0.000s candidate=0.000s other=0.000s
[INFO] [PIRLS lm-trajectory] iter= 34 start_lambda=1.000e-9 final_lambda=1.000e-9 log10_ratio=0.000 accept_rho=1.000 attempts=1
[INFO] [STAGE] PIRLS update_with_curvature iter=35 curvature=Fisher elapsed=0.000s source=reused_prev_accept
[INFO] [PIRLS iter-end] iter= 35 elapsed=0.0006s lm_lambda=1.00e-9 g_norm=2.201e-6 last_dev_change=8.956e-10 last_halving=1
[INFO] [PIRLS iter-breakdown] iter= 35 attempts=1 curvature=0.000s solve=0.000s predred=0.000s candidate=0.000s other=0.000s
[INFO] [PIRLS lm-trajectory] iter= 35 start_lambda=1.000e-9 final_lambda=1.000e-9 log10_ratio=0.000 accept_rho=1.000 attempts=1
[INFO] [STAGE] PIRLS update_with_curvature iter=36 curvature=Fisher elapsed=0.000s source=reused_prev_accept
[INFO] [PIRLS iter-end] iter= 36 elapsed=0.0006s lm_lambda=1.00e-9 g_norm=2.165e-6 last_dev_change=8.663e-10 last_halving=1
[INFO] [PIRLS iter-breakdown] iter= 36 attempts=1 curvature=0.000s solve=0.000s predred=0.000s candidate=0.000s other=0.000s
[INFO] [PIRLS lm-trajectory] iter= 36 start_lambda=1.000e-9 final_lambda=1.000e-9 log10_ratio=0.000 accept_rho=1.000 attempts=1
[INFO] [STAGE] PIRLS update_with_curvature iter=37 curvature=Fisher elapsed=0.000s source=reused_prev_accept
[INFO] [PIRLS iter-end] iter= 37 elapsed=0.0006s lm_lambda=1.00e-9 g_norm=2.129e-6 last_dev_change=8.379e-10 last_halving=1
[INFO] [PIRLS iter-breakdown] iter= 37 attempts=1 curvature=0.000s solve=0.000s predred=0.000s candidate=0.000s other=0.000s
[INFO] [PIRLS lm-trajectory] iter= 37 start_lambda=1.000e-9 final_lambda=1.000e-9 log10_ratio=0.000 accept_rho=1.000 attempts=1
[INFO] [STAGE] PIRLS update_with_curvature iter=38 curvature=Fisher elapsed=0.000s source=reused_prev_accept
[INFO] [PIRLS iter-end] iter= 38 elapsed=0.0006s lm_lambda=1.00e-9 g_norm=2.094e-6 last_dev_change=8.105e-10 last_halving=1
[INFO] [PIRLS iter-breakdown] iter= 38 attempts=1 curvature=0.000s solve=0.000s predred=0.000s candidate=0.000s other=0.000s
[INFO] [PIRLS lm-trajectory] iter= 38 start_lambda=1.000e-9 final_lambda=1.000e-9 log10_ratio=0.000 accept_rho=1.000 attempts=1
[INFO] [STAGE] PIRLS update_with_curvature iter=39 curvature=Fisher elapsed=0.000s source=reused_prev_accept
[INFO] [PIRLS iter-end] iter= 39 elapsed=0.0006s lm_lambda=1.00e-9 g_norm=2.060e-6 last_dev_change=7.840e-10 last_halving=1
[INFO] [PIRLS iter-breakdown] iter= 39 attempts=1 curvature=0.000s solve=0.000s predred=0.000s candidate=0.000s other=0.000s
[INFO] [PIRLS lm-trajectory] iter= 39 start_lambda=1.000e-9 final_lambda=1.000e-9 log10_ratio=0.000 accept_rho=1.000 attempts=1
[INFO] [STAGE] PIRLS update_with_curvature iter=40 curvature=Fisher elapsed=0.000s source=reused_prev_accept
[INFO] [PIRLS iter-end] iter= 40 elapsed=0.0006s lm_lambda=1.00e-9 g_norm=2.026e-6 last_dev_change=7.584e-10 last_halving=1
[INFO] [PIRLS iter-breakdown] iter= 40 attempts=1 curvature=0.000s solve=0.000s predred=0.000s candidate=0.000s other=0.000s
[INFO] [PIRLS lm-trajectory] iter= 40 start_lambda=1.000e-9 final_lambda=1.000e-9 log10_ratio=0.000 accept_rho=1.000 attempts=1
[INFO] [STAGE] PIRLS update_with_curvature iter=41 curvature=Fisher elapsed=0.000s source=reused_prev_accept
[INFO] [PIRLS iter-end] iter= 41 elapsed=0.0006s lm_lambda=1.00e-9 g_norm=1.992e-6 last_dev_change=7.336e-10 last_halving=1
[INFO] [PIRLS iter-breakdown] iter= 41 attempts=1 curvature=0.000s solve=0.000s predred=0.000s candidate=0.000s other=0.000s
[INFO] [PIRLS lm-trajectory] iter= 41 start_lambda=1.000e-9 final_lambda=1.000e-9 log10_ratio=0.000 accept_rho=1.000 attempts=1
[INFO] [STAGE] PIRLS update_with_curvature iter=42 curvature=Fisher elapsed=0.000s source=reused_prev_accept
[INFO] [PIRLS iter-end] iter= 42 elapsed=0.0006s lm_lambda=1.00e-9 g_norm=1.959e-6 last_dev_change=7.096e-10 last_halving=1
[INFO] [PIRLS iter-breakdown] iter= 42 attempts=1 curvature=0.000s solve=0.000s predred=0.000s candidate=0.000s other=0.000s
[INFO] [PIRLS lm-trajectory] iter= 42 start_lambda=1.000e-9 final_lambda=1.000e-9 log10_ratio=0.000 accept_rho=1.000 attempts=1
[INFO] [STAGE] PIRLS update_with_curvature iter=43 curvature=Fisher elapsed=0.000s source=reused_prev_accept
[INFO] [PIRLS iter-end] iter= 43 elapsed=0.0006s lm_lambda=1.00e-9 g_norm=1.927e-6 last_dev_change=6.864e-10 last_halving=1
[INFO] [PIRLS iter-breakdown] iter= 43 attempts=1 curvature=0.000s solve=0.000s predred=0.000s candidate=0.000s other=0.000s
[INFO] [PIRLS lm-trajectory] iter= 43 start_lambda=1.000e-9 final_lambda=1.000e-9 log10_ratio=0.000 accept_rho=1.000 attempts=1
[INFO] [STAGE] PIRLS update_with_curvature iter=44 curvature=Fisher elapsed=0.000s source=reused_prev_accept
[INFO] [PIRLS iter-end] iter= 44 elapsed=0.0006s lm_lambda=1.00e-9 g_norm=1.895e-6 last_dev_change=6.640e-10 last_halving=1
[INFO] [PIRLS iter-breakdown] iter= 44 attempts=1 curvature=0.000s solve=0.000s predred=0.000s candidate=0.000s other=0.000s
[INFO] [PIRLS lm-trajectory] iter= 44 start_lambda=1.000e-9 final_lambda=1.000e-9 log10_ratio=0.000 accept_rho=1.000 attempts=1
[INFO] [STAGE] PIRLS update_with_curvature iter=45 curvature=Fisher elapsed=0.000s source=reused_prev_accept
[INFO] [PIRLS iter-end] iter= 45 elapsed=0.0006s lm_lambda=1.00e-9 g_norm=1.864e-6 last_dev_change=6.422e-10 last_halving=1
[INFO] [PIRLS iter-breakdown] iter= 45 attempts=1 curvature=0.000s solve=0.000s predred=0.000s candidate=0.000s other=0.000s
[INFO] [PIRLS lm-trajectory] iter= 45 start_lambda=1.000e-9 final_lambda=1.000e-9 log10_ratio=0.000 accept_rho=1.000 attempts=1
[INFO] [STAGE] PIRLS update_with_curvature iter=46 curvature=Fisher elapsed=0.000s source=reused_prev_accept
[INFO] [PIRLS iter-end] iter= 46 elapsed=0.0006s lm_lambda=1.00e-9 g_norm=1.833e-6 last_dev_change=6.212e-10 last_halving=1
[INFO] [PIRLS iter-breakdown] iter= 46 attempts=1 curvature=0.000s solve=0.000s predred=0.000s candidate=0.000s other=0.000s
[INFO] [PIRLS lm-trajectory] iter= 46 start_lambda=1.000e-9 final_lambda=1.000e-9 log10_ratio=0.000 accept_rho=1.000 attempts=1
[INFO] [STAGE] PIRLS update_with_curvature iter=47 curvature=Fisher elapsed=0.000s source=reused_prev_accept
[INFO] [PIRLS iter-end] iter= 47 elapsed=0.0006s lm_lambda=1.00e-9 g_norm=1.803e-6 last_dev_change=6.009e-10 last_halving=1
[INFO] [PIRLS iter-breakdown] iter= 47 attempts=1 curvature=0.000s solve=0.000s predred=0.000s candidate=0.000s other=0.000s
[INFO] [PIRLS lm-trajectory] iter= 47 start_lambda=1.000e-9 final_lambda=1.000e-9 log10_ratio=0.000 accept_rho=1.000 attempts=1
[INFO] [STAGE] PIRLS update_with_curvature iter=48 curvature=Fisher elapsed=0.000s source=reused_prev_accept
[INFO] [PIRLS iter-end] iter= 48 elapsed=0.0006s lm_lambda=1.00e-9 g_norm=1.773e-6 last_dev_change=5.813e-10 last_halving=1
[INFO] [PIRLS iter-breakdown] iter= 48 attempts=1 curvature=0.000s solve=0.000s predred=0.000s candidate=0.000s other=0.000s
[INFO] [PIRLS lm-trajectory] iter= 48 start_lambda=1.000e-9 final_lambda=1.000e-9 log10_ratio=0.000 accept_rho=1.000 attempts=1
[INFO] [STAGE] PIRLS update_with_curvature iter=49 curvature=Fisher elapsed=0.000s source=reused_prev_accept
[INFO] [PIRLS iter-end] iter= 49 elapsed=0.0006s lm_lambda=1.00e-9 g_norm=1.744e-6 last_dev_change=5.623e-10 last_halving=1
[INFO] [PIRLS iter-breakdown] iter= 49 attempts=1 curvature=0.000s solve=0.000s predred=0.000s candidate=0.000s other=0.000s
[INFO] [PIRLS lm-trajectory] iter= 49 start_lambda=1.000e-9 final_lambda=1.000e-9 log10_ratio=0.000 accept_rho=1.000 attempts=1
[INFO] [STAGE] PIRLS update_with_curvature iter=50 curvature=Fisher elapsed=0.000s source=reused_prev_accept
[INFO] [PIRLS iter-end] iter= 50 elapsed=0.0006s lm_lambda=1.00e-9 g_norm=1.715e-6 last_dev_change=5.439e-10 last_halving=1
[INFO] [PIRLS iter-breakdown] iter= 50 attempts=1 curvature=0.000s solve=0.000s predred=0.000s candidate=0.000s other=0.000s
[INFO] [PIRLS lm-trajectory] iter= 50 start_lambda=1.000e-9 final_lambda=1.000e-9 log10_ratio=0.000 accept_rho=1.000 attempts=1
[INFO] [STAGE] PIRLS update_with_curvature iter=51 curvature=Fisher elapsed=0.000s source=reused_prev_accept
[INFO] [PIRLS iter-end] iter= 51 elapsed=0.0006s lm_lambda=1.00e-9 g_norm=1.687e-6 last_dev_change=5.261e-10 last_halving=1
[INFO] [PIRLS iter-breakdown] iter= 51 attempts=1 curvature=0.000s solve=0.000s predred=0.000s candidate=0.000s other=0.000s
[INFO] [PIRLS lm-trajectory] iter= 51 start_lambda=1.000e-9 final_lambda=1.000e-9 log10_ratio=0.000 accept_rho=1.000 attempts=1
[INFO] [STAGE] PIRLS update_with_curvature iter=52 curvature=Fisher elapsed=0.000s source=reused_prev_accept
[INFO] [PIRLS iter-end] iter= 52 elapsed=0.0006s lm_lambda=1.00e-9 g_norm=1.659e-6 last_dev_change=5.089e-10 last_halving=1
[INFO] [PIRLS iter-breakdown] iter= 52 attempts=1 curvature=0.000s solve=0.000s predred=0.000s candidate=0.000s other=0.000s
[INFO] [PIRLS lm-trajectory] iter= 52 start_lambda=1.000e-9 final_lambda=1.000e-9 log10_ratio=0.000 accept_rho=1.000 attempts=1
[INFO] [STAGE] PIRLS update_with_curvature iter=53 curvature=Fisher elapsed=0.000s source=reused_prev_accept
[INFO] [PIRLS iter-end] iter= 53 elapsed=0.0006s lm_lambda=1.00e-9 g_norm=1.632e-6 last_dev_change=4.922e-10 last_halving=1
[INFO] [PIRLS iter-breakdown] iter= 53 attempts=1 curvature=0.000s solve=0.000s predred=0.000s candidate=0.000s other=0.000s
[INFO] [PIRLS lm-trajectory] iter= 53 start_lambda=1.000e-9 final_lambda=1.000e-9 log10_ratio=0.000 accept_rho=1.000 attempts=1
[INFO] [STAGE] PIRLS update_with_curvature iter=54 curvature=Fisher elapsed=0.000s source=reused_prev_accept
[INFO] [PIRLS iter-end] iter= 54 elapsed=0.0006s lm_lambda=1.00e-9 g_norm=1.605e-6 last_dev_change=4.762e-10 last_halving=1
[INFO] [PIRLS iter-breakdown] iter= 54 attempts=1 curvature=0.000s solve=0.000s predred=0.000s candidate=0.000s other=0.000s
[INFO] [PIRLS lm-trajectory] iter= 54 start_lambda=1.000e-9 final_lambda=1.000e-9 log10_ratio=0.000 accept_rho=1.000 attempts=1
[INFO] [STAGE] PIRLS update_with_curvature iter=55 curvature=Fisher elapsed=0.000s source=reused_prev_accept
[INFO] [PIRLS iter-end] iter= 55 elapsed=0.0006s lm_lambda=1.00e-9 g_norm=1.579e-6 last_dev_change=4.606e-10 last_halving=1
[INFO] [PIRLS iter-breakdown] iter= 55 attempts=1 curvature=0.000s solve=0.000s predred=0.000s candidate=0.000s other=0.000s
[INFO] [PIRLS lm-trajectory] iter= 55 start_lambda=1.000e-9 final_lambda=1.000e-9 log10_ratio=0.000 accept_rho=1.000 attempts=1
[INFO] [STAGE] PIRLS update_with_curvature iter=56 curvature=Fisher elapsed=0.000s source=reused_prev_accept
[INFO] [PIRLS iter-end] iter= 56 elapsed=0.0006s lm_lambda=1.00e-9 g_norm=1.553e-6 last_dev_change=4.455e-10 last_halving=1
[INFO] [PIRLS iter-breakdown] iter= 56 attempts=1 curvature=0.000s solve=0.000s predred=0.000s candidate=0.000s other=0.000s
[INFO] [PIRLS lm-trajectory] iter= 56 start_lambda=1.000e-9 final_lambda=1.000e-9 log10_ratio=0.000 accept_rho=1.000 attempts=1
[INFO] [STAGE] PIRLS update_with_curvature iter=57 curvature=Fisher elapsed=0.000s source=reused_prev_accept
[INFO] [PIRLS iter-end] iter= 57 elapsed=0.0006s lm_lambda=1.00e-9 g_norm=1.527e-6 last_dev_change=4.309e-10 last_halving=1
[INFO] [PIRLS iter-breakdown] iter= 57 attempts=1 curvature=0.000s solve=0.000s predred=0.000s candidate=0.000s other=0.000s
[INFO] [PIRLS lm-trajectory] iter= 57 start_lambda=1.000e-9 final_lambda=1.000e-9 log10_ratio=0.000 accept_rho=1.000 attempts=1
[INFO] [STAGE] PIRLS update_with_curvature iter=58 curvature=Fisher elapsed=0.000s source=reused_prev_accept
[INFO] [PIRLS iter-end] iter= 58 elapsed=0.0006s lm_lambda=1.00e-9 g_norm=1.502e-6 last_dev_change=4.169e-10 last_halving=1
[INFO] [PIRLS iter-breakdown] iter= 58 attempts=1 curvature=0.000s solve=0.000s predred=0.000s candidate=0.000s other=0.000s
[INFO] [PIRLS lm-trajectory] iter= 58 start_lambda=1.000e-9 final_lambda=1.000e-9 log10_ratio=0.000 accept_rho=1.000 attempts=1
[INFO] [STAGE] PIRLS update_with_curvature iter=59 curvature=Fisher elapsed=0.000s source=reused_prev_accept
[INFO] [PIRLS iter-end] iter= 59 elapsed=0.0006s lm_lambda=1.00e-9 g_norm=1.477e-6 last_dev_change=4.032e-10 last_halving=1
[INFO] [PIRLS iter-breakdown] iter= 59 attempts=1 curvature=0.000s solve=0.000s predred=0.000s candidate=0.000s other=0.000s
[INFO] [PIRLS lm-trajectory] iter= 59 start_lambda=1.000e-9 final_lambda=1.000e-9 log10_ratio=0.000 accept_rho=1.000 attempts=1
[INFO] [STAGE] PIRLS update_with_curvature iter=60 curvature=Fisher elapsed=0.000s source=reused_prev_accept
[INFO] [PIRLS iter-end] iter= 60 elapsed=0.0006s lm_lambda=1.00e-9 g_norm=1.453e-6 last_dev_change=3.900e-10 last_halving=1
[INFO] [PIRLS iter-breakdown] iter= 60 attempts=1 curvature=0.000s solve=0.000s predred=0.000s candidate=0.000s other=0.000s
[INFO] [PIRLS lm-trajectory] iter= 60 start_lambda=1.000e-9 final_lambda=1.000e-9 log10_ratio=0.000 accept_rho=1.000 attempts=1
[INFO] [STAGE] PIRLS update_with_curvature iter=61 curvature=Fisher elapsed=0.000s source=reused_prev_accept
[INFO] [PIRLS iter-end] iter= 61 elapsed=0.0006s lm_lambda=1.00e-9 g_norm=1.429e-6 last_dev_change=3.773e-10 last_halving=1
[INFO] [PIRLS iter-breakdown] iter= 61 attempts=1 curvature=0.000s solve=0.000s predred=0.000s candidate=0.000s other=0.000s
[INFO] [PIRLS lm-trajectory] iter= 61 start_lambda=1.000e-9 final_lambda=1.000e-9 log10_ratio=0.000 accept_rho=1.000 attempts=1
[INFO] [STAGE] PIRLS update_with_curvature iter=62 curvature=Fisher elapsed=0.000s source=reused_prev_accept
[INFO] [PIRLS iter-end] iter= 62 elapsed=0.0006s lm_lambda=1.00e-9 g_norm=1.405e-6 last_dev_change=3.650e-10 last_halving=1
[INFO] [PIRLS iter-breakdown] iter= 62 attempts=1 curvature=0.000s solve=0.000s predred=0.000s candidate=0.000s other=0.000s
[INFO] [PIRLS lm-trajectory] iter= 62 start_lambda=1.000e-9 final_lambda=1.000e-9 log10_ratio=0.000 accept_rho=1.000 attempts=1
[INFO] [STAGE] PIRLS update_with_curvature iter=63 curvature=Fisher elapsed=0.000s source=reused_prev_accept
[INFO] [PIRLS iter-end] iter= 63 elapsed=0.0006s lm_lambda=1.00e-9 g_norm=1.382e-6 last_dev_change=3.530e-10 last_halving=1
[INFO] [PIRLS iter-breakdown] iter= 63 attempts=1 curvature=0.000s solve=0.000s predred=0.000s candidate=0.000s other=0.000s
[INFO] [PIRLS lm-trajectory] iter= 63 start_lambda=1.000e-9 final_lambda=1.000e-9 log10_ratio=0.000 accept_rho=1.000 attempts=1
[INFO] [STAGE] PIRLS update_with_curvature iter=64 curvature=Fisher elapsed=0.000s source=reused_prev_accept
[INFO] [PIRLS iter-end] iter= 64 elapsed=0.0006s lm_lambda=1.00e-9 g_norm=1.359e-6 last_dev_change=3.415e-10 last_halving=1
[INFO] [PIRLS iter-breakdown] iter= 64 attempts=1 curvature=0.000s solve=0.000s predred=0.000s candidate=0.000s other=0.000s
[INFO] [PIRLS lm-trajectory] iter= 64 start_lambda=1.000e-9 final_lambda=1.000e-9 log10_ratio=0.000 accept_rho=1.000 attempts=1
[INFO] [STAGE] PIRLS update_with_curvature iter=65 curvature=Fisher elapsed=0.000s source=reused_prev_accept
[INFO] [PIRLS iter-end] iter= 65 elapsed=0.0006s lm_lambda=1.00e-9 g_norm=1.337e-6 last_dev_change=3.303e-10 last_halving=1
[INFO] [PIRLS iter-breakdown] iter= 65 attempts=1 curvature=0.000s solve=0.000s predred=0.000s candidate=0.000s other=0.000s
[INFO] [PIRLS lm-trajectory] iter= 65 start_lambda=1.000e-9 final_lambda=1.000e-9 log10_ratio=0.000 accept_rho=1.000 attempts=1
[INFO] [STAGE] PIRLS update_with_curvature iter=66 curvature=Fisher elapsed=0.000s source=reused_prev_accept
[INFO] [PIRLS iter-end] iter= 66 elapsed=0.0006s lm_lambda=1.00e-9 g_norm=1.315e-6 last_dev_change=3.195e-10 last_halving=1
[INFO] [PIRLS iter-breakdown] iter= 66 attempts=1 curvature=0.000s solve=0.000s predred=0.000s candidate=0.000s other=0.000s
[INFO] [PIRLS lm-trajectory] iter= 66 start_lambda=1.000e-9 final_lambda=1.000e-9 log10_ratio=0.000 accept_rho=1.000 attempts=1
[INFO] [STAGE] PIRLS update_with_curvature iter=67 curvature=Fisher elapsed=0.000s source=reused_prev_accept
[INFO] [PIRLS iter-end] iter= 67 elapsed=0.0006s lm_lambda=1.00e-9 g_norm=1.293e-6 last_dev_change=3.090e-10 last_halving=1
[INFO] [PIRLS iter-breakdown] iter= 67 attempts=1 curvature=0.000s solve=0.000s predred=0.000s candidate=0.000s other=0.000s
[INFO] [PIRLS lm-trajectory] iter= 67 start_lambda=1.000e-9 final_lambda=1.000e-9 log10_ratio=0.000 accept_rho=1.000 attempts=1
[INFO] [STAGE] PIRLS update_with_curvature iter=68 curvature=Fisher elapsed=0.000s source=reused_prev_accept
[INFO] [PIRLS iter-end] iter= 68 elapsed=0.0006s lm_lambda=1.00e-9 g_norm=1.272e-6 last_dev_change=2.989e-10 last_halving=1
[INFO] [PIRLS iter-breakdown] iter= 68 attempts=1 curvature=0.000s solve=0.000s predred=0.000s candidate=0.000s other=0.000s
[INFO] [PIRLS lm-trajectory] iter= 68 start_lambda=1.000e-9 final_lambda=1.000e-9 log10_ratio=0.000 accept_rho=1.000 attempts=1
[INFO] [STAGE] PIRLS update_with_curvature iter=69 curvature=Fisher elapsed=0.000s source=reused_prev_accept
[INFO] [PIRLS iter-end] iter= 69 elapsed=0.0006s lm_lambda=1.00e-9 g_norm=1.251e-6 last_dev_change=2.892e-10 last_halving=1
[INFO] [PIRLS iter-breakdown] iter= 69 attempts=1 curvature=0.000s solve=0.000s predred=0.000s candidate=0.000s other=0.000s
[INFO] [PIRLS lm-trajectory] iter= 69 start_lambda=1.000e-9 final_lambda=1.000e-9 log10_ratio=0.000 accept_rho=1.000 attempts=1
[INFO] [STAGE] PIRLS update_with_curvature iter=70 curvature=Fisher elapsed=0.000s source=reused_prev_accept
[INFO] [PIRLS iter-end] iter= 70 elapsed=0.0006s lm_lambda=1.00e-9 g_norm=1.230e-6 last_dev_change=2.797e-10 last_halving=1
[INFO] [PIRLS iter-breakdown] iter= 70 attempts=1 curvature=0.000s solve=0.000s predred=0.000s candidate=0.000s other=0.000s
[INFO] [PIRLS lm-trajectory] iter= 70 start_lambda=1.000e-9 final_lambda=1.000e-9 log10_ratio=0.000 accept_rho=1.000 attempts=1
[INFO] [STAGE] PIRLS update_with_curvature iter=71 curvature=Fisher elapsed=0.000s source=reused_prev_accept
[INFO] [PIRLS iter-end] iter= 71 elapsed=0.0006s lm_lambda=1.00e-9 g_norm=1.210e-6 last_dev_change=2.706e-10 last_halving=1
[INFO] [PIRLS iter-breakdown] iter= 71 attempts=1 curvature=0.000s solve=0.000s predred=0.000s candidate=0.000s other=0.000s
[INFO] [PIRLS lm-trajectory] iter= 71 start_lambda=1.000e-9 final_lambda=1.000e-9 log10_ratio=0.000 accept_rho=1.000 attempts=1
[INFO] [STAGE] PIRLS update_with_curvature iter=72 curvature=Fisher elapsed=0.000s source=reused_prev_accept
[INFO] [PIRLS iter-end] iter= 72 elapsed=0.0006s lm_lambda=1.00e-9 g_norm=1.190e-6 last_dev_change=2.617e-10 last_halving=1
[INFO] [PIRLS iter-breakdown] iter= 72 attempts=1 curvature=0.000s solve=0.000s predred=0.000s candidate=0.000s other=0.000s
[INFO] [PIRLS lm-trajectory] iter= 72 start_lambda=1.000e-9 final_lambda=1.000e-9 log10_ratio=0.000 accept_rho=1.000 attempts=1
[INFO] [STAGE] PIRLS update_with_curvature iter=73 curvature=Fisher elapsed=0.000s source=reused_prev_accept
[INFO] [PIRLS iter-end] iter= 73 elapsed=0.0006s lm_lambda=1.00e-9 g_norm=1.170e-6 last_dev_change=2.531e-10 last_halving=1
[INFO] [PIRLS iter-breakdown] iter= 73 attempts=1 curvature=0.000s solve=0.000s predred=0.000s candidate=0.000s other=0.000s
[INFO] [PIRLS lm-trajectory] iter= 73 start_lambda=1.000e-9 final_lambda=1.000e-9 log10_ratio=0.000 accept_rho=1.000 attempts=1
[INFO] [STAGE] PIRLS update_with_curvature iter=74 curvature=Fisher elapsed=0.000s source=reused_prev_accept
[INFO] [PIRLS iter-end] iter= 74 elapsed=0.0006s lm_lambda=1.00e-9 g_norm=1.151e-6 last_dev_change=2.449e-10 last_halving=1
[INFO] [PIRLS iter-breakdown] iter= 74 attempts=1 curvature=0.000s solve=0.000s predred=0.000s candidate=0.000s other=0.000s
[INFO] [PIRLS lm-trajectory] iter= 74 start_lambda=1.000e-9 final_lambda=1.000e-9 log10_ratio=0.000 accept_rho=1.000 attempts=1
[INFO] [STAGE] PIRLS update_with_curvature iter=75 curvature=Fisher elapsed=0.000s source=reused_prev_accept
[INFO] [PIRLS iter-end] iter= 75 elapsed=0.0006s lm_lambda=1.00e-9 g_norm=1.132e-6 last_dev_change=2.369e-10 last_halving=1
[INFO] [PIRLS iter-breakdown] iter= 75 attempts=1 curvature=0.000s solve=0.000s predred=0.000s candidate=0.000s other=0.000s
[INFO] [PIRLS lm-trajectory] iter= 75 start_lambda=1.000e-9 final_lambda=1.000e-9 log10_ratio=0.000 accept_rho=1.000 attempts=1
[INFO] [STAGE] PIRLS update_with_curvature iter=76 curvature=Fisher elapsed=0.000s source=reused_prev_accept
[INFO] [PIRLS iter-end] iter= 76 elapsed=0.0006s lm_lambda=1.00e-9 g_norm=1.113e-6 last_dev_change=2.291e-10 last_halving=1
[INFO] [PIRLS iter-breakdown] iter= 76 attempts=1 curvature=0.000s solve=0.000s predred=0.000s candidate=0.000s other=0.000s
[INFO] [PIRLS lm-trajectory] iter= 76 start_lambda=1.000e-9 final_lambda=1.000e-9 log10_ratio=0.000 accept_rho=1.000 attempts=1
[INFO] [STAGE] PIRLS update_with_curvature iter=77 curvature=Fisher elapsed=0.000s source=reused_prev_accept
[INFO] [PIRLS iter-end] iter= 77 elapsed=0.0006s lm_lambda=1.00e-9 g_norm=1.095e-6 last_dev_change=2.216e-10 last_halving=1
[INFO] [PIRLS iter-breakdown] iter= 77 attempts=1 curvature=0.000s solve=0.000s predred=0.000s candidate=0.000s other=0.000s
[INFO] [PIRLS lm-trajectory] iter= 77 start_lambda=1.000e-9 final_lambda=1.000e-9 log10_ratio=0.000 accept_rho=1.000 attempts=1
[INFO] [STAGE] PIRLS update_with_curvature iter=78 curvature=Fisher elapsed=0.000s source=reused_prev_accept
[INFO] [PIRLS iter-end] iter= 78 elapsed=0.0006s lm_lambda=1.00e-9 g_norm=1.077e-6 last_dev_change=2.144e-10 last_halving=1
[INFO] [PIRLS iter-breakdown] iter= 78 attempts=1 curvature=0.000s solve=0.000s predred=0.000s candidate=0.000s other=0.000s
[INFO] [PIRLS lm-trajectory] iter= 78 start_lambda=1.000e-9 final_lambda=1.000e-9 log10_ratio=0.000 accept_rho=1.000 attempts=1
[INFO] [STAGE] PIRLS update_with_curvature iter=79 curvature=Fisher elapsed=0.000s source=reused_prev_accept
[INFO] [PIRLS iter-end] iter= 79 elapsed=0.0006s lm_lambda=1.00e-9 g_norm=1.059e-6 last_dev_change=2.074e-10 last_halving=1
[INFO] [PIRLS iter-breakdown] iter= 79 attempts=1 curvature=0.000s solve=0.000s predred=0.000s candidate=0.000s other=0.000s
[INFO] [PIRLS lm-trajectory] iter= 79 start_lambda=1.000e-9 final_lambda=1.000e-9 log10_ratio=0.000 accept_rho=1.000 attempts=1
[INFO] [STAGE] PIRLS update_with_curvature iter=80 curvature=Fisher elapsed=0.000s source=reused_prev_accept
[INFO] [PIRLS iter-end] iter= 80 elapsed=0.0006s lm_lambda=1.00e-9 g_norm=1.042e-6 last_dev_change=2.006e-10 last_halving=1
[INFO] [PIRLS iter-breakdown] iter= 80 attempts=1 curvature=0.000s solve=0.000s predred=0.000s candidate=0.000s other=0.000s
[INFO] [PIRLS lm-trajectory] iter= 80 start_lambda=1.000e-9 final_lambda=1.000e-9 log10_ratio=0.000 accept_rho=1.000 attempts=1
[INFO] [STAGE] PIRLS update_with_curvature iter=81 curvature=Fisher elapsed=0.000s source=reused_prev_accept
[INFO] [PIRLS iter-end] iter= 81 elapsed=0.0006s lm_lambda=1.00e-9 g_norm=1.025e-6 last_dev_change=1.940e-10 last_halving=1
[INFO] [PIRLS iter-breakdown] iter= 81 attempts=1 curvature=0.000s solve=0.000s predred=0.000s candidate=0.000s other=0.000s
[INFO] [PIRLS lm-trajectory] iter= 81 start_lambda=1.000e-9 final_lambda=1.000e-9 log10_ratio=0.000 accept_rho=1.000 attempts=1
[INFO] [STAGE] PIRLS update_with_curvature iter=82 curvature=Fisher elapsed=0.000s source=reused_prev_accept
[INFO] [PIRLS iter-end] iter= 82 elapsed=0.0006s lm_lambda=1.00e-9 g_norm=1.008e-6 last_dev_change=1.877e-10 last_halving=1
[INFO] [PIRLS iter-breakdown] iter= 82 attempts=1 curvature=0.000s solve=0.000s predred=0.000s candidate=0.000s other=0.000s
[INFO] [PIRLS lm-trajectory] iter= 82 start_lambda=1.000e-9 final_lambda=1.000e-9 log10_ratio=0.000 accept_rho=1.000 attempts=1
[INFO] [STAGE] PIRLS update_with_curvature iter=83 curvature=Fisher elapsed=0.000s source=reused_prev_accept
[INFO] [PIRLS iter-end] iter= 83 elapsed=0.0006s lm_lambda=1.00e-9 g_norm=9.911e-7 last_dev_change=1.816e-10 last_halving=1
[INFO] [PIRLS iter-breakdown] iter= 83 attempts=1 curvature=0.000s solve=0.000s predred=0.000s candidate=0.000s other=0.000s
[INFO] [PIRLS lm-trajectory] iter= 83 start_lambda=1.000e-9 final_lambda=1.000e-9 log10_ratio=0.000 accept_rho=1.000 attempts=1
[INFO] [STAGE] PIRLS update_with_curvature iter=84 curvature=Fisher elapsed=0.000s source=reused_prev_accept
[INFO] [PIRLS iter-end] iter= 84 elapsed=0.0006s lm_lambda=1.00e-9 g_norm=9.748e-7 last_dev_change=1.756e-10 last_halving=1
[INFO] [PIRLS iter-breakdown] iter= 84 attempts=1 curvature=0.000s solve=0.000s predred=0.000s candidate=0.000s other=0.000s
[INFO] [PIRLS lm-trajectory] iter= 84 start_lambda=1.000e-9 final_lambda=1.000e-9 log10_ratio=0.000 accept_rho=1.000 attempts=1
[INFO] [STAGE] PIRLS update_with_curvature iter=85 curvature=Fisher elapsed=0.000s source=reused_prev_accept
[INFO] [PIRLS iter-end] iter= 85 elapsed=0.0006s lm_lambda=1.00e-9 g_norm=9.587e-7 last_dev_change=1.699e-10 last_halving=1
[INFO] [PIRLS iter-breakdown] iter= 85 attempts=1 curvature=0.000s solve=0.000s predred=0.000s candidate=0.000s other=0.000s
[INFO] [PIRLS lm-trajectory] iter= 85 start_lambda=1.000e-9 final_lambda=1.000e-9 log10_ratio=0.000 accept_rho=1.000 attempts=1
[INFO] [STAGE] PIRLS update_with_curvature iter=86 curvature=Fisher elapsed=0.000s source=reused_prev_accept
[INFO] [PIRLS iter-end] iter= 86 elapsed=0.0006s lm_lambda=1.00e-9 g_norm=9.429e-7 last_dev_change=1.643e-10 last_halving=1
[INFO] [PIRLS iter-breakdown] iter= 86 attempts=1 curvature=0.000s solve=0.000s predred=0.000s candidate=0.000s other=0.000s
[INFO] [PIRLS lm-trajectory] iter= 86 start_lambda=1.000e-9 final_lambda=1.000e-9 log10_ratio=0.000 accept_rho=1.000 attempts=1
[INFO] [STAGE] PIRLS update_with_curvature iter=87 curvature=Fisher elapsed=0.000s source=reused_prev_accept
[INFO] [PIRLS iter-end] iter= 87 elapsed=0.0006s lm_lambda=1.00e-9 g_norm=9.273e-7 last_dev_change=1.589e-10 last_halving=1
[INFO] [PIRLS iter-breakdown] iter= 87 attempts=1 curvature=0.000s solve=0.000s predred=0.000s candidate=0.000s other=0.000s
[INFO] [PIRLS lm-trajectory] iter= 87 start_lambda=1.000e-9 final_lambda=1.000e-9 log10_ratio=0.000 accept_rho=1.000 attempts=1
[INFO] [STAGE] PIRLS update_with_curvature iter=88 curvature=Fisher elapsed=0.000s source=reused_prev_accept
[INFO] [PIRLS iter-end] iter= 88 elapsed=0.0006s lm_lambda=1.00e-9 g_norm=9.121e-7 last_dev_change=1.537e-10 last_halving=1
[INFO] [PIRLS iter-breakdown] iter= 88 attempts=1 curvature=0.000s solve=0.000s predred=0.000s candidate=0.000s other=0.000s
[INFO] [PIRLS lm-trajectory] iter= 88 start_lambda=1.000e-9 final_lambda=1.000e-9 log10_ratio=0.000 accept_rho=1.000 attempts=1
[INFO] [STAGE] PIRLS update_with_curvature iter=89 curvature=Fisher elapsed=0.000s source=reused_prev_accept
[INFO] [PIRLS iter-end] iter= 89 elapsed=0.0006s lm_lambda=1.00e-9 g_norm=8.970e-7 last_dev_change=1.487e-10 last_halving=1
[INFO] [PIRLS iter-breakdown] iter= 89 attempts=1 curvature=0.000s solve=0.000s predred=0.000s candidate=0.000s other=0.000s
[INFO] [PIRLS lm-trajectory] iter= 89 start_lambda=1.000e-9 final_lambda=1.000e-9 log10_ratio=0.000 accept_rho=1.000 attempts=1
[INFO] [STAGE] PIRLS update_with_curvature iter=90 curvature=Fisher elapsed=0.000s source=reused_prev_accept
[INFO] [PIRLS iter-end] iter= 90 elapsed=0.0006s lm_lambda=1.00e-9 g_norm=8.822e-7 last_dev_change=1.439e-10 last_halving=1
[INFO] [PIRLS iter-breakdown] iter= 90 attempts=1 curvature=0.000s solve=0.000s predred=0.000s candidate=0.000s other=0.000s
[INFO] [PIRLS lm-trajectory] iter= 90 start_lambda=1.000e-9 final_lambda=1.000e-9 log10_ratio=0.000 accept_rho=1.000 attempts=1
[INFO] [STAGE] PIRLS update_with_curvature iter=91 curvature=Fisher elapsed=0.000s source=reused_prev_accept
[INFO] [PIRLS iter-end] iter= 91 elapsed=0.0006s lm_lambda=1.00e-9 g_norm=8.677e-7 last_dev_change=1.391e-10 last_halving=1
[INFO] [PIRLS iter-breakdown] iter= 91 attempts=1 curvature=0.000s solve=0.000s predred=0.000s candidate=0.000s other=0.000s
[INFO] [PIRLS lm-trajectory] iter= 91 start_lambda=1.000e-9 final_lambda=1.000e-9 log10_ratio=0.000 accept_rho=1.000 attempts=1
[INFO] [STAGE] PIRLS update_with_curvature iter=92 curvature=Fisher elapsed=0.000s source=reused_prev_accept
[INFO] [PIRLS iter-end] iter= 92 elapsed=0.0006s lm_lambda=1.00e-9 g_norm=8.534e-7 last_dev_change=1.346e-10 last_halving=1
[INFO] [PIRLS iter-breakdown] iter= 92 attempts=1 curvature=0.000s solve=0.000s predred=0.000s candidate=0.000s other=0.000s
[INFO] [PIRLS lm-trajectory] iter= 92 start_lambda=1.000e-9 final_lambda=1.000e-9 log10_ratio=0.000 accept_rho=1.000 attempts=1
[INFO] [STAGE] PIRLS update_with_curvature iter=93 curvature=Fisher elapsed=0.000s source=reused_prev_accept
[INFO] [PIRLS iter-end] iter= 93 elapsed=0.0006s lm_lambda=1.00e-9 g_norm=8.393e-7 last_dev_change=1.302e-10 last_halving=1
[INFO] [PIRLS iter-breakdown] iter= 93 attempts=1 curvature=0.000s solve=0.000s predred=0.000s candidate=0.000s other=0.000s
[INFO] [PIRLS lm-trajectory] iter= 93 start_lambda=1.000e-9 final_lambda=1.000e-9 log10_ratio=0.000 accept_rho=1.000 attempts=1
[INFO] [STAGE] PIRLS update_with_curvature iter=94 curvature=Fisher elapsed=0.000s source=reused_prev_accept
[INFO] [PIRLS iter-end] iter= 94 elapsed=0.0006s lm_lambda=1.00e-9 g_norm=8.255e-7 last_dev_change=1.259e-10 last_halving=1
[INFO] [PIRLS iter-breakdown] iter= 94 attempts=1 curvature=0.000s solve=0.000s predred=0.000s candidate=0.000s other=0.000s
[INFO] [PIRLS lm-trajectory] iter= 94 start_lambda=1.000e-9 final_lambda=1.000e-9 log10_ratio=0.000 accept_rho=1.000 attempts=1
[INFO] [STAGE] PIRLS update_with_curvature iter=95 curvature=Fisher elapsed=0.000s source=reused_prev_accept
[INFO] [PIRLS iter-end] iter= 95 elapsed=0.0006s lm_lambda=1.00e-9 g_norm=8.119e-7 last_dev_change=1.218e-10 last_halving=1
[INFO] [PIRLS iter-breakdown] iter= 95 attempts=1 curvature=0.000s solve=0.000s predred=0.000s candidate=0.000s other=0.000s
[INFO] [PIRLS lm-trajectory] iter= 95 start_lambda=1.000e-9 final_lambda=1.000e-9 log10_ratio=0.000 accept_rho=1.000 attempts=1
[INFO] [STAGE] PIRLS update_with_curvature iter=96 curvature=Fisher elapsed=0.000s source=reused_prev_accept
[INFO] [PIRLS iter-end] iter= 96 elapsed=0.0006s lm_lambda=1.00e-9 g_norm=7.985e-7 last_dev_change=1.178e-10 last_halving=1
[INFO] [PIRLS iter-breakdown] iter= 96 attempts=1 curvature=0.000s solve=0.000s predred=0.000s candidate=0.000s other=0.000s
[INFO] [PIRLS lm-trajectory] iter= 96 start_lambda=1.000e-9 final_lambda=1.000e-9 log10_ratio=0.000 accept_rho=1.000 attempts=1
[INFO] [STAGE] PIRLS update_with_curvature iter=97 curvature=Fisher elapsed=0.000s source=reused_prev_accept
[INFO] [PIRLS iter-end] iter= 97 elapsed=0.0006s lm_lambda=1.00e-9 g_norm=7.853e-7 last_dev_change=1.140e-10 last_halving=1
[INFO] [PIRLS iter-breakdown] iter= 97 attempts=1 curvature=0.000s solve=0.000s predred=0.000s candidate=0.000s other=0.000s
[INFO] [PIRLS lm-trajectory] iter= 97 start_lambda=1.000e-9 final_lambda=1.000e-9 log10_ratio=0.000 accept_rho=1.000 attempts=1
[INFO] [STAGE] PIRLS update_with_curvature iter=98 curvature=Fisher elapsed=0.000s source=reused_prev_accept
[INFO] [PIRLS iter-end] iter= 98 elapsed=0.0006s lm_lambda=1.00e-9 g_norm=7.724e-7 last_dev_change=1.102e-10 last_halving=1
[INFO] [PIRLS iter-breakdown] iter= 98 attempts=1 curvature=0.000s solve=0.000s predred=0.000s candidate=0.000s other=0.000s
[INFO] [PIRLS lm-trajectory] iter= 98 start_lambda=1.000e-9 final_lambda=1.000e-9 log10_ratio=0.000 accept_rho=1.000 attempts=1
[INFO] [STAGE] PIRLS update_with_curvature iter=99 curvature=Fisher elapsed=0.000s source=reused_prev_accept
[INFO] [PIRLS iter-end] iter= 99 elapsed=0.0006s lm_lambda=1.00e-9 g_norm=7.596e-7 last_dev_change=1.066e-10 last_halving=1
[INFO] [PIRLS iter-breakdown] iter= 99 attempts=1 curvature=0.000s solve=0.000s predred=0.000s candidate=0.000s other=0.000s
[INFO] [PIRLS lm-trajectory] iter= 99 start_lambda=1.000e-9 final_lambda=1.000e-9 log10_ratio=0.000 accept_rho=1.000 attempts=1
[INFO] [STAGE] PIRLS update_with_curvature iter=100 curvature=Fisher elapsed=0.000s source=reused_prev_accept
[INFO] [PIRLS iter-end] iter=100 elapsed=0.0006s lm_lambda=1.00e-9 g_norm=7.471e-7 last_dev_change=1.032e-10 last_halving=1
[INFO] [PIRLS iter-breakdown] iter=100 attempts=1 curvature=0.000s solve=0.000s predred=0.000s candidate=0.000s other=0.000s
[INFO] [PIRLS lm-trajectory] iter=100 start_lambda=1.000e-9 final_lambda=1.000e-9 log10_ratio=0.000 accept_rho=1.000 attempts=1
[INFO] [STAGE] PIRLS update_with_curvature iter=101 curvature=Fisher elapsed=0.000s source=reused_prev_accept
[INFO] [PIRLS iter-end] iter=101 elapsed=0.0006s lm_lambda=1.00e-9 g_norm=7.348e-7 last_dev_change=9.978e-11 last_halving=1
[INFO] [PIRLS iter-breakdown] iter=101 attempts=1 curvature=0.000s solve=0.000s predred=0.000s candidate=0.000s other=0.000s
[INFO] [PIRLS lm-trajectory] iter=101 start_lambda=1.000e-9 final_lambda=1.000e-9 log10_ratio=0.000 accept_rho=1.000 attempts=1
[INFO] [STAGE] PIRLS update_with_curvature iter=102 curvature=Fisher elapsed=0.000s source=reused_prev_accept
[INFO] [PIRLS iter-end] iter=102 elapsed=0.0006s lm_lambda=1.00e-9 g_norm=7.227e-7 last_dev_change=9.653e-11 last_halving=1
[INFO] [PIRLS iter-breakdown] iter=102 attempts=1 curvature=0.000s solve=0.000s predred=0.000s candidate=0.000s other=0.000s
[INFO] [PIRLS lm-trajectory] iter=102 start_lambda=1.000e-9 final_lambda=1.000e-9 log10_ratio=0.000 accept_rho=1.000 attempts=1
[INFO] [STAGE] PIRLS update_with_curvature iter=103 curvature=Fisher elapsed=0.000s source=reused_prev_accept
[INFO] [PIRLS iter-end] iter=103 elapsed=0.0006s lm_lambda=1.00e-9 g_norm=7.108e-7 last_dev_change=9.336e-11 last_halving=1
[INFO] [PIRLS iter-breakdown] iter=103 attempts=1 curvature=0.000s solve=0.000s predred=0.000s candidate=0.000s other=0.000s
[INFO] [PIRLS lm-trajectory] iter=103 start_lambda=1.000e-9 final_lambda=1.000e-9 log10_ratio=0.000 accept_rho=1.000 attempts=1
[INFO] [STAGE] PIRLS update_with_curvature iter=104 curvature=Fisher elapsed=0.000s source=reused_prev_accept
[INFO] [PIRLS iter-end] iter=104 elapsed=0.0006s lm_lambda=1.00e-9 g_norm=6.990e-7 last_dev_change=9.032e-11 last_halving=1
[INFO] [PIRLS iter-breakdown] iter=104 attempts=1 curvature=0.000s solve=0.000s predred=0.000s candidate=0.000s other=0.000s
[INFO] [PIRLS lm-trajectory] iter=104 start_lambda=1.000e-9 final_lambda=1.000e-9 log10_ratio=0.000 accept_rho=1.000 attempts=1
[INFO] [STAGE] PIRLS update_with_curvature iter=105 curvature=Fisher elapsed=0.000s source=reused_prev_accept
[INFO] [PIRLS iter-end] iter=105 elapsed=0.0006s lm_lambda=1.00e-9 g_norm=6.875e-7 last_dev_change=8.736e-11 last_halving=1
[INFO] [PIRLS iter-breakdown] iter=105 attempts=1 curvature=0.000s solve=0.000s predred=0.000s candidate=0.000s other=0.000s
[INFO] [PIRLS lm-trajectory] iter=105 start_lambda=1.000e-9 final_lambda=1.000e-9 log10_ratio=0.000 accept_rho=1.000 attempts=1
[INFO] [STAGE] PIRLS update_with_curvature iter=106 curvature=Fisher elapsed=0.000s source=reused_prev_accept
[INFO] [PIRLS iter-end] iter=106 elapsed=0.0006s lm_lambda=1.00e-9 g_norm=6.762e-7 last_dev_change=8.450e-11 last_halving=1
[INFO] [PIRLS iter-breakdown] iter=106 attempts=1 curvature=0.000s solve=0.000s predred=0.000s candidate=0.000s other=0.000s
[INFO] [PIRLS lm-trajectory] iter=106 start_lambda=1.000e-9 final_lambda=1.000e-9 log10_ratio=0.000 accept_rho=1.000 attempts=1
[INFO] [STAGE] PIRLS update_with_curvature iter=107 curvature=Fisher elapsed=0.000s source=reused_prev_accept
[INFO] [PIRLS iter-end] iter=107 elapsed=0.0006s lm_lambda=1.00e-9 g_norm=6.650e-7 last_dev_change=8.174e-11 last_halving=1
[INFO] [PIRLS iter-breakdown] iter=107 attempts=1 curvature=0.000s solve=0.000s predred=0.000s candidate=0.000s other=0.000s
[INFO] [PIRLS lm-trajectory] iter=107 start_lambda=1.000e-9 final_lambda=1.000e-9 log10_ratio=0.000 accept_rho=1.000 attempts=1
[INFO] [STAGE] PIRLS update_with_curvature iter=108 curvature=Fisher elapsed=0.000s source=reused_prev_accept
[INFO] [PIRLS iter-end] iter=108 elapsed=0.0006s lm_lambda=1.00e-9 g_norm=6.541e-7 last_dev_change=7.907e-11 last_halving=1
[INFO] [PIRLS iter-breakdown] iter=108 attempts=1 curvature=0.000s solve=0.000s predred=0.000s candidate=0.000s other=0.000s
[INFO] [PIRLS lm-trajectory] iter=108 start_lambda=1.000e-9 final_lambda=1.000e-9 log10_ratio=0.000 accept_rho=1.000 attempts=1
[INFO] [STAGE] PIRLS update_with_curvature iter=109 curvature=Fisher elapsed=0.000s source=reused_prev_accept
[INFO] [PIRLS iter-end] iter=109 elapsed=0.0006s lm_lambda=1.00e-9 g_norm=6.433e-7 last_dev_change=7.648e-11 last_halving=1
[INFO] [PIRLS iter-breakdown] iter=109 attempts=1 curvature=0.000s solve=0.000s predred=0.000s candidate=0.000s other=0.000s
[INFO] [PIRLS lm-trajectory] iter=109 start_lambda=1.000e-9 final_lambda=1.000e-9 log10_ratio=0.000 accept_rho=1.000 attempts=1
[INFO] [STAGE] PIRLS update_with_curvature iter=110 curvature=Fisher elapsed=0.000s source=reused_prev_accept
[INFO] [PIRLS iter-end] iter=110 elapsed=0.0006s lm_lambda=1.00e-9 g_norm=6.327e-7 last_dev_change=7.398e-11 last_halving=1
[INFO] [PIRLS iter-breakdown] iter=110 attempts=1 curvature=0.000s solve=0.000s predred=0.000s candidate=0.000s other=0.000s
[INFO] [PIRLS lm-trajectory] iter=110 start_lambda=1.000e-9 final_lambda=1.000e-9 log10_ratio=0.000 accept_rho=1.000 attempts=1
[INFO] [STAGE] PIRLS update_with_curvature iter=111 curvature=Fisher elapsed=0.000s source=reused_prev_accept
[INFO] [PIRLS iter-end] iter=111 elapsed=0.0006s lm_lambda=1.00e-9 g_norm=6.222e-7 last_dev_change=7.156e-11 last_halving=1
[INFO] [PIRLS iter-breakdown] iter=111 attempts=1 curvature=0.000s solve=0.000s predred=0.000s candidate=0.000s other=0.000s
[INFO] [PIRLS lm-trajectory] iter=111 start_lambda=1.000e-9 final_lambda=1.000e-9 log10_ratio=0.000 accept_rho=1.000 attempts=1
[INFO] [STAGE] PIRLS update_with_curvature iter=112 curvature=Fisher elapsed=0.000s source=reused_prev_accept
[INFO] [PIRLS iter-end] iter=112 elapsed=0.0006s lm_lambda=1.00e-9 g_norm=6.120e-7 last_dev_change=6.922e-11 last_halving=1
[INFO] [PIRLS iter-breakdown] iter=112 attempts=1 curvature=0.000s solve=0.000s predred=0.000s candidate=0.000s other=0.000s
[INFO] [PIRLS lm-trajectory] iter=112 start_lambda=1.000e-9 final_lambda=1.000e-9 log10_ratio=0.000 accept_rho=1.000 attempts=1
[INFO] [STAGE] PIRLS update_with_curvature iter=113 curvature=Fisher elapsed=0.000s source=reused_prev_accept
[INFO] [PIRLS iter-end] iter=113 elapsed=0.0006s lm_lambda=1.00e-9 g_norm=6.019e-7 last_dev_change=6.696e-11 last_halving=1
[INFO] [PIRLS iter-breakdown] iter=113 attempts=1 curvature=0.000s solve=0.000s predred=0.000s candidate=0.000s other=0.000s
[INFO] [PIRLS lm-trajectory] iter=113 start_lambda=1.000e-9 final_lambda=1.000e-9 log10_ratio=0.000 accept_rho=1.000 attempts=1
[INFO] [STAGE] PIRLS update_with_curvature iter=114 curvature=Fisher elapsed=0.000s source=reused_prev_accept
[INFO] [PIRLS iter-end] iter=114 elapsed=0.0006s lm_lambda=1.00e-9 g_norm=5.920e-7 last_dev_change=6.477e-11 last_halving=1
[INFO] [PIRLS iter-breakdown] iter=114 attempts=1 curvature=0.000s solve=0.000s predred=0.000s candidate=0.000s other=0.000s
[INFO] [PIRLS lm-trajectory] iter=114 start_lambda=1.000e-9 final_lambda=1.000e-9 log10_ratio=0.000 accept_rho=1.000 attempts=1
[INFO] [STAGE] PIRLS update_with_curvature iter=115 curvature=Fisher elapsed=0.000s source=reused_prev_accept
[INFO] [PIRLS iter-end] iter=115 elapsed=0.0006s lm_lambda=1.00e-9 g_norm=5.822e-7 last_dev_change=6.264e-11 last_halving=1
[INFO] [PIRLS iter-breakdown] iter=115 attempts=1 curvature=0.000s solve=0.000s predred=0.000s candidate=0.000s other=0.000s
[INFO] [PIRLS lm-trajectory] iter=115 start_lambda=1.000e-9 final_lambda=1.000e-9 log10_ratio=0.000 accept_rho=1.000 attempts=1
[INFO] [STAGE] PIRLS update_with_curvature iter=116 curvature=Fisher elapsed=0.000s source=reused_prev_accept
[INFO] [PIRLS iter-end] iter=116 elapsed=0.0006s lm_lambda=1.00e-9 g_norm=5.726e-7 last_dev_change=6.061e-11 last_halving=1
[INFO] [PIRLS iter-breakdown] iter=116 attempts=1 curvature=0.000s solve=0.000s predred=0.000s candidate=0.000s other=0.000s
[INFO] [PIRLS lm-trajectory] iter=116 start_lambda=1.000e-9 final_lambda=1.000e-9 log10_ratio=0.000 accept_rho=1.000 attempts=1
[INFO] [STAGE] PIRLS update_with_curvature iter=117 curvature=Fisher elapsed=0.000s source=reused_prev_accept
[INFO] [PIRLS iter-end] iter=117 elapsed=0.0006s lm_lambda=1.00e-9 g_norm=5.632e-7 last_dev_change=5.862e-11 last_halving=1
[INFO] [PIRLS iter-breakdown] iter=117 attempts=1 curvature=0.000s solve=0.000s predred=0.000s candidate=0.000s other=0.000s
[INFO] [PIRLS lm-trajectory] iter=117 start_lambda=1.000e-9 final_lambda=1.000e-9 log10_ratio=0.000 accept_rho=1.000 attempts=1
[INFO] [STAGE] PIRLS update_with_curvature iter=118 curvature=Fisher elapsed=0.000s source=reused_prev_accept
[INFO] [PIRLS iter-end] iter=118 elapsed=0.0006s lm_lambda=1.00e-9 g_norm=5.539e-7 last_dev_change=5.670e-11 last_halving=1
[INFO] [PIRLS iter-breakdown] iter=118 attempts=1 curvature=0.000s solve=0.000s predred=0.000s candidate=0.000s other=0.000s
[INFO] [PIRLS lm-trajectory] iter=118 start_lambda=1.000e-9 final_lambda=1.000e-9 log10_ratio=0.000 accept_rho=1.000 attempts=1
[INFO] [STAGE] PIRLS update_with_curvature iter=119 curvature=Fisher elapsed=0.000s source=reused_prev_accept
[INFO] [PIRLS iter-end] iter=119 elapsed=0.0006s lm_lambda=1.00e-9 g_norm=5.448e-7 last_dev_change=5.484e-11 last_halving=1
[INFO] [PIRLS iter-breakdown] iter=119 attempts=1 curvature=0.000s solve=0.000s predred=0.000s candidate=0.000s other=0.000s
[INFO] [PIRLS lm-trajectory] iter=119 start_lambda=1.000e-9 final_lambda=1.000e-9 log10_ratio=0.000 accept_rho=1.000 attempts=1
[INFO] [STAGE] PIRLS update_with_curvature iter=120 curvature=Fisher elapsed=0.000s source=reused_prev_accept
[INFO] [PIRLS iter-end] iter=120 elapsed=0.0006s lm_lambda=1.00e-9 g_norm=5.358e-7 last_dev_change=5.306e-11 last_halving=1
[INFO] [PIRLS iter-breakdown] iter=120 attempts=1 curvature=0.000s solve=0.000s predred=0.000s candidate=0.000s other=0.000s
[INFO] [PIRLS lm-trajectory] iter=120 start_lambda=1.000e-9 final_lambda=1.000e-9 log10_ratio=0.000 accept_rho=1.000 attempts=1
[INFO] [STAGE] PIRLS update_with_curvature iter=121 curvature=Fisher elapsed=0.000s source=reused_prev_accept
[INFO] [PIRLS iter-end] iter=121 elapsed=0.0006s lm_lambda=1.00e-9 g_norm=5.269e-7 last_dev_change=5.132e-11 last_halving=1
[INFO] [PIRLS iter-breakdown] iter=121 attempts=1 curvature=0.000s solve=0.000s predred=0.000s candidate=0.000s other=0.000s
[INFO] [PIRLS lm-trajectory] iter=121 start_lambda=1.000e-9 final_lambda=1.000e-9 log10_ratio=0.000 accept_rho=1.000 attempts=1
[INFO] [STAGE] PIRLS update_with_curvature iter=122 curvature=Fisher elapsed=0.000s source=reused_prev_accept
[INFO] [PIRLS iter-end] iter=122 elapsed=0.0006s lm_lambda=1.00e-9 g_norm=5.183e-7 last_dev_change=4.964e-11 last_halving=1
[INFO] [PIRLS iter-breakdown] iter=122 attempts=1 curvature=0.000s solve=0.000s predred=0.000s candidate=0.000s other=0.000s
[INFO] [PIRLS lm-trajectory] iter=122 start_lambda=1.000e-9 final_lambda=1.000e-9 log10_ratio=0.000 accept_rho=1.000 attempts=1
[INFO] [STAGE] PIRLS update_with_curvature iter=123 curvature=Fisher elapsed=0.000s source=reused_prev_accept
[INFO] [PIRLS iter-end] iter=123 elapsed=0.0006s lm_lambda=1.00e-9 g_norm=5.097e-7 last_dev_change=4.802e-11 last_halving=1
[INFO] [PIRLS iter-breakdown] iter=123 attempts=1 curvature=0.000s solve=0.000s predred=0.000s candidate=0.000s other=0.000s
[INFO] [PIRLS lm-trajectory] iter=123 start_lambda=1.000e-9 final_lambda=1.000e-9 log10_ratio=0.000 accept_rho=1.000 attempts=1
[INFO] [STAGE] PIRLS update_with_curvature iter=124 curvature=Fisher elapsed=0.000s source=reused_prev_accept
[INFO] [PIRLS iter-end] iter=124 elapsed=0.0006s lm_lambda=1.00e-9 g_norm=5.013e-7 last_dev_change=4.644e-11 last_halving=1
[INFO] [PIRLS iter-breakdown] iter=124 attempts=1 curvature=0.000s solve=0.000s predred=0.000s candidate=0.000s other=0.000s
[INFO] [PIRLS lm-trajectory] iter=124 start_lambda=1.000e-9 final_lambda=1.000e-9 log10_ratio=0.000 accept_rho=1.000 attempts=1
[INFO] [STAGE] PIRLS update_with_curvature iter=125 curvature=Fisher elapsed=0.000s source=reused_prev_accept
[INFO] [PIRLS iter-end] iter=125 elapsed=0.0006s lm_lambda=1.00e-9 g_norm=4.930e-7 last_dev_change=4.493e-11 last_halving=1
[INFO] [PIRLS iter-breakdown] iter=125 attempts=1 curvature=0.000s solve=0.000s predred=0.000s candidate=0.000s other=0.000s
[INFO] [PIRLS lm-trajectory] iter=125 start_lambda=1.000e-9 final_lambda=1.000e-9 log10_ratio=0.000 accept_rho=1.000 attempts=1
[INFO] [STAGE] PIRLS update_with_curvature iter=126 curvature=Fisher elapsed=0.000s source=reused_prev_accept
[INFO] [PIRLS iter-end] iter=126 elapsed=0.0006s lm_lambda=1.00e-9 g_norm=4.849e-7 last_dev_change=4.346e-11 last_halving=1
[INFO] [PIRLS iter-breakdown] iter=126 attempts=1 curvature=0.000s solve=0.000s predred=0.000s candidate=0.000s other=0.000s
[INFO] [PIRLS lm-trajectory] iter=126 start_lambda=1.000e-9 final_lambda=1.000e-9 log10_ratio=0.000 accept_rho=1.000 attempts=1
[INFO] [STAGE] PIRLS update_with_curvature iter=127 curvature=Fisher elapsed=0.000s source=reused_prev_accept
[INFO] [PIRLS iter-end] iter=127 elapsed=0.0006s lm_lambda=1.00e-9 g_norm=4.769e-7 last_dev_change=4.203e-11 last_halving=1
[INFO] [PIRLS iter-breakdown] iter=127 attempts=1 curvature=0.000s solve=0.000s predred=0.000s candidate=0.000s other=0.000s
[INFO] [PIRLS lm-trajectory] iter=127 start_lambda=1.000e-9 final_lambda=1.000e-9 log10_ratio=0.000 accept_rho=1.000 attempts=1
[INFO] [STAGE] PIRLS update_with_curvature iter=128 curvature=Fisher elapsed=0.000s source=reused_prev_accept
[INFO] [PIRLS iter-end] iter=128 elapsed=0.0006s lm_lambda=1.00e-9 g_norm=4.691e-7 last_dev_change=4.067e-11 last_halving=1
[INFO] [PIRLS iter-breakdown] iter=128 attempts=1 curvature=0.000s solve=0.000s predred=0.000s candidate=0.000s other=0.000s
[INFO] [PIRLS lm-trajectory] iter=128 start_lambda=1.000e-9 final_lambda=1.000e-9 log10_ratio=0.000 accept_rho=1.000 attempts=1
[INFO] [STAGE] PIRLS update_with_curvature iter=129 curvature=Fisher elapsed=0.000s source=reused_prev_accept
[INFO] [PIRLS iter-end] iter=129 elapsed=0.0006s lm_lambda=1.00e-9 g_norm=4.613e-7 last_dev_change=3.934e-11 last_halving=1
[INFO] [PIRLS iter-breakdown] iter=129 attempts=1 curvature=0.000s solve=0.000s predred=0.000s candidate=0.000s other=0.000s
[INFO] [PIRLS lm-trajectory] iter=129 start_lambda=1.000e-9 final_lambda=1.000e-9 log10_ratio=0.000 accept_rho=1.000 attempts=1
[INFO] [STAGE] PIRLS update_with_curvature iter=130 curvature=Fisher elapsed=0.000s source=reused_prev_accept
[INFO] [PIRLS iter-end] iter=130 elapsed=0.0006s lm_lambda=1.00e-9 g_norm=4.537e-7 last_dev_change=3.805e-11 last_halving=1
[INFO] [PIRLS iter-breakdown] iter=130 attempts=1 curvature=0.000s solve=0.000s predred=0.000s candidate=0.000s other=0.000s
[INFO] [PIRLS lm-trajectory] iter=130 start_lambda=1.000e-9 final_lambda=1.000e-9 log10_ratio=0.000 accept_rho=1.000 attempts=1
[INFO] [STAGE] PIRLS update_with_curvature iter=131 curvature=Fisher elapsed=0.000s source=reused_prev_accept
[INFO] [PIRLS iter-end] iter=131 elapsed=0.0006s lm_lambda=1.00e-9 g_norm=4.462e-7 last_dev_change=3.680e-11 last_halving=1
[INFO] [PIRLS iter-breakdown] iter=131 attempts=1 curvature=0.000s solve=0.000s predred=0.000s candidate=0.000s other=0.000s
[INFO] [PIRLS lm-trajectory] iter=131 start_lambda=1.000e-9 final_lambda=1.000e-9 log10_ratio=0.000 accept_rho=1.000 attempts=1
[INFO] [STAGE] PIRLS update_with_curvature iter=132 curvature=Fisher elapsed=0.000s source=reused_prev_accept
[INFO] [PIRLS iter-end] iter=132 elapsed=0.0006s lm_lambda=1.00e-9 g_norm=4.389e-7 last_dev_change=3.560e-11 last_halving=1
[INFO] [PIRLS iter-breakdown] iter=132 attempts=1 curvature=0.000s solve=0.000s predred=0.000s candidate=0.000s other=0.000s
[INFO] [PIRLS lm-trajectory] iter=132 start_lambda=1.000e-9 final_lambda=1.000e-9 log10_ratio=0.000 accept_rho=1.000 attempts=1
[INFO] [STAGE] PIRLS update_with_curvature iter=133 curvature=Fisher elapsed=0.000s source=reused_prev_accept
[INFO] [PIRLS iter-end] iter=133 elapsed=0.0006s lm_lambda=1.00e-9 g_norm=4.317e-7 last_dev_change=3.443e-11 last_halving=1
[INFO] [PIRLS iter-breakdown] iter=133 attempts=1 curvature=0.000s solve=0.000s predred=0.000s candidate=0.000s other=0.000s
[INFO] [PIRLS lm-trajectory] iter=133 start_lambda=1.000e-9 final_lambda=1.000e-9 log10_ratio=0.000 accept_rho=1.000 attempts=1
[INFO] [STAGE] PIRLS update_with_curvature iter=134 curvature=Fisher elapsed=0.000s source=reused_prev_accept
[INFO] [PIRLS iter-end] iter=134 elapsed=0.0006s lm_lambda=1.00e-9 g_norm=4.245e-7 last_dev_change=3.331e-11 last_halving=1
[INFO] [PIRLS iter-breakdown] iter=134 attempts=1 curvature=0.000s solve=0.000s predred=0.000s candidate=0.000s other=0.000s
[INFO] [PIRLS lm-trajectory] iter=134 start_lambda=1.000e-9 final_lambda=1.000e-9 log10_ratio=0.000 accept_rho=1.000 attempts=1
[INFO] [STAGE] PIRLS update_with_curvature iter=135 curvature=Fisher elapsed=0.000s source=reused_prev_accept
[INFO] [PIRLS iter-end] iter=135 elapsed=0.0006s lm_lambda=1.00e-9 g_norm=4.175e-7 last_dev_change=3.222e-11 last_halving=1
[INFO] [PIRLS iter-breakdown] iter=135 attempts=1 curvature=0.000s solve=0.000s predred=0.000s candidate=0.000s other=0.000s
[INFO] [PIRLS lm-trajectory] iter=135 start_lambda=1.000e-9 final_lambda=1.000e-9 log10_ratio=0.000 accept_rho=1.000 attempts=1
[INFO] [STAGE] PIRLS update_with_curvature iter=136 curvature=Fisher elapsed=0.000s source=reused_prev_accept
[INFO] [PIRLS iter-end] iter=136 elapsed=0.0006s lm_lambda=1.00e-9 g_norm=4.106e-7 last_dev_change=3.117e-11 last_halving=1
[INFO] [PIRLS iter-breakdown] iter=136 attempts=1 curvature=0.000s solve=0.000s predred=0.000s candidate=0.000s other=0.000s
[INFO] [PIRLS lm-trajectory] iter=136 start_lambda=1.000e-9 final_lambda=1.000e-9 log10_ratio=0.000 accept_rho=1.000 attempts=1
[INFO] [STAGE] PIRLS update_with_curvature iter=137 curvature=Fisher elapsed=0.000s source=reused_prev_accept
[INFO] [PIRLS iter-end] iter=137 elapsed=0.0006s lm_lambda=1.00e-9 g_norm=4.039e-7 last_dev_change=3.015e-11 last_halving=1
[INFO] [PIRLS iter-breakdown] iter=137 attempts=1 curvature=0.000s solve=0.000s predred=0.000s candidate=0.000s other=0.000s
[INFO] [PIRLS lm-trajectory] iter=137 start_lambda=1.000e-9 final_lambda=1.000e-9 log10_ratio=0.000 accept_rho=1.000 attempts=1
[INFO] [STAGE] PIRLS update_with_curvature iter=138 curvature=Fisher elapsed=0.000s source=reused_prev_accept
[INFO] [PIRLS iter-end] iter=138 elapsed=0.0006s lm_lambda=1.00e-9 g_norm=3.972e-7 last_dev_change=2.916e-11 last_halving=1
[INFO] [PIRLS iter-breakdown] iter=138 attempts=1 curvature=0.000s solve=0.000s predred=0.000s candidate=0.000s other=0.000s
[INFO] [PIRLS lm-trajectory] iter=138 start_lambda=1.000e-9 final_lambda=1.000e-9 log10_ratio=0.000 accept_rho=1.000 attempts=1
[INFO] [STAGE] PIRLS update_with_curvature iter=139 curvature=Fisher elapsed=0.000s source=reused_prev_accept
[INFO] [PIRLS iter-end] iter=139 elapsed=0.0006s lm_lambda=1.00e-9 g_norm=3.907e-7 last_dev_change=2.821e-11 last_halving=1
[INFO] [PIRLS iter-breakdown] iter=139 attempts=1 curvature=0.000s solve=0.000s predred=0.000s candidate=0.000s other=0.000s
[INFO] [PIRLS lm-trajectory] iter=139 start_lambda=1.000e-9 final_lambda=1.000e-9 log10_ratio=0.000 accept_rho=1.000 attempts=1
[INFO] [STAGE] PIRLS update_with_curvature iter=140 curvature=Fisher elapsed=0.000s source=reused_prev_accept
[INFO] [PIRLS iter-end] iter=140 elapsed=0.0006s lm_lambda=1.00e-9 g_norm=3.842e-7 last_dev_change=2.728e-11 last_halving=1
[INFO] [PIRLS iter-breakdown] iter=140 attempts=1 curvature=0.000s solve=0.000s predred=0.000s candidate=0.000s other=0.000s
[INFO] [PIRLS lm-trajectory] iter=140 start_lambda=1.000e-9 final_lambda=1.000e-9 log10_ratio=0.000 accept_rho=1.000 attempts=1
[INFO] [STAGE] PIRLS update_with_curvature iter=141 curvature=Fisher elapsed=0.000s source=reused_prev_accept
[INFO] [PIRLS iter-end] iter=141 elapsed=0.0006s lm_lambda=1.00e-9 g_norm=3.779e-7 last_dev_change=2.639e-11 last_halving=1
[INFO] [PIRLS iter-breakdown] iter=141 attempts=1 curvature=0.000s solve=0.000s predred=0.000s candidate=0.000s other=0.000s
[INFO] [PIRLS lm-trajectory] iter=141 start_lambda=1.000e-9 final_lambda=1.000e-9 log10_ratio=0.000 accept_rho=1.000 attempts=1
[INFO] [STAGE] PIRLS update_with_curvature iter=142 curvature=Fisher elapsed=0.000s source=reused_prev_accept
[INFO] [PIRLS iter-end] iter=142 elapsed=0.0006s lm_lambda=1.00e-9 g_norm=3.717e-7 last_dev_change=2.553e-11 last_halving=1
[INFO] [PIRLS iter-breakdown] iter=142 attempts=1 curvature=0.000s solve=0.000s predred=0.000s candidate=0.000s other=0.000s
[INFO] [PIRLS lm-trajectory] iter=142 start_lambda=1.000e-9 final_lambda=1.000e-9 log10_ratio=0.000 accept_rho=1.000 attempts=1
[INFO] [STAGE] PIRLS update_with_curvature iter=143 curvature=Fisher elapsed=0.000s source=reused_prev_accept
[INFO] [PIRLS iter-end] iter=143 elapsed=0.0006s lm_lambda=1.00e-9 g_norm=3.655e-7 last_dev_change=2.469e-11 last_halving=1
[INFO] [PIRLS iter-breakdown] iter=143 attempts=1 curvature=0.000s solve=0.000s predred=0.000s candidate=0.000s other=0.000s
[INFO] [PIRLS lm-trajectory] iter=143 start_lambda=1.000e-9 final_lambda=1.000e-9 log10_ratio=0.000 accept_rho=1.000 attempts=1
[INFO] [STAGE] PIRLS update_with_curvature iter=144 curvature=Fisher elapsed=0.000s source=reused_prev_accept
[INFO] [PIRLS iter-end] iter=144 elapsed=0.0006s lm_lambda=1.00e-9 g_norm=3.595e-7 last_dev_change=2.389e-11 last_halving=1
[INFO] [PIRLS iter-breakdown] iter=144 attempts=1 curvature=0.000s solve=0.000s predred=0.000s candidate=0.000s other=0.000s
[INFO] [PIRLS lm-trajectory] iter=144 start_lambda=1.000e-9 final_lambda=1.000e-9 log10_ratio=0.000 accept_rho=1.000 attempts=1
[INFO] [STAGE] PIRLS update_with_curvature iter=145 curvature=Fisher elapsed=0.000s source=reused_prev_accept
[INFO] [PIRLS iter-end] iter=145 elapsed=0.0006s lm_lambda=1.00e-9 g_norm=3.536e-7 last_dev_change=2.311e-11 last_halving=1
[INFO] [PIRLS iter-breakdown] iter=145 attempts=1 curvature=0.000s solve=0.000s predred=0.000s candidate=0.000s other=0.000s
[INFO] [PIRLS lm-trajectory] iter=145 start_lambda=1.000e-9 final_lambda=1.000e-9 log10_ratio=0.000 accept_rho=1.000 attempts=1
[INFO] [STAGE] PIRLS update_with_curvature iter=146 curvature=Fisher elapsed=0.000s source=reused_prev_accept
[INFO] [PIRLS iter-end] iter=146 elapsed=0.0006s lm_lambda=1.00e-9 g_norm=3.478e-7 last_dev_change=2.235e-11 last_halving=1
[INFO] [PIRLS iter-breakdown] iter=146 attempts=1 curvature=0.000s solve=0.000s predred=0.000s candidate=0.000s other=0.000s
[INFO] [PIRLS lm-trajectory] iter=146 start_lambda=1.000e-9 final_lambda=1.000e-9 log10_ratio=0.000 accept_rho=1.000 attempts=1
[INFO] [STAGE] PIRLS update_with_curvature iter=147 curvature=Fisher elapsed=0.000s source=reused_prev_accept
[INFO] [PIRLS iter-end] iter=147 elapsed=0.0006s lm_lambda=1.00e-9 g_norm=3.420e-7 last_dev_change=2.162e-11 last_halving=1
[INFO] [PIRLS iter-breakdown] iter=147 attempts=1 curvature=0.000s solve=0.000s predred=0.000s candidate=0.000s other=0.000s
[INFO] [PIRLS lm-trajectory] iter=147 start_lambda=1.000e-9 final_lambda=1.000e-9 log10_ratio=0.000 accept_rho=1.000 attempts=1
[INFO] [STAGE] PIRLS update_with_curvature iter=148 curvature=Fisher elapsed=0.000s source=reused_prev_accept
[INFO] [PIRLS iter-end] iter=148 elapsed=0.0006s lm_lambda=1.00e-9 g_norm=3.364e-7 last_dev_change=2.092e-11 last_halving=1
[INFO] [PIRLS iter-breakdown] iter=148 attempts=1 curvature=0.000s solve=0.000s predred=0.000s candidate=0.000s other=0.000s
[INFO] [PIRLS lm-trajectory] iter=148 start_lambda=1.000e-9 final_lambda=1.000e-9 log10_ratio=0.000 accept_rho=1.000 attempts=1
[INFO] [STAGE] PIRLS update_with_curvature iter=149 curvature=Fisher elapsed=0.000s source=reused_prev_accept
[INFO] [PIRLS iter-end] iter=149 elapsed=0.0006s lm_lambda=1.00e-9 g_norm=3.308e-7 last_dev_change=2.023e-11 last_halving=1
[INFO] [PIRLS iter-breakdown] iter=149 attempts=1 curvature=0.000s solve=0.000s predred=0.000s candidate=0.000s other=0.000s
[INFO] [PIRLS lm-trajectory] iter=149 start_lambda=1.000e-9 final_lambda=1.000e-9 log10_ratio=0.000 accept_rho=1.000 attempts=1
[INFO] [STAGE] PIRLS update_with_curvature iter=150 curvature=Fisher elapsed=0.000s source=reused_prev_accept
[INFO] [PIRLS iter-end] iter=150 elapsed=0.0006s lm_lambda=1.00e-9 g_norm=3.254e-7 last_dev_change=1.957e-11 last_halving=1
[INFO] [PIRLS iter-breakdown] iter=150 attempts=1 curvature=0.000s solve=0.000s predred=0.000s candidate=0.000s other=0.000s
[INFO] [PIRLS lm-trajectory] iter=150 start_lambda=1.000e-9 final_lambda=1.000e-9 log10_ratio=0.000 accept_rho=1.000 attempts=1
[INFO] [STAGE] PIRLS update_with_curvature iter=151 curvature=Fisher elapsed=0.000s source=reused_prev_accept
[INFO] [PIRLS iter-end] iter=151 elapsed=0.0006s lm_lambda=1.00e-9 g_norm=3.200e-7 last_dev_change=1.893e-11 last_halving=1
[INFO] [PIRLS iter-breakdown] iter=151 attempts=1 curvature=0.000s solve=0.000s predred=0.000s candidate=0.000s other=0.000s
[INFO] [PIRLS lm-trajectory] iter=151 start_lambda=1.000e-9 final_lambda=1.000e-9 log10_ratio=0.000 accept_rho=1.000 attempts=1
[INFO] [STAGE] PIRLS update_with_curvature iter=152 curvature=Fisher elapsed=0.000s source=reused_prev_accept
[INFO] [PIRLS iter-end] iter=152 elapsed=0.0006s lm_lambda=1.00e-9 g_norm=3.148e-7 last_dev_change=1.831e-11 last_halving=1
[INFO] [PIRLS iter-breakdown] iter=152 attempts=1 curvature=0.000s solve=0.000s predred=0.000s candidate=0.000s other=0.000s
[INFO] [PIRLS lm-trajectory] iter=152 start_lambda=1.000e-9 final_lambda=1.000e-9 log10_ratio=0.000 accept_rho=1.000 attempts=1
[INFO] [STAGE] PIRLS update_with_curvature iter=153 curvature=Fisher elapsed=0.000s source=reused_prev_accept
[INFO] [PIRLS iter-end] iter=153 elapsed=0.0006s lm_lambda=1.00e-9 g_norm=3.096e-7 last_dev_change=1.771e-11 last_halving=1
[INFO] [PIRLS iter-breakdown] iter=153 attempts=1 curvature=0.000s solve=0.000s predred=0.000s candidate=0.000s other=0.000s
[INFO] [PIRLS lm-trajectory] iter=153 start_lambda=1.000e-9 final_lambda=1.000e-9 log10_ratio=0.000 accept_rho=1.000 attempts=1
[INFO] [STAGE] PIRLS update_with_curvature iter=154 curvature=Fisher elapsed=0.000s source=reused_prev_accept
[INFO] [PIRLS iter-end] iter=154 elapsed=0.0006s lm_lambda=1.00e-9 g_norm=3.044e-7 last_dev_change=1.713e-11 last_halving=1
[INFO] [PIRLS iter-breakdown] iter=154 attempts=1 curvature=0.000s solve=0.000s predred=0.000s candidate=0.000s other=0.000s
[INFO] [PIRLS lm-trajectory] iter=154 start_lambda=1.000e-9 final_lambda=1.000e-9 log10_ratio=0.000 accept_rho=1.000 attempts=1
[INFO] [STAGE] PIRLS update_with_curvature iter=155 curvature=Fisher elapsed=0.000s source=reused_prev_accept
[INFO] [PIRLS iter-end] iter=155 elapsed=0.0006s lm_lambda=1.00e-9 g_norm=2.994e-7 last_dev_change=1.657e-11 last_halving=1
[INFO] [PIRLS iter-breakdown] iter=155 attempts=1 curvature=0.000s solve=0.000s predred=0.000s candidate=0.000s other=0.000s
[INFO] [PIRLS lm-trajectory] iter=155 start_lambda=1.000e-9 final_lambda=1.000e-9 log10_ratio=0.000 accept_rho=1.000 attempts=1
[INFO] [STAGE] PIRLS update_with_curvature iter=156 curvature=Fisher elapsed=0.000s source=reused_prev_accept
[INFO] [PIRLS iter-end] iter=156 elapsed=0.0006s lm_lambda=1.00e-9 g_norm=2.945e-7 last_dev_change=1.603e-11 last_halving=1
[INFO] [PIRLS iter-breakdown] iter=156 attempts=1 curvature=0.000s solve=0.000s predred=0.000s candidate=0.000s other=0.000s
[INFO] [PIRLS lm-trajectory] iter=156 start_lambda=1.000e-9 final_lambda=1.000e-9 log10_ratio=0.000 accept_rho=1.000 attempts=1
[INFO] [STAGE] PIRLS update_with_curvature iter=157 curvature=Fisher elapsed=0.000s source=reused_prev_accept
[INFO] [PIRLS iter-end] iter=157 elapsed=0.0006s lm_lambda=1.00e-9 g_norm=2.896e-7 last_dev_change=1.551e-11 last_halving=1
[INFO] [PIRLS iter-breakdown] iter=157 attempts=1 curvature=0.000s solve=0.000s predred=0.000s candidate=0.000s other=0.000s
[INFO] [PIRLS lm-trajectory] iter=157 start_lambda=1.000e-9 final_lambda=1.000e-9 log10_ratio=0.000 accept_rho=1.000 attempts=1
[INFO] [STAGE] PIRLS update_with_curvature iter=158 curvature=Fisher elapsed=0.000s source=reused_prev_accept
[INFO] [PIRLS iter-end] iter=158 elapsed=0.0006s lm_lambda=1.00e-9 g_norm=2.849e-7 last_dev_change=1.500e-11 last_halving=1
[INFO] [PIRLS iter-breakdown] iter=158 attempts=1 curvature=0.000s solve=0.000s predred=0.000s candidate=0.000s other=0.000s
[INFO] [PIRLS lm-trajectory] iter=158 start_lambda=1.000e-9 final_lambda=1.000e-9 log10_ratio=0.000 accept_rho=1.000 attempts=1
[INFO] [STAGE] PIRLS update_with_curvature iter=159 curvature=Fisher elapsed=0.000s source=reused_prev_accept
[INFO] [PIRLS iter-end] iter=159 elapsed=0.0005s lm_lambda=1.00e-9 g_norm=2.802e-7 last_dev_change=1.451e-11 last_halving=1
[INFO] [PIRLS iter-breakdown] iter=159 attempts=1 curvature=0.000s solve=0.000s predred=0.000s candidate=0.000s other=0.000s
[INFO] [PIRLS lm-trajectory] iter=159 start_lambda=1.000e-9 final_lambda=1.000e-9 log10_ratio=0.000 accept_rho=1.000 attempts=1
[INFO] [STAGE] PIRLS update_with_curvature iter=160 curvature=Fisher elapsed=0.000s source=reused_prev_accept
[INFO] [PIRLS iter-end] iter=160 elapsed=0.0006s lm_lambda=1.00e-9 g_norm=2.755e-7 last_dev_change=1.403e-11 last_halving=1
[INFO] [PIRLS iter-breakdown] iter=160 attempts=1 curvature=0.000s solve=0.000s predred=0.000s candidate=0.000s other=0.000s
[INFO] [PIRLS lm-trajectory] iter=160 start_lambda=1.000e-9 final_lambda=1.000e-9 log10_ratio=0.000 accept_rho=1.000 attempts=1
[INFO] [STAGE] PIRLS update_with_curvature iter=161 curvature=Fisher elapsed=0.000s source=reused_prev_accept
[INFO] [PIRLS iter-end] iter=161 elapsed=0.0006s lm_lambda=1.00e-9 g_norm=2.710e-7 last_dev_change=1.357e-11 last_halving=1
[INFO] [PIRLS iter-breakdown] iter=161 attempts=1 curvature=0.000s solve=0.000s predred=0.000s candidate=0.000s other=0.000s
[INFO] [PIRLS lm-trajectory] iter=161 start_lambda=1.000e-9 final_lambda=1.000e-9 log10_ratio=0.000 accept_rho=1.000 attempts=1
[INFO] [STAGE] PIRLS update_with_curvature iter=162 curvature=Fisher elapsed=0.000s source=reused_prev_accept
[INFO] [PIRLS iter-end] iter=162 elapsed=0.0006s lm_lambda=1.00e-9 g_norm=2.665e-7 last_dev_change=1.313e-11 last_halving=1
[INFO] [PIRLS iter-breakdown] iter=162 attempts=1 curvature=0.000s solve=0.000s predred=0.000s candidate=0.000s other=0.000s
[INFO] [PIRLS lm-trajectory] iter=162 start_lambda=1.000e-9 final_lambda=1.000e-9 log10_ratio=0.000 accept_rho=1.000 attempts=1
[INFO] [STAGE] PIRLS update_with_curvature iter=163 curvature=Fisher elapsed=0.000s source=reused_prev_accept
[INFO] [PIRLS iter-end] iter=163 elapsed=0.0006s lm_lambda=1.00e-9 g_norm=2.621e-7 last_dev_change=1.270e-11 last_halving=1
[INFO] [PIRLS iter-breakdown] iter=163 attempts=1 curvature=0.000s solve=0.000s predred=0.000s candidate=0.000s other=0.000s
[INFO] [PIRLS lm-trajectory] iter=163 start_lambda=1.000e-9 final_lambda=1.000e-9 log10_ratio=0.000 accept_rho=1.000 attempts=1
[INFO] [STAGE] PIRLS update_with_curvature iter=164 curvature=Fisher elapsed=0.000s source=reused_prev_accept
[INFO] [PIRLS iter-end] iter=164 elapsed=0.0006s lm_lambda=1.00e-9 g_norm=2.578e-7 last_dev_change=1.229e-11 last_halving=1
[INFO] [PIRLS iter-breakdown] iter=164 attempts=1 curvature=0.000s solve=0.000s predred=0.000s candidate=0.000s other=0.000s
[INFO] [PIRLS lm-trajectory] iter=164 start_lambda=1.000e-9 final_lambda=1.000e-9 log10_ratio=0.000 accept_rho=1.000 attempts=1
[INFO] [STAGE] PIRLS update_with_curvature iter=165 curvature=Fisher elapsed=0.000s source=reused_prev_accept
[INFO] [PIRLS iter-end] iter=165 elapsed=0.0006s lm_lambda=1.00e-9 g_norm=2.536e-7 last_dev_change=1.188e-11 last_halving=1
[INFO] [PIRLS iter-breakdown] iter=165 attempts=1 curvature=0.000s solve=0.000s predred=0.000s candidate=0.000s other=0.000s
[INFO] [PIRLS lm-trajectory] iter=165 start_lambda=1.000e-9 final_lambda=1.000e-9 log10_ratio=0.000 accept_rho=1.000 attempts=1
[INFO] [STAGE] PIRLS update_with_curvature iter=166 curvature=Fisher elapsed=0.000s source=reused_prev_accept
[INFO] [PIRLS iter-end] iter=166 elapsed=0.0006s lm_lambda=1.00e-9 g_norm=2.494e-7 last_dev_change=1.149e-11 last_halving=1
[INFO] [PIRLS iter-breakdown] iter=166 attempts=1 curvature=0.000s solve=0.000s predred=0.000s candidate=0.000s other=0.000s
[INFO] [PIRLS lm-trajectory] iter=166 start_lambda=1.000e-9 final_lambda=1.000e-9 log10_ratio=0.000 accept_rho=1.000 attempts=1
[INFO] [STAGE] PIRLS update_with_curvature iter=167 curvature=Fisher elapsed=0.000s source=reused_prev_accept
[INFO] [PIRLS iter-end] iter=167 elapsed=0.0006s lm_lambda=1.00e-9 g_norm=2.453e-7 last_dev_change=1.112e-11 last_halving=1
[INFO] [PIRLS iter-breakdown] iter=167 attempts=1 curvature=0.000s solve=0.000s predred=0.000s candidate=0.000s other=0.000s
[INFO] [PIRLS lm-trajectory] iter=167 start_lambda=1.000e-9 final_lambda=1.000e-9 log10_ratio=0.000 accept_rho=1.000 attempts=1
[INFO] [STAGE] PIRLS update_with_curvature iter=168 curvature=Fisher elapsed=0.000s source=reused_prev_accept
[INFO] [PIRLS iter-end] iter=168 elapsed=0.0006s lm_lambda=1.00e-9 g_norm=2.412e-7 last_dev_change=1.076e-11 last_halving=1
[INFO] [PIRLS iter-breakdown] iter=168 attempts=1 curvature=0.000s solve=0.000s predred=0.000s candidate=0.000s other=0.000s
[INFO] [PIRLS lm-trajectory] iter=168 start_lambda=1.000e-9 final_lambda=1.000e-9 log10_ratio=0.000 accept_rho=1.000 attempts=1
[INFO] [STAGE] PIRLS update_with_curvature iter=169 curvature=Fisher elapsed=0.000s source=reused_prev_accept
[INFO] [PIRLS iter-end] iter=169 elapsed=0.0006s lm_lambda=1.00e-9 g_norm=2.373e-7 last_dev_change=1.040e-11 last_halving=1
[INFO] [PIRLS iter-breakdown] iter=169 attempts=1 curvature=0.000s solve=0.000s predred=0.000s candidate=0.000s other=0.000s
[INFO] [PIRLS lm-trajectory] iter=169 start_lambda=1.000e-9 final_lambda=1.000e-9 log10_ratio=0.000 accept_rho=1.000 attempts=1
[INFO] [STAGE] PIRLS update_with_curvature iter=170 curvature=Fisher elapsed=0.000s source=reused_prev_accept
[INFO] [PIRLS iter-end] iter=170 elapsed=0.0006s lm_lambda=1.00e-9 g_norm=2.334e-7 last_dev_change=1.006e-11 last_halving=1
[INFO] [PIRLS iter-breakdown] iter=170 attempts=1 curvature=0.000s solve=0.000s predred=0.000s candidate=0.000s other=0.000s
[INFO] [PIRLS lm-trajectory] iter=170 start_lambda=1.000e-9 final_lambda=1.000e-9 log10_ratio=0.000 accept_rho=1.000 attempts=1
[INFO] [STAGE] PIRLS update_with_curvature iter=171 curvature=Fisher elapsed=0.000s source=reused_prev_accept
[INFO] [PIRLS iter-end] iter=171 elapsed=0.0006s lm_lambda=1.00e-9 g_norm=2.295e-7 last_dev_change=9.735e-12 last_halving=1
[INFO] [PIRLS iter-breakdown] iter=171 attempts=1 curvature=0.000s solve=0.000s predred=0.000s candidate=0.000s other=0.000s
[INFO] [PIRLS lm-trajectory] iter=171 start_lambda=1.000e-9 final_lambda=1.000e-9 log10_ratio=0.000 accept_rho=1.000 attempts=1
[INFO] [STAGE] PIRLS update_with_curvature iter=172 curvature=Fisher elapsed=0.000s source=reused_prev_accept
[INFO] [PIRLS iter-end] iter=172 elapsed=0.0006s lm_lambda=1.00e-9 g_norm=2.257e-7 last_dev_change=9.416e-12 last_halving=1
[INFO] [PIRLS iter-breakdown] iter=172 attempts=1 curvature=0.000s solve=0.000s predred=0.000s candidate=0.000s other=0.000s
[INFO] [PIRLS lm-trajectory] iter=172 start_lambda=1.000e-9 final_lambda=1.000e-9 log10_ratio=0.000 accept_rho=1.000 attempts=1
[INFO] [STAGE] PIRLS update_with_curvature iter=173 curvature=Fisher elapsed=0.000s source=reused_prev_accept
[INFO] [PIRLS iter-end] iter=173 elapsed=0.0006s lm_lambda=1.00e-9 g_norm=2.220e-7 last_dev_change=9.108e-12 last_halving=1
[INFO] [PIRLS iter-breakdown] iter=173 attempts=1 curvature=0.000s solve=0.000s predred=0.000s candidate=0.000s other=0.000s
[INFO] [PIRLS lm-trajectory] iter=173 start_lambda=1.000e-9 final_lambda=1.000e-9 log10_ratio=0.000 accept_rho=1.000 attempts=1
[INFO] [STAGE] PIRLS update_with_curvature iter=174 curvature=Fisher elapsed=0.000s source=reused_prev_accept
[INFO] [PIRLS iter-end] iter=174 elapsed=0.0006s lm_lambda=1.00e-9 g_norm=2.183e-7 last_dev_change=8.809e-12 last_halving=1
[INFO] [PIRLS iter-breakdown] iter=174 attempts=1 curvature=0.000s solve=0.000s predred=0.000s candidate=0.000s other=0.000s
[INFO] [PIRLS lm-trajectory] iter=174 start_lambda=1.000e-9 final_lambda=1.000e-9 log10_ratio=0.000 accept_rho=1.000 attempts=1
[INFO] [STAGE] PIRLS update_with_curvature iter=175 curvature=Fisher elapsed=0.000s source=reused_prev_accept
[INFO] [PIRLS iter-end] iter=175 elapsed=0.0006s lm_lambda=1.00e-9 g_norm=2.147e-7 last_dev_change=8.522e-12 last_halving=1
[INFO] [PIRLS iter-breakdown] iter=175 attempts=1 curvature=0.000s solve=0.000s predred=0.000s candidate=0.000s other=0.000s
[INFO] [PIRLS lm-trajectory] iter=175 start_lambda=1.000e-9 final_lambda=1.000e-9 log10_ratio=0.000 accept_rho=1.000 attempts=1
[INFO] [STAGE] PIRLS update_with_curvature iter=176 curvature=Fisher elapsed=0.000s source=reused_prev_accept
[INFO] [PIRLS iter-end] iter=176 elapsed=0.0006s lm_lambda=1.00e-9 g_norm=2.112e-7 last_dev_change=8.244e-12 last_halving=1
[INFO] [PIRLS iter-breakdown] iter=176 attempts=1 curvature=0.000s solve=0.000s predred=0.000s candidate=0.000s other=0.000s
[INFO] [PIRLS lm-trajectory] iter=176 start_lambda=1.000e-9 final_lambda=1.000e-9 log10_ratio=0.000 accept_rho=1.000 attempts=1
[INFO] [STAGE] PIRLS update_with_curvature iter=177 curvature=Fisher elapsed=0.000s source=reused_prev_accept
[INFO] [PIRLS iter-end] iter=177 elapsed=0.0006s lm_lambda=1.00e-9 g_norm=2.077e-7 last_dev_change=7.974e-12 last_halving=1
[INFO] [PIRLS iter-breakdown] iter=177 attempts=1 curvature=0.000s solve=0.000s predred=0.000s candidate=0.000s other=0.000s
[INFO] [PIRLS lm-trajectory] iter=177 start_lambda=1.000e-9 final_lambda=1.000e-9 log10_ratio=0.000 accept_rho=1.000 attempts=1
[INFO] [STAGE] PIRLS update_with_curvature iter=178 curvature=Fisher elapsed=0.000s source=reused_prev_accept
[INFO] [PIRLS iter-end] iter=178 elapsed=0.0006s lm_lambda=1.00e-9 g_norm=2.043e-7 last_dev_change=7.713e-12 last_halving=1
[INFO] [PIRLS iter-breakdown] iter=178 attempts=1 curvature=0.000s solve=0.000s predred=0.000s candidate=0.000s other=0.000s
[INFO] [PIRLS lm-trajectory] iter=178 start_lambda=1.000e-9 final_lambda=1.000e-9 log10_ratio=0.000 accept_rho=1.000 attempts=1
[INFO] [STAGE] PIRLS update_with_curvature iter=179 curvature=Fisher elapsed=0.000s source=reused_prev_accept
[INFO] [PIRLS iter-end] iter=179 elapsed=0.0006s lm_lambda=1.00e-9 g_norm=2.009e-7 last_dev_change=7.462e-12 last_halving=1
[INFO] [PIRLS iter-breakdown] iter=179 attempts=1 curvature=0.000s solve=0.000s predred=0.000s candidate=0.000s other=0.000s
[INFO] [PIRLS lm-trajectory] iter=179 start_lambda=1.000e-9 final_lambda=1.000e-9 log10_ratio=0.000 accept_rho=1.000 attempts=1
[INFO] [STAGE] PIRLS update_with_curvature iter=180 curvature=Fisher elapsed=0.000s source=reused_prev_accept
[INFO] [PIRLS iter-end] iter=180 elapsed=0.0006s lm_lambda=1.00e-9 g_norm=1.976e-7 last_dev_change=7.217e-12 last_halving=1
[INFO] [PIRLS iter-breakdown] iter=180 attempts=1 curvature=0.000s solve=0.000s predred=0.000s candidate=0.000s other=0.000s
[INFO] [PIRLS lm-trajectory] iter=180 start_lambda=1.000e-9 final_lambda=1.000e-9 log10_ratio=0.000 accept_rho=1.000 attempts=1
[INFO] [STAGE] PIRLS update_with_curvature iter=181 curvature=Fisher elapsed=0.000s source=reused_prev_accept
[INFO] [PIRLS iter-end] iter=181 elapsed=0.0006s lm_lambda=1.00e-9 g_norm=1.944e-7 last_dev_change=6.980e-12 last_halving=1
[INFO] [PIRLS iter-breakdown] iter=181 attempts=1 curvature=0.000s solve=0.000s predred=0.000s candidate=0.000s other=0.000s
[INFO] [PIRLS lm-trajectory] iter=181 start_lambda=1.000e-9 final_lambda=1.000e-9 log10_ratio=0.000 accept_rho=1.000 attempts=1
[INFO] [STAGE] PIRLS update_with_curvature iter=182 curvature=Fisher elapsed=0.000s source=reused_prev_accept
[INFO] [PIRLS iter-end] iter=182 elapsed=0.0006s lm_lambda=1.00e-9 g_norm=1.912e-7 last_dev_change=6.753e-12 last_halving=1
[INFO] [PIRLS iter-breakdown] iter=182 attempts=1 curvature=0.000s solve=0.000s predred=0.000s candidate=0.000s other=0.000s
[INFO] [PIRLS lm-trajectory] iter=182 start_lambda=1.000e-9 final_lambda=1.000e-9 log10_ratio=0.000 accept_rho=1.000 attempts=1
[INFO] [STAGE] PIRLS update_with_curvature iter=183 curvature=Fisher elapsed=0.000s source=reused_prev_accept
[INFO] [PIRLS iter-end] iter=183 elapsed=0.0006s lm_lambda=1.00e-9 g_norm=1.880e-7 last_dev_change=6.533e-12 last_halving=1
[INFO] [PIRLS iter-breakdown] iter=183 attempts=1 curvature=0.000s solve=0.000s predred=0.000s candidate=0.000s other=0.000s
[INFO] [PIRLS lm-trajectory] iter=183 start_lambda=1.000e-9 final_lambda=1.000e-9 log10_ratio=0.000 accept_rho=1.000 attempts=1
[INFO] [STAGE] PIRLS update_with_curvature iter=184 curvature=Fisher elapsed=0.000s source=reused_prev_accept
[INFO] [PIRLS iter-end] iter=184 elapsed=0.0006s lm_lambda=1.00e-9 g_norm=1.849e-7 last_dev_change=6.318e-12 last_halving=1
[INFO] [PIRLS iter-breakdown] iter=184 attempts=1 curvature=0.000s solve=0.000s predred=0.000s candidate=0.000s other=0.000s
[INFO] [PIRLS lm-trajectory] iter=184 start_lambda=1.000e-9 final_lambda=1.000e-9 log10_ratio=0.000 accept_rho=1.000 attempts=1
[INFO] [STAGE] PIRLS update_with_curvature iter=185 curvature=Fisher elapsed=0.000s source=reused_prev_accept
[INFO] [PIRLS iter-end] iter=185 elapsed=0.0006s lm_lambda=1.00e-9 g_norm=1.818e-7 last_dev_change=6.112e-12 last_halving=1
[INFO] [PIRLS iter-breakdown] iter=185 attempts=1 curvature=0.000s solve=0.000s predred=0.000s candidate=0.000s other=0.000s
[INFO] [PIRLS lm-trajectory] iter=185 start_lambda=1.000e-9 final_lambda=1.000e-9 log10_ratio=0.000 accept_rho=1.000 attempts=1
[INFO] [STAGE] PIRLS update_with_curvature iter=186 curvature=Fisher elapsed=0.000s source=reused_prev_accept
[INFO] [PIRLS iter-end] iter=186 elapsed=0.0006s lm_lambda=1.00e-9 g_norm=1.789e-7 last_dev_change=5.913e-12 last_halving=1
[INFO] [PIRLS iter-breakdown] iter=186 attempts=1 curvature=0.000s solve=0.000s predred=0.000s candidate=0.000s other=0.000s
[INFO] [PIRLS lm-trajectory] iter=186 start_lambda=1.000e-9 final_lambda=1.000e-9 log10_ratio=0.000 accept_rho=1.000 attempts=1
[INFO] [STAGE] PIRLS update_with_curvature iter=187 curvature=Fisher elapsed=0.000s source=reused_prev_accept
[INFO] [PIRLS iter-end] iter=187 elapsed=0.0006s lm_lambda=1.00e-9 g_norm=1.759e-7 last_dev_change=5.718e-12 last_halving=1
[INFO] [PIRLS iter-breakdown] iter=187 attempts=1 curvature=0.000s solve=0.000s predred=0.000s candidate=0.000s other=0.000s
[INFO] [PIRLS lm-trajectory] iter=187 start_lambda=1.000e-9 final_lambda=1.000e-9 log10_ratio=0.000 accept_rho=1.000 attempts=1
[INFO] [STAGE] PIRLS update_with_curvature iter=188 curvature=Fisher elapsed=0.000s source=reused_prev_accept
[INFO] [PIRLS iter-end] iter=188 elapsed=0.0006s lm_lambda=1.00e-9 g_norm=1.730e-7 last_dev_change=5.531e-12 last_halving=1
[INFO] [PIRLS iter-breakdown] iter=188 attempts=1 curvature=0.000s solve=0.000s predred=0.000s candidate=0.000s other=0.000s
[INFO] [PIRLS lm-trajectory] iter=188 start_lambda=1.000e-9 final_lambda=1.000e-9 log10_ratio=0.000 accept_rho=1.000 attempts=1
[INFO] [STAGE] PIRLS update_with_curvature iter=189 curvature=Fisher elapsed=0.000s source=reused_prev_accept
[INFO] [PIRLS iter-end] iter=189 elapsed=0.0006s lm_lambda=1.00e-9 g_norm=1.702e-7 last_dev_change=5.349e-12 last_halving=1
[INFO] [PIRLS iter-breakdown] iter=189 attempts=1 curvature=0.000s solve=0.000s predred=0.000s candidate=0.000s other=0.000s
[INFO] [PIRLS lm-trajectory] iter=189 start_lambda=1.000e-9 final_lambda=1.000e-9 log10_ratio=0.000 accept_rho=1.000 attempts=1
[INFO] [STAGE] PIRLS update_with_curvature iter=190 curvature=Fisher elapsed=0.000s source=reused_prev_accept
[INFO] [PIRLS iter-end] iter=190 elapsed=0.0006s lm_lambda=1.00e-9 g_norm=1.673e-7 last_dev_change=5.176e-12 last_halving=1
[INFO] [PIRLS iter-breakdown] iter=190 attempts=1 curvature=0.000s solve=0.000s predred=0.000s candidate=0.000s other=0.000s
[INFO] [PIRLS lm-trajectory] iter=190 start_lambda=1.000e-9 final_lambda=1.000e-9 log10_ratio=0.000 accept_rho=1.000 attempts=1
[INFO] [STAGE] PIRLS update_with_curvature iter=191 curvature=Fisher elapsed=0.000s source=reused_prev_accept
[INFO] [PIRLS iter-end] iter=191 elapsed=0.0006s lm_lambda=1.00e-9 g_norm=1.646e-7 last_dev_change=5.006e-12 last_halving=1
[INFO] [PIRLS iter-breakdown] iter=191 attempts=1 curvature=0.000s solve=0.000s predred=0.000s candidate=0.000s other=0.000s
[INFO] [PIRLS lm-trajectory] iter=191 start_lambda=1.000e-9 final_lambda=1.000e-9 log10_ratio=0.000 accept_rho=1.000 attempts=1
[INFO] [STAGE] PIRLS update_with_curvature iter=192 curvature=Fisher elapsed=0.000s source=reused_prev_accept
[INFO] [PIRLS iter-end] iter=192 elapsed=0.0006s lm_lambda=1.00e-9 g_norm=1.619e-7 last_dev_change=4.842e-12 last_halving=1
[INFO] [PIRLS iter-breakdown] iter=192 attempts=1 curvature=0.000s solve=0.000s predred=0.000s candidate=0.000s other=0.000s
[INFO] [PIRLS lm-trajectory] iter=192 start_lambda=1.000e-9 final_lambda=1.000e-9 log10_ratio=0.000 accept_rho=1.000 attempts=1
[INFO] [STAGE] PIRLS update_with_curvature iter=193 curvature=Fisher elapsed=0.000s source=reused_prev_accept
[INFO] [PIRLS iter-end] iter=193 elapsed=0.0006s lm_lambda=1.00e-9 g_norm=1.592e-7 last_dev_change=4.684e-12 last_halving=1
[INFO] [PIRLS iter-breakdown] iter=193 attempts=1 curvature=0.000s solve=0.000s predred=0.000s candidate=0.000s other=0.000s
[INFO] [PIRLS lm-trajectory] iter=193 start_lambda=1.000e-9 final_lambda=1.000e-9 log10_ratio=0.000 accept_rho=1.000 attempts=1
[INFO] [STAGE] PIRLS update_with_curvature iter=194 curvature=Fisher elapsed=0.000s source=reused_prev_accept
[INFO] [PIRLS iter-end] iter=194 elapsed=0.0006s lm_lambda=1.00e-9 g_norm=1.566e-7 last_dev_change=4.530e-12 last_halving=1
[INFO] [PIRLS iter-breakdown] iter=194 attempts=1 curvature=0.000s solve=0.000s predred=0.000s candidate=0.000s other=0.000s
[INFO] [PIRLS lm-trajectory] iter=194 start_lambda=1.000e-9 final_lambda=1.000e-9 log10_ratio=0.000 accept_rho=1.000 attempts=1
[INFO] [STAGE] PIRLS update_with_curvature iter=195 curvature=Fisher elapsed=0.000s source=reused_prev_accept
[INFO] [PIRLS iter-end] iter=195 elapsed=0.0006s lm_lambda=1.00e-9 g_norm=1.540e-7 last_dev_change=4.383e-12 last_halving=1
[INFO] [PIRLS iter-breakdown] iter=195 attempts=1 curvature=0.000s solve=0.000s predred=0.000s candidate=0.000s other=0.000s
[INFO] [PIRLS lm-trajectory] iter=195 start_lambda=1.000e-9 final_lambda=1.000e-9 log10_ratio=0.000 accept_rho=1.000 attempts=1
[INFO] [STAGE] PIRLS update_with_curvature iter=196 curvature=Fisher elapsed=0.000s source=reused_prev_accept
[INFO] [PIRLS iter-end] iter=196 elapsed=0.0006s lm_lambda=1.00e-9 g_norm=1.515e-7 last_dev_change=4.239e-12 last_halving=1
[INFO] [PIRLS iter-breakdown] iter=196 attempts=1 curvature=0.000s solve=0.000s predred=0.000s candidate=0.000s other=0.000s
[INFO] [PIRLS lm-trajectory] iter=196 start_lambda=1.000e-9 final_lambda=1.000e-9 log10_ratio=0.000 accept_rho=1.000 attempts=1
[INFO] [STAGE] PIRLS update_with_curvature iter=197 curvature=Fisher elapsed=0.000s source=reused_prev_accept
[INFO] [PIRLS iter-end] iter=197 elapsed=0.0006s lm_lambda=1.00e-9 g_norm=1.490e-7 last_dev_change=4.101e-12 last_halving=1
[INFO] [PIRLS iter-breakdown] iter=197 attempts=1 curvature=0.000s solve=0.000s predred=0.000s candidate=0.000s other=0.000s
[INFO] [PIRLS lm-trajectory] iter=197 start_lambda=1.000e-9 final_lambda=1.000e-9 log10_ratio=0.000 accept_rho=1.000 attempts=1
[INFO] [STAGE] PIRLS update_with_curvature iter=198 curvature=Fisher elapsed=0.000s source=reused_prev_accept
[INFO] [PIRLS iter-end] iter=198 elapsed=0.0006s lm_lambda=1.00e-9 g_norm=1.465e-7 last_dev_change=3.966e-12 last_halving=1
[INFO] [PIRLS iter-breakdown] iter=198 attempts=1 curvature=0.000s solve=0.000s predred=0.000s candidate=0.000s other=0.000s
[INFO] [PIRLS lm-trajectory] iter=198 start_lambda=1.000e-9 final_lambda=1.000e-9 log10_ratio=0.000 accept_rho=1.000 attempts=1
[INFO] [STAGE] PIRLS update_with_curvature iter=199 curvature=Fisher elapsed=0.000s source=reused_prev_accept
[INFO] [PIRLS iter-end] iter=199 elapsed=0.0006s lm_lambda=1.00e-9 g_norm=1.441e-7 last_dev_change=3.836e-12 last_halving=1
[INFO] [PIRLS iter-breakdown] iter=199 attempts=1 curvature=0.000s solve=0.000s predred=0.000s candidate=0.000s other=0.000s
[INFO] [PIRLS lm-trajectory] iter=199 start_lambda=1.000e-9 final_lambda=1.000e-9 log10_ratio=0.000 accept_rho=1.000 attempts=1
[INFO] [STAGE] PIRLS update_with_curvature iter=200 curvature=Fisher elapsed=0.000s source=reused_prev_accept
[INFO] [PIRLS iter-end] iter=200 elapsed=0.0006s lm_lambda=1.00e-9 g_norm=1.417e-7 last_dev_change=3.712e-12 last_halving=1
[INFO] [PIRLS iter-breakdown] iter=200 attempts=1 curvature=0.000s solve=0.000s predred=0.000s candidate=0.000s other=0.000s
[INFO] [PIRLS lm-trajectory] iter=200 start_lambda=1.000e-9 final_lambda=1.000e-9 log10_ratio=0.000 accept_rho=1.000 attempts=1
[INFO] [STAGE] PIRLS update_with_curvature iter=201 curvature=Fisher elapsed=0.000s source=reused_prev_accept
[INFO] [PIRLS iter-end] iter=201 elapsed=0.0006s lm_lambda=1.00e-9 g_norm=1.394e-7 last_dev_change=3.590e-12 last_halving=1
[INFO] [PIRLS iter-breakdown] iter=201 attempts=1 curvature=0.000s solve=0.000s predred=0.000s candidate=0.000s other=0.000s
[INFO] [PIRLS lm-trajectory] iter=201 start_lambda=1.000e-9 final_lambda=1.000e-9 log10_ratio=0.000 accept_rho=1.000 attempts=1
[INFO] [STAGE] PIRLS update_with_curvature iter=202 curvature=Fisher elapsed=0.000s source=reused_prev_accept
[INFO] [PIRLS iter-end] iter=202 elapsed=0.0006s lm_lambda=1.00e-9 g_norm=1.371e-7 last_dev_change=3.473e-12 last_halving=1
[INFO] [PIRLS iter-breakdown] iter=202 attempts=1 curvature=0.000s solve=0.000s predred=0.000s candidate=0.000s other=0.000s
[INFO] [PIRLS lm-trajectory] iter=202 start_lambda=1.000e-9 final_lambda=1.000e-9 log10_ratio=0.000 accept_rho=1.000 attempts=1
[INFO] [STAGE] PIRLS update_with_curvature iter=203 curvature=Fisher elapsed=0.000s source=reused_prev_accept
[INFO] [PIRLS iter-end] iter=203 elapsed=0.0006s lm_lambda=1.00e-9 g_norm=1.348e-7 last_dev_change=3.359e-12 last_halving=1
[INFO] [PIRLS iter-breakdown] iter=203 attempts=1 curvature=0.000s solve=0.000s predred=0.000s candidate=0.000s other=0.000s
[INFO] [PIRLS lm-trajectory] iter=203 start_lambda=1.000e-9 final_lambda=1.000e-9 log10_ratio=0.000 accept_rho=1.000 attempts=1
[INFO] [STAGE] PIRLS update_with_curvature iter=204 curvature=Fisher elapsed=0.000s source=reused_prev_accept
[INFO] [PIRLS iter-end] iter=204 elapsed=0.0006s lm_lambda=1.00e-9 g_norm=1.326e-7 last_dev_change=3.248e-12 last_halving=1
[INFO] [PIRLS iter-breakdown] iter=204 attempts=1 curvature=0.000s solve=0.000s predred=0.000s candidate=0.000s other=0.000s
[INFO] [PIRLS lm-trajectory] iter=204 start_lambda=1.000e-9 final_lambda=1.000e-9 log10_ratio=0.000 accept_rho=1.000 attempts=1
[INFO] [STAGE] PIRLS update_with_curvature iter=205 curvature=Fisher elapsed=0.000s source=reused_prev_accept
[INFO] [PIRLS iter-end] iter=205 elapsed=0.0006s lm_lambda=1.00e-9 g_norm=1.304e-7 last_dev_change=3.144e-12 last_halving=1
[INFO] [PIRLS iter-breakdown] iter=205 attempts=1 curvature=0.000s solve=0.000s predred=0.000s candidate=0.000s other=0.000s
[INFO] [PIRLS lm-trajectory] iter=205 start_lambda=1.000e-9 final_lambda=1.000e-9 log10_ratio=0.000 accept_rho=1.000 attempts=1
[INFO] [STAGE] PIRLS update_with_curvature iter=206 curvature=Fisher elapsed=0.000s source=reused_prev_accept
[INFO] [PIRLS iter-end] iter=206 elapsed=0.0006s lm_lambda=1.00e-9 g_norm=1.283e-7 last_dev_change=3.041e-12 last_halving=1
[INFO] [PIRLS iter-breakdown] iter=206 attempts=1 curvature=0.000s solve=0.000s predred=0.000s candidate=0.000s other=0.000s
[INFO] [PIRLS lm-trajectory] iter=206 start_lambda=1.000e-9 final_lambda=1.000e-9 log10_ratio=0.000 accept_rho=1.000 attempts=1
[INFO] [STAGE] PIRLS update_with_curvature iter=207 curvature=Fisher elapsed=0.000s source=reused_prev_accept
[INFO] [PIRLS iter-end] iter=207 elapsed=0.0006s lm_lambda=1.00e-9 g_norm=1.262e-7 last_dev_change=2.942e-12 last_halving=1
[INFO] [PIRLS iter-breakdown] iter=207 attempts=1 curvature=0.000s solve=0.000s predred=0.000s candidate=0.000s other=0.000s
[INFO] [PIRLS lm-trajectory] iter=207 start_lambda=1.000e-9 final_lambda=1.000e-9 log10_ratio=0.000 accept_rho=1.000 attempts=1
[INFO] [STAGE] PIRLS update_with_curvature iter=208 curvature=Fisher elapsed=0.000s source=reused_prev_accept
[INFO] [PIRLS iter-end] iter=208 elapsed=0.0006s lm_lambda=1.00e-9 g_norm=1.241e-7 last_dev_change=2.845e-12 last_halving=1
[INFO] [PIRLS iter-breakdown] iter=208 attempts=1 curvature=0.000s solve=0.000s predred=0.000s candidate=0.000s other=0.000s
[INFO] [PIRLS lm-trajectory] iter=208 start_lambda=1.000e-9 final_lambda=1.000e-9 log10_ratio=0.000 accept_rho=1.000 attempts=1
[INFO] [STAGE] PIRLS update_with_curvature iter=209 curvature=Fisher elapsed=0.000s source=reused_prev_accept
[INFO] [PIRLS iter-end] iter=209 elapsed=0.0006s lm_lambda=1.00e-9 g_norm=1.220e-7 last_dev_change=2.752e-12 last_halving=1
[INFO] [PIRLS iter-breakdown] iter=209 attempts=1 curvature=0.000s solve=0.000s predred=0.000s candidate=0.000s other=0.000s
[INFO] [PIRLS lm-trajectory] iter=209 start_lambda=1.000e-9 final_lambda=1.000e-9 log10_ratio=0.000 accept_rho=1.000 attempts=1
[INFO] [STAGE] PIRLS update_with_curvature iter=210 curvature=Fisher elapsed=0.000s source=reused_prev_accept
[INFO] [PIRLS iter-end] iter=210 elapsed=0.0006s lm_lambda=1.00e-9 g_norm=1.200e-7 last_dev_change=2.661e-12 last_halving=1
[INFO] [PIRLS iter-breakdown] iter=210 attempts=1 curvature=0.000s solve=0.000s predred=0.000s candidate=0.000s other=0.000s
[INFO] [PIRLS lm-trajectory] iter=210 start_lambda=1.000e-9 final_lambda=1.000e-9 log10_ratio=0.000 accept_rho=1.000 attempts=1
[INFO] [STAGE] PIRLS update_with_curvature iter=211 curvature=Fisher elapsed=0.000s source=reused_prev_accept
[INFO] [PIRLS iter-end] iter=211 elapsed=0.0006s lm_lambda=1.00e-9 g_norm=1.180e-7 last_dev_change=2.575e-12 last_halving=1
[INFO] [PIRLS iter-breakdown] iter=211 attempts=1 curvature=0.000s solve=0.000s predred=0.000s candidate=0.000s other=0.000s
[INFO] [PIRLS lm-trajectory] iter=211 start_lambda=1.000e-9 final_lambda=1.000e-9 log10_ratio=0.000 accept_rho=1.000 attempts=1
[INFO] [STAGE] PIRLS update_with_curvature iter=212 curvature=Fisher elapsed=0.000s source=reused_prev_accept
[INFO] [PIRLS iter-end] iter=212 elapsed=0.0006s lm_lambda=1.00e-9 g_norm=1.161e-7 last_dev_change=2.493e-12 last_halving=1
[INFO] [PIRLS iter-breakdown] iter=212 attempts=1 curvature=0.000s solve=0.000s predred=0.000s candidate=0.000s other=0.000s
[INFO] [PIRLS lm-trajectory] iter=212 start_lambda=1.000e-9 final_lambda=1.000e-9 log10_ratio=0.000 accept_rho=1.000 attempts=1
[INFO] [STAGE] PIRLS update_with_curvature iter=213 curvature=Fisher elapsed=0.000s source=reused_prev_accept
[INFO] [PIRLS iter-end] iter=213 elapsed=0.0006s lm_lambda=1.00e-9 g_norm=1.142e-7 last_dev_change=2.409e-12 last_halving=1
[INFO] [PIRLS iter-breakdown] iter=213 attempts=1 curvature=0.000s solve=0.000s predred=0.000s candidate=0.000s other=0.000s
[INFO] [PIRLS lm-trajectory] iter=213 start_lambda=1.000e-9 final_lambda=1.000e-9 log10_ratio=0.000 accept_rho=1.000 attempts=1
[INFO] [STAGE] PIRLS update_with_curvature iter=214 curvature=Fisher elapsed=0.000s source=reused_prev_accept
[INFO] [PIRLS iter-end] iter=214 elapsed=0.0006s lm_lambda=1.00e-9 g_norm=1.123e-7 last_dev_change=2.331e-12 last_halving=1
[INFO] [PIRLS iter-breakdown] iter=214 attempts=1 curvature=0.000s solve=0.000s predred=0.000s candidate=0.000s other=0.000s
[INFO] [PIRLS lm-trajectory] iter=214 start_lambda=1.000e-9 final_lambda=1.000e-9 log10_ratio=0.000 accept_rho=1.000 attempts=1
[INFO] [STAGE] PIRLS update_with_curvature iter=215 curvature=Fisher elapsed=0.000s source=reused_prev_accept
[INFO] [PIRLS iter-end] iter=215 elapsed=0.0006s lm_lambda=1.00e-9 g_norm=1.105e-7 last_dev_change=2.254e-12 last_halving=1
[INFO] [PIRLS iter-breakdown] iter=215 attempts=1 curvature=0.000s solve=0.000s predred=0.000s candidate=0.000s other=0.000s
[INFO] [PIRLS lm-trajectory] iter=215 start_lambda=1.000e-9 final_lambda=1.000e-9 log10_ratio=0.000 accept_rho=1.000 attempts=1
[INFO] [STAGE] PIRLS update_with_curvature iter=216 curvature=Fisher elapsed=0.000s source=reused_prev_accept
[INFO] [PIRLS iter-end] iter=216 elapsed=0.0006s lm_lambda=1.00e-9 g_norm=1.086e-7 last_dev_change=2.180e-12 last_halving=1
[INFO] [PIRLS iter-breakdown] iter=216 attempts=1 curvature=0.000s solve=0.000s predred=0.000s candidate=0.000s other=0.000s
[INFO] [PIRLS lm-trajectory] iter=216 start_lambda=1.000e-9 final_lambda=1.000e-9 log10_ratio=0.000 accept_rho=1.000 attempts=1
[INFO] [STAGE] PIRLS update_with_curvature iter=217 curvature=Fisher elapsed=0.000s source=reused_prev_accept
[INFO] [PIRLS iter-end] iter=217 elapsed=0.0006s lm_lambda=1.00e-9 g_norm=1.068e-7 last_dev_change=2.111e-12 last_halving=1
[INFO] [PIRLS iter-breakdown] iter=217 attempts=1 curvature=0.000s solve=0.000s predred=0.000s candidate=0.000s other=0.000s
[INFO] [PIRLS lm-trajectory] iter=217 start_lambda=1.000e-9 final_lambda=1.000e-9 log10_ratio=0.000 accept_rho=1.000 attempts=1
[INFO] [STAGE] PIRLS update_with_curvature iter=218 curvature=Fisher elapsed=0.000s source=reused_prev_accept
[INFO] [PIRLS iter-end] iter=218 elapsed=0.0006s lm_lambda=1.00e-9 g_norm=1.051e-7 last_dev_change=2.039e-12 last_halving=1
[INFO] [PIRLS iter-breakdown] iter=218 attempts=1 curvature=0.000s solve=0.000s predred=0.000s candidate=0.000s other=0.000s
[INFO] [PIRLS lm-trajectory] iter=218 start_lambda=1.000e-9 final_lambda=1.000e-9 log10_ratio=0.000 accept_rho=1.000 attempts=1
[INFO] [STAGE] PIRLS update_with_curvature iter=219 curvature=Fisher elapsed=0.000s source=reused_prev_accept
[INFO] [PIRLS iter-end] iter=219 elapsed=0.0006s lm_lambda=1.00e-9 g_norm=1.033e-7 last_dev_change=1.973e-12 last_halving=1
[INFO] [PIRLS iter-breakdown] iter=219 attempts=1 curvature=0.000s solve=0.000s predred=0.000s candidate=0.000s other=0.000s
[INFO] [PIRLS lm-trajectory] iter=219 start_lambda=1.000e-9 final_lambda=1.000e-9 log10_ratio=0.000 accept_rho=1.000 attempts=1
[INFO] [STAGE] PIRLS update_with_curvature iter=220 curvature=Fisher elapsed=0.000s source=reused_prev_accept
[INFO] [PIRLS iter-end] iter=220 elapsed=0.0006s lm_lambda=1.00e-9 g_norm=1.016e-7 last_dev_change=1.909e-12 last_halving=1
[INFO] [PIRLS iter-breakdown] iter=220 attempts=1 curvature=0.000s solve=0.000s predred=0.000s candidate=0.000s other=0.000s
[INFO] [PIRLS lm-trajectory] iter=220 start_lambda=1.000e-9 final_lambda=1.000e-9 log10_ratio=0.000 accept_rho=1.000 attempts=1
[INFO] [STAGE] PIRLS update_with_curvature iter=221 curvature=Fisher elapsed=0.000s source=reused_prev_accept
[INFO] [PIRLS iter-end] iter=221 elapsed=0.0006s lm_lambda=1.00e-9 g_norm=9.997e-8 last_dev_change=1.846e-12 last_halving=1
[INFO] [PIRLS iter-breakdown] iter=221 attempts=1 curvature=0.000s solve=0.000s predred=0.000s candidate=0.000s other=0.000s
[INFO] [PIRLS lm-trajectory] iter=221 start_lambda=1.000e-9 final_lambda=1.000e-9 log10_ratio=0.000 accept_rho=1.000 attempts=1
[INFO] [STAGE] PIRLS update_with_curvature iter=222 curvature=Fisher elapsed=0.000s source=reused_prev_accept
[INFO] [PIRLS iter-end] iter=222 elapsed=0.0006s lm_lambda=1.00e-9 g_norm=9.832e-8 last_dev_change=1.787e-12 last_halving=1
[INFO] [PIRLS iter-breakdown] iter=222 attempts=1 curvature=0.000s solve=0.000s predred=0.000s candidate=0.000s other=0.000s
[INFO] [PIRLS lm-trajectory] iter=222 start_lambda=1.000e-9 final_lambda=1.000e-9 log10_ratio=0.000 accept_rho=1.000 attempts=1
[INFO] [STAGE] PIRLS update_with_curvature iter=223 curvature=Fisher elapsed=0.000s source=reused_prev_accept
[INFO] [PIRLS iter-end] iter=223 elapsed=0.0006s lm_lambda=1.00e-9 g_norm=9.670e-8 last_dev_change=1.728e-12 last_halving=1
[INFO] [PIRLS iter-breakdown] iter=223 attempts=1 curvature=0.000s solve=0.000s predred=0.000s candidate=0.000s other=0.000s
[INFO] [PIRLS lm-trajectory] iter=223 start_lambda=1.000e-9 final_lambda=1.000e-9 log10_ratio=0.000 accept_rho=1.000 attempts=1
[INFO] [STAGE] PIRLS update_with_curvature iter=224 curvature=Fisher elapsed=0.000s source=reused_prev_accept
[INFO] [PIRLS iter-end] iter=224 elapsed=0.0006s lm_lambda=1.00e-9 g_norm=9.510e-8 last_dev_change=1.671e-12 last_halving=1
[INFO] [PIRLS iter-breakdown] iter=224 attempts=1 curvature=0.000s solve=0.000s predred=0.000s candidate=0.000s other=0.000s
[INFO] [PIRLS lm-trajectory] iter=224 start_lambda=1.000e-9 final_lambda=1.000e-9 log10_ratio=0.000 accept_rho=1.000 attempts=1
[INFO] [STAGE] PIRLS update_with_curvature iter=225 curvature=Fisher elapsed=0.000s source=reused_prev_accept
[INFO] [PIRLS iter-end] iter=225 elapsed=0.0006s lm_lambda=1.00e-9 g_norm=9.354e-8 last_dev_change=1.617e-12 last_halving=1
[INFO] [PIRLS iter-breakdown] iter=225 attempts=1 curvature=0.000s solve=0.000s predred=0.000s candidate=0.000s other=0.000s
[INFO] [PIRLS lm-trajectory] iter=225 start_lambda=1.000e-9 final_lambda=1.000e-9 log10_ratio=0.000 accept_rho=1.000 attempts=1
[INFO] [STAGE] PIRLS update_with_curvature iter=226 curvature=Fisher elapsed=0.000s source=reused_prev_accept
[INFO] [PIRLS iter-end] iter=226 elapsed=0.0006s lm_lambda=1.00e-9 g_norm=9.200e-8 last_dev_change=1.564e-12 last_halving=1
[INFO] [PIRLS iter-breakdown] iter=226 attempts=1 curvature=0.000s solve=0.000s predred=0.000s candidate=0.000s other=0.000s
[INFO] [PIRLS lm-trajectory] iter=226 start_lambda=1.000e-9 final_lambda=1.000e-9 log10_ratio=0.000 accept_rho=1.000 attempts=1
[INFO] [STAGE] PIRLS update_with_curvature iter=227 curvature=Fisher elapsed=0.000s source=reused_prev_accept
[INFO] [PIRLS iter-end] iter=227 elapsed=0.0006s lm_lambda=1.00e-9 g_norm=9.048e-8 last_dev_change=1.513e-12 last_halving=1
[INFO] [PIRLS iter-breakdown] iter=227 attempts=1 curvature=0.000s solve=0.000s predred=0.000s candidate=0.000s other=0.000s
[INFO] [PIRLS lm-trajectory] iter=227 start_lambda=1.000e-9 final_lambda=1.000e-9 log10_ratio=0.000 accept_rho=1.000 attempts=1
[INFO] [STAGE] PIRLS update_with_curvature iter=228 curvature=Fisher elapsed=0.000s source=reused_prev_accept
[INFO] [PIRLS iter-end] iter=228 elapsed=0.0006s lm_lambda=1.00e-9 g_norm=8.898e-8 last_dev_change=1.463e-12 last_halving=1
[INFO] [PIRLS iter-breakdown] iter=228 attempts=1 curvature=0.000s solve=0.000s predred=0.000s candidate=0.000s other=0.000s
[INFO] [PIRLS lm-trajectory] iter=228 start_lambda=1.000e-9 final_lambda=1.000e-9 log10_ratio=0.000 accept_rho=1.000 attempts=1
[INFO] [STAGE] PIRLS update_with_curvature iter=229 curvature=Fisher elapsed=0.000s source=reused_prev_accept
[INFO] [PIRLS iter-end] iter=229 elapsed=0.0006s lm_lambda=1.00e-9 g_norm=8.752e-8 last_dev_change=1.416e-12 last_halving=1
[INFO] [PIRLS iter-breakdown] iter=229 attempts=1 curvature=0.000s solve=0.000s predred=0.000s candidate=0.000s other=0.000s
[INFO] [PIRLS lm-trajectory] iter=229 start_lambda=1.000e-9 final_lambda=1.000e-9 log10_ratio=0.000 accept_rho=1.000 attempts=1
[INFO] [STAGE] PIRLS update_with_curvature iter=230 curvature=Fisher elapsed=0.000s source=reused_prev_accept
[INFO] [PIRLS iter-end] iter=230 elapsed=0.0006s lm_lambda=1.00e-9 g_norm=8.608e-8 last_dev_change=1.369e-12 last_halving=1
[INFO] [PIRLS iter-breakdown] iter=230 attempts=1 curvature=0.000s solve=0.000s predred=0.000s candidate=0.000s other=0.000s
[INFO] [PIRLS lm-trajectory] iter=230 start_lambda=1.000e-9 final_lambda=1.000e-9 log10_ratio=0.000 accept_rho=1.000 attempts=1
[INFO] [STAGE] PIRLS update_with_curvature iter=231 curvature=Fisher elapsed=0.000s source=reused_prev_accept
[INFO] [PIRLS iter-end] iter=231 elapsed=0.0006s lm_lambda=1.00e-9 g_norm=8.466e-8 last_dev_change=1.324e-12 last_halving=1
[INFO] [PIRLS iter-breakdown] iter=231 attempts=1 curvature=0.000s solve=0.000s predred=0.000s candidate=0.000s other=0.000s
[INFO] [PIRLS lm-trajectory] iter=231 start_lambda=1.000e-9 final_lambda=1.000e-9 log10_ratio=0.000 accept_rho=1.000 attempts=1
[INFO] [STAGE] PIRLS update_with_curvature iter=232 curvature=Fisher elapsed=0.000s source=reused_prev_accept
[INFO] [PIRLS iter-end] iter=232 elapsed=0.0006s lm_lambda=1.00e-9 g_norm=8.326e-8 last_dev_change=1.281e-12 last_halving=1
[INFO] [PIRLS iter-breakdown] iter=232 attempts=1 curvature=0.000s solve=0.000s predred=0.000s candidate=0.000s other=0.000s
[INFO] [PIRLS lm-trajectory] iter=232 start_lambda=1.000e-9 final_lambda=1.000e-9 log10_ratio=0.000 accept_rho=1.000 attempts=1
[INFO] [STAGE] PIRLS update_with_curvature iter=233 curvature=Fisher elapsed=0.000s source=reused_prev_accept
[INFO] [PIRLS iter-end] iter=233 elapsed=0.0006s lm_lambda=1.00e-9 g_norm=8.189e-8 last_dev_change=1.239e-12 last_halving=1
[INFO] [PIRLS iter-breakdown] iter=233 attempts=1 curvature=0.000s solve=0.000s predred=0.000s candidate=0.000s other=0.000s
[INFO] [PIRLS lm-trajectory] iter=233 start_lambda=1.000e-9 final_lambda=1.000e-9 log10_ratio=0.000 accept_rho=1.000 attempts=1
[INFO] [STAGE] PIRLS update_with_curvature iter=234 curvature=Fisher elapsed=0.000s source=reused_prev_accept
[INFO] [PIRLS iter-end] iter=234 elapsed=0.0005s lm_lambda=1.00e-9 g_norm=8.053e-8 last_dev_change=1.199e-12 last_halving=1
[INFO] [PIRLS iter-breakdown] iter=234 attempts=1 curvature=0.000s solve=0.000s predred=0.000s candidate=0.000s other=0.000s
[INFO] [PIRLS lm-trajectory] iter=234 start_lambda=1.000e-9 final_lambda=1.000e-9 log10_ratio=0.000 accept_rho=1.000 attempts=1
[INFO] [STAGE] PIRLS update_with_curvature iter=235 curvature=Fisher elapsed=0.000s source=reused_prev_accept
[INFO] [PIRLS iter-end] iter=235 elapsed=0.0006s lm_lambda=1.00e-9 g_norm=7.921e-8 last_dev_change=1.159e-12 last_halving=1
[INFO] [PIRLS iter-breakdown] iter=235 attempts=1 curvature=0.000s solve=0.000s predred=0.000s candidate=0.000s other=0.000s
[INFO] [PIRLS lm-trajectory] iter=235 start_lambda=1.000e-9 final_lambda=1.000e-9 log10_ratio=0.000 accept_rho=1.000 attempts=1
[INFO] [STAGE] PIRLS update_with_curvature iter=236 curvature=Fisher elapsed=0.000s source=reused_prev_accept
[INFO] [PIRLS iter-end] iter=236 elapsed=0.0006s lm_lambda=1.00e-9 g_norm=7.791e-8 last_dev_change=1.122e-12 last_halving=1
[INFO] [PIRLS iter-breakdown] iter=236 attempts=1 curvature=0.000s solve=0.000s predred=0.000s candidate=0.000s other=0.000s
[INFO] [PIRLS lm-trajectory] iter=236 start_lambda=1.000e-9 final_lambda=1.000e-9 log10_ratio=0.000 accept_rho=1.000 attempts=1
[INFO] [STAGE] PIRLS update_with_curvature iter=237 curvature=Fisher elapsed=0.000s source=reused_prev_accept
[INFO] [PIRLS iter-end] iter=237 elapsed=0.0006s lm_lambda=1.00e-9 g_norm=7.663e-8 last_dev_change=1.084e-12 last_halving=1
[INFO] [PIRLS iter-breakdown] iter=237 attempts=1 curvature=0.000s solve=0.000s predred=0.000s candidate=0.000s other=0.000s
[INFO] [PIRLS lm-trajectory] iter=237 start_lambda=1.000e-9 final_lambda=1.000e-9 log10_ratio=0.000 accept_rho=1.000 attempts=1
[INFO] [STAGE] PIRLS update_with_curvature iter=238 curvature=Fisher elapsed=0.000s source=reused_prev_accept
[INFO] [PIRLS iter-end] iter=238 elapsed=0.0006s lm_lambda=1.00e-9 g_norm=7.537e-8 last_dev_change=1.048e-12 last_halving=1
[INFO] [PIRLS iter-breakdown] iter=238 attempts=1 curvature=0.000s solve=0.000s predred=0.000s candidate=0.000s other=0.000s
[INFO] [PIRLS lm-trajectory] iter=238 start_lambda=1.000e-9 final_lambda=1.000e-9 log10_ratio=0.000 accept_rho=1.000 attempts=1
[INFO] [STAGE] PIRLS update_with_curvature iter=239 curvature=Fisher elapsed=0.000s source=reused_prev_accept
[INFO] [PIRLS iter-end] iter=239 elapsed=0.0006s lm_lambda=1.00e-9 g_norm=7.412e-8 last_dev_change=1.015e-12 last_halving=1
[INFO] [PIRLS iter-breakdown] iter=239 attempts=1 curvature=0.000s solve=0.000s predred=0.000s candidate=0.000s other=0.000s
[INFO] [PIRLS lm-trajectory] iter=239 start_lambda=1.000e-9 final_lambda=1.000e-9 log10_ratio=0.000 accept_rho=1.000 attempts=1
[INFO] [STAGE] PIRLS update_with_curvature iter=240 curvature=Fisher elapsed=0.000s source=reused_prev_accept
[INFO] [PIRLS iter-end] iter=240 elapsed=0.0006s lm_lambda=1.00e-9 g_norm=7.290e-8 last_dev_change=9.825e-13 last_halving=1
[INFO] [PIRLS iter-breakdown] iter=240 attempts=1 curvature=0.000s solve=0.000s predred=0.000s candidate=0.000s other=0.000s
[INFO] [PIRLS lm-trajectory] iter=240 start_lambda=1.000e-9 final_lambda=1.000e-9 log10_ratio=0.000 accept_rho=1.000 attempts=1
[INFO] [STAGE] PIRLS update_with_curvature iter=241 curvature=Fisher elapsed=0.000s source=reused_prev_accept
[INFO] [PIRLS iter-end] iter=241 elapsed=0.0006s lm_lambda=1.00e-9 g_norm=7.169e-8 last_dev_change=9.501e-13 last_halving=1
[INFO] [PIRLS iter-breakdown] iter=241 attempts=1 curvature=0.000s solve=0.000s predred=0.000s candidate=0.000s other=0.000s
[INFO] [PIRLS lm-trajectory] iter=241 start_lambda=1.000e-9 final_lambda=1.000e-9 log10_ratio=0.000 accept_rho=1.000 attempts=1
[INFO] [STAGE] PIRLS update_with_curvature iter=242 curvature=Fisher elapsed=0.000s source=reused_prev_accept
[INFO] [PIRLS iter-end] iter=242 elapsed=0.0006s lm_lambda=1.00e-9 g_norm=7.051e-8 last_dev_change=9.184e-13 last_halving=1
[INFO] [PIRLS iter-breakdown] iter=242 attempts=1 curvature=0.000s solve=0.000s predred=0.000s candidate=0.000s other=0.000s
[INFO] [PIRLS lm-trajectory] iter=242 start_lambda=1.000e-9 final_lambda=1.000e-9 log10_ratio=0.000 accept_rho=1.000 attempts=1
[INFO] [STAGE] PIRLS update_with_curvature iter=243 curvature=Fisher elapsed=0.000s source=reused_prev_accept
[INFO] [PIRLS iter-end] iter=243 elapsed=0.0006s lm_lambda=1.00e-9 g_norm=6.934e-8 last_dev_change=8.884e-13 last_halving=1
[INFO] [PIRLS iter-breakdown] iter=243 attempts=1 curvature=0.000s solve=0.000s predred=0.000s candidate=0.000s other=0.000s
[INFO] [PIRLS lm-trajectory] iter=243 start_lambda=1.000e-9 final_lambda=1.000e-9 log10_ratio=0.000 accept_rho=1.000 attempts=1
[INFO] [STAGE] PIRLS update_with_curvature iter=244 curvature=Fisher elapsed=0.000s source=reused_prev_accept
[INFO] [PIRLS iter-end] iter=244 elapsed=0.0006s lm_lambda=1.00e-9 g_norm=6.820e-8 last_dev_change=8.602e-13 last_halving=1
[INFO] [PIRLS iter-breakdown] iter=244 attempts=1 curvature=0.000s solve=0.000s predred=0.000s candidate=0.000s other=0.000s
[INFO] [PIRLS lm-trajectory] iter=244 start_lambda=1.000e-9 final_lambda=1.000e-9 log10_ratio=0.000 accept_rho=1.001 attempts=1
[INFO] [STAGE] PIRLS update_with_curvature iter=245 curvature=Fisher elapsed=0.000s source=reused_prev_accept
[INFO] [PIRLS iter-end] iter=245 elapsed=0.0006s lm_lambda=1.00e-9 g_norm=6.707e-8 last_dev_change=8.316e-13 last_halving=1
[INFO] [PIRLS iter-breakdown] iter=245 attempts=1 curvature=0.000s solve=0.000s predred=0.000s candidate=0.000s other=0.000s
[INFO] [PIRLS lm-trajectory] iter=245 start_lambda=1.000e-9 final_lambda=1.000e-9 log10_ratio=0.000 accept_rho=1.000 attempts=1
[INFO] [STAGE] PIRLS update_with_curvature iter=246 curvature=Fisher elapsed=0.000s source=reused_prev_accept
[INFO] [PIRLS iter-end] iter=246 elapsed=0.0006s lm_lambda=1.00e-9 g_norm=6.598e-8 last_dev_change=8.040e-13 last_halving=1
[INFO] [PIRLS iter-breakdown] iter=246 attempts=1 curvature=0.000s solve=0.000s predred=0.000s candidate=0.000s other=0.000s
[INFO] [PIRLS lm-trajectory] iter=246 start_lambda=1.000e-9 final_lambda=1.000e-9 log10_ratio=0.000 accept_rho=1.000 attempts=1
[INFO] [STAGE] PIRLS update_with_curvature iter=247 curvature=Fisher elapsed=0.000s source=reused_prev_accept
[INFO] [PIRLS iter-end] iter=247 elapsed=0.0006s lm_lambda=1.00e-9 g_norm=6.489e-8 last_dev_change=7.780e-13 last_halving=1
[INFO] [PIRLS iter-breakdown] iter=247 attempts=1 curvature=0.000s solve=0.000s predred=0.000s candidate=0.000s other=0.000s
[INFO] [PIRLS lm-trajectory] iter=247 start_lambda=1.000e-9 final_lambda=1.000e-9 log10_ratio=0.000 accept_rho=1.000 attempts=1
[INFO] [STAGE] PIRLS update_with_curvature iter=248 curvature=Fisher elapsed=0.000s source=reused_prev_accept
[INFO] [PIRLS iter-end] iter=248 elapsed=0.0006s lm_lambda=1.00e-9 g_norm=6.383e-8 last_dev_change=7.527e-13 last_halving=1
[INFO] [PIRLS iter-breakdown] iter=248 attempts=1 curvature=0.000s solve=0.000s predred=0.000s candidate=0.000s other=0.000s
[INFO] [PIRLS lm-trajectory] iter=248 start_lambda=1.000e-9 final_lambda=1.000e-9 log10_ratio=0.000 accept_rho=1.000 attempts=1
[INFO] [STAGE] PIRLS update_with_curvature iter=249 curvature=Fisher elapsed=0.000s source=reused_prev_accept
[INFO] [PIRLS iter-end] iter=249 elapsed=0.0006s lm_lambda=1.00e-9 g_norm=6.277e-8 last_dev_change=7.274e-13 last_halving=1
[INFO] [PIRLS iter-breakdown] iter=249 attempts=1 curvature=0.000s solve=0.000s predred=0.000s candidate=0.000s other=0.000s
[INFO] [PIRLS lm-trajectory] iter=249 start_lambda=1.000e-9 final_lambda=1.000e-9 log10_ratio=0.000 accept_rho=1.000 attempts=1
[INFO] [STAGE] PIRLS update_with_curvature iter=250 curvature=Fisher elapsed=0.000s source=reused_prev_accept
[INFO] [PIRLS iter-end] iter=250 elapsed=0.0006s lm_lambda=1.00e-9 g_norm=6.174e-8 last_dev_change=7.050e-13 last_halving=1
[INFO] [PIRLS iter-breakdown] iter=250 attempts=1 curvature=0.000s solve=0.000s predred=0.000s candidate=0.000s other=0.000s
[INFO] [PIRLS lm-trajectory] iter=250 start_lambda=1.000e-9 final_lambda=1.000e-9 log10_ratio=0.000 accept_rho=1.001 attempts=1
[INFO] [STAGE] PIRLS update_with_curvature iter=251 curvature=Fisher elapsed=0.000s source=reused_prev_accept
[INFO] [PIRLS iter-end] iter=251 elapsed=0.0006s lm_lambda=1.00e-9 g_norm=6.072e-8 last_dev_change=6.808e-13 last_halving=1
[INFO] [PIRLS iter-breakdown] iter=251 attempts=1 curvature=0.000s solve=0.000s predred=0.000s candidate=0.000s other=0.000s
[INFO] [PIRLS lm-trajectory] iter=251 start_lambda=1.000e-9 final_lambda=1.000e-9 log10_ratio=0.000 accept_rho=0.999 attempts=1
[INFO] [STAGE] PIRLS update_with_curvature iter=252 curvature=Fisher elapsed=0.000s source=reused_prev_accept
[INFO] [PIRLS iter-end] iter=252 elapsed=0.0006s lm_lambda=1.00e-9 g_norm=5.972e-8 last_dev_change=6.586e-13 last_halving=1
[INFO] [PIRLS iter-breakdown] iter=252 attempts=1 curvature=0.000s solve=0.000s predred=0.000s candidate=0.000s other=0.000s
[INFO] [PIRLS lm-trajectory] iter=252 start_lambda=1.000e-9 final_lambda=1.000e-9 log10_ratio=0.000 accept_rho=1.000 attempts=1
[INFO] [STAGE] PIRLS update_with_curvature iter=253 curvature=Fisher elapsed=0.000s source=reused_prev_accept
[INFO] [PIRLS iter-end] iter=253 elapsed=0.0006s lm_lambda=1.00e-9 g_norm=5.874e-8 last_dev_change=6.368e-13 last_halving=1
[INFO] [PIRLS iter-breakdown] iter=253 attempts=1 curvature=0.000s solve=0.000s predred=0.000s candidate=0.000s other=0.000s
[INFO] [PIRLS lm-trajectory] iter=253 start_lambda=1.000e-9 final_lambda=1.000e-9 log10_ratio=0.000 accept_rho=1.001 attempts=1
[INFO] [STAGE] PIRLS update_with_curvature iter=254 curvature=Fisher elapsed=0.000s source=reused_prev_accept
[INFO] [PIRLS iter-end] iter=254 elapsed=0.0006s lm_lambda=1.00e-9 g_norm=5.776e-8 last_dev_change=6.160e-13 last_halving=1
[INFO] [PIRLS iter-breakdown] iter=254 attempts=1 curvature=0.000s solve=0.000s predred=0.000s candidate=0.000s other=0.000s
[INFO] [PIRLS lm-trajectory] iter=254 start_lambda=1.000e-9 final_lambda=1.000e-9 log10_ratio=0.000 accept_rho=0.999 attempts=1
[INFO] [STAGE] PIRLS update_with_curvature iter=255 curvature=Fisher elapsed=0.000s source=reused_prev_accept
[INFO] [PIRLS iter-end] iter=255 elapsed=0.0006s lm_lambda=1.00e-9 g_norm=5.682e-8 last_dev_change=5.969e-13 last_halving=1
[INFO] [PIRLS iter-breakdown] iter=255 attempts=1 curvature=0.000s solve=0.000s predred=0.000s candidate=0.000s other=0.000s
[INFO] [PIRLS lm-trajectory] iter=255 start_lambda=1.000e-9 final_lambda=1.000e-9 log10_ratio=0.000 accept_rho=1.001 attempts=1
[INFO] [STAGE] PIRLS update_with_curvature iter=256 curvature=Fisher elapsed=0.000s source=reused_prev_accept
[INFO] [PIRLS iter-end] iter=256 elapsed=0.0006s lm_lambda=1.00e-9 g_norm=5.588e-8 last_dev_change=5.766e-13 last_halving=1
[INFO] [PIRLS iter-breakdown] iter=256 attempts=1 curvature=0.000s solve=0.000s predred=0.000s candidate=0.000s other=0.000s
[INFO] [PIRLS lm-trajectory] iter=256 start_lambda=1.000e-9 final_lambda=1.000e-9 log10_ratio=0.000 accept_rho=1.000 attempts=1
[INFO] [STAGE] PIRLS update_with_curvature iter=257 curvature=Fisher elapsed=0.000s source=reused_prev_accept
[INFO] [PIRLS iter-end] iter=257 elapsed=0.0006s lm_lambda=1.00e-9 g_norm=5.496e-8 last_dev_change=5.580e-13 last_halving=1
[INFO] [PIRLS iter-breakdown] iter=257 attempts=1 curvature=0.000s solve=0.000s predred=0.000s candidate=0.000s other=0.000s
[INFO] [PIRLS lm-trajectory] iter=257 start_lambda=1.000e-9 final_lambda=1.000e-9 log10_ratio=0.000 accept_rho=1.000 attempts=1
[INFO] [STAGE] PIRLS update_with_curvature iter=258 curvature=Fisher elapsed=0.000s source=reused_prev_accept
[INFO] [PIRLS iter-end] iter=258 elapsed=0.0006s lm_lambda=1.00e-9 g_norm=5.406e-8 last_dev_change=5.400e-13 last_halving=1
[INFO] [PIRLS iter-breakdown] iter=258 attempts=1 curvature=0.000s solve=0.000s predred=0.000s candidate=0.000s other=0.000s
[INFO] [PIRLS lm-trajectory] iter=258 start_lambda=1.000e-9 final_lambda=1.000e-9 log10_ratio=0.000 accept_rho=1.000 attempts=1
[INFO] [STAGE] PIRLS update_with_curvature iter=259 curvature=Fisher elapsed=0.000s source=reused_prev_accept
[INFO] [PIRLS iter-end] iter=259 elapsed=0.0006s lm_lambda=1.00e-9 g_norm=5.316e-8 last_dev_change=5.229e-13 last_halving=1
[INFO] [PIRLS iter-breakdown] iter=259 attempts=1 curvature=0.000s solve=0.000s predred=0.000s candidate=0.000s other=0.000s
[INFO] [PIRLS lm-trajectory] iter=259 start_lambda=1.000e-9 final_lambda=1.000e-9 log10_ratio=0.000 accept_rho=1.000 attempts=1
[INFO] [STAGE] PIRLS update_with_curvature iter=260 curvature=Fisher elapsed=0.000s source=reused_prev_accept
[INFO] [PIRLS iter-end] iter=260 elapsed=0.0006s lm_lambda=1.00e-9 g_norm=5.229e-8 last_dev_change=5.045e-13 last_halving=1
[INFO] [PIRLS iter-breakdown] iter=260 attempts=1 curvature=0.000s solve=0.000s predred=0.000s candidate=0.000s other=0.000s
[INFO] [PIRLS lm-trajectory] iter=260 start_lambda=1.000e-9 final_lambda=1.000e-9 log10_ratio=0.000 accept_rho=0.999 attempts=1
[INFO] [STAGE] PIRLS update_with_curvature iter=261 curvature=Fisher elapsed=0.000s source=reused_prev_accept
[INFO] [PIRLS iter-end] iter=261 elapsed=0.0006s lm_lambda=1.00e-9 g_norm=5.142e-8 last_dev_change=4.892e-13 last_halving=1
[INFO] [PIRLS iter-breakdown] iter=261 attempts=1 curvature=0.000s solve=0.000s predred=0.000s candidate=0.000s other=0.000s
[INFO] [PIRLS lm-trajectory] iter=261 start_lambda=1.000e-9 final_lambda=1.000e-9 log10_ratio=0.000 accept_rho=1.000 attempts=1
[INFO] [STAGE] PIRLS update_with_curvature iter=262 curvature=Fisher elapsed=0.000s source=reused_prev_accept
[INFO] [PIRLS iter-end] iter=262 elapsed=0.0006s lm_lambda=1.00e-9 g_norm=5.058e-8 last_dev_change=4.727e-13 last_halving=1
[INFO] [PIRLS iter-breakdown] iter=262 attempts=1 curvature=0.000s solve=0.000s predred=0.000s candidate=0.000s other=0.000s
[INFO] [PIRLS lm-trajectory] iter=262 start_lambda=1.000e-9 final_lambda=1.000e-9 log10_ratio=0.000 accept_rho=1.001 attempts=1
[INFO] [STAGE] PIRLS update_with_curvature iter=263 curvature=Fisher elapsed=0.000s source=reused_prev_accept
[INFO] [PIRLS iter-end] iter=263 elapsed=0.0006s lm_lambda=1.00e-9 g_norm=4.974e-8 last_dev_change=4.567e-13 last_halving=1
[INFO] [PIRLS iter-breakdown] iter=263 attempts=1 curvature=0.000s solve=0.000s predred=0.000s candidate=0.000s other=0.000s
[INFO] [PIRLS lm-trajectory] iter=263 start_lambda=1.000e-9 final_lambda=1.000e-9 log10_ratio=0.000 accept_rho=0.999 attempts=1
[INFO] [STAGE] PIRLS update_with_curvature iter=264 curvature=Fisher elapsed=0.000s source=reused_prev_accept
[INFO] [PIRLS iter-end] iter=264 elapsed=0.0006s lm_lambda=1.00e-9 g_norm=4.892e-8 last_dev_change=4.425e-13 last_halving=1
[INFO] [PIRLS iter-breakdown] iter=264 attempts=1 curvature=0.000s solve=0.000s predred=0.000s candidate=0.000s other=0.000s
[INFO] [PIRLS lm-trajectory] iter=264 start_lambda=1.000e-9 final_lambda=1.000e-9 log10_ratio=0.000 accept_rho=1.001 attempts=1
[INFO] [STAGE] PIRLS update_with_curvature iter=265 curvature=Fisher elapsed=0.000s source=reused_prev_accept
[INFO] [PIRLS iter-end] iter=265 elapsed=0.0006s lm_lambda=1.00e-9 g_norm=4.810e-8 last_dev_change=4.274e-13 last_halving=1
[INFO] [PIRLS iter-breakdown] iter=265 attempts=1 curvature=0.000s solve=0.000s predred=0.000s candidate=0.000s other=0.000s
[INFO] [PIRLS lm-trajectory] iter=265 start_lambda=1.000e-9 final_lambda=1.000e-9 log10_ratio=0.000 accept_rho=0.999 attempts=1
[INFO] [STAGE] PIRLS update_with_curvature iter=266 curvature=Fisher elapsed=0.000s source=reused_prev_accept
[INFO] [PIRLS iter-end] iter=266 elapsed=0.0006s lm_lambda=1.00e-9 g_norm=4.731e-8 last_dev_change=4.134e-13 last_halving=1
[INFO] [PIRLS iter-breakdown] iter=266 attempts=1 curvature=0.000s solve=0.000s predred=0.000s candidate=0.000s other=0.000s
[INFO] [PIRLS lm-trajectory] iter=266 start_lambda=1.000e-9 final_lambda=1.000e-9 log10_ratio=0.000 accept_rho=1.000 attempts=1
[INFO] [STAGE] PIRLS update_with_curvature iter=267 curvature=Fisher elapsed=0.000s source=reused_prev_accept
[INFO] [PIRLS iter-end] iter=267 elapsed=0.0006s lm_lambda=1.00e-9 g_norm=4.654e-8 last_dev_change=4.001e-13 last_halving=1
[INFO] [PIRLS iter-breakdown] iter=267 attempts=1 curvature=0.000s solve=0.000s predred=0.000s candidate=0.000s other=0.000s
[INFO] [PIRLS lm-trajectory] iter=267 start_lambda=1.000e-9 final_lambda=1.000e-9 log10_ratio=0.000 accept_rho=1.000 attempts=1
[INFO] [STAGE] PIRLS update_with_curvature iter=268 curvature=Fisher elapsed=0.000s source=reused_prev_accept
[INFO] [PIRLS iter-end] iter=268 elapsed=0.0006s lm_lambda=1.00e-9 g_norm=4.577e-8 last_dev_change=3.875e-13 last_halving=1
[INFO] [PIRLS iter-breakdown] iter=268 attempts=1 curvature=0.000s solve=0.000s predred=0.000s candidate=0.000s other=0.000s
[INFO] [PIRLS lm-trajectory] iter=268 start_lambda=1.000e-9 final_lambda=1.000e-9 log10_ratio=0.000 accept_rho=1.001 attempts=1
[INFO] [STAGE] PIRLS update_with_curvature iter=269 curvature=Fisher elapsed=0.000s source=reused_prev_accept
[INFO] [PIRLS iter-end] iter=269 elapsed=0.0006s lm_lambda=1.00e-9 g_norm=4.502e-8 last_dev_change=3.739e-13 last_halving=1
[INFO] [PIRLS iter-breakdown] iter=269 attempts=1 curvature=0.000s solve=0.000s predred=0.000s candidate=0.000s other=0.000s
[INFO] [PIRLS lm-trajectory] iter=269 start_lambda=1.000e-9 final_lambda=1.000e-9 log10_ratio=0.000 accept_rho=0.999 attempts=1
[INFO] [STAGE] PIRLS update_with_curvature iter=270 curvature=Fisher elapsed=0.000s source=reused_prev_accept
[INFO] [PIRLS iter-end] iter=270 elapsed=0.0006s lm_lambda=1.00e-9 g_norm=4.428e-8 last_dev_change=3.626e-13 last_halving=1
[INFO] [PIRLS iter-breakdown] iter=270 attempts=1 curvature=0.000s solve=0.000s predred=0.000s candidate=0.000s other=0.000s
[INFO] [PIRLS lm-trajectory] iter=270 start_lambda=1.000e-9 final_lambda=1.000e-9 log10_ratio=0.000 accept_rho=1.001 attempts=1
[INFO] [STAGE] PIRLS update_with_curvature iter=271 curvature=Fisher elapsed=0.000s source=reused_prev_accept
[INFO] [PIRLS iter-end] iter=271 elapsed=0.0006s lm_lambda=1.00e-9 g_norm=4.355e-8 last_dev_change=3.506e-13 last_halving=1
[INFO] [PIRLS iter-breakdown] iter=271 attempts=1 curvature=0.000s solve=0.000s predred=0.000s candidate=0.000s other=0.000s
[INFO] [PIRLS lm-trajectory] iter=271 start_lambda=1.000e-9 final_lambda=1.000e-9 log10_ratio=0.000 accept_rho=1.000 attempts=1
[INFO] [STAGE] PIRLS update_with_curvature iter=272 curvature=Fisher elapsed=0.000s source=reused_prev_accept
[INFO] [PIRLS iter-end] iter=272 elapsed=0.0006s lm_lambda=1.00e-9 g_norm=4.284e-8 last_dev_change=3.388e-13 last_halving=1
[INFO] [PIRLS iter-breakdown] iter=272 attempts=1 curvature=0.000s solve=0.000s predred=0.000s candidate=0.000s other=0.000s
[INFO] [PIRLS lm-trajectory] iter=272 start_lambda=1.000e-9 final_lambda=1.000e-9 log10_ratio=0.000 accept_rho=1.000 attempts=1
[INFO] [STAGE] PIRLS update_with_curvature iter=273 curvature=Fisher elapsed=0.000s source=reused_prev_accept
[INFO] [PIRLS iter-end] iter=273 elapsed=0.0006s lm_lambda=1.00e-9 g_norm=4.212e-8 last_dev_change=3.280e-13 last_halving=1
[INFO] [PIRLS iter-breakdown] iter=273 attempts=1 curvature=0.000s solve=0.000s predred=0.000s candidate=0.000s other=0.000s
[INFO] [PIRLS lm-trajectory] iter=273 start_lambda=1.000e-9 final_lambda=1.000e-9 log10_ratio=0.000 accept_rho=1.000 attempts=1
[INFO] [STAGE] PIRLS update_with_curvature iter=274 curvature=Fisher elapsed=0.000s source=reused_prev_accept
[INFO] [PIRLS iter-end] iter=274 elapsed=0.0006s lm_lambda=1.00e-9 g_norm=4.143e-8 last_dev_change=3.166e-13 last_halving=1
[INFO] [PIRLS iter-breakdown] iter=274 attempts=1 curvature=0.000s solve=0.000s predred=0.000s candidate=0.000s other=0.000s
[INFO] [PIRLS lm-trajectory] iter=274 start_lambda=1.000e-9 final_lambda=1.000e-9 log10_ratio=0.000 accept_rho=1.000 attempts=1
[INFO] [STAGE] PIRLS update_with_curvature iter=275 curvature=Fisher elapsed=0.000s source=reused_prev_accept
[INFO] [PIRLS iter-end] iter=275 elapsed=0.0006s lm_lambda=1.00e-9 g_norm=4.074e-8 last_dev_change=3.073e-13 last_halving=1
[INFO] [PIRLS iter-breakdown] iter=275 attempts=1 curvature=0.000s solve=0.000s predred=0.000s candidate=0.000s other=0.000s
[INFO] [PIRLS lm-trajectory] iter=275 start_lambda=1.000e-9 final_lambda=1.000e-9 log10_ratio=0.000 accept_rho=1.002 attempts=1
[INFO] [STAGE] PIRLS update_with_curvature iter=276 curvature=Fisher elapsed=0.000s source=reused_prev_accept
[INFO] [PIRLS iter-end] iter=276 elapsed=0.0006s lm_lambda=1.00e-9 g_norm=4.009e-8 last_dev_change=2.958e-13 last_halving=1
[INFO] [PIRLS iter-breakdown] iter=276 attempts=1 curvature=0.000s solve=0.000s predred=0.000s candidate=0.000s other=0.000s
[INFO] [PIRLS lm-trajectory] iter=276 start_lambda=1.000e-9 final_lambda=1.000e-9 log10_ratio=0.000 accept_rho=0.997 attempts=1
[INFO] [STAGE] PIRLS update_with_curvature iter=277 curvature=Fisher elapsed=0.000s source=reused_prev_accept
[INFO] [PIRLS iter-end] iter=277 elapsed=0.0006s lm_lambda=1.00e-9 g_norm=3.941e-8 last_dev_change=2.869e-13 last_halving=1
[INFO] [PIRLS iter-breakdown] iter=277 attempts=1 curvature=0.000s solve=0.000s predred=0.000s candidate=0.000s other=0.000s
[INFO] [PIRLS lm-trajectory] iter=277 start_lambda=1.000e-9 final_lambda=1.000e-9 log10_ratio=0.000 accept_rho=1.000 attempts=1
[INFO] [STAGE] PIRLS update_with_curvature iter=278 curvature=Fisher elapsed=0.000s source=reused_prev_accept
[INFO] [PIRLS iter-end] iter=278 elapsed=0.0006s lm_lambda=1.00e-9 g_norm=3.877e-8 last_dev_change=2.778e-13 last_halving=1
[INFO] [PIRLS iter-breakdown] iter=278 attempts=1 curvature=0.000s solve=0.000s predred=0.000s candidate=0.000s other=0.000s
[INFO] [PIRLS lm-trajectory] iter=278 start_lambda=1.000e-9 final_lambda=1.000e-9 log10_ratio=0.000 accept_rho=1.001 attempts=1
[INFO] [STAGE] PIRLS update_with_curvature iter=279 curvature=Fisher elapsed=0.000s source=reused_prev_accept
[INFO] [PIRLS iter-end] iter=279 elapsed=0.0007s lm_lambda=1.00e-9 g_norm=3.813e-8 last_dev_change=2.680e-13 last_halving=1
[INFO] [PIRLS iter-breakdown] iter=279 attempts=1 curvature=0.000s solve=0.000s predred=0.000s candidate=0.000s other=0.000s
[INFO] [PIRLS lm-trajectory] iter=279 start_lambda=1.000e-9 final_lambda=1.000e-9 log10_ratio=0.000 accept_rho=0.999 attempts=1
[INFO] [STAGE] PIRLS update_with_curvature iter=280 curvature=Fisher elapsed=0.000s source=reused_prev_accept
[INFO] [PIRLS iter-end] iter=280 elapsed=0.0007s lm_lambda=1.00e-9 g_norm=3.751e-8 last_dev_change=2.596e-13 last_halving=1
[INFO] [PIRLS iter-breakdown] iter=280 attempts=1 curvature=0.000s solve=0.000s predred=0.000s candidate=0.000s other=0.000s
[INFO] [PIRLS lm-trajectory] iter=280 start_lambda=1.000e-9 final_lambda=1.000e-9 log10_ratio=0.000 accept_rho=1.000 attempts=1
[INFO] [STAGE] PIRLS update_with_curvature iter=281 curvature=Fisher elapsed=0.000s source=reused_prev_accept
[INFO] [PIRLS iter-end] iter=281 elapsed=0.0007s lm_lambda=1.00e-9 g_norm=3.689e-8 last_dev_change=2.518e-13 last_halving=1
[INFO] [PIRLS iter-breakdown] iter=281 attempts=1 curvature=0.000s solve=0.000s predred=0.000s candidate=0.000s other=0.000s
[INFO] [PIRLS lm-trajectory] iter=281 start_lambda=1.000e-9 final_lambda=1.000e-9 log10_ratio=0.000 accept_rho=1.001 attempts=1
[INFO] [STAGE] PIRLS update_with_curvature iter=282 curvature=Fisher elapsed=0.000s source=reused_prev_accept
[INFO] [PIRLS iter-end] iter=282 elapsed=0.0007s lm_lambda=1.00e-9 g_norm=3.628e-8 last_dev_change=2.427e-13 last_halving=1
[INFO] [PIRLS iter-breakdown] iter=282 attempts=1 curvature=0.000s solve=0.000s predred=0.000s candidate=0.000s other=0.000s
[INFO] [PIRLS lm-trajectory] iter=282 start_lambda=1.000e-9 final_lambda=1.000e-9 log10_ratio=0.000 accept_rho=0.998 attempts=1
[INFO] [STAGE] PIRLS update_with_curvature iter=283 curvature=Fisher elapsed=0.000s source=reused_prev_accept
[INFO] [PIRLS iter-end] iter=283 elapsed=0.0007s lm_lambda=1.00e-9 g_norm=3.569e-8 last_dev_change=2.356e-13 last_halving=1
[INFO] [PIRLS iter-breakdown] iter=283 attempts=1 curvature=0.000s solve=0.000s predred=0.000s candidate=0.000s other=0.000s
[INFO] [PIRLS lm-trajectory] iter=283 start_lambda=1.000e-9 final_lambda=1.000e-9 log10_ratio=0.000 accept_rho=1.002 attempts=1
[INFO] [STAGE] PIRLS update_with_curvature iter=284 curvature=Fisher elapsed=0.000s source=reused_prev_accept
[INFO] [PIRLS iter-end] iter=284 elapsed=0.0006s lm_lambda=1.00e-9 g_norm=3.509e-8 last_dev_change=2.272e-13 last_halving=1
[INFO] [PIRLS iter-breakdown] iter=284 attempts=1 curvature=0.000s solve=0.000s predred=0.000s candidate=0.000s other=0.000s
[INFO] [PIRLS lm-trajectory] iter=284 start_lambda=1.000e-9 final_lambda=1.000e-9 log10_ratio=0.000 accept_rho=0.999 attempts=1
[INFO] [STAGE] PIRLS update_with_curvature iter=285 curvature=Fisher elapsed=0.000s source=reused_prev_accept
[INFO] [PIRLS iter-end] iter=285 elapsed=0.0007s lm_lambda=1.00e-9 g_norm=3.451e-8 last_dev_change=2.205e-13 last_halving=1
[INFO] [PIRLS iter-breakdown] iter=285 attempts=1 curvature=0.000s solve=0.000s predred=0.000s candidate=0.000s other=0.000s
[INFO] [PIRLS lm-trajectory] iter=285 start_lambda=1.000e-9 final_lambda=1.000e-9 log10_ratio=0.000 accept_rho=1.001 attempts=1
[INFO] [STAGE] PIRLS update_with_curvature iter=286 curvature=Fisher elapsed=0.000s source=reused_prev_accept
[INFO] [PIRLS iter-end] iter=286 elapsed=0.0007s lm_lambda=1.00e-9 g_norm=3.394e-8 last_dev_change=2.129e-13 last_halving=1
[INFO] [PIRLS iter-breakdown] iter=286 attempts=1 curvature=0.000s solve=0.000s predred=0.000s candidate=0.000s other=0.000s
[INFO] [PIRLS lm-trajectory] iter=286 start_lambda=1.000e-9 final_lambda=1.000e-9 log10_ratio=0.000 accept_rho=0.998 attempts=1
[INFO] [STAGE] PIRLS update_with_curvature iter=287 curvature=Fisher elapsed=0.000s source=reused_prev_accept
[INFO] [PIRLS iter-end] iter=287 elapsed=0.0007s lm_lambda=1.00e-9 g_norm=3.337e-8 last_dev_change=2.058e-13 last_halving=1
[INFO] [PIRLS iter-breakdown] iter=287 attempts=1 curvature=0.000s solve=0.000s predred=0.000s candidate=0.000s other=0.000s
[INFO] [PIRLS lm-trajectory] iter=287 start_lambda=1.000e-9 final_lambda=1.000e-9 log10_ratio=0.000 accept_rho=1.000 attempts=1
[INFO] [STAGE] PIRLS update_with_curvature iter=288 curvature=Fisher elapsed=0.000s source=reused_prev_accept
[INFO] [PIRLS iter-end] iter=288 elapsed=0.0007s lm_lambda=1.00e-9 g_norm=3.283e-8 last_dev_change=1.998e-13 last_halving=1
[INFO] [PIRLS iter-breakdown] iter=288 attempts=1 curvature=0.000s solve=0.000s predred=0.000s candidate=0.000s other=0.000s
[INFO] [PIRLS lm-trajectory] iter=288 start_lambda=1.000e-9 final_lambda=1.000e-9 log10_ratio=0.000 accept_rho=1.002 attempts=1
[INFO] [STAGE] PIRLS update_with_curvature iter=289 curvature=Fisher elapsed=0.000s source=reused_prev_accept
[INFO] [PIRLS iter-end] iter=289 elapsed=0.0006s lm_lambda=1.00e-9 g_norm=3.230e-8 last_dev_change=1.930e-13 last_halving=1
[INFO] [PIRLS iter-breakdown] iter=289 attempts=1 curvature=0.000s solve=0.000s predred=0.000s candidate=0.000s other=0.000s
[INFO] [PIRLS lm-trajectory] iter=289 start_lambda=1.000e-9 final_lambda=1.000e-9 log10_ratio=0.000 accept_rho=1.001 attempts=1
[INFO] [STAGE] PIRLS update_with_curvature iter=290 curvature=Fisher elapsed=0.000s source=reused_prev_accept
[INFO] [PIRLS iter-end] iter=290 elapsed=0.0007s lm_lambda=1.00e-9 g_norm=3.176e-8 last_dev_change=1.854e-13 last_halving=1
[INFO] [PIRLS iter-breakdown] iter=290 attempts=1 curvature=0.000s solve=0.000s predred=0.000s candidate=0.000s other=0.000s
[INFO] [PIRLS lm-trajectory] iter=290 start_lambda=1.000e-9 final_lambda=1.000e-9 log10_ratio=0.000 accept_rho=0.997 attempts=1
[INFO] [STAGE] PIRLS update_with_curvature iter=291 curvature=Fisher elapsed=0.000s source=reused_prev_accept
[INFO] [PIRLS iter-end] iter=291 elapsed=0.0007s lm_lambda=1.00e-9 g_norm=3.123e-8 last_dev_change=1.803e-13 last_halving=1
[INFO] [PIRLS iter-breakdown] iter=291 attempts=1 curvature=0.000s solve=0.000s predred=0.000s candidate=0.000s other=0.000s
[INFO] [PIRLS lm-trajectory] iter=291 start_lambda=1.000e-9 final_lambda=1.000e-9 log10_ratio=0.000 accept_rho=1.000 attempts=1
[INFO] [STAGE] PIRLS update_with_curvature iter=292 curvature=Fisher elapsed=0.000s source=reused_prev_accept
[INFO] [PIRLS iter-end] iter=292 elapsed=0.0007s lm_lambda=1.00e-9 g_norm=3.073e-8 last_dev_change=1.745e-13 last_halving=1
[INFO] [PIRLS iter-breakdown] iter=292 attempts=1 curvature=0.000s solve=0.000s predred=0.000s candidate=0.000s other=0.000s
[INFO] [PIRLS lm-trajectory] iter=292 start_lambda=1.000e-9 final_lambda=1.000e-9 log10_ratio=0.000 accept_rho=1.000 attempts=1
[INFO] [STAGE] PIRLS update_with_curvature iter=293 curvature=Fisher elapsed=0.000s source=reused_prev_accept
[INFO] [PIRLS iter-end] iter=293 elapsed=0.0007s lm_lambda=1.00e-9 g_norm=3.022e-8 last_dev_change=1.683e-13 last_halving=1
[INFO] [PIRLS iter-breakdown] iter=293 attempts=1 curvature=0.000s solve=0.000s predred=0.000s candidate=0.000s other=0.000s
[INFO] [PIRLS lm-trajectory] iter=293 start_lambda=1.000e-9 final_lambda=1.000e-9 log10_ratio=0.000 accept_rho=0.998 attempts=1
[INFO] [STAGE] PIRLS update_with_curvature iter=294 curvature=Fisher elapsed=0.000s source=reused_prev_accept
[INFO] [PIRLS iter-end] iter=294 elapsed=0.0007s lm_lambda=1.00e-9 g_norm=2.972e-8 last_dev_change=1.636e-13 last_halving=1
[INFO] [PIRLS iter-breakdown] iter=294 attempts=1 curvature=0.000s solve=0.000s predred=0.000s candidate=0.000s other=0.000s
[INFO] [PIRLS lm-trajectory] iter=294 start_lambda=1.000e-9 final_lambda=1.000e-9 log10_ratio=0.000 accept_rho=1.002 attempts=1
[INFO] [STAGE] PIRLS update_with_curvature iter=295 curvature=Fisher elapsed=0.000s source=reused_prev_accept
[INFO] [PIRLS iter-end] iter=295 elapsed=0.0007s lm_lambda=1.00e-9 g_norm=2.924e-8 last_dev_change=1.574e-13 last_halving=1
[INFO] [PIRLS iter-breakdown] iter=295 attempts=1 curvature=0.000s solve=0.000s predred=0.000s candidate=0.000s other=0.000s
[INFO] [PIRLS lm-trajectory] iter=295 start_lambda=1.000e-9 final_lambda=1.000e-9 log10_ratio=0.000 accept_rho=0.999 attempts=1
[INFO] [STAGE] PIRLS update_with_curvature iter=296 curvature=Fisher elapsed=0.000s source=reused_prev_accept
[INFO] [PIRLS iter-end] iter=296 elapsed=0.0007s lm_lambda=1.00e-9 g_norm=2.875e-8 last_dev_change=1.530e-13 last_halving=1
[INFO] [PIRLS iter-breakdown] iter=296 attempts=1 curvature=0.000s solve=0.000s predred=0.000s candidate=0.000s other=0.000s
[INFO] [PIRLS lm-trajectory] iter=296 start_lambda=1.000e-9 final_lambda=1.000e-9 log10_ratio=0.000 accept_rho=1.003 attempts=1
[INFO] [STAGE] PIRLS update_with_curvature iter=297 curvature=Fisher elapsed=0.000s source=reused_prev_accept
[INFO] [PIRLS solve-end] iters=297 elapsed=0.2199s g_norm_initial=1.750e3 g_norm_final=2.828e-8 convergence_rate=9.197e-1 status=StalledAtValidMinimum
[INFO] [PIRLS] the warm-started inner solve did not reach a valid minimum and the cold retry did; taking the cold solve (#2519)
[INFO] [STAGE] logdet S (Z-projected) rho_dim=2 penalty_rank=2 elapsed=0.000s
[INFO] [#1271-diag] p=3 penalty_rank=2 nullspace_dim=1 logS=-23.347912 logH=0.733923 half_diff=12.040918 h_above1=2 h_min=1.638e-6 h_max=8.636e3 rho=[18.5578,-7.2197] lambda=[1.147e8,7.320e-4]
[INFO] [reml-geometry] dense_spectral reason=constraints_present p=13 nnz_x=na nnz_h_est=na density_h_est=na threshold=0.1000
[INFO] [IFT-REJECTED] reason=large_drho max_drho=7.491e0 cap=6.750e0 drho_dim=2
[INFO] [TANGENT-REJECTED] reason=alpha_negative alpha=-9.776e-1 cap=2.000e0
[INFO] [ADAPTIVE-KKT] outer_g_norm=1.316e-7 effective_tol=1.000e-12 floor=1.000e-12 ceiling=1.000e-12
[INFO] [STAGE] PIRLS update_with_curvature iter=1 curvature=Fisher elapsed=0.000s source=rebuilt
[INFO] [PIRLS iter-end] iter=  1 elapsed=0.0009s lm_lambda=3.33e-4 g_norm=3.766e-3 last_dev_change=2.478e-4 last_halving=1
[INFO] [PIRLS iter-breakdown] iter=  1 attempts=1 curvature=0.000s solve=0.000s predred=0.000s candidate=0.000s other=0.000s
[INFO] [PIRLS lm-trajectory] iter=  1 start_lambda=1.000e-3 final_lambda=3.333e-4 log10_ratio=-0.477 accept_rho=1.000 attempts=1
[INFO] [STAGE] PIRLS update_with_curvature iter=2 curvature=Fisher elapsed=0.000s source=reused_prev_accept
[INFO] [PIRLS iter-end] iter=  2 elapsed=0.0006s lm_lambda=1.11e-4 g_norm=2.883e-5 last_dev_change=4.095e-9 last_halving=1
[INFO] [PIRLS iter-breakdown] iter=  2 attempts=1 curvature=0.000s solve=0.000s predred=0.000s candidate=0.000s other=0.000s
[INFO] [PIRLS lm-trajectory] iter=  2 start_lambda=3.333e-4 final_lambda=1.111e-4 log10_ratio=-0.477 accept_rho=1.000 attempts=1
[INFO] [STAGE] PIRLS update_with_curvature iter=3 curvature=Fisher elapsed=0.000s source=reused_prev_accept
[INFO] [PIRLS iter-end] iter=  3 elapsed=0.0005s lm_lambda=3.70e-5 g_norm=2.273e-4 last_dev_change=3.662e-11 last_halving=1
[INFO] [PIRLS iter-breakdown] iter=  3 attempts=1 curvature=0.000s solve=0.000s predred=0.000s candidate=0.000s other=0.000s
[INFO] [PIRLS lm-trajectory] iter=  3 start_lambda=1.111e-4 final_lambda=3.704e-5 log10_ratio=-0.477 accept_rho=1.000 attempts=1
[INFO] [STAGE] PIRLS update_with_curvature iter=4 curvature=Fisher elapsed=0.000s source=reused_prev_accept
[INFO] [PIRLS iter-end] iter=  4 elapsed=0.0004s lm_lambda=1.23e-5 g_norm=2.425e-4 last_dev_change=9.204e-11 last_halving=1
[INFO] [PIRLS iter-breakdown] iter=  4 attempts=1 curvature=0.000s solve=0.000s predred=0.000s candidate=0.000s other=0.000s
[INFO] [PIRLS lm-trajectory] iter=  4 start_lambda=3.704e-5 final_lambda=1.235e-5 log10_ratio=-0.477 accept_rho=1.000 attempts=1
[INFO] [STAGE] PIRLS update_with_curvature iter=5 curvature=Fisher elapsed=0.000s source=reused_prev_accept
[INFO] [PIRLS iter-end] iter=  5 elapsed=0.0004s lm_lambda=4.12e-6 g_norm=2.420e-4 last_dev_change=2.750e-10 last_halving=1
[INFO] [PIRLS iter-breakdown] iter=  5 attempts=1 curvature=0.000s solve=0.000s predred=0.000s candidate=0.000s other=0.000s
[INFO] [PIRLS lm-trajectory] iter=  5 start_lambda=1.235e-5 final_lambda=4.115e-6 log10_ratio=-0.477 accept_rho=1.000 attempts=1
[INFO] [STAGE] PIRLS update_with_curvature iter=6 curvature=Fisher elapsed=0.000s source=reused_prev_accept
[INFO] [PIRLS iter-end] iter=  6 elapsed=0.0005s lm_lambda=1.37e-6 g_norm=2.402e-4 last_dev_change=8.152e-10 last_halving=1
[INFO] [PIRLS iter-breakdown] iter=  6 attempts=1 curvature=0.000s solve=0.000s predred=0.000s candidate=0.000s other=0.000s
[INFO] [PIRLS lm-trajectory] iter=  6 start_lambda=4.115e-6 final_lambda=1.372e-6 log10_ratio=-0.477 accept_rho=1.000 attempts=1
[INFO] [STAGE] PIRLS update_with_curvature iter=7 curvature=Fisher elapsed=0.000s source=reused_prev_accept
[INFO] [PIRLS iter-end] iter=  7 elapsed=0.0005s lm_lambda=4.57e-7 g_norm=2.351e-4 last_dev_change=2.359e-9 last_halving=1
[INFO] [PIRLS iter-breakdown] iter=  7 attempts=1 curvature=0.000s solve=0.000s predred=0.000s candidate=0.000s other=0.000s
[INFO] [PIRLS lm-trajectory] iter=  7 start_lambda=1.372e-6 final_lambda=4.572e-7 log10_ratio=-0.477 accept_rho=1.000 attempts=1
[INFO] [STAGE] PIRLS update_with_curvature iter=8 curvature=Fisher elapsed=0.000s source=reused_prev_accept
[INFO] [PIRLS iter-end] iter=  8 elapsed=0.0004s lm_lambda=1.52e-7 g_norm=2.207e-4 last_dev_change=6.371e-9 last_halving=1
[INFO] [PIRLS iter-breakdown] iter=  8 attempts=1 curvature=0.000s solve=0.000s predred=0.000s candidate=0.000s other=0.000s
[INFO] [PIRLS lm-trajectory] iter=  8 start_lambda=4.572e-7 final_lambda=1.524e-7 log10_ratio=-0.477 accept_rho=1.000 attempts=1
[INFO] [STAGE] PIRLS update_with_curvature iter=9 curvature=Fisher elapsed=0.000s source=reused_prev_accept
[INFO] [PIRLS iter-end] iter=  9 elapsed=0.0004s lm_lambda=5.08e-8 g_norm=1.846e-4 last_dev_change=1.421e-8 last_halving=1
[INFO] [PIRLS iter-breakdown] iter=  9 attempts=1 curvature=0.000s solve=0.000s predred=0.000s candidate=0.000s other=0.000s
[INFO] [PIRLS lm-trajectory] iter=  9 start_lambda=1.524e-7 final_lambda=5.081e-8 log10_ratio=-0.477 accept_rho=1.000 attempts=1
[INFO] [STAGE] PIRLS update_with_curvature iter=10 curvature=Fisher elapsed=0.000s source=reused_prev_accept
[INFO] [PIRLS iter-end] iter= 10 elapsed=0.0004s lm_lambda=1.69e-8 g_norm=1.162e-4 last_dev_change=1.993e-8 last_halving=1
[INFO] [PIRLS iter-breakdown] iter= 10 attempts=1 curvature=0.000s solve=0.000s predred=0.000s candidate=0.000s other=0.000s
[INFO] [PIRLS lm-trajectory] iter= 10 start_lambda=5.081e-8 final_lambda=1.694e-8 log10_ratio=-0.477 accept_rho=1.000 attempts=1
[INFO] [STAGE] PIRLS update_with_curvature iter=11 curvature=Fisher elapsed=0.000s source=reused_prev_accept
[INFO] [PIRLS iter-end] iter= 11 elapsed=0.0005s lm_lambda=5.65e-9 g_norm=4.207e-5 last_dev_change=1.139e-8 last_halving=1
[INFO] [PIRLS iter-breakdown] iter= 11 attempts=1 curvature=0.000s solve=0.000s predred=0.000s candidate=0.000s other=0.000s
[INFO] [PIRLS lm-trajectory] iter= 11 start_lambda=1.694e-8 final_lambda=5.645e-9 log10_ratio=-0.477 accept_rho=1.000 attempts=1
[INFO] [STAGE] PIRLS update_with_curvature iter=12 curvature=Fisher elapsed=0.000s source=reused_prev_accept
[INFO] [PIRLS iter-end] iter= 12 elapsed=0.0004s lm_lambda=1.88e-9 g_norm=6.690e-6 last_dev_change=1.673e-9 last_halving=1
[INFO] [PIRLS iter-breakdown] iter= 12 attempts=1 curvature=0.000s solve=0.000s predred=0.000s candidate=0.000s other=0.000s
[INFO] [PIRLS lm-trajectory] iter= 12 start_lambda=5.645e-9 final_lambda=1.882e-9 log10_ratio=-0.477 accept_rho=1.000 attempts=1
[INFO] [STAGE] PIRLS update_with_curvature iter=13 curvature=Fisher elapsed=0.000s source=reused_prev_accept
[INFO] [PIRLS iter-end] iter= 13 elapsed=0.0005s lm_lambda=1.00e-9 g_norm=3.966e-7 last_dev_change=4.326e-11 last_halving=1
[INFO] [PIRLS iter-breakdown] iter= 13 attempts=1 curvature=0.000s solve=0.000s predred=0.000s candidate=0.000s other=0.000s
[INFO] [PIRLS lm-trajectory] iter= 13 start_lambda=1.882e-9 final_lambda=1.000e-9 log10_ratio=-0.275 accept_rho=1.000 attempts=1
[INFO] [STAGE] PIRLS update_with_curvature iter=14 curvature=Fisher elapsed=0.000s source=reused_prev_accept
[INFO] [PIRLS iter-end] iter= 14 elapsed=0.0005s lm_lambda=1.00e-9 g_norm=1.289e-8 last_dev_change=1.525e-13 last_halving=1
[INFO] [PIRLS iter-breakdown] iter= 14 attempts=1 curvature=0.000s solve=0.000s predred=0.000s candidate=0.000s other=0.000s
[INFO] [PIRLS lm-trajectory] iter= 14 start_lambda=1.000e-9 final_lambda=1.000e-9 log10_ratio=0.000 accept_rho=1.001 attempts=1
[INFO] [STAGE] PIRLS update_with_curvature iter=15 curvature=Fisher elapsed=0.000s source=reused_prev_accept
[INFO] [PIRLS exact-decrement] applicable=true decrement_sq=3.636109e-19 threshold=1.468739e-13 pass=true gradient_norm=2.049119e-10 relative_gradient=9.280154e-11 dimension_scale=6.244998e1 natural_scale=1.208066e0 objective=1.410365e0 actual_reduction=0.000000e0 predicted_reduction=1.587849e-16 linear_model_term=-3.071814e-16 direction_norm=3.189637e-7 data_reduction=-5.107026e-15 penalty_reduction=5.069187e-15
[INFO] [PIRLS solve-end] iters=15 elapsed=0.0100s g_norm_initial=1.616e2 g_norm_final=2.049e-10 convergence_rate=1.610e-1 status=Converged
[INFO] [STAGE] inner pirls solve iters=15 status=Converged max_eta=2.0 jeffreys_logdet=none rows=full(derivative-request) elapsed=0.011s
[INFO] [STAGE] logdet S (Z-projected) rho_dim=2 penalty_rank=2 elapsed=0.000s
[INFO] [#1271-diag] p=3 penalty_rank=2 nullspace_dim=1 logS=-8.378429 logH=8.218151 half_diff=8.298290 h_above1=2 h_min=2.917e-3 h_max=8.636e3 rho=[18.5578,0.2714] lambda=[1.147e8,1.312e0]
[INFO] [reml-geometry] dense_spectral reason=constraints_present p=13 nnz_x=na nnz_h_est=na density_h_est=na threshold=0.1000
[INFO] [IFT-CACHE] outcome=miss drho_dim=2 p=13 elapsed=0.000s
[INFO] [ADAPTIVE-KKT] outer_g_norm=1.316e-7 effective_tol=1.000e-12 floor=1.000e-12 ceiling=1.000e-12
[INFO] [STAGE] PIRLS update_with_curvature iter=1 curvature=Fisher elapsed=0.000s source=rebuilt
[INFO] [PIRLS iter-end] iter=  1 elapsed=0.0009s lm_lambda=3.33e-4 g_norm=3.618e-3 last_dev_change=2.478e-4 last_halving=1
[INFO] [PIRLS iter-breakdown] iter=  1 attempts=1 curvature=0.001s solve=0.000s predred=0.000s candidate=0.000s other=0.000s
[INFO] [PIRLS lm-trajectory] iter=  1 start_lambda=1.000e-3 final_lambda=3.333e-4 log10_ratio=-0.477 accept_rho=1.000 attempts=1
[INFO] [STAGE] PIRLS update_with_curvature iter=2 curvature=Fisher elapsed=0.000s source=reused_prev_accept
[INFO] [PIRLS iter-end] iter=  2 elapsed=0.0006s lm_lambda=1.11e-4 g_norm=1.393e-4 last_dev_change=3.523e-9 last_halving=1
[INFO] [PIRLS iter-breakdown] iter=  2 attempts=1 curvature=0.000s solve=0.000s predred=0.000s candidate=0.000s other=0.000s
[INFO] [PIRLS lm-trajectory] iter=  2 start_lambda=3.333e-4 final_lambda=1.111e-4 log10_ratio=-0.477 accept_rho=1.000 attempts=1
[INFO] [STAGE] PIRLS update_with_curvature iter=3 curvature=Fisher elapsed=0.000s source=reused_prev_accept
[INFO] [PIRLS iter-end] iter=  3 elapsed=0.0006s lm_lambda=3.70e-5 g_norm=1.946e-6 last_dev_change=5.074e-12 last_halving=1
[INFO] [PIRLS iter-breakdown] iter=  3 attempts=1 curvature=0.000s solve=0.000s predred=0.000s candidate=0.000s other=0.000s
[INFO] [PIRLS lm-trajectory] iter=  3 start_lambda=1.111e-4 final_lambda=3.704e-5 log10_ratio=-0.477 accept_rho=1.000 attempts=1
[INFO] [STAGE] PIRLS update_with_curvature iter=4 curvature=Fisher elapsed=0.000s source=reused_prev_accept
[INFO] [PIRLS exact-decrement] applicable=true decrement_sq=8.093132e-13 threshold=1.467844e-13 pass=false gradient_norm=1.283530e-7 relative_gradient=5.787027e-8 dimension_scale=6.244998e1 natural_scale=1.217944e0 objective=1.409505e0 actual_reduction=6.661338e-16 predicted_reduction=9.446937e-16 linear_model_term=-1.810121e-15 direction_norm=3.033973e-9 data_reduction=8.848478e-13 penalty_reduction=-8.842547e-13
[INFO] [PIRLS solve-end] iters=4 elapsed=0.0035s g_norm_initial=1.615e2 g_norm_final=1.284e-7 convergence_rate=5.309e-3 status=LmStepSearchExhausted
[INFO] [STAGE] inner pirls solve iters=4 status=Converged max_eta=2.0 jeffreys_logdet=none rows=full(derivative-request) elapsed=0.005s
[INFO] [IFT-QUALITY] quality=2.029e-5 ift=6.750e0 pred_residual=4.923e-5 cap_predicted=1.012e1 iters=4
[INFO] [STAGE] logdet S (Z-projected) rho_dim=2 penalty_rank=2 elapsed=0.000s
[INFO] [#1271-diag] p=3 penalty_rank=2 nullspace_dim=1 logS=-12.796866 logH=6.008915 half_diff=9.402891 h_above1=2 h_min=3.203e-4 h_max=8.636e3 rho=[18.5578,-1.9379] lambda=[1.147e8,1.440e-1]
[INFO] [reml-geometry] dense_spectral reason=constraints_present p=13 nnz_x=na nnz_h_est=na density_h_est=na threshold=0.1000
[INFO] [STAGE] logdet S (Z-projected) rho_dim=2 penalty_rank=2 elapsed=0.000s
[INFO] [#1271-diag] p=3 penalty_rank=2 nullspace_dim=1 logS=-3.543875 logH=10.635618 half_diff=7.089747 h_above1=2 h_min=3.271e-2 h_max=8.638e3 rho=[18.5578,2.6887] lambda=[1.147e8,1.471e1]
[INFO] [reml-geometry] dense_spectral reason=constraints_present p=13 nnz_x=na nnz_h_est=na density_h_est=na threshold=0.1000
[INFO] [IFT-NOOP] reason=all_drho_below_eps max_drho=2.220e-16 drho_dim=2
[INFO] [ADAPTIVE-KKT] outer_g_norm=1.316e-7 effective_tol=1.000e-12 floor=1.000e-12 ceiling=1.000e-12
[INFO] [STAGE] PIRLS update_with_curvature iter=1 curvature=Fisher elapsed=0.000s source=rebuilt
[INFO] [PIRLS iter-end] iter=  1 elapsed=0.0009s lm_lambda=4.12e-6 g_norm=6.612e-5 last_dev_change=2.479e-4 last_halving=1
[INFO] [PIRLS iter-breakdown] iter=  1 attempts=1 curvature=0.001s solve=0.000s predred=0.000s candidate=0.000s other=0.000s
[INFO] [PIRLS lm-trajectory] iter=  1 start_lambda=1.235e-5 final_lambda=4.115e-6 log10_ratio=-0.477 accept_rho=1.000 attempts=1
[INFO] [STAGE] PIRLS update_with_curvature iter=2 curvature=Fisher elapsed=0.000s source=reused_prev_accept
[INFO] [PIRLS iter-end] iter=  2 elapsed=0.0006s lm_lambda=1.37e-6 g_norm=1.012e-7 last_dev_change=1.160e-12 last_halving=1
[INFO] [PIRLS iter-breakdown] iter=  2 attempts=1 curvature=0.000s solve=0.000s predred=0.000s candidate=0.000s other=0.000s
[INFO] [PIRLS lm-trajectory] iter=  2 start_lambda=4.115e-6 final_lambda=1.372e-6 log10_ratio=-0.477 accept_rho=1.000 attempts=1
[INFO] [STAGE] PIRLS update_with_curvature iter=3 curvature=Fisher elapsed=0.000s source=reused_prev_accept
[INFO] [PIRLS exact-decrement] applicable=true decrement_sq=2.625190e-13 threshold=1.467844e-13 pass=false gradient_norm=6.851237e-8 relative_gradient=3.089003e-8 dimension_scale=6.244998e1 natural_scale=1.217944e0 objective=1.409505e0 actual_reduction=6.661338e-16 predicted_reduction=6.285425e-16 linear_model_term=-6.295704e-16 direction_norm=6.836401e-8 data_reduction=1.598721e-14 penalty_reduction=-1.523594e-14
[INFO] [PIRLS solve-end] iters=3 elapsed=0.0028s g_norm_initial=1.616e2 g_norm_final=6.851e-8 convergence_rate=7.513e-4 status=LmStepSearchExhausted
[INFO] [STAGE] inner pirls solve iters=3 status=LmStepSearchExhausted max_eta=2.0 jeffreys_logdet=none rows=full(derivative-request) elapsed=0.004s
[INFO] [ADAPTIVE-KKT] outer_g_norm=1.316e-7 effective_tol=1.000e-12 floor=1.000e-12 ceiling=1.000e-12
[INFO] [STAGE] PIRLS update_with_curvature iter=1 curvature=Fisher elapsed=0.000s source=rebuilt
[INFO] [PIRLS iter-end] iter=  1 elapsed=0.0008s lm_lambda=4.12e-6 g_norm=4.993e0 last_dev_change=5.196e1 last_halving=1
[INFO] [PIRLS iter-breakdown] iter=  1 attempts=1 curvature=0.000s solve=0.000s predred=0.000s candidate=0.000s other=0.000s
[INFO] [PIRLS lm-trajectory] iter=  1 start_lambda=1.235e-5 final_lambda=4.115e-6 log10_ratio=-0.477 accept_rho=1.000 attempts=1
[INFO] [STAGE] PIRLS update_with_curvature iter=2 curvature=Fisher elapsed=0.000s source=reused_prev_accept
[INFO] [PIRLS iter-end] iter=  2 elapsed=0.0006s lm_lambda=1.37e-6 g_norm=1.000e-3 last_dev_change=1.129e-4 last_halving=1
[INFO] [PIRLS iter-breakdown] iter=  2 attempts=1 curvature=0.000s solve=0.000s predred=0.000s candidate=0.000s other=0.000s
[INFO] [PIRLS lm-trajectory] iter=  2 start_lambda=4.115e-6 final_lambda=1.372e-6 log10_ratio=-0.477 accept_rho=1.000 attempts=1
[INFO] [STAGE] PIRLS update_with_curvature iter=3 curvature=Fisher elapsed=0.000s source=reused_prev_accept
[INFO] [PIRLS iter-end] iter=  3 elapsed=0.0006s lm_lambda=4.57e-7 g_norm=6.754e-4 last_dev_change=6.105e-8 last_halving=1
[INFO] [PIRLS iter-breakdown] iter=  3 attempts=1 curvature=0.000s solve=0.000s predred=0.000s candidate=0.000s other=0.000s
[INFO] [PIRLS lm-trajectory] iter=  3 start_lambda=1.372e-6 final_lambda=4.572e-7 log10_ratio=-0.477 accept_rho=1.000 attempts=1
[INFO] [STAGE] PIRLS update_with_curvature iter=4 curvature=Fisher elapsed=0.000s source=reused_prev_accept
[INFO] [PIRLS iter-end] iter=  4 elapsed=0.0006s lm_lambda=1.52e-7 g_norm=6.706e-4 last_dev_change=1.809e-7 last_halving=1
[INFO] [PIRLS iter-breakdown] iter=  4 attempts=1 curvature=0.000s solve=0.000s predred=0.000s candidate=0.000s other=0.000s
[INFO] [PIRLS lm-trajectory] iter=  4 start_lambda=4.572e-7 final_lambda=1.524e-7 log10_ratio=-0.477 accept_rho=1.000 attempts=1
[INFO] [STAGE] PIRLS update_with_curvature iter=5 curvature=Fisher elapsed=0.000s source=reused_prev_accept
[INFO] [PIRLS iter-end] iter=  5 elapsed=0.0006s lm_lambda=5.08e-8 g_norm=6.564e-4 last_dev_change=5.238e-7 last_halving=1
[INFO] [PIRLS iter-breakdown] iter=  5 attempts=1 curvature=0.000s solve=0.000s predred=0.000s candidate=0.000s other=0.000s
[INFO] [PIRLS lm-trajectory] iter=  5 start_lambda=1.524e-7 final_lambda=5.081e-8 log10_ratio=-0.477 accept_rho=1.000 attempts=1
[INFO] [STAGE] PIRLS update_with_curvature iter=6 curvature=Fisher elapsed=0.000s source=reused_prev_accept
[INFO] [PIRLS iter-end] iter=  6 elapsed=0.0006s lm_lambda=1.69e-8 g_norm=6.167e-4 last_dev_change=1.416e-6 last_halving=1
[INFO] [PIRLS iter-breakdown] iter=  6 attempts=1 curvature=0.000s solve=0.000s predred=0.000s candidate=0.000s other=0.000s
[INFO] [PIRLS lm-trajectory] iter=  6 start_lambda=5.081e-8 final_lambda=1.694e-8 log10_ratio=-0.477 accept_rho=1.000 attempts=1
[INFO] [STAGE] PIRLS update_with_curvature iter=7 curvature=Fisher elapsed=0.000s source=reused_prev_accept
[INFO] [PIRLS iter-end] iter=  7 elapsed=0.0006s lm_lambda=5.65e-9 g_norm=5.167e-4 last_dev_change=3.169e-6 last_halving=1
[INFO] [PIRLS iter-breakdown] iter=  7 attempts=1 curvature=0.000s solve=0.000s predred=0.000s candidate=0.000s other=0.000s
[INFO] [PIRLS lm-trajectory] iter=  7 start_lambda=1.694e-8 final_lambda=5.645e-9 log10_ratio=-0.477 accept_rho=1.000 attempts=1
[INFO] [STAGE] PIRLS update_with_curvature iter=8 curvature=Fisher elapsed=0.000s source=reused_prev_accept
[INFO] [PIRLS iter-end] iter=  8 elapsed=0.0006s lm_lambda=1.88e-9 g_norm=3.269e-4 last_dev_change=4.476e-6 last_halving=1
[INFO] [PIRLS iter-breakdown] iter=  8 attempts=1 curvature=0.000s solve=0.000s predred=0.000s candidate=0.000s other=0.000s
[INFO] [PIRLS lm-trajectory] iter=  8 start_lambda=5.645e-9 final_lambda=1.882e-9 log10_ratio=-0.477 accept_rho=1.000 attempts=1
[INFO] [STAGE] PIRLS update_with_curvature iter=9 curvature=Fisher elapsed=0.000s source=reused_prev_accept
[INFO] [PIRLS iter-end] iter=  9 elapsed=0.0006s lm_lambda=1.00e-9 g_norm=1.192e-4 last_dev_change=2.590e-6 last_halving=1
[INFO] [PIRLS iter-breakdown] iter=  9 attempts=1 curvature=0.000s solve=0.000s predred=0.000s candidate=0.000s other=0.000s
[INFO] [PIRLS lm-trajectory] iter=  9 start_lambda=1.882e-9 final_lambda=1.000e-9 log10_ratio=-0.275 accept_rho=1.000 attempts=1
[INFO] [STAGE] PIRLS update_with_curvature iter=10 curvature=Fisher elapsed=0.000s source=reused_prev_accept
[INFO] [PIRLS iter-end] iter= 10 elapsed=0.0006s lm_lambda=1.00e-9 g_norm=2.787e-5 last_dev_change=3.756e-7 last_halving=1
[INFO] [PIRLS iter-breakdown] iter= 10 attempts=1 curvature=0.000s solve=0.000s predred=0.000s candidate=0.000s other=0.000s
[INFO] [PIRLS lm-trajectory] iter= 10 start_lambda=1.000e-9 final_lambda=1.000e-9 log10_ratio=0.000 accept_rho=1.000 attempts=1
[INFO] [STAGE] PIRLS update_with_curvature iter=11 curvature=Fisher elapsed=0.000s source=reused_prev_accept
[INFO] [PIRLS iter-end] iter= 11 elapsed=0.0006s lm_lambda=1.00e-9 g_norm=6.514e-6 last_dev_change=2.053e-8 last_halving=1
[INFO] [PIRLS iter-breakdown] iter= 11 attempts=1 curvature=0.000s solve=0.000s predred=0.000s candidate=0.000s other=0.000s
[INFO] [PIRLS lm-trajectory] iter= 11 start_lambda=1.000e-9 final_lambda=1.000e-9 log10_ratio=0.000 accept_rho=1.000 attempts=1
[INFO] [STAGE] PIRLS update_with_curvature iter=12 curvature=Fisher elapsed=0.000s source=reused_prev_accept
[INFO] [PIRLS iter-end] iter= 12 elapsed=0.0006s lm_lambda=1.00e-9 g_norm=1.523e-6 last_dev_change=1.122e-9 last_halving=1
[INFO] [PIRLS iter-breakdown] iter= 12 attempts=1 curvature=0.000s solve=0.000s predred=0.000s candidate=0.000s other=0.000s
[INFO] [PIRLS lm-trajectory] iter= 12 start_lambda=1.000e-9 final_lambda=1.000e-9 log10_ratio=0.000 accept_rho=1.000 attempts=1
[INFO] [STAGE] PIRLS update_with_curvature iter=13 curvature=Fisher elapsed=0.000s source=reused_prev_accept
[INFO] [PIRLS iter-end] iter= 13 elapsed=0.0006s lm_lambda=1.00e-9 g_norm=3.559e-7 last_dev_change=6.129e-11 last_halving=1
[INFO] [PIRLS iter-breakdown] iter= 13 attempts=1 curvature=0.000s solve=0.000s predred=0.000s candidate=0.000s other=0.000s
[INFO] [PIRLS lm-trajectory] iter= 13 start_lambda=1.000e-9 final_lambda=1.000e-9 log10_ratio=0.000 accept_rho=1.000 attempts=1
[INFO] [STAGE] PIRLS update_with_curvature iter=14 curvature=Fisher elapsed=0.000s source=reused_prev_accept
[INFO] [PIRLS iter-end] iter= 14 elapsed=0.0006s lm_lambda=1.00e-9 g_norm=8.317e-8 last_dev_change=3.349e-12 last_halving=1
[INFO] [PIRLS iter-breakdown] iter= 14 attempts=1 curvature=0.000s solve=0.000s predred=0.000s candidate=0.000s other=0.000s
[INFO] [PIRLS lm-trajectory] iter= 14 start_lambda=1.000e-9 final_lambda=1.000e-9 log10_ratio=0.000 accept_rho=1.000 attempts=1
[INFO] [STAGE] PIRLS update_with_curvature iter=15 curvature=Fisher elapsed=0.000s source=reused_prev_accept
[INFO] [PIRLS iter-end] iter= 15 elapsed=0.0007s lm_lambda=1.00e-9 g_norm=1.942e-8 last_dev_change=1.827e-13 last_halving=1
[INFO] [PIRLS iter-breakdown] iter= 15 attempts=1 curvature=0.000s solve=0.000s predred=0.000s candidate=0.000s other=0.000s
[INFO] [PIRLS lm-trajectory] iter= 15 start_lambda=1.000e-9 final_lambda=1.000e-9 log10_ratio=0.000 accept_rho=0.999 attempts=1
[INFO] [STAGE] PIRLS update_with_curvature iter=16 curvature=Fisher elapsed=0.000s source=reused_prev_accept
[INFO] [PIRLS exact-decrement] applicable=true decrement_sq=1.137998e-15 threshold=1.467844e-13 pass=true gradient_norm=4.503119e-9 relative_gradient=2.030312e-9 dimension_scale=6.244998e1 natural_scale=1.217944e0 objective=1.409505e0 actual_reduction=1.021405e-14 predicted_reduction=9.982676e-15 linear_model_term=-1.620278e-14 direction_norm=6.232422e-6 data_reduction=1.332268e-15 penalty_reduction=8.807069e-15
[INFO] [PIRLS solve-end] iters=16 elapsed=0.0125s g_norm_initial=1.750e3 g_norm_final=4.503e-9 convergence_rate=1.886e-1 status=Converged
[INFO] [PIRLS] the warm-started inner solve did not reach a valid minimum and the cold retry did; taking the cold solve (#2519)
[INFO] [STAGE] logdet S (Z-projected) rho_dim=2 penalty_rank=2 elapsed=0.000s
[INFO] [#1271-diag] p=3 penalty_rank=2 nullspace_dim=1 logS=-12.796866 logH=6.008915 half_diff=9.402891 h_above1=2 h_min=3.203e-4 h_max=8.636e3 rho=[18.5578,-1.9379] lambda=[1.147e8,1.440e-1]
[INFO] [STAGE] PIRLS update_with_curvature iter=1 curvature=Fisher elapsed=0.000s source=rebuilt
[INFO] [STAGE] PIRLS update_with_curvature iter=1 curvature=Fisher elapsed=0.000s source=rebuilt
[INFO] [PIRLS iter-end] iter=  1 elapsed=0.0007s lm_lambda=3.33e-7 g_norm=1.825e-6 last_dev_change=2.481e-4 last_halving=1
[INFO] [PIRLS iter-breakdown] iter=  1 attempts=1 curvature=0.000s solve=0.000s predred=0.000s candidate=0.000s other=0.000s
[INFO] [PIRLS lm-trajectory] iter=  1 start_lambda=1.000e-6 final_lambda=3.333e-7 log10_ratio=-0.477 accept_rho=1.000 attempts=1
[INFO] [STAGE] PIRLS update_with_curvature iter=2 curvature=Fisher elapsed=0.000s source=reused_prev_accept
[INFO] [PIRLS iter-end] iter=  1 elapsed=0.0007s lm_lambda=3.33e-7 g_norm=1.033e-5 last_dev_change=2.487e-4 last_halving=1
[INFO] [PIRLS iter-breakdown] iter=  1 attempts=1 curvature=0.000s solve=0.000s predred=0.000s candidate=0.000s other=0.000s
[INFO] [PIRLS lm-trajectory] iter=  1 start_lambda=1.000e-6 final_lambda=3.333e-7 log10_ratio=-0.477 accept_rho=1.000 attempts=1
[INFO] [STAGE] PIRLS update_with_curvature iter=2 curvature=Fisher elapsed=0.000s source=reused_prev_accept
[INFO] [PIRLS iter-end] iter=  2 elapsed=0.0003s lm_lambda=1.11e-7 g_norm=8.251e-7 last_dev_change=1.776e-13 last_halving=1
[INFO] [PIRLS iter-breakdown] iter=  2 attempts=1 curvature=0.000s solve=0.000s predred=0.000s candidate=0.000s other=0.000s
[INFO] [PIRLS lm-trajectory] iter=  2 start_lambda=3.333e-7 final_lambda=1.111e-7 log10_ratio=-0.477 accept_rho=0.999 attempts=1
[INFO] [STAGE] PIRLS update_with_curvature iter=3 curvature=Fisher elapsed=0.000s source=reused_prev_accept
[INFO] [PIRLS exact-decrement] applicable=true decrement_sq=2.931131e-12 threshold=1.467844e-13 pass=false gradient_norm=2.293496e-7 relative_gradient=1.034064e-7 dimension_scale=6.244998e1 natural_scale=1.217944e0 objective=1.409505e0 actual_reduction=5.573320e-14 predicted_reduction=5.580062e-14 linear_model_term=-8.277342e-14 direction_norm=9.185697e-7 data_reduction=4.921841e-12 penalty_reduction=-4.866148e-12
[INFO] [PIRLS solve-end] iters=2 elapsed=0.0016s g_norm_initial=1.617e2 g_norm_final=2.293e-7 convergence_rate=3.766e-5 status=LmStepSearchExhausted
[INFO] [PIRLS exact-decrement] applicable=true decrement_sq=7.303775e-15 threshold=1.479013e-13 pass=true gradient_norm=2.053646e-7 relative_gradient=9.075416e-8 dimension_scale=6.244998e1 natural_scale=1.262867e0 objective=1.420231e0 actual_reduction=5.528911e-14 predicted_reduction=5.516933e-14 linear_model_term=-8.832974e-14 direction_norm=1.423654e-6 data_reduction=-2.751355e-12 penalty_reduction=2.806557e-12
[INFO] [PIRLS solve-end] iters=3 elapsed=0.0019s g_norm_initial=1.614e2 g_norm_final=2.054e-7 convergence_rate=1.084e-3 status=Converged
[INFO] [STAGE] sigma-cubature pirls solve rho=[18.558,2.689] iters=3 status=Converged max_eta=2.0 elapsed=0.003s
[INFO] [STAGE] sigma-cubature pirls solve rho=[18.558,-1.938] iters=2 status=LmStepSearchExhausted max_eta=2.0 elapsed=0.003s

thread 'smooths::shape_constrained_fit_survives_its_own_inference_2601::every_shape_constraint_fits_clean_linear_data_2601' (2160937) panicked at tests/regressions/smooths/shape_constrained_fit_survives_its_own_inference_2601.rs:155:5:
shape-constrained fits failed on clean linear data (#2601):
  concave: The P-IRLS inner loop did not converge within 2 iterations. Last gradient norm was 2.293496e-7.
note: run with `RUST_BACKTRACE=1` environment variable to display a backtrace
FAILED

failures:

failures:
    smooths::shape_constrained_fit_survives_its_own_inference_2601::every_shape_constraint_fits_clean_linear_data_2601

test result: FAILED. 0 passed; 1 failed; 0 ignored; 0 measured; 506 filtered out; finished in 3.69s

