{
  "version": 1,
  "formula": "y ~ linear(x1) + s(x2, type=ps, knots=7)",
  "family": "binomial-logit",
  "link": null,
  "formula_noise": null,
  "beta_noise": null,
  "sigma_min": null,
  "sigma_max": null,
  "joint_beta_link": null,
  "joint_knot_range": null,
  "joint_knot_vector": null,
  "joint_link_transform": null,
  "joint_degree": null,
  "joint_ridge_used": null,
  "probit_wiggle_knots": null,
  "probit_wiggle_degree": null,
  "beta_wiggle": null,
  "survival_entry": null,
  "survival_exit": null,
  "survival_event": null,
  "survival_spec": null,
  "survival_monotonicity_lambda": null,
  "survival_baseline_target": null,
  "survival_baseline_scale": null,
  "survival_baseline_shape": null,
  "survival_baseline_rate": null,
  "survival_time_basis": null,
  "survival_time_degree": null,
  "survival_time_knots": null,
  "survival_time_smooth_lambda": null,
  "survival_ridge_lambda": null,
  "survival_likelihood": null,
  "fit_max_iter": 80,
  "fit_tol": 1e-6,
  "beta": [
    -0.26564673021491314,
    1.1264121533922853,
    4.497058390211815,
    3.225288030502554,
    1.538006026166446,
    -1.228054923246236,
    -3.8021124766634413,
    -3.7254172836161734,
    -2.7464021198994746,
    -2.798006381723965,
    -3.569213978585484,
    -4.475228261769704
  ],
  "lambdas": [
    8.480480862477037,
    0.009344112798476517
  ],
  "scale": 1.0,
  "covariance_conditional": [
    [
      0.00014169645261101244,
      -0.000017409079337194836,
      0.0002961316936414826,
      0.00015474816888994008,
      -1.7742773197339537e-6,
      -0.0001831372393611091,
      -0.0003201466757552056,
      -0.0002564786641627105,
      -0.00003578325499634768,
      0.00018487218493504228,
      0.00037602411882452344,
      0.0005617304023485609
    ],
    [
      -0.000017409079337194836,
      0.0002051015678452599,
      0.00022017404898059414,
      0.00016966244250043446,
      0.00009791674336363725,
      -0.00003955319728748513,
      -0.0001749491543795141,
      -0.0001876497435513221,
      -0.00014654887301178356,
      -0.00014496655784892987,
      -0.0001740527479806727,
      -0.00020933602867713658
    ],
    [
      0.0002961316936414826,
      0.00022017404898059414,
      0.3777275356376817,
      0.13209098739077843,
      -0.05255262232154611,
      -0.23658478632432278,
      -0.4287345813693167,
      -0.35195960189458164,
      -0.12669920744527374,
      -0.019546563932272932,
      -0.002629653379878051,
      -0.0014458545511370244
    ],
    [
      0.00015474816888994008,
      0.00016966244250043446,
      0.13209098739077843,
      0.07072461753097803,
      -0.011623248246460938,
      -0.07479232406595657,
      -0.13200164614602933,
      -0.10907179550673785,
      -0.03928549468444435,
      -0.006324098376500463,
      -0.0012726530694377267,
      -0.0010829664644946045
    ],
    [
      -1.7742773197339537e-6,
      0.00009791674336363725,
      -0.05255262232154611,
      -0.011623248246460938,
      0.01742558759232254,
      0.03734805214768148,
      0.07169225588125877,
      0.05820971633757833,
      0.02082202686968542,
      0.0028187350452763167,
      -0.00021725071640718376,
      -0.0006398309459523229
    ],
    [
      -0.0001831372393611091,
      -0.00003955319728748513,
      -0.23658478632432278,
      -0.07479232406595657,
      0.03734805214768148,
      0.16936144866480982,
      0.3037158587598706,
      0.2501269036240379,
      0.08953043089523698,
      0.013238152797107775,
      0.0010458426430795405,
      0.00002352992666830159
    ],
    [
      -0.0003201466757552056,
      -0.0001749491543795141,
      -0.4287345813693167,
      -0.13200164614602933,
      0.07169225588125877,
      0.3037158587598706,
      0.5571920288745458,
      0.4546050965230745,
      0.1642936017914395,
      0.02496278726940234,
      0.0023806838524332344,
      0.0001756648890281281
    ],
    [
      -0.0002564786641627105,
      -0.0001876497435513221,
      -0.35195960189458164,
      -0.10907179550673785,
      0.05820971633757833,
      0.2501269036240379,
      0.4546050965230745,
      0.37497239083805856,
      0.1329686154379827,
      0.01999462338442089,
      0.0028505423640176886,
      0.0023946924727115794
    ],
    [
      -0.00003578325499634768,
      -0.00014654887301178356,
      -0.12669920744527374,
      -0.03928549468444435,
      0.02082202686968542,
      0.08953043089523698,
      0.1642936017914395,
      0.1329686154379827,
      0.05270083330540439,
      0.005421084130192816,
      -0.006727313873768453,
      -0.01279086072568401
    ],
    [
      0.00018487218493504228,
      -0.00014496655784892987,
      -0.019546563932272932,
      -0.006324098376500463,
      0.0028187350452763167,
      0.013238152797107775,
      0.02496278726940234,
      0.01999462338442089,
      0.005421084130192816,
      0.02918914417800319,
      0.04674411400113785,
      0.06470025980811817
    ],
    [
      0.00037602411882452344,
      -0.0001740527479806727,
      -0.002629653379878051,
      -0.0012726530694377267,
      -0.00021725071640718376,
      0.0010458426430795405,
      0.0023806838524332344,
      0.0028505423640176886,
      -0.006727313873768453,
      0.04674411400113785,
      0.18703213247058548,
      0.32535476228639565
    ],
    [
      0.0005617304023485609,
      -0.00020933602867713658,
      -0.0014458545511370244,
      -0.0010829664644946045,
      -0.0006398309459523229,
      0.00002352992666830159,
      0.0001756648890281281,
      0.0023946924727115794,
      -0.01279086072568401,
      0.06470025980811817,
      0.32535476228639565,
      0.6999875442991031
    ]
  ],