
running 1 test
test survival::survival_location_scale_penalized_edf_below_ncoef_2106::survival_location_scale_penalized_edf_below_ncoef_2106 ... [INFO] [STAGE] identifiability canonicalise: start blocks=3 n=240 p_total_raw=27
[INFO] [CANON] structural coefficient coordinate(s) declared: [time_transform] — these blocks keep their basis AND their width through canonicalisation (#2748)
[INFO] [CANON] channel-aware audit: 3 blocks, joint_rank=27/27 (flat audit NOT used; effective Jacobians linearized at the zero/init point (beta = 0, no family_scalars))
[INFO] [CANON] post-T invariant: T=identity (all blocks full-width) — J_can≡J_pre, rank preserved by construction; skipping J_can materialise + double RRQR (p_raw=27 p_red=27 k=3)
[INFO] [STAGE] identifiability canonicalise: end elapsed=0.004s alias_pairs=0 dropped_cols=0 p_total_raw=27 p_total_reduced=27 fatal_attributed=false
[INFO] [OUTER] custom family derivative-policy: n_params=5 gradient=Analytic hessian=Either capability=Second requested_outer_hessian=true predicted_gradient_work=437400 predicted_hessian_work=874800 inner_hvp_available=false outer_hvp_available=true outer_dense_available=true
[INFO] [joint-newton-tr] phase=hessian_qp cycle=0 r=1.000e0
[INFO] [979-PROBE] cyc=  0 firth_armed=true skippable=false |gradPhi|inf=1.738e7 kkt=3.716e8 |beta|inf=6.717e-1 endgame=false
[INFO] [JN-BRANCH-DIAG #1040] cycle=0 joint_constraints_is_some=true matrix_free_joint_requested=false joint_hessian_is_dense=true solve_joint_constraints_dense=true -> branch=CONSTRAINED_QP total_p=27 levenberg_on_ill_cond=false
[WARN] [joint-newton spectrum gam#979] λ_max=3.473448e4 null_cutoff=3.473448e-6 numerical_floor=4.007587e-11 band_modes=1 cert_null_modes=1 (band now resolved by the step; cert still classifies on null_cutoff)
[INFO] [JN-REFLECT-DIAG #1040] cycle=0 CONSTRAINED_QP lambda_min_signed_raw=-2.762e15 lambda_min_signed_reflected=3.716e5 nullity=2 condition=3.553e6 (reflection CHANGED the spectrum)
[INFO] [OUTER] #2661 anchored continuation declined with typed refusal: 1-step sweep failed at waypoint 0: inner solve refused this trial point: joint constrained Newton QP failed at cycle 0 (constraint_rows=252, warm_active_rows=0, beta_inf=6.717486e-1, rhs_inf=3.716353e8): inner solve refused this trial point: Parameter constraint violation: operator metric projection failed stationarity certification: residual=1.620e-5, relative=1.620e-5, active=0, transitions=0, achievable=1.620e-5 (best over all multipliers), gradient_scale=1.000e0; the face TANGENT carries the residual, so this point is not the constrained minimizer of its own face
[INFO] [OUTER] custom family: n_params=5, gradient=Analytic, hessian=Either -> solver=Bfgs, search_hessian_source=BfgsApprox [solver=Bfgs;hessian=BfgsApprox;matrix-free=false] [no Hessian: BFGS approximation]
[INFO] [STAGE] custom family: seed screening cascade start seeds=5 initial_cap=2 stages=4
[INFO] [joint-newton-tr] phase=hessian_qp cycle=0 r=1.000e0
[INFO] [979-PROBE] cyc=  0 firth_armed=false skippable=true |gradPhi|inf=0.000e0 kkt=6.705e2 |beta|inf=6.717e-1 endgame=false
[INFO] [JN-BRANCH-DIAG #1040] cycle=0 joint_constraints_is_some=true matrix_free_joint_requested=false joint_hessian_is_dense=true solve_joint_constraints_dense=true -> branch=CONSTRAINED_QP total_p=27 levenberg_on_ill_cond=false
[INFO] [JN-REFLECT-DIAG #1040] cycle=0 CONSTRAINED_QP lambda_min_signed_raw=1.584e-1 lambda_min_signed_reflected=1.584e-1 nullity=0 condition=8.553e3 (reflection NO-OP (already PSD))
[WARN] [gam#979 constrained-QP] cycle=0 path=linear warm_rows=0 active_set_rows=4 beta_inf=5.7460e0
[INFO] [joint-newton-tr] phase=line_search cycle=0 r=1.000e0 hessian_qp_elapsed=0.002s
[INFO] [PIRLS/joint-Newton/TR cycle=0 attempt=1] reject     ρ=-5.615e1  Δobj=-1.586e5  pred=+2.824e3  r=1.021e2->1.811e1  decision=shrink_reject           |δ|=6.772e1  |δ|∞=3.857e0  |prop|∞=5.746e0
[INFO] [PIRLS/joint-Newton/TR cycle=0 attempt=2] accepted   ρ=+9.632e-1  Δobj=+6.783e2  pred=+7.042e2  r=1.811e1 (held)  decision=hold_inside             |δ|=1.207e1  |δ|∞=3.708e-1  |prop|∞=5.746e0
[INFO] [joint-newton-tr] phase=gradient_reload cycle=0 attempts=2 r=1.811e1
[INFO] [PIRLS/joint-Newton active-face] cycle 0 | accepted critical-cone transition; reset fixed-face convergence histories and require a fresh KKT certificate
[INFO] [PIRLS/joint-Newton convergence] cycle   0 | step_inf=5.746e0 (tol=1.539e-7) | accepted_step_inf=3.708e-1 | residual=4.571e7 (tol=4.571e0) | relative_stationarity=1.000e0 (scale=4.571e7, inner_tol=1.000e-7) | per_block_resid=[4.571e7,5.501e0,4.295e0] | obj_change=6.783e2 (tol=4.672e-5) | beta_inf=5.394e-1 | per_block_beta_inf=[5.394e-1,2.283e-1,2.335e-1]
[INFO] [PIRLS/JN] cyc=  0/2 obj=4.661654e2 -loglik=4.660930e2 pen=7.235e-2 Δobj=-6.783e2 |δ|∞=5.746e0 accepted_|δ|∞=3.708e-1 resid=4.571e7 (tol=4.571e0) rel_stat=1.000e0 (scale=4.571e7) obj_tol=4.672e-5 step_tol=1.539e-7 |β|∞=5.394e-1 attempts=2 t=0.004s
[INFO] [joint-newton-tr] phase=hessian_qp cycle=1 r=1.811e1
[INFO] [979-PROBE] cyc=  1 firth_armed=false skippable=true |gradPhi|inf=0.000e0 kkt=4.571e7 |beta|inf=5.394e-1 endgame=false
[INFO] [JN-REFLECT-DIAG #1040] cycle=1 CONSTRAINED_QP lambda_min_signed_raw=1.008e-1 lambda_min_signed_reflected=4.571e4 nullity=26 condition=1.000e0 (reflection CHANGED the spectrum)
[WARN] [gam#979 constrained-QP] cycle=1 path=regularized-newton warm_rows=1 active_set_rows=2 beta_inf=1.5581e0
[INFO] [joint-newton-tr] phase=line_search cycle=1 r=1.811e1 hessian_qp_elapsed=0.004s
[INFO] [PIRLS/joint-Newton/TR cycle=1 attempt=1] accepted   ρ=+3.323e-1  Δobj=+8.212e1  pred=+2.471e2  r=1.811e1 (held)  decision=hold_moderate           |δ|=1.811e1  |δ|∞=1.676e0  |prop|∞=1.676e0
[INFO] [joint-newton-tr] phase=gradient_reload cycle=1 attempts=1 r=1.811e1
[INFO] [PIRLS/joint-Newton active-face] cycle 1 | accepted critical-cone transition; reset fixed-face convergence histories and require a fresh KKT certificate
[INFO] [PIRLS/joint-Newton convergence] cycle   1 | step_inf=1.676e0 (tol=2.558e-7) | accepted_step_inf=1.676e0 | residual=2.976e7 (tol=2.976e0) | relative_stationarity=1.000e0 (scale=2.976e7, inner_tol=1.000e-7) | per_block_resid=[2.976e7,2.928e0,6.974e0] | obj_change=8.212e1 (tol=3.850e-5) | beta_inf=1.558e0 | per_block_beta_inf=[4.473e-1,8.015e-1,1.558e0]
[INFO] [PIRLS/JN] cyc=  1/2 obj=3.840467e2 -loglik=3.821741e2 pen=1.873e0 Δobj=-8.212e1 |δ|∞=1.676e0 accepted_|δ|∞=1.676e0 resid=2.976e7 (tol=2.976e0) rel_stat=1.000e0 (scale=2.976e7) obj_tol=3.850e-5 step_tol=2.558e-7 |β|∞=1.558e0 attempts=1 t=0.005s
[WARN] [PIRLS/joint-Newton terminal] converged=false terminator=budget-exhausted (max cycles reached) cycles=2/2 jeffreys_completion_calls=0 solve_wall=0.012s best_residual_inf=2.976e7 (tol=4.571e0) last_residual_below_tol=false last_obj_change_below_tol=false objective=3.840467e2; this is the status the inner solve reports to the outer REML/LAML evaluation — a non-converged exit (residual ≫ tol with only the objective stalled) is rejected, not accepted
[WARN] [PIRLS/joint-Newton] cycle=2 budget-exhausted without KKT: objective_start=1.144441e3 objective_end=3.840467e2 objective_drop=+7.604e2 beta_inf=1.558e0 exit_unprojected_kkt_inf=2.976e7 total_p=27 total_n=720 block_widths=[12, 7, 8] block_beta_inf=[0.4473016075414074, 0.8015160644843506, 1.558085386317351] block_grad_inf=[29763460.08820419, 2.76346214455988, 6.973800392013623] block_diag_hessian_default=false last_newton_math={old_kkt=4.571e7, linearized_next=2.122e7, actual=+8.212e1, pred=+2.471e2, rho=+3.323e-1, scalar_relerr=6.677e-1, step_inf=1.676e0, proposal_inf=1.676e0}; rejecting this outer REML/LAML evaluation
[WARN] coupled exact-joint inner solve exhausted the joint Newton budget without KKT convergence after 2 cycle(s) — cycle=2 cert REFUSED: residual=2.976e7 > tol=1.828e1; carrying-block: time_transform (idx=0, |g|=2.976e7, |Sβ|=1.155e-4, |∇L-Sβ|=2.976e7, |β|=4.473e-1, width=12); block_names=["time_transform", "threshold", "log_sigma"], block_widths=[12, 7, 8], block_grad_inf=[29763460.08820419, 2.76346214455988, 6.973800392013623], block_penalty_grad_inf=[0.00011554606979947713, 0.5019940541587327, 0.8804200584452287], block_residual_inf=[29763460.08820933, 2.927989105303908, 6.973800392013623]; H_pen spectrum: λ_max=NaN, λ_min=NaN, cond=NaN, nullity@1e-10=0 (of 0 eigenvalues); free-null diagnostic: none; cert math: linearized_rel=4.642e-1, scalar_relerr=6.677e-1, |Δobj|=NaN, accepted_step_inf=NaN, proposal_step_inf=NaN, trust_radius=NaN, |β|∞=1.558e0, active_set_rows_total=2; diagnosis: active_set_incomplete; check whether the named block's linear constraints need an additional active row or a tighter constrained re-solve; this is an active-set certification failure, not a polynomial-nullspace diagnosis; returning a non-converged inner mode for outer-rho rejection
[INFO] [STAGE] custom family: seed-screen stage=0 seed=1/5 cap=2 elapsed=0.012s cost=3.840467e2
[INFO] [joint-newton-tr] phase=hessian_qp cycle=0 r=1.000e0
[INFO] [979-PROBE] cyc=  0 firth_armed=false skippable=true |gradPhi|inf=0.000e0 kkt=6.705e2 |beta|inf=6.717e-1 endgame=false
[INFO] [JN-BRANCH-DIAG #1040] cycle=0 joint_constraints_is_some=true matrix_free_joint_requested=false joint_hessian_is_dense=true solve_joint_constraints_dense=true -> branch=CONSTRAINED_QP total_p=27 levenberg_on_ill_cond=false
[INFO] [JN-REFLECT-DIAG #1040] cycle=0 CONSTRAINED_QP lambda_min_signed_raw=1.217e-2 lambda_min_signed_reflected=1.217e-2 nullity=0 condition=1.113e5 (reflection NO-OP (already PSD))
[WARN] [gam#979 constrained-QP] cycle=0 path=linear warm_rows=0 active_set_rows=5 beta_inf=4.6829e1
[INFO] [joint-newton-tr] phase=line_search cycle=0 r=1.000e0 hessian_qp_elapsed=0.002s
[INFO] [PIRLS/joint-Newton/TR cycle=0 attempt=1] reject     ρ=-1.521e25  Δobj=-2.465e30  pred=+1.621e5  r=8.237e2->1.490e2  decision=shrink_reject           |δ|=5.903e2  |δ|∞=3.337e1  |prop|∞=4.683e1
[INFO] [PIRLS/joint-Newton/TR cycle=0 attempt=2] reject     ρ=-1.539e3  Δobj=-7.931e6  pred=+5.153e3  r=1.490e2->1.421e2  decision=shrink_reject           |δ|=9.851e1  |δ|∞=5.537e0  |prop|∞=4.683e1
[INFO] [PIRLS/joint-Newton/TR cycle=0 attempt=3] reject     ρ=-9.475e2  Δobj=-4.491e6  pred=+4.739e3  r=1.421e2->3.157e1  decision=shrink_reject           |δ|=9.387e1  |δ|∞=5.274e0  |prop|∞=4.683e1
[INFO] [PIRLS/joint-Newton/TR cycle=0 attempt=4] accepted   ρ=+8.294e-1  Δobj=+6.927e2  pred=+8.353e2  r=3.157e1 (held)  decision=hold_inside             |δ|=2.065e1  |δ|∞=9.822e-1  |prop|∞=4.683e1
[INFO] [joint-newton-tr] phase=gradient_reload cycle=0 attempts=4 r=3.157e1
[INFO] [PIRLS/joint-Newton active-face] cycle 0 | accepted critical-cone transition; reset fixed-face convergence histories and require a fresh KKT certificate
[INFO] [PIRLS/joint-Newton convergence] cycle   0 | step_inf=4.683e1 (tol=1.982e-7) | accepted_step_inf=9.822e-1 | residual=4.571e7 (tol=4.571e0) | relative_stationarity=1.000e0 (scale=4.571e7, inner_tol=1.000e-7) | per_block_resid=[4.571e7,2.252e1,3.391e1] | obj_change=6.927e2 (tol=4.527e-5) | beta_inf=9.822e-1 | per_block_beta_inf=[5.520e-1,8.928e-1,9.822e-1]
[INFO] [PIRLS/JN] cyc=  0/2 obj=4.517009e2 -loglik=4.483536e2 pen=3.347e0 Δobj=-6.927e2 |δ|∞=4.683e1 accepted_|δ|∞=9.822e-1 resid=4.571e7 (tol=4.571e0) rel_stat=1.000e0 (scale=4.571e7) obj_tol=4.527e-5 step_tol=1.982e-7 |β|∞=9.822e-1 attempts=4 t=0.005s
[INFO] [joint-newton-tr] phase=hessian_qp cycle=1 r=3.157e1
[INFO] [979-PROBE] cyc=  1 firth_armed=false skippable=true |gradPhi|inf=0.000e0 kkt=4.571e7 |beta|inf=9.822e-1 endgame=false
[INFO] [JN-REFLECT-DIAG #1040] cycle=1 CONSTRAINED_QP lambda_min_signed_raw=1.918e-1 lambda_min_signed_reflected=4.571e4 nullity=26 condition=1.000e0 (reflection CHANGED the spectrum)
[WARN] [gam#2600 reduced-face] declining a cycled active-set exchange (face_rows=1, visited_faces=1); the general constrained QP owns this subproblem
[WARN] [gam#979 constrained-QP] cycle=1 path=linear warm_rows=1 active_set_rows=0 beta_inf=9.8211e-1
[INFO] [joint-newton-tr] phase=line_search cycle=1 r=3.157e1 hessian_qp_elapsed=0.003s
[INFO] [PIRLS/joint-Newton/TR cycle=1 attempt=1] accepted   ρ=+8.403e-1  Δobj=+6.727e1  pred=+8.005e1  r=3.157e1 (held)  decision=hold_inside             |δ|=1.063e1  |δ|∞=1.525e0  |prop|∞=4.689e-3
[INFO] [joint-newton-tr] phase=gradient_reload cycle=1 attempts=1 r=3.157e1
[INFO] [PIRLS/joint-Newton active-face] cycle 1 | accepted critical-cone transition; reset fixed-face convergence histories and require a fresh KKT certificate
[INFO] [PIRLS/joint-Newton convergence] cycle   1 | step_inf=4.689e-3 (tol=2.438e-7) | accepted_step_inf=1.525e0 | residual=3.632e7 (tol=3.632e0) | relative_stationarity=1.000e0 (scale=3.632e7, inner_tol=1.000e-7) | per_block_resid=[3.632e7,1.566e1,2.837e1] | obj_change=6.727e1 (tol=3.854e-5) | beta_inf=1.438e0 | per_block_beta_inf=[5.216e-1,1.060e0,1.438e0]
[INFO] [PIRLS/JN] cyc=  1/2 obj=3.844276e2 -loglik=3.831576e2 pen=1.270e0 Δobj=-6.727e1 |δ|∞=4.689e-3 accepted_|δ|∞=1.525e0 resid=3.632e7 (tol=3.632e0) rel_stat=1.000e0 (scale=3.632e7) obj_tol=3.854e-5 step_tol=2.438e-7 |β|∞=1.438e0 attempts=1 t=0.004s
[WARN] [PIRLS/joint-Newton terminal] converged=false terminator=budget-exhausted (max cycles reached) cycles=2/2 jeffreys_completion_calls=0 solve_wall=0.011s best_residual_inf=3.632e7 (tol=4.571e0) last_residual_below_tol=false last_obj_change_below_tol=false objective=3.844276e2; this is the status the inner solve reports to the outer REML/LAML evaluation — a non-converged exit (residual ≫ tol with only the objective stalled) is rejected, not accepted
[WARN] [PIRLS/joint-Newton] cycle=2 budget-exhausted without KKT: objective_start=1.144441e3 objective_end=3.844276e2 objective_drop=+7.600e2 beta_inf=1.438e0 exit_unprojected_kkt_inf=3.632e7 total_p=27 total_n=720 block_widths=[12, 7, 8] block_beta_inf=[0.52164077906676, 1.0598873671868319, 1.4380522092653094] block_grad_inf=[36323354.35887116, 15.293590820784017, 28.372339906191314] block_diag_hessian_default=false last_newton_math={old_kkt=4.571e7, linearized_next=3.390e7, actual=+6.727e1, pred=+8.005e1, rho=+8.403e-1, scalar_relerr=1.597e-1, step_inf=1.525e0, proposal_inf=4.689e-3}; rejecting this outer REML/LAML evaluation
[WARN] coupled exact-joint inner solve exhausted the joint Newton budget without KKT convergence after 2 cycle(s) — cycle=2 cert REFUSED: residual=3.632e7 > tol=1.828e1; carrying-block: time_transform (idx=0, |g|=3.632e7, |Sβ|=2.424e-2, |∇L-Sβ|=3.632e7, |β|=5.216e-1, width=12); block_names=["time_transform", "threshold", "log_sigma"], block_widths=[12, 7, 8], block_grad_inf=[36323354.35887116, 15.293590820784017, 28.372339906191314], block_penalty_grad_inf=[0.02424113539702999, 1.491608985874929, 0.8801812072919082], block_residual_inf=[36323354.36788545, 15.663991716480863, 28.372339906191314]; H_pen spectrum: λ_max=NaN, λ_min=NaN, cond=NaN, nullity@1e-10=0 (of 0 eigenvalues); free-null diagnostic: none; cert math: linearized_rel=7.416e-1, scalar_relerr=1.597e-1, |Δobj|=NaN, accepted_step_inf=NaN, proposal_step_inf=NaN, trust_radius=NaN, |β|∞=1.438e0, active_set_rows_total=1; diagnosis: active_set_incomplete; check whether the named block's linear constraints need an additional active row or a tighter constrained re-solve; this is an active-set certification failure, not a polynomial-nullspace diagnosis; returning a non-converged inner mode for outer-rho rejection
[INFO] [STAGE] custom family: seed-screen stage=0 seed=2/5 cap=2 elapsed=0.012s cost=3.844276e2
[INFO] [joint-newton-tr] phase=hessian_qp cycle=0 r=1.000e0
[INFO] [979-PROBE] cyc=  0 firth_armed=false skippable=true |gradPhi|inf=0.000e0 kkt=6.705e2 |beta|inf=6.717e-1 endgame=false
[INFO] [JN-BRANCH-DIAG #1040] cycle=0 joint_constraints_is_some=true matrix_free_joint_requested=false joint_hessian_is_dense=true solve_joint_constraints_dense=true -> branch=CONSTRAINED_QP total_p=27 levenberg_on_ill_cond=false
[INFO] [JN-REFLECT-DIAG #1040] cycle=0 CONSTRAINED_QP lambda_min_signed_raw=1.584e-1 lambda_min_signed_reflected=1.584e-1 nullity=0 condition=8.553e3 (reflection NO-OP (already PSD))
[WARN] [gam#979 constrained-QP] cycle=0 path=linear warm_rows=0 active_set_rows=4 beta_inf=5.7459e0
[INFO] [joint-newton-tr] phase=line_search cycle=0 r=1.000e0 hessian_qp_elapsed=0.002s
[INFO] [PIRLS/joint-Newton/TR cycle=0 attempt=1] reject     ρ=-5.624e1  Δobj=-1.589e5  pred=+2.825e3  r=1.021e2->1.811e1  decision=shrink_reject           |δ|=6.774e1  |δ|∞=3.858e0  |prop|∞=5.746e0
[INFO] [PIRLS/joint-Newton/TR cycle=0 attempt=2] accepted   ρ=+9.632e-1  Δobj=+6.784e2  pred=+7.043e2  r=1.811e1 (held)  decision=hold_inside             |δ|=1.207e1  |δ|∞=3.708e-1  |prop|∞=5.746e0
[INFO] [joint-newton-tr] phase=gradient_reload cycle=0 attempts=2 r=1.811e1
[INFO] [PIRLS/joint-Newton active-face] cycle 0 | accepted critical-cone transition; reset fixed-face convergence histories and require a fresh KKT certificate
[INFO] [PIRLS/joint-Newton convergence] cycle   0 | step_inf=5.746e0 (tol=1.539e-7) | accepted_step_inf=3.708e-1 | residual=4.571e7 (tol=4.571e0) | relative_stationarity=1.000e0 (scale=4.571e7, inner_tol=1.000e-7) | per_block_resid=[4.571e7,5.498e0,4.291e0] | obj_change=6.784e2 (tol=4.671e-5) | beta_inf=5.394e-1 | per_block_beta_inf=[5.394e-1,2.282e-1,2.333e-1]
[INFO] [PIRLS/JN] cyc=  0/2 obj=4.660896e2 -loglik=4.660162e2 pen=7.342e-2 Δobj=-6.784e2 |δ|∞=5.746e0 accepted_|δ|∞=3.708e-1 resid=4.571e7 (tol=4.571e0) rel_stat=1.000e0 (scale=4.571e7) obj_tol=4.671e-5 step_tol=1.539e-7 |β|∞=5.394e-1 attempts=2 t=0.004s
[INFO] [joint-newton-tr] phase=hessian_qp cycle=1 r=1.811e1
[INFO] [979-PROBE] cyc=  1 firth_armed=false skippable=true |gradPhi|inf=0.000e0 kkt=4.571e7 |beta|inf=5.394e-1 endgame=false
[INFO] [JN-REFLECT-DIAG #1040] cycle=1 CONSTRAINED_QP lambda_min_signed_raw=1.123e-1 lambda_min_signed_reflected=4.571e4 nullity=26 condition=1.000e0 (reflection CHANGED the spectrum)
[WARN] [gam#979 constrained-QP] cycle=1 path=regularized-newton warm_rows=1 active_set_rows=2 beta_inf=1.5577e0
[INFO] [joint-newton-tr] phase=line_search cycle=1 r=1.811e1 hessian_qp_elapsed=0.004s
[INFO] [PIRLS/joint-Newton/TR cycle=1 attempt=1] accepted   ρ=+3.322e-1  Δobj=+8.204e1  pred=+2.469e2  r=1.811e1 (held)  decision=hold_moderate           |δ|=1.811e1  |δ|∞=1.676e0  |prop|∞=1.676e0
[INFO] [joint-newton-tr] phase=gradient_reload cycle=1 attempts=1 r=1.811e1
[INFO] [PIRLS/joint-Newton active-face] cycle 1 | accepted critical-cone transition; reset fixed-face convergence histories and require a fresh KKT certificate
[INFO] [PIRLS/joint-Newton convergence] cycle   1 | step_inf=1.676e0 (tol=2.558e-7) | accepted_step_inf=1.676e0 | residual=2.976e7 (tol=2.976e0) | relative_stationarity=1.000e0 (scale=2.976e7, inner_tol=1.000e-7) | per_block_resid=[2.976e7,2.930e0,6.981e0] | obj_change=8.204e1 (tol=3.851e-5) | beta_inf=1.558e0 | per_block_beta_inf=[4.473e-1,8.017e-1,1.558e0]
[INFO] [PIRLS/JN] cyc=  1/2 obj=3.840530e2 -loglik=3.821781e2 pen=1.875e0 Δobj=-8.204e1 |δ|∞=1.676e0 accepted_|δ|∞=1.676e0 resid=2.976e7 (tol=2.976e0) rel_stat=1.000e0 (scale=2.976e7) obj_tol=3.851e-5 step_tol=2.558e-7 |β|∞=1.558e0 attempts=1 t=0.005s
[WARN] [PIRLS/joint-Newton terminal] converged=false terminator=budget-exhausted (max cycles reached) cycles=2/2 jeffreys_completion_calls=0 solve_wall=0.011s best_residual_inf=2.976e7 (tol=4.571e0) last_residual_below_tol=false last_obj_change_below_tol=false objective=3.840530e2; this is the status the inner solve reports to the outer REML/LAML evaluation — a non-converged exit (residual ≫ tol with only the objective stalled) is rejected, not accepted
[WARN] [PIRLS/joint-Newton] cycle=2 budget-exhausted without KKT: objective_start=1.144441e3 objective_end=3.840530e2 objective_drop=+7.604e2 beta_inf=1.558e0 exit_unprojected_kkt_inf=2.976e7 total_p=27 total_n=720 block_widths=[12, 7, 8] block_beta_inf=[0.4472926353262121, 0.8017050162562032, 1.5577022939122651] block_grad_inf=[29760365.178417288, 2.766432264627913, 6.981194258470237] block_diag_hessian_default=false last_newton_math={old_kkt=4.571e7, linearized_next=2.121e7, actual=+8.204e1, pred=+2.469e2, rho=+3.322e-1, scalar_relerr=6.678e-1, step_inf=1.676e0, proposal_inf=1.676e0}; rejecting this outer REML/LAML evaluation
[WARN] coupled exact-joint inner solve exhausted the joint Newton budget without KKT convergence after 2 cycle(s) — cycle=2 cert REFUSED: residual=2.976e7 > tol=1.828e1; carrying-block: time_transform (idx=0, |g|=2.976e7, |Sβ|=1.150e-2, |∇L-Sβ|=2.976e7, |β|=4.473e-1, width=12); block_names=["time_transform", "threshold", "log_sigma"], block_widths=[12, 7, 8], block_grad_inf=[29760365.178417288, 2.766432264627913, 6.981194258470237], block_penalty_grad_inf=[0.011502310440956745, 0.5020885423200563, 0.8805714122511739], block_residual_inf=[29760365.17893154, 2.929869509909741, 6.981194258470237]; H_pen spectrum: λ_max=NaN, λ_min=NaN, cond=NaN, nullity@1e-10=0 (of 0 eigenvalues); free-null diagnostic: none; cert math: linearized_rel=4.641e-1, scalar_relerr=6.678e-1, |Δobj|=NaN, accepted_step_inf=NaN, proposal_step_inf=NaN, trust_radius=NaN, |β|∞=1.558e0, active_set_rows_total=2; diagnosis: active_set_incomplete; check whether the named block's linear constraints need an additional active row or a tighter constrained re-solve; this is an active-set certification failure, not a polynomial-nullspace diagnosis; returning a non-converged inner mode for outer-rho rejection
[INFO] [STAGE] custom family: seed-screen stage=0 seed=3/5 cap=2 elapsed=0.012s cost=3.840530e2
[INFO] [joint-newton-tr] phase=hessian_qp cycle=0 r=1.000e0
[INFO] [979-PROBE] cyc=  0 firth_armed=false skippable=true |gradPhi|inf=0.000e0 kkt=6.705e2 |beta|inf=6.717e-1 endgame=false
[INFO] [JN-BRANCH-DIAG #1040] cycle=0 joint_constraints_is_some=true matrix_free_joint_requested=false joint_hessian_is_dense=true solve_joint_constraints_dense=true -> branch=CONSTRAINED_QP total_p=27 levenberg_on_ill_cond=false
[INFO] [JN-REFLECT-DIAG #1040] cycle=0 CONSTRAINED_QP lambda_min_signed_raw=2.099e-1 lambda_min_signed_reflected=2.099e-1 nullity=0 condition=7.757e5 (reflection NO-OP (already PSD))
[WARN] [gam#979 constrained-QP] cycle=0 path=linear warm_rows=0 active_set_rows=0 beta_inf=2.0903e-1
[INFO] [joint-newton-tr] phase=line_search cycle=0 r=1.000e0 hessian_qp_elapsed=0.002s
[INFO] [PIRLS/joint-Newton/TR cycle=0 attempt=1] reject     ρ=-2.425e167  Δobj=-2.328e170  pred=+9.602e2  r=1.572e2->3.930e1  decision=shrink_reject           |δ|=1.572e2  |δ|∞=1.969e2  |prop|∞=5.376e-1
[INFO] [PIRLS/joint-Newton/TR cycle=0 attempt=2] accepted   ρ=+9.980e-1  Δobj=+4.083e2  pred=+4.091e2  r=3.930e1->7.859e1  decision=grow_at_boundary        |δ|=3.930e1  |δ|∞=2.273e-1  |prop|∞=5.376e-1
[INFO] [joint-newton-tr] phase=gradient_reload cycle=0 attempts=2 r=7.859e1
[INFO] [PIRLS/joint-Newton convergence] cycle   0 | step_inf=5.376e-1 (tol=1.557e-7) | accepted_step_inf=2.273e-1 | residual=4.813e2 (tol=4.922e-5) | relative_stationarity=9.778e-1 (scale=4.912e2, inner_tol=1.000e-7) | per_block_resid=[4.813e2,3.724e0,3.039e-3] | obj_change=4.083e2 (tol=7.372e-5) | beta_inf=5.572e-1 | per_block_beta_inf=[5.572e-1,2.210e-4,3.686e-2]
[INFO] [PIRLS/JN] cyc=  0/2 obj=7.362355e2 -loglik=7.148977e2 pen=2.134e1 Δobj=-4.083e2 |δ|∞=5.376e-1 accepted_|δ|∞=2.273e-1 resid=4.813e2 (tol=4.922e-5) rel_stat=9.778e-1 (scale=4.912e2) obj_tol=7.372e-5 step_tol=1.557e-7 |β|∞=5.572e-1 attempts=2 t=0.004s
[INFO] [joint-newton-tr] phase=hessian_qp cycle=1 r=7.859e1
[INFO] [979-PROBE] cyc=  1 firth_armed=false skippable=true |gradPhi|inf=0.000e0 kkt=4.813e2 |beta|inf=5.572e-1 endgame=false
[INFO] [JN-REFLECT-DIAG #1040] cycle=1 CONSTRAINED_QP lambda_min_signed_raw=2.205e-1 lambda_min_signed_reflected=2.205e-1 nullity=0 condition=7.381e5 (reflection NO-OP (already PSD))
[WARN] [gam#979 constrained-QP] cycle=1 path=linear warm_rows=0 active_set_rows=0 beta_inf=2.2488e-1
[INFO] [joint-newton-tr] phase=line_search cycle=1 r=7.859e1 hessian_qp_elapsed=0.002s
[INFO] [PIRLS/joint-Newton/TR cycle=1 attempt=1] reject     ρ=-2.299e46  Δobj=-7.922e48  pred=+3.446e2  r=7.859e1->1.965e1  decision=shrink_reject           |δ|=7.859e1  |δ|∞=5.837e1  |prop|∞=3.627e-1
[INFO] [PIRLS/joint-Newton/TR cycle=1 attempt=2] accepted   ρ=+9.984e-1  Δobj=+1.344e2  pred=+1.346e2  r=1.965e1->3.930e1  decision=grow_at_boundary        |δ|=1.965e1  |δ|∞=9.317e-2  |prop|∞=3.627e-1
[INFO] [joint-newton-tr] phase=gradient_reload cycle=1 attempts=2 r=3.930e1
[INFO] [PIRLS/joint-Newton convergence] cycle   1 | step_inf=3.627e-1 (tol=1.531e-7) | accepted_step_inf=9.317e-2 | residual=3.646e2 (tol=4.043e-5) | relative_stationarity=9.017e-1 (scale=4.033e2, inner_tol=1.000e-7) | per_block_resid=[3.646e2,2.877e0,3.142e-3] | obj_change=1.344e2 (tol=6.028e-5) | beta_inf=5.309e-1 | per_block_beta_inf=[5.309e-1,3.387e-4,6.846e-2]
[INFO] [PIRLS/JN] cyc=  1/2 obj=6.018306e2 -loglik=5.618610e2 pen=3.997e1 Δobj=-1.344e2 |δ|∞=3.627e-1 accepted_|δ|∞=9.317e-2 resid=3.646e2 (tol=4.043e-5) rel_stat=9.017e-1 (scale=4.033e2) obj_tol=6.028e-5 step_tol=1.531e-7 |β|∞=5.309e-1 attempts=2 t=0.004s
[WARN] [PIRLS/joint-Newton terminal] converged=false terminator=budget-exhausted (max cycles reached) cycles=2/2 jeffreys_completion_calls=0 solve_wall=0.010s best_residual_inf=3.646e2 (tol=4.922e-5) last_residual_below_tol=false last_obj_change_below_tol=false objective=6.018306e2; this is the status the inner solve reports to the outer REML/LAML evaluation — a non-converged exit (residual ≫ tol with only the objective stalled) is rejected, not accepted
[WARN] [PIRLS/joint-Newton] cycle=2 budget-exhausted without KKT: objective_start=1.144538e3 objective_end=6.018306e2 objective_drop=+5.427e2 beta_inf=5.309e-1 exit_unprojected_kkt_inf=3.646e2 total_p=27 total_n=720 block_widths=[12, 7, 8] block_beta_inf=[0.5309488675970622, 0.00033869361421116147, 0.06845702641749221] block_grad_inf=[403.3390679676572, 4.359323287707886, 0.005127221751296652] block_diag_hessian_default=false last_newton_math={old_kkt=4.813e2, linearized_next=3.655e2, actual=+1.344e2, pred=+1.346e2, rho=+9.984e-1, scalar_relerr=1.634e-3, step_inf=9.317e-2, proposal_inf=3.627e-1}; rejecting this outer REML/LAML evaluation
[WARN] coupled exact-joint inner solve exhausted the joint Newton budget without KKT convergence after 2 cycle(s) — cycle=2 cert REFUSED: residual=3.646e2 > tol=1.969e-4; carrying-block: time_transform (idx=0, |g|=4.033e2, |Sβ|=1.773e2, |∇L-Sβ|=3.646e2, |β|=5.309e-1, width=12); block_names=["time_transform", "threshold", "log_sigma"], block_widths=[12, 7, 8], block_grad_inf=[403.3390679676572, 4.359323287707886, 0.005127221751296652], block_penalty_grad_inf=[177.30310270084826, 2.6695178449586887, 0.0019852698741772996], block_residual_inf=[364.5739210609322, 2.876924428256867, 0.0031419518771193524]; H_pen spectrum: λ_max=NaN, λ_min=NaN, cond=NaN, nullity@1e-10=0 (of 0 eigenvalues); free-null diagnostic: none; cert math: linearized_rel=7.579e-1, scalar_relerr=1.634e-3, |Δobj|=NaN, accepted_step_inf=NaN, proposal_step_inf=NaN, trust_radius=NaN, |β|∞=5.309e-1, active_set_rows_total=0; diagnosis: active_set_incomplete; check whether the named block's linear constraints need an additional active row or a tighter constrained re-solve; this is an active-set certification failure, not a polynomial-nullspace diagnosis; returning a non-converged inner mode for outer-rho rejection
[INFO] [STAGE] custom family: seed-screen stage=0 seed=4/5 cap=2 elapsed=0.010s cost=6.018306e2
[INFO] [joint-newton-tr] phase=hessian_qp cycle=0 r=1.000e0
[INFO] [979-PROBE] cyc=  0 firth_armed=false skippable=true |gradPhi|inf=0.000e0 kkt=6.705e2 |beta|inf=6.717e-1 endgame=false
[INFO] [JN-BRANCH-DIAG #1040] cycle=0 joint_constraints_is_some=true matrix_free_joint_requested=false joint_hessian_is_dense=true solve_joint_constraints_dense=true -> branch=CONSTRAINED_QP total_p=27 levenberg_on_ill_cond=false
[INFO] [JN-REFLECT-DIAG #1040] cycle=0 CONSTRAINED_QP lambda_min_signed_raw=1.110e-1 lambda_min_signed_reflected=1.110e-1 nullity=0 condition=1.218e4 (reflection NO-OP (already PSD))
[WARN] [gam#979 constrained-QP] cycle=0 path=linear warm_rows=0 active_set_rows=4 beta_inf=7.6783e0
[INFO] [joint-newton-tr] phase=line_search cycle=0 r=1.000e0 hessian_qp_elapsed=0.002s
[INFO] [PIRLS/joint-Newton/TR cycle=0 attempt=1] reject     ρ=-6.164e2  Δobj=-2.579e6  pred=+4.184e3  r=1.397e2->2.502e1  decision=shrink_reject           |δ|=9.022e1  |δ|∞=5.088e0  |prop|∞=7.678e0
[INFO] [PIRLS/joint-Newton/TR cycle=0 attempt=2] accepted   ρ=+9.140e-1  Δobj=+6.831e2  pred=+7.474e2  r=2.502e1 (held)  decision=hold_inside             |δ|=1.599e1  |δ|∞=6.319e-1  |prop|∞=7.678e0
[INFO] [joint-newton-tr] phase=gradient_reload cycle=0 attempts=2 r=2.502e1
[INFO] [PIRLS/joint-Newton active-face] cycle 0 | accepted critical-cone transition; reset fixed-face convergence histories and require a fresh KKT certificate
[INFO] [PIRLS/joint-Newton convergence] cycle   0 | step_inf=7.678e0 (tol=1.632e-7) | accepted_step_inf=6.319e-1 | residual=4.571e7 (tol=4.571e0) | relative_stationarity=1.000e0 (scale=4.571e7, inner_tol=1.000e-7) | per_block_resid=[4.571e7,4.325e0,8.173e0] | obj_change=6.831e2 (tol=4.624e-5) | beta_inf=6.319e-1 | per_block_beta_inf=[5.490e-1,5.646e-1,6.319e-1]
[INFO] [PIRLS/JN] cyc=  0/2 obj=4.613587e2 -loglik=4.581726e2 pen=3.186e0 Δobj=-6.831e2 |δ|∞=7.678e0 accepted_|δ|∞=6.319e-1 resid=4.571e7 (tol=4.571e0) rel_stat=1.000e0 (scale=4.571e7) obj_tol=4.624e-5 step_tol=1.632e-7 |β|∞=6.319e-1 attempts=2 t=0.004s
[INFO] [joint-newton-tr] phase=hessian_qp cycle=1 r=2.502e1
[INFO] [979-PROBE] cyc=  1 firth_armed=false skippable=true |gradPhi|inf=0.000e0 kkt=4.571e7 |beta|inf=6.319e-1 endgame=false
[INFO] [JN-REFLECT-DIAG #1040] cycle=1 CONSTRAINED_QP lambda_min_signed_raw=1.394e-1 lambda_min_signed_reflected=4.571e4 nullity=26 condition=1.000e0 (reflection CHANGED the spectrum)
[WARN] [gam#2600 reduced-face] declining a cycled active-set exchange (face_rows=3, visited_faces=7); the general constrained QP owns this subproblem
[WARN] [gam#979 constrained-QP] cycle=1 path=linear warm_rows=1 active_set_rows=0 beta_inf=6.3206e-1
[INFO] [joint-newton-tr] phase=line_search cycle=1 r=2.502e1 hessian_qp_elapsed=0.006s
[INFO] [PIRLS/joint-Newton/TR cycle=1 attempt=1] accepted   ρ=+8.498e-1  Δobj=+8.576e1  pred=+1.009e2  r=2.502e1 (held)  decision=hold_inside             |δ|=8.350e0  |δ|∞=9.771e-1  |prop|∞=5.961e-3
[INFO] [joint-newton-tr] phase=gradient_reload cycle=1 attempts=1 r=2.502e1
[INFO] [PIRLS/joint-Newton active-face] cycle 1 | accepted critical-cone transition; reset fixed-face convergence histories and require a fresh KKT certificate
[INFO] [PIRLS/joint-Newton convergence] cycle   1 | step_inf=5.961e-3 (tol=1.659e-7) | accepted_step_inf=9.771e-1 | residual=3.790e7 (tol=3.790e0) | relative_stationarity=1.000e0 (scale=3.790e7, inner_tol=1.000e-7) | per_block_resid=[3.790e7,2.014e0,1.661e0] | obj_change=8.576e1 (tol=3.766e-5) | beta_inf=6.592e-1 | per_block_beta_inf=[5.057e-1,6.592e-1,4.930e-1]
[INFO] [PIRLS/JN] cyc=  1/2 obj=3.756036e2 -loglik=3.751136e2 pen=4.899e-1 Δobj=-8.576e1 |δ|∞=5.961e-3 accepted_|δ|∞=9.771e-1 resid=3.790e7 (tol=3.790e0) rel_stat=1.000e0 (scale=3.790e7) obj_tol=3.766e-5 step_tol=1.659e-7 |β|∞=6.592e-1 attempts=1 t=0.007s
[WARN] [PIRLS/joint-Newton terminal] converged=false terminator=budget-exhausted (max cycles reached) cycles=2/2 jeffreys_completion_calls=0 solve_wall=0.013s best_residual_inf=3.790e7 (tol=4.571e0) last_residual_below_tol=false last_obj_change_below_tol=false objective=3.756036e2; this is the status the inner solve reports to the outer REML/LAML evaluation — a non-converged exit (residual ≫ tol with only the objective stalled) is rejected, not accepted
[WARN] [PIRLS/joint-Newton] cycle=2 budget-exhausted without KKT: objective_start=1.144441e3 objective_end=3.756036e2 objective_drop=+7.688e2 beta_inf=6.592e-1 exit_unprojected_kkt_inf=3.790e7 total_p=27 total_n=720 block_widths=[12, 7, 8] block_beta_inf=[0.5057476052901939, 0.6592378366431919, 0.49301949985641785] block_grad_inf=[37900245.88797329, 1.6034156930581984, 1.5979567308848326] block_diag_hessian_default=false last_newton_math={old_kkt=4.571e7, linearized_next=3.629e7, actual=+8.576e1, pred=+1.009e2, rho=+8.498e-1, scalar_relerr=1.502e-1, step_inf=9.771e-1, proposal_inf=5.961e-3}; rejecting this outer REML/LAML evaluation
[WARN] coupled exact-joint inner solve exhausted the joint Newton budget without KKT convergence after 2 cycle(s) — cycle=2 cert REFUSED: residual=3.790e7 > tol=1.828e1; carrying-block: time_transform (idx=0, |g|=3.790e7, |Sβ|=5.213e-2, |∇L-Sβ|=3.790e7, |β|=5.057e-1, width=12); block_names=["time_transform", "threshold", "log_sigma"], block_widths=[12, 7, 8], block_grad_inf=[37900245.88797329, 1.6034156930581984, 1.5979567308848326], block_penalty_grad_inf=[0.05212947013667368, 1.2830804338657038, 0.40952697171760755], block_residual_inf=[37900245.91075849, 2.013519021385385, 1.661335564442076]; H_pen spectrum: λ_max=NaN, λ_min=NaN, cond=NaN, nullity@1e-10=0 (of 0 eigenvalues); free-null diagnostic: none; cert math: linearized_rel=7.940e-1, scalar_relerr=1.502e-1, |Δobj|=NaN, accepted_step_inf=NaN, proposal_step_inf=NaN, trust_radius=NaN, |β|∞=6.592e-1, active_set_rows_total=1; diagnosis: active_set_incomplete; check whether the named block's linear constraints need an additional active row or a tighter constrained re-solve; this is an active-set certification failure, not a polynomial-nullspace diagnosis; returning a non-converged inner mode for outer-rho rejection
[INFO] [STAGE] custom family: seed-screen stage=0 seed=5/5 cap=2 elapsed=0.014s cost=3.756036e2
[INFO] [STAGE] custom family: seed-screen stage=0 cap=2 elapsed=0.059s ranked=5 rejected=0
[INFO] [OUTER] custom family: seed screening cascade complete elapsed=0.059s stages_used=1 final_cap=2 ranked=5/5
[INFO] [OUTER] custom family: promoted the most-flexible interior seed (Σρ=-4.605) to the front so the low-λ basin gets a full-budget solve (capped screening systematically under-ranks it)
[INFO] [OUTER] custom family: promoted the heaviest interior seed (Σρ=60.000) to the second full-budget slot so a budget-limited non-Gaussian multi-start also solves the well-penalized basin (#1426: a non-separable λ→0 stall at slot 0 otherwise ships a non-converged full-basis overfit)
[INFO] [joint-newton-tr] phase=hessian_qp cycle=0 r=1.000e0
[INFO] [979-PROBE] cyc=  0 firth_armed=true skippable=false |gradPhi|inf=1.738e7 kkt=1.738e7 |beta|inf=6.717e-1 endgame=false
[INFO] [JN-BRANCH-DIAG #1040] cycle=0 joint_constraints_is_some=true matrix_free_joint_requested=false joint_hessian_is_dense=true solve_joint_constraints_dense=true -> branch=CONSTRAINED_QP total_p=27 levenberg_on_ill_cond=false
[WARN] [joint-newton spectrum gam#979] λ_max=4.768644e13 null_cutoff=4.768644e3 numerical_floor=5.501954e-2 band_modes=10 cert_null_modes=14 (band now resolved by the step; cert still classifies on null_cutoff)
[INFO] [JN-REFLECT-DIAG #1040] cycle=0 CONSTRAINED_QP lambda_min_signed_raw=-2.762e15 lambda_min_signed_reflected=1.738e4 nullity=14 condition=1.503e8 (reflection CHANGED the spectrum)
[WARN] [gam#979 constrained-QP] cycle=0 path=linear warm_rows=0 active_set_rows=0 beta_inf=6.3871e-1
[INFO] [joint-newton-tr] phase=line_search cycle=0 r=1.000e0 hessian_qp_elapsed=0.026s
[INFO] [PIRLS/joint-Newton/TR cycle=0 attempt=1] accepted   ρ=+2.017e-13  Δobj=+9.950e0  pred=+4.934e13  r=1.439e0->3.595e-1  decision=shrink_marginal_accept  |δ|=1.439e0  |δ|∞=1.245e-1  |prop|∞=3.860e-2
[INFO] [joint-newton-tr] phase=gradient_reload cycle=0 attempts=1 r=3.595e-1
[INFO] [PIRLS/joint-Newton convergence] cycle   0 | step_inf=3.860e-2 (tol=1.672e-11) | accepted_step_inf=1.245e-1 | residual=6.708e2 (tol=1.738e-4) | relative_stationarity=3.860e-5 (scale=1.738e7, inner_tol=1.000e-11) | per_block_resid=[6.704e2,4.600e0,4.644e0] | obj_change=9.950e0 (tol=1.144e-8) | beta_inf=6.717e-1 | per_block_beta_inf=[6.717e-1,1.245e-1,1.188e-8]
[INFO] [PIRLS/JN] cyc=  0/200 obj=1.142933e3 -loglik=1.142929e3 pen=4.114e-3 Δobj=-9.950e0 |δ|∞=3.860e-2 accepted_|δ|∞=1.245e-1 resid=6.708e2 (tol=1.738e-4) rel_stat=3.860e-5 (scale=1.738e7) obj_tol=1.144e-8 step_tol=1.672e-11 |β|∞=6.717e-1 attempts=1 t=0.056s
[INFO] [joint-newton-tr] phase=hessian_qp cycle=1 r=3.595e-1
[INFO] [979-PROBE] cyc=  1 firth_armed=true skippable=false |gradPhi|inf=3.216e0 kkt=6.708e2 |beta|inf=6.717e-1 endgame=false
[INFO] [JN-REFLECT-DIAG #1040] cycle=1 CONSTRAINED_QP lambda_min_signed_raw=-2.616e1 lambda_min_signed_reflected=1.368e1 nullity=0 condition=9.971e1 (reflection CHANGED the spectrum)
[WARN] [gam#979 constrained-QP] cycle=1 path=linear warm_rows=0 active_set_rows=4 beta_inf=5.2477e-1
[INFO] [joint-newton-tr] phase=line_search cycle=1 r=3.595e-1 hessian_qp_elapsed=0.002s
[INFO] [PIRLS/joint-Newton/TR cycle=1 attempt=1] accepted   ρ=+1.000e0  Δobj=+3.081e1  pred=+3.081e1  r=3.595e-1->7.189e-1  decision=grow_at_boundary        |δ|=3.595e-1  |δ|∞=9.306e-3  |prop|∞=6.717e-1
[INFO] [joint-newton-tr] phase=gradient_reload cycle=1 attempts=1 r=7.189e-1
[INFO] [PIRLS/joint-Newton convergence] cycle   1 | step_inf=6.717e-1 (tol=1.663e-11) | accepted_step_inf=9.306e-3 | residual=6.599e2 (tol=6.604e-9) | relative_stationarity=9.991e-1 (scale=6.594e2, inner_tol=1.000e-11) | per_block_resid=[6.594e2,4.549e0,4.555e0] | obj_change=3.081e1 (tol=1.113e-8) | beta_inf=6.633e-1 | per_block_beta_inf=[6.633e-1,1.250e-1,5.086e-4]
[INFO] [PIRLS/JN] cyc=  1/200 obj=1.112139e3 Δobj=-3.081e1 |δ|∞=9.306e-3 resid=6.599e2 attempts=1 t=0.032s
[INFO] [joint-newton-tr] phase=hessian_qp cycle=2 r=7.189e-1
[INFO] [979-PROBE] cyc=  2 firth_armed=true skippable=false |gradPhi|inf=3.244e0 kkt=6.599e2 |beta|inf=6.633e-1 endgame=false
[INFO] [JN-REFLECT-DIAG #1040] cycle=2 CONSTRAINED_QP lambda_min_signed_raw=-2.552e1 lambda_min_signed_reflected=1.343e1 nullity=0 condition=1.018e2 (reflection CHANGED the spectrum)
[WARN] [gam#979 constrained-QP] cycle=2 path=linear warm_rows=0 active_set_rows=4 beta_inf=5.2319e-1
[INFO] [joint-newton-tr] phase=line_search cycle=2 r=7.189e-1 hessian_qp_elapsed=0.002s
[INFO] [PIRLS/joint-Newton/TR cycle=2 attempt=1] accepted   ρ=+1.000e0  Δobj=+5.988e1  pred=+5.988e1  r=7.189e-1->1.438e0  decision=grow_at_boundary        |δ|=7.189e-1  |δ|∞=1.875e-2  |prop|∞=6.633e-1
[INFO] [joint-newton-tr] phase=gradient_reload cycle=2 attempts=1 r=1.438e0
[INFO] [PIRLS/joint-Newton convergence] cycle   2 | step_inf=6.633e-1 (tol=1.646e-11) | accepted_step_inf=1.875e-2 | residual=6.379e2 (tol=6.384e-9) | relative_stationarity=9.992e-1 (scale=6.374e2, inner_tol=1.000e-11) | per_block_resid=[6.374e2,4.447e0,4.377e0] | obj_change=5.988e1 (tol=1.053e-8) | beta_inf=6.463e-1 | per_block_beta_inf=[6.463e-1,1.258e-1,1.563e-3]
[INFO] [PIRLS/JN] cyc=  2/200 obj=1.052286e3 Δobj=-5.988e1 |δ|∞=1.875e-2 resid=6.379e2 attempts=1 t=0.032s
[INFO] [joint-newton-tr] phase=hessian_qp cycle=3 r=1.438e0
[INFO] [979-PROBE] cyc=  3 firth_armed=true skippable=false |gradPhi|inf=3.303e0 kkt=6.379e2 |beta|inf=6.463e-1 endgame=false
[WARN] [gam#979 constrained-QP] cycle=3 path=linear warm_rows=0 active_set_rows=4 beta_inf=5.2004e-1
[INFO] [joint-newton-tr] phase=line_search cycle=3 r=1.438e0 hessian_qp_elapsed=0.002s
[INFO] [PIRLS/joint-Newton/TR cycle=3 attempt=1] accepted   ρ=+1.000e0  Δobj=+1.128e2  pred=+1.128e2  r=1.438e0->2.876e0  decision=grow_at_boundary        |δ|=1.438e0  |δ|∞=3.807e-2  |prop|∞=6.463e-1
[INFO] [joint-newton-tr] phase=gradient_reload cycle=3 attempts=1 r=2.876e0
[INFO] [PIRLS/joint-Newton convergence] cycle   3 | step_inf=6.463e-1 (tol=1.612e-11) | accepted_step_inf=3.807e-2 | residual=5.939e2 (tol=5.943e-9) | relative_stationarity=9.993e-1 (scale=5.933e2, inner_tol=1.000e-11) | per_block_resid=[5.933e2,4.240e0,4.018e0] | obj_change=1.128e2 (tol=9.405e-9) | beta_inf=6.122e-1 | per_block_beta_inf=[6.122e-1,1.278e-1,3.850e-3]
[INFO] [PIRLS/JN] cyc=  3/200 obj=9.395063e2 Δobj=-1.128e2 |δ|∞=3.807e-2 resid=5.939e2 attempts=1 t=0.032s
[INFO] [joint-newton-tr] phase=hessian_qp cycle=4 r=2.876e0
[INFO] [979-PROBE] cyc=  4 firth_armed=true skippable=false |gradPhi|inf=3.438e0 kkt=5.939e2 |beta|inf=6.122e-1 endgame=false
[WARN] [gam#979 constrained-QP] cycle=4 path=linear warm_rows=0 active_set_rows=4 beta_inf=5.1440e-1
[INFO] [joint-newton-tr] phase=line_search cycle=4 r=2.876e0 hessian_qp_elapsed=0.002s
[INFO] [PIRLS/joint-Newton/TR cycle=4 attempt=1] accepted   ρ=+1.000e0  Δobj=+1.976e2  pred=+1.976e2  r=2.876e0->5.751e0  decision=grow_at_boundary        |δ|=2.876e0  |δ|∞=7.869e-2  |prop|∞=6.122e-1
[INFO] [joint-newton-tr] phase=gradient_reload cycle=4 attempts=1 r=5.751e0
[INFO] [PIRLS/joint-Newton convergence] cycle   4 | step_inf=6.122e-1 (tol=1.544e-11) | accepted_step_inf=7.869e-2 | residual=5.052e2 (tol=5.056e-9) | relative_stationarity=9.992e-1 (scale=5.046e2, inner_tol=1.000e-11) | per_block_resid=[5.046e2,3.816e0,3.292e0] | obj_change=1.976e2 (tol=7.430e-9) | beta_inf=5.443e-1 | per_block_beta_inf=[5.443e-1,1.326e-1,9.319e-3]
[INFO] [PIRLS/JN] cyc=  4/200 obj=7.420255e2 Δobj=-1.976e2 |δ|∞=7.869e-2 resid=5.052e2 attempts=1 t=0.032s
[INFO] [joint-newton-tr] phase=hessian_qp cycle=5 r=5.751e0
[INFO] [979-PROBE] cyc=  5 firth_armed=true skippable=false |gradPhi|inf=3.708e0 kkt=5.052e2 |beta|inf=5.443e-1 endgame=false
[WARN] [gam#979 constrained-QP] cycle=5 path=linear warm_rows=0 active_set_rows=4 beta_inf=5.0549e-1
[INFO] [joint-newton-tr] phase=line_search cycle=5 r=5.751e0 hessian_qp_elapsed=0.002s
[INFO] [PIRLS/joint-Newton/TR cycle=5 attempt=1] accepted   ρ=+9.960e-1  Δobj=+2.818e2  pred=+2.829e2  r=5.751e0->1.150e1  decision=grow_at_boundary        |δ|=5.751e0  |δ|∞=1.701e-1  |prop|∞=5.443e-1
[INFO] [joint-newton-tr] phase=gradient_reload cycle=5 attempts=1 r=1.150e1
[INFO] [PIRLS/joint-Newton convergence] cycle   5 | step_inf=5.443e-1 (tol=1.493e-11) | accepted_step_inf=1.701e-1 | residual=3.184e2 (tol=3.166e-9) | relative_stationarity=1.006e0 (scale=3.156e2, inner_tol=1.000e-11) | per_block_resid=[3.156e2,2.912e0,1.800e0] | obj_change=2.818e2 (tol=4.610e-9) | beta_inf=4.931e-1 | per_block_beta_inf=[4.931e-1,1.517e-1,3.875e-2]
[INFO] [PIRLS/JN] cyc=  5/200 obj=4.600139e2 Δobj=-2.818e2 |δ|∞=1.701e-1 resid=3.184e2 attempts=1 t=0.032s
[INFO] [joint-newton-tr] phase=hessian_qp cycle=6 r=1.150e1
[INFO] [979-PROBE] cyc=  6 firth_armed=true skippable=false |gradPhi|inf=4.548e0 kkt=3.184e2 |beta|inf=4.931e-1 endgame=false
[WARN] [gam#979 constrained-QP] cycle=6 path=linear warm_rows=0 active_set_rows=3 beta_inf=6.2806e-1
[INFO] [joint-newton-tr] phase=line_search cycle=6 r=1.150e1 hessian_qp_elapsed=0.002s
[INFO] [PIRLS/joint-Newton/TR cycle=6 attempt=1] accepted   ρ=+2.697e0  Δobj=+2.620e2  pred=+9.716e1  r=1.150e1 (held)  decision=hold_inside             |δ|=5.446e0  |δ|∞=5.118e-1  |prop|∞=5.893e-1
[INFO] [joint-newton-tr] phase=gradient_reload cycle=6 attempts=1 r=1.150e1
[INFO] [PIRLS/joint-Newton active-face] cycle 6 | accepted critical-cone transition; reset fixed-face convergence histories and require a fresh KKT certificate
[INFO] [PIRLS/joint-Newton convergence] cycle   6 | step_inf=5.893e-1 (tol=1.518e-11) | accepted_step_inf=5.118e-1 | residual=1.738e2 (tol=4.571e-4) | relative_stationarity=3.802e-6 (scale=4.571e7, inner_tol=1.000e-11) | per_block_resid=[4.571e7,2.998e0,3.072e0] | obj_change=2.620e2 (tol=3.876e-9) | beta_inf=5.184e-1 | per_block_beta_inf=[4.917e-1,4.144e-1,5.184e-1]
[INFO] [PIRLS/JN] cyc=  6/200 obj=3.866392e2 Δobj=-2.620e2 |δ|∞=5.118e-1 resid=1.738e2 attempts=1 t=0.032s
[INFO] [joint-newton-tr] phase=hessian_qp cycle=7 r=1.150e1
[INFO] [979-PROBE] cyc=  7 firth_armed=true skippable=false |gradPhi|inf=1.233e9 kkt=1.738e2 |beta|inf=5.184e-1 endgame=false
[WARN] [gam#979 constrained-QP] cycle=7 path=regularized-newton warm_rows=1 active_set_rows=2 beta_inf=1.5911e0
[INFO] [joint-newton-tr] phase=line_search cycle=7 r=1.150e1 hessian_qp_elapsed=0.003s
[INFO] [PIRLS/joint-Newton/TR cycle=7 attempt=1] reject     ρ=-1.664e0  Δobj=-1.235e2  pred=+7.423e1  r=1.150e1->2.876e0  decision=shrink_reject           |δ|=1.150e1  |δ|∞=2.110e0  |prop|∞=2.110e0
[INFO] [PIRLS/joint-Newton/TR cycle=7 attempt=2] accepted   ρ=+9.556e-1  Δobj=+1.729e1  pred=+1.809e1  r=2.876e0->5.751e0  decision=grow_at_boundary        |δ|=3.041e0  |δ|∞=5.577e-1  |prop|∞=2.110e0
[INFO] [joint-newton-tr] phase=gradient_reload cycle=7 attempts=2 r=5.751e0
[INFO] [PIRLS/joint-Newton convergence] cycle   7 | step_inf=2.110e0 (tol=1.479e-11) | accepted_step_inf=5.577e-1 | residual=1.337e2 (tol=1.233e-2) | relative_stationarity=1.084e-7 (scale=1.233e9, inner_tol=1.000e-11) | per_block_resid=[4.571e7,2.521e0,1.539e0] | obj_change=1.729e1 (tol=3.704e-9) | beta_inf=4.794e-1 | per_block_beta_inf=[4.794e-1,4.257e-1,3.567e-1]
[INFO] [PIRLS/JN] cyc=  7/200 obj=3.693537e2 Δobj=-1.729e1 |δ|∞=5.577e-1 resid=1.337e2 attempts=2 t=0.034s
[INFO] [joint-newton-tr] phase=hessian_qp cycle=8 r=5.751e0
[INFO] [979-PROBE] cyc=  8 firth_armed=true skippable=false |gradPhi|inf=1.233e9 kkt=1.337e2 |beta|inf=4.794e-1 endgame=false
[WARN] [gam#979 constrained-QP] cycle=8 path=regularized-newton warm_rows=1 active_set_rows=2 beta_inf=1.0848e0
[INFO] [joint-newton-tr] phase=line_search cycle=8 r=5.751e0 hessian_qp_elapsed=0.003s
[INFO] [PIRLS/joint-Newton/TR cycle=8 attempt=1] reject     ρ=-1.220e0  Δobj=-2.931e1  pred=+2.402e1  r=5.751e0->4.000e0  decision=shrink_reject           |δ|=5.490e0  |δ|∞=9.981e-1  |prop|∞=1.046e0
[INFO] [PIRLS/joint-Newton/TR cycle=8 attempt=2] accepted   ρ=+9.771e-1  Δobj=+6.175e0  pred=+6.319e0  r=4.000e0 (held)  decision=hold_inside             |δ|=1.373e0  |δ|∞=2.495e-1  |prop|∞=1.046e0
[INFO] [joint-newton-tr] phase=gradient_reload cycle=8 attempts=2 r=4.000e0
[INFO] [PIRLS/joint-Newton convergence] cycle   8 | step_inf=1.046e0 (tol=1.478e-11) | accepted_step_inf=2.495e-1 | residual=1.068e2 (tol=1.233e-2) | relative_stationarity=8.661e-8 (scale=1.233e9, inner_tol=1.000e-11) | per_block_resid=[4.571e7,2.361e0,1.707e0] | obj_change=6.175e0 (tol=3.642e-9) | beta_inf=4.777e-1 | per_block_beta_inf=[4.777e-1,4.250e-1,4.561e-1]
[INFO] [PIRLS/JN] cyc=  8/200 obj=3.631796e2 Δobj=-6.175e0 |δ|∞=2.495e-1 resid=1.068e2 attempts=2 t=0.034s
[INFO] [joint-newton-tr] phase=hessian_qp cycle=9 r=4.000e0
[INFO] [979-PROBE] cyc=  9 firth_armed=true skippable=false |gradPhi|inf=1.233e9 kkt=1.068e2 |beta|inf=4.777e-1 endgame=false
[WARN] [gam#979 constrained-QP] cycle=9 path=regularized-newton warm_rows=1 active_set_rows=1 beta_inf=1.4543e0
[INFO] [joint-newton-tr] phase=line_search cycle=9 r=4.000e0 hessian_qp_elapsed=0.002s
[INFO] [PIRLS/joint-Newton/TR cycle=9 attempt=1] accepted   ρ=+6.663e-1  Δobj=+5.850e0  pred=+8.781e0  r=4.000e0 (held)  decision=hold_moderate           |δ|=2.546e0  |δ|∞=7.418e-1  |prop|∞=1.166e0
[INFO] [joint-newton-tr] phase=gradient_reload cycle=9 attempts=1 r=4.000e0
[INFO] [PIRLS/joint-Newton convergence] cycle   9 | step_inf=1.166e0 (tol=2.031e-11) | accepted_step_inf=7.418e-1 | residual=3.035e1 (tol=1.233e-2) | relative_stationarity=2.461e-8 (scale=1.233e9, inner_tol=1.000e-11) | per_block_resid=[4.571e7,8.096e0,7.140e0] | obj_change=5.850e0 (tol=3.583e-9) | beta_inf=1.031e0 | per_block_beta_inf=[4.786e-1,4.330e-1,1.031e0]
[INFO] [PIRLS/JN] cyc=  9/200 obj=3.573323e2 Δobj=-5.850e0 |δ|∞=7.418e-1 resid=3.035e1 attempts=1 t=0.032s
[INFO] [joint-newton-tr] phase=hessian_qp cycle=10 r=4.000e0
[INFO] [979-PROBE] cyc= 10 firth_armed=true skippable=false |gradPhi|inf=1.233e9 kkt=3.035e1 |beta|inf=1.031e0 endgame=false
[WARN] [gam#979 constrained-QP] cycle=10 path=regularized-newton warm_rows=1 active_set_rows=1 beta_inf=1.3711e0
[INFO] [joint-newton-tr] phase=line_search cycle=10 r=4.000e0 hessian_qp_elapsed=0.002s
[INFO] [PIRLS/joint-Newton/TR cycle=10 attempt=1] accepted   ρ=+6.170e-1  Δobj=+2.767e0  pred=+4.484e0  r=4.000e0 (held)  decision=hold_moderate           |δ|=3.778e0  |δ|∞=3.217e-1  |prop|∞=3.406e-1
[INFO] [joint-newton-tr] phase=gradient_reload cycle=10 attempts=1 r=4.000e0
[INFO] [PIRLS/joint-Newton convergence] cycle  10 | step_inf=3.406e-1 (tol=2.352e-11) | accepted_step_inf=3.217e-1 | residual=1.599e1 (tol=1.233e-2) | relative_stationarity=1.297e-8 (scale=1.233e9, inner_tol=1.000e-11) | per_block_resid=[4.571e7,8.279e0,7.284e-1] | obj_change=2.767e0 (tol=3.556e-9) | beta_inf=1.352e0 | per_block_beta_inf=[5.788e-1,4.281e-1,1.352e0]
[INFO] [PIRLS/JN] cyc= 10/200 obj=3.545684e2 Δobj=-2.767e0 |δ|∞=3.217e-1 resid=1.599e1 attempts=1 t=0.032s
[INFO] [joint-newton-tr] phase=hessian_qp cycle=11 r=4.000e0
[INFO] [979-PROBE] cyc= 11 firth_armed=true skippable=false |gradPhi|inf=1.233e9 kkt=1.599e1 |beta|inf=1.352e0 endgame=false
[WARN] [gam#979 constrained-QP] cycle=11 path=regularized-newton warm_rows=1 active_set_rows=1 beta_inf=3.0118e0
[INFO] [joint-newton-tr] phase=line_search cycle=11 r=4.000e0 hessian_qp_elapsed=0.002s
[INFO] [PIRLS/joint-Newton/TR cycle=11 attempt=1] reject     ρ=-4.559e-1  Δobj=-8.081e-1  pred=+1.773e0  r=4.000e0->1.216e0  decision=shrink_reject           |δ|=2.201e0  |δ|∞=9.133e-1  |prop|∞=1.660e0
[INFO] [PIRLS/joint-Newton/TR cycle=11 attempt=2] accepted   ρ=+9.629e-1  Δobj=+4.607e-1  pred=+4.785e-1  r=1.216e0 (held)  decision=hold_inside             |δ|=5.503e-1  |δ|∞=2.283e-1  |prop|∞=1.660e0
[INFO] [joint-newton-tr] phase=gradient_reload cycle=11 attempts=2 r=1.216e0
[INFO] [PIRLS/joint-Newton convergence] cycle  11 | step_inf=1.660e0 (tol=2.581e-11) | accepted_step_inf=2.283e-1 | residual=1.339e1 (tol=1.233e-2) | relative_stationarity=1.086e-8 (scale=1.233e9, inner_tol=1.000e-11) | per_block_resid=[4.571e7,6.077e0,6.321e-1] | obj_change=4.607e-1 (tol=3.551e-9) | beta_inf=1.581e0 | per_block_beta_inf=[5.929e-1,4.136e-1,1.581e0]
[INFO] [PIRLS/JN] cyc= 11/200 obj=3.541080e2 Δobj=-4.607e-1 |δ|∞=2.283e-1 resid=1.339e1 attempts=2 t=0.033s
[INFO] [joint-newton-tr] phase=hessian_qp cycle=12 r=1.216e0
[INFO] [979-PROBE] cyc= 12 firth_armed=true skippable=false |gradPhi|inf=1.233e9 kkt=1.339e1 |beta|inf=1.581e0 endgame=false
[WARN] [gam#979 constrained-QP] cycle=12 path=regularized-newton warm_rows=1 active_set_rows=1 beta_inf=2.0769e0
[INFO] [joint-newton-tr] phase=line_search cycle=12 r=1.216e0 hessian_qp_elapsed=0.002s
[INFO] [PIRLS/joint-Newton/TR cycle=12 attempt=1] accepted   ρ=+9.264e-1  Δobj=+7.166e-1  pred=+7.736e-1  r=1.216e0->2.000e0  decision=hold_inside             |δ|=1.155e0  |δ|∞=4.715e-1  |prop|∞=4.963e-1
[INFO] [joint-newton-tr] phase=gradient_reload cycle=12 attempts=1 r=2.000e0
[INFO] [PIRLS/joint-Newton convergence] cycle  12 | step_inf=4.963e-1 (tol=3.052e-11) | accepted_step_inf=4.715e-1 | residual=3.269e0 (tol=1.233e-2) | relative_stationarity=2.652e-9 (scale=1.233e9, inner_tol=1.000e-11) | per_block_resid=[4.571e7,3.272e0,6.364e-1] | obj_change=7.166e-1 (tol=3.544e-9) | beta_inf=2.052e0 | per_block_beta_inf=[6.773e-1,4.119e-1,2.052e0]
[INFO] [PIRLS/JN] cyc= 12/200 obj=3.533930e2 Δobj=-7.166e-1 |δ|∞=4.715e-1 resid=3.269e0 attempts=1 t=0.032s
[INFO] [joint-newton-tr] phase=hessian_qp cycle=13 r=2.000e0
[INFO] [979-PROBE] cyc= 13 firth_armed=true skippable=false |gradPhi|inf=1.233e9 kkt=3.269e0 |beta|inf=2.052e0 endgame=true
[WARN] [gam#979 constrained-QP] cycle=13 path=regularized-newton warm_rows=1 active_set_rows=2 beta_inf=2.3455e0
[INFO] [joint-newton-tr] phase=line_search cycle=13 r=2.000e0 hessian_qp_elapsed=0.209s
[INFO] [PIRLS/joint-Newton/TR cycle=13 attempt=1] accepted   ρ=+9.866e-1  Δobj=+2.300e-1  pred=+2.331e-1  r=2.000e0 (held)  decision=hold_inside             |δ|=8.387e-1  |δ|∞=3.787e-1  |prop|∞=9.031e-1
[INFO] [joint-newton-tr] phase=gradient_reload cycle=13 attempts=1 r=2.000e0
[INFO] [PIRLS/joint-Newton convergence] cycle  13 | step_inf=9.031e-1 (tol=3.175e-11) | accepted_step_inf=3.787e-1 | residual=3.510e0 (tol=1.233e-2) | relative_stationarity=2.848e-9 (scale=1.233e9, inner_tol=1.000e-11) | per_block_resid=[4.571e7,1.548e0,3.494e-1] | obj_change=2.300e-1 (tol=3.542e-9) | beta_inf=2.175e0 | per_block_beta_inf=[7.079e-1,4.165e-1,2.175e0]
[INFO] [PIRLS/JN] cyc= 13/200 obj=3.531637e2 Δobj=-2.300e-1 |δ|∞=3.787e-1 resid=3.510e0 attempts=1 t=0.240s
[INFO] [joint-newton-tr] phase=hessian_qp cycle=14 r=2.000e0
[INFO] [979-PROBE] cyc= 14 firth_armed=true skippable=false |gradPhi|inf=1.232e9 kkt=3.510e0 |beta|inf=2.175e0 endgame=true
[WARN] [gam#979 constrained-QP] cycle=14 path=regularized-newton warm_rows=1 active_set_rows=2 beta_inf=2.5057e0
[INFO] [joint-newton-tr] phase=line_search cycle=14 r=2.000e0 hessian_qp_elapsed=0.213s
[INFO] [PIRLS/joint-Newton/TR cycle=14 attempt=1] accepted   ρ=+9.756e-1  Δobj=+2.245e-1  pred=+2.301e-1  r=2.000e0 (held)  decision=hold_inside             |δ|=1.561e0  |δ|∞=7.478e-1  |prop|∞=9.583e-1
[INFO] [joint-newton-tr] phase=gradient_reload cycle=14 attempts=1 r=2.000e0
[INFO] [PIRLS/joint-Newton convergence] cycle  14 | step_inf=9.583e-1 (tol=3.295e-11) | accepted_step_inf=7.478e-1 | residual=5.815e0 (tol=1.232e-2) | relative_stationarity=4.719e-9 (scale=1.232e9, inner_tol=1.000e-11) | per_block_resid=[4.571e7,7.830e-1,1.223e-1] | obj_change=2.245e-1 (tol=3.539e-9) | beta_inf=2.295e0 | per_block_beta_inf=[7.532e-1,4.022e-1,2.295e0]
[INFO] [PIRLS/JN] cyc= 14/200 obj=3.529407e2 Δobj=-2.245e-1 |δ|∞=7.478e-1 resid=5.815e0 attempts=1 t=0.244s
[INFO] [joint-newton-tr] phase=hessian_qp cycle=15 r=2.000e0
[INFO] [979-PROBE] cyc= 15 firth_armed=true skippable=false |gradPhi|inf=1.232e9 kkt=5.815e0 |beta|inf=2.295e0 endgame=true
[WARN] [gam#979 constrained-QP] cycle=15 path=regularized-newton warm_rows=1 active_set_rows=2 beta_inf=2.9277e0
[INFO] [joint-newton-tr] phase=line_search cycle=15 r=2.000e0 hessian_qp_elapsed=0.209s
[INFO] [PIRLS/joint-Newton/TR cycle=15 attempt=1] accepted   ρ=+9.417e-1  Δobj=+7.606e-2  pred=+8.077e-2  r=2.000e0->4.000e0  decision=grow_at_boundary        |δ|=2.000e0  |δ|∞=6.324e-1  |prop|∞=6.324e-1
[INFO] [joint-newton-tr] phase=gradient_reload cycle=15 attempts=1 r=4.000e0
[INFO] [PIRLS/joint-Newton active-face] cycle 15 | accepted critical-cone transition; reset fixed-face convergence histories and require a fresh KKT certificate
[INFO] [PIRLS/joint-Newton convergence] cycle  15 | step_inf=6.324e-1 (tol=3.928e-11) | accepted_step_inf=6.324e-1 | residual=7.298e-1 (tol=1.232e-2) | relative_stationarity=5.922e-10 (scale=1.232e9, inner_tol=1.000e-11) | per_block_resid=[4.571e7,7.281e-1,3.351e-1] | obj_change=7.606e-2 (tol=3.539e-9) | beta_inf=2.928e0 | per_block_beta_inf=[7.766e-1,3.265e-1,2.928e0]
[INFO] [PIRLS/JN] cyc= 15/200 obj=3.528671e2 Δobj=-7.606e-2 |δ|∞=6.324e-1 resid=7.298e-1 attempts=1 t=0.240s
[INFO] [joint-newton-tr] phase=hessian_qp cycle=16 r=4.000e0
[INFO] [979-PROBE] cyc= 16 firth_armed=true skippable=false |gradPhi|inf=1.232e9 kkt=7.298e-1 |beta|inf=2.928e0 endgame=true
[WARN] [gam#979 constrained-QP] cycle=16 path=exact-face warm_rows=2 active_set_rows=2 beta_inf=3.0703e0
[INFO] [joint-newton-tr] phase=line_search cycle=16 r=4.000e0 hessian_qp_elapsed=0.212s
[INFO] [PIRLS/joint-Newton/TR cycle=16 attempt=1] accepted   ρ=+1.165e0  Δobj=+2.111e-2  pred=+1.812e-2  r=4.000e0 (held)  decision=hold_inside             |δ|=1.877e0  |δ|∞=2.481e-1  |prop|∞=2.481e-1
[INFO] [joint-newton-tr] phase=gradient_reload cycle=16 attempts=1 r=4.000e0
[INFO] [PIRLS/joint-Newton convergence] cycle  16 | step_inf=2.481e-1 (tol=4.070e-11) | accepted_step_inf=2.481e-1 | residual=1.430e0 (tol=1.232e-2) | relative_stationarity=1.161e-9 (scale=1.232e9, inner_tol=1.000e-11) | per_block_resid=[4.571e7,1.419e0,3.600e-1] | obj_change=2.111e-2 (tol=3.539e-9) | beta_inf=3.070e0 | per_block_beta_inf=[7.795e-1,2.508e-1,3.070e0]
[INFO] [PIRLS/JN] cyc= 16/200 obj=3.528504e2 Δobj=-2.111e-2 |δ|∞=2.481e-1 resid=1.430e0 attempts=1 t=0.242s
[INFO] [joint-newton-tr] phase=hessian_qp cycle=17 r=4.000e0
[INFO] [979-PROBE] cyc= 17 firth_armed=true skippable=false |gradPhi|inf=1.232e9 kkt=1.430e0 |beta|inf=3.070e0 endgame=true
[WARN] [gam#979 constrained-QP] cycle=17 path=exact-face warm_rows=2 active_set_rows=2 beta_inf=2.9832e0
[INFO] [joint-newton-tr] phase=line_search cycle=17 r=4.000e0 hessian_qp_elapsed=0.206s
[INFO] [PIRLS/joint-Newton/TR cycle=17 attempt=1] accepted   ρ=+1.129e0  Δobj=+1.602e-2  pred=+1.418e-2  r=4.000e0 (held)  decision=hold_inside             |δ|=1.750e0  |δ|∞=2.622e-1  |prop|∞=2.622e-1
[INFO] [joint-newton-tr] phase=gradient_reload cycle=17 attempts=1 r=4.000e0
[INFO] [PIRLS/joint-Newton convergence] cycle  17 | step_inf=2.622e-1 (tol=3.983e-11) | accepted_step_inf=2.622e-1 | residual=1.645e0 (tol=1.232e-2) | relative_stationarity=1.336e-9 (scale=1.232e9, inner_tol=1.000e-11) | per_block_resid=[4.571e7,1.640e0,2.897e-1] | obj_change=1.602e-2 (tol=3.538e-9) | beta_inf=2.983e0 | per_block_beta_inf=[7.792e-1,2.126e-1,2.983e0]
[INFO] [PIRLS/JN] cyc= 17/200 obj=3.528413e2 Δobj=-1.602e-2 |δ|∞=2.622e-1 resid=1.645e0 attempts=1 t=0.237s
[INFO] [joint-newton-tr] phase=hessian_qp cycle=18 r=4.000e0
[INFO] [979-PROBE] cyc= 18 firth_armed=true skippable=false |gradPhi|inf=1.231e9 kkt=1.645e0 |beta|inf=2.983e0 endgame=true
[WARN] [gam#979 constrained-QP] cycle=18 path=exact-face warm_rows=2 active_set_rows=2 beta_inf=3.0305e0
[INFO] [joint-newton-tr] phase=line_search cycle=18 r=4.000e0 hessian_qp_elapsed=0.232s
[INFO] [PIRLS/joint-Newton/TR cycle=18 attempt=1] accepted   ρ=+3.697e-1  Δobj=+6.613e-3  pred=+1.789e-2  r=4.000e0 (held)  decision=hold_moderate           |δ|=2.721e0  |δ|∞=3.221e-1  |prop|∞=3.221e-1
[INFO] [joint-newton-tr] phase=gradient_reload cycle=18 attempts=1 r=4.000e0
[INFO] [PIRLS/joint-Newton convergence] cycle  18 | step_inf=3.221e-1 (tol=4.031e-11) | accepted_step_inf=3.221e-1 | residual=6.065e0 (tol=1.231e-2) | relative_stationarity=4.927e-9 (scale=1.231e9, inner_tol=1.000e-11) | per_block_resid=[4.571e7,6.008e0,6.362e-1] | obj_change=6.613e-3 (tol=3.539e-9) | beta_inf=3.031e0 | per_block_beta_inf=[7.797e-1,1.394e-1,3.031e0]
[INFO] [PIRLS/JN] cyc= 18/200 obj=3.528508e2 Δobj=-6.613e-3 |δ|∞=3.221e-1 resid=6.065e0 attempts=1 t=0.265s
[INFO] [joint-newton-tr] phase=hessian_qp cycle=19 r=4.000e0
[INFO] [979-PROBE] cyc= 19 firth_armed=true skippable=false |gradPhi|inf=1.230e9 kkt=6.065e0 |beta|inf=3.031e0 endgame=true
[WARN] [gam#979 constrained-QP] cycle=19 path=exact-face warm_rows=2 active_set_rows=2 beta_inf=2.8445e0
[INFO] [joint-newton-tr] phase=line_search cycle=19 r=4.000e0 hessian_qp_elapsed=0.222s
[INFO] [PIRLS/joint-Newton/TR cycle=19 attempt=1] reject     ρ=-3.577e-1  Δobj=-1.664e-2  pred=+4.653e-2  r=4.000e0->8.428e-1  decision=shrink_reject           |δ|=2.815e0  |δ|∞=4.187e-1  |prop|∞=4.187e-1
[INFO] [PIRLS/joint-Newton/TR cycle=19 attempt=2] accepted   ρ=+1.002e0  Δobj=+2.706e-2  pred=+2.702e-2  r=8.428e-1->1.686e0  decision=grow_at_boundary        |δ|=9.919e-1  |δ|∞=1.476e-1  |prop|∞=4.187e-1
[INFO] [joint-newton-tr] phase=gradient_reload cycle=19 attempts=2 r=1.686e0
[INFO] [PIRLS/joint-Newton convergence] cycle  19 | step_inf=4.187e-1 (tol=3.965e-11) | accepted_step_inf=1.476e-1 | residual=3.787e0 (tol=1.230e-2) | relative_stationarity=3.080e-9 (scale=1.230e9, inner_tol=1.000e-11) | per_block_resid=[4.571e7,3.719e0,4.469e-1] | obj_change=2.706e-2 (tol=3.538e-9) | beta_inf=2.965e0 | per_block_beta_inf=[7.794e-1,1.322e-1,2.965e0]
[INFO] [PIRLS/JN] cyc= 19/200 obj=3.528348e2 Δobj=-2.706e-2 |δ|∞=1.476e-1 resid=3.787e0 attempts=2 t=0.257s
[INFO] [joint-newton-tr] phase=hessian_qp cycle=20 r=1.686e0
[INFO] [979-PROBE] cyc= 20 firth_armed=true skippable=false |gradPhi|inf=1.229e9 kkt=3.787e0 |beta|inf=2.965e0 endgame=true
[WARN] [gam#979 constrained-QP] cycle=20 path=regularized-newton warm_rows=2 active_set_rows=2 beta_inf=2.9393e0
[INFO] [joint-newton-tr] phase=line_search cycle=20 r=1.686e0 hessian_qp_elapsed=0.228s
[INFO] [PIRLS/joint-Newton/TR cycle=20 attempt=1] accepted   ρ=+1.110e0  Δobj=+2.736e-2  pred=+2.464e-2  r=1.686e0 (held)  decision=hold_inside             |δ|=1.100e0  |δ|∞=1.733e-1  |prop|∞=2.655e-1
[INFO] [joint-newton-tr] phase=gradient_reload cycle=20 attempts=1 r=1.686e0
[INFO] [PIRLS/joint-Newton convergence] cycle  20 | step_inf=2.655e-1 (tol=3.948e-11) | accepted_step_inf=1.733e-1 | residual=1.688e0 (tol=1.229e-2) | relative_stationarity=1.374e-9 (scale=1.229e9, inner_tol=1.000e-11) | per_block_resid=[4.571e7,1.505e0,1.790e-1] | obj_change=2.736e-2 (tol=3.538e-9) | beta_inf=2.948e0 | per_block_beta_inf=[7.795e-1,1.176e-1,2.948e0]
[INFO] [PIRLS/JN] cyc= 20/200 obj=3.528265e2 Δobj=-2.736e-2 |δ|∞=1.733e-1 resid=1.688e0 attempts=1 t=0.258s
[INFO] [joint-newton-tr] phase=hessian_qp cycle=21 r=1.686e0
[INFO] [979-PROBE] cyc= 21 firth_armed=true skippable=false |gradPhi|inf=1.227e9 kkt=1.688e0 |beta|inf=2.948e0 endgame=true
[WARN] [gam#979 constrained-QP] cycle=21 path=regularized-newton warm_rows=2 active_set_rows=2 beta_inf=2.9272e0
[INFO] [joint-newton-tr] phase=line_search cycle=21 r=1.686e0 hessian_qp_elapsed=0.200s
[INFO] [PIRLS/joint-Newton/TR cycle=21 attempt=1] accepted   ρ=+1.083e0  Δobj=+2.629e-2  pred=+2.427e-2  r=1.686e0 (held)  decision=hold_inside             |δ|=1.153e0  |δ|∞=1.629e-1  |prop|∞=2.380e-1
[INFO] [joint-newton-tr] phase=gradient_reload cycle=21 attempts=1 r=1.686e0
[INFO] [PIRLS/joint-Newton convergence] cycle  21 | step_inf=2.380e-1 (tol=3.934e-11) | accepted_step_inf=1.629e-1 | residual=1.788e0 (tol=1.227e-2) | relative_stationarity=1.458e-9 (scale=1.227e9, inner_tol=1.000e-11) | per_block_resid=[4.571e7,1.615e0,8.135e-2] | obj_change=2.629e-2 (tol=3.538e-9) | beta_inf=2.934e0 | per_block_beta_inf=[7.797e-1,1.041e-1,2.934e0]
[INFO] [PIRLS/JN] cyc= 21/200 obj=3.528261e2 Δobj=-2.629e-2 |δ|∞=1.629e-1 resid=1.788e0 attempts=1 t=0.230s
[INFO] [joint-newton-tr] phase=hessian_qp cycle=22 r=1.686e0
[INFO] [979-PROBE] cyc= 22 firth_armed=true skippable=false |gradPhi|inf=1.224e9 kkt=1.788e0 |beta|inf=2.934e0 endgame=true
[WARN] [gam#979 constrained-QP] cycle=22 path=regularized-newton warm_rows=2 active_set_rows=2 beta_inf=2.9517e0
[INFO] [joint-newton-tr] phase=line_search cycle=22 r=1.686e0 hessian_qp_elapsed=0.198s
[INFO] [PIRLS/joint-Newton/TR cycle=22 attempt=1] accepted   ρ=+1.105e0  Δobj=+5.165e-2  pred=+4.676e-2  r=1.686e0->3.371e0  decision=grow_at_boundary        |δ|=1.686e0  |δ|∞=2.325e-1  |prop|∞=2.325e-1
[INFO] [joint-newton-tr] phase=gradient_reload cycle=22 attempts=1 r=3.371e0
[INFO] [PIRLS/joint-Newton convergence] cycle  22 | step_inf=2.325e-1 (tol=3.952e-11) | accepted_step_inf=2.325e-1 | residual=3.876e0 (tol=1.224e-2) | relative_stationarity=3.165e-9 (scale=1.224e9, inner_tol=1.000e-11) | per_block_resid=[4.571e7,3.810e0,8.570e-2] | obj_change=5.165e-2 (tol=3.538e-9) | beta_inf=2.952e0 | per_block_beta_inf=[7.800e-1,8.740e-2,2.952e0]
[INFO] [PIRLS/JN] cyc= 22/200 obj=3.528323e2 Δobj=-5.165e-2 |δ|∞=2.325e-1 resid=3.876e0 attempts=1 t=0.228s
[INFO] [joint-newton-tr] phase=hessian_qp cycle=23 r=3.371e0
[INFO] [979-PROBE] cyc= 23 firth_armed=true skippable=false |gradPhi|inf=1.219e9 kkt=3.876e0 |beta|inf=2.952e0 endgame=true
[WARN] [gam#979 constrained-QP] cycle=23 path=regularized-newton warm_rows=2 active_set_rows=2 beta_inf=3.4077e0
[INFO] [joint-newton-tr] phase=line_search cycle=23 r=3.371e0 hessian_qp_elapsed=0.200s
[INFO] [PIRLS/joint-Newton/TR cycle=23 attempt=1] accepted   ρ=+9.487e-1  Δobj=+1.615e-1  pred=+1.703e-1  r=3.371e0->6.742e0  decision=grow_at_boundary        |δ|=3.371e0  |δ|∞=4.560e-1  |prop|∞=4.560e-1
[INFO] [joint-newton-tr] phase=gradient_reload cycle=23 attempts=1 r=6.742e0
[INFO] [PIRLS/joint-Newton convergence] cycle  23 | step_inf=4.560e-1 (tol=4.408e-11) | accepted_step_inf=4.560e-1 | residual=3.864e1 (tol=1.219e-2) | relative_stationarity=3.169e-8 (scale=1.219e9, inner_tol=1.000e-11) | per_block_resid=[4.571e7,3.931e1,8.591e-1] | obj_change=1.615e-1 (tol=3.539e-9) | beta_inf=3.408e0 | per_block_beta_inf=[7.807e-1,6.110e-2,3.408e0]
[INFO] [PIRLS/JN] cyc= 23/200 obj=3.529391e2 Δobj=-1.615e-1 |δ|∞=4.560e-1 resid=3.864e1 attempts=1 t=0.230s
[INFO] [joint-newton-tr] phase=hessian_qp cycle=24 r=6.742e0
[INFO] [979-PROBE] cyc= 24 firth_armed=true skippable=false |gradPhi|inf=1.195e9 kkt=3.864e1 |beta|inf=3.408e0 endgame=true
[WARN] [gam#979 constrained-QP] cycle=24 path=regularized-newton warm_rows=2 active_set_rows=2 beta_inf=5.7483e0
[INFO] [joint-newton-tr] phase=line_search cycle=24 r=6.742e0 hessian_qp_elapsed=0.197s
[INFO] [PIRLS/joint-Newton/TR cycle=24 attempt=1] accepted   ρ=+4.731e-1  Δobj=+3.888e-1  pred=+8.218e-1  r=6.742e0 (held)  decision=hold_moderate           |δ|=2.744e0  |δ|∞=1.141e0  |prop|∞=2.803e0
[INFO] [joint-newton-tr] phase=gradient_reload cycle=24 attempts=1 r=6.742e0
[INFO] [PIRLS/joint-Newton convergence] cycle  24 | step_inf=2.803e0 (tol=5.086e-11) | accepted_step_inf=1.141e0 | residual=1.474e2 (tol=1.195e-2) | relative_stationarity=1.234e-7 (scale=1.195e9, inner_tol=1.000e-11) | per_block_resid=[4.571e7,1.858e2,4.100e-1] | obj_change=3.888e-1 (tol=3.545e-9) | beta_inf=4.086e0 | per_block_beta_inf=[7.825e-1,5.360e-2,4.086e0]
[INFO] [PIRLS/JN] cyc= 24/200 obj=3.535427e2 Δobj=-3.888e-1 |δ|∞=1.141e0 resid=1.474e2 attempts=1 t=0.228s
[INFO] [joint-newton-tr] phase=hessian_qp cycle=25 r=6.742e0
[INFO] [979-PROBE] cyc= 25 firth_armed=true skippable=false |gradPhi|inf=1.174e9 kkt=1.474e2 |beta|inf=4.086e0 endgame=true
[WARN] [gam#979 constrained-QP] cycle=25 path=regularized-newton warm_rows=2 active_set_rows=2 beta_inf=4.2081e0
[INFO] [joint-newton-tr] phase=line_search cycle=25 r=6.742e0 hessian_qp_elapsed=0.197s
[INFO] [PIRLS/joint-Newton/TR cycle=25 attempt=1] accepted   ρ=+9.345e-1  Δobj=+5.971e-1  pred=+6.389e-1  r=6.742e0->1.348e1  decision=grow_at_boundary        |δ|=6.742e0  |δ|∞=2.950e-1  |prop|∞=2.950e-1
[INFO] [joint-newton-tr] phase=gradient_reload cycle=25 attempts=1 r=1.348e1
[INFO] [PIRLS/joint-Newton convergence] cycle  25 | step_inf=2.950e-1 (tol=5.208e-11) | accepted_step_inf=2.950e-1 | residual=5.612e1 (tol=1.174e-2) | relative_stationarity=4.780e-8 (scale=1.174e9, inner_tol=1.000e-11) | per_block_resid=[4.571e7,7.118e1,1.251e0] | obj_change=5.971e-1 (tol=3.544e-9) | beta_inf=4.208e0 | per_block_beta_inf=[7.840e-1,4.143e-2,4.208e0]
[INFO] [PIRLS/JN] cyc= 25/200 obj=3.533750e2 Δobj=-5.971e-1 |δ|∞=2.950e-1 resid=5.612e1 attempts=1 t=0.227s
[INFO] [joint-newton-tr] phase=hessian_qp cycle=26 r=1.348e1
[INFO] [979-PROBE] cyc= 26 firth_armed=true skippable=false |gradPhi|inf=1.161e9 kkt=5.612e1 |beta|inf=4.208e0 endgame=true
[WARN] [gam#979 constrained-QP] cycle=26 path=regularized-newton warm_rows=2 active_set_rows=2 beta_inf=4.6984e0
[INFO] [joint-newton-tr] phase=line_search cycle=26 r=1.348e1 hessian_qp_elapsed=0.186s
[INFO] [PIRLS/joint-Newton/TR cycle=26 attempt=1] accepted   ρ=+8.181e-1  Δobj=+9.077e-1  pred=+1.110e0  r=1.348e1->2.697e1  decision=grow_at_boundary        |δ|=1.348e1  |δ|∞=4.903e-1  |prop|∞=4.903e-1
[INFO] [joint-newton-tr] phase=gradient_reload cycle=26 attempts=1 r=2.697e1
[INFO] [PIRLS/joint-Newton convergence] cycle  26 | step_inf=4.903e-1 (tol=5.698e-11) | accepted_step_inf=4.903e-1 | residual=2.912e2 (tol=1.161e-2) | relative_stationarity=2.508e-7 (scale=1.161e9, inner_tol=1.000e-11) | per_block_resid=[4.571e7,2.983e2,1.582e0] | obj_change=9.077e-1 (tol=3.544e-9) | beta_inf=4.698e0 | per_block_beta_inf=[7.827e-1,1.940e-2,4.698e0]
[INFO] [PIRLS/JN] cyc= 26/200 obj=3.534270e2 Δobj=-9.077e-1 |δ|∞=4.903e-1 resid=2.912e2 attempts=1 t=0.215s
[INFO] [joint-newton-tr] phase=hessian_qp cycle=27 r=2.697e1
[INFO] [979-PROBE] cyc= 27 firth_armed=true skippable=false |gradPhi|inf=1.144e9 kkt=2.912e2 |beta|inf=4.698e0 endgame=true
[WARN] [gam#979 constrained-QP] cycle=27 path=regularized-newton warm_rows=2 active_set_rows=2 beta_inf=6.8061e0
[INFO] [joint-newton-tr] phase=line_search cycle=27 r=2.697e1 hessian_qp_elapsed=0.192s
[INFO] [PIRLS/joint-Newton/TR cycle=27 attempt=1] reject     ρ=-1.017e0  Δobj=-2.481e0  pred=+2.439e0  r=2.697e1->2.376e1  decision=shrink_reject           |δ|=1.311e1  |δ|∞=1.458e0  |prop|∞=2.999e0
[INFO] [PIRLS/joint-Newton/TR cycle=27 attempt=2] accepted   ρ=+1.017e0  Δobj=+6.308e-1  pred=+6.203e-1  r=2.376e1 (held)  decision=hold_inside             |δ|=3.278e0  |δ|∞=3.645e-1  |prop|∞=2.999e0
[INFO] [joint-newton-tr] phase=gradient_reload cycle=27 attempts=2 r=2.376e1
[INFO] [PIRLS/joint-Newton convergence] cycle  27 | step_inf=2.999e0 (tol=5.955e-11) | accepted_step_inf=3.645e-1 | residual=2.511e2 (tol=1.144e-2) | relative_stationarity=2.195e-7 (scale=1.144e9, inner_tol=1.000e-11) | per_block_resid=[4.571e7,2.554e2,1.036e0] | obj_change=6.308e-1 (tol=3.542e-9) | beta_inf=4.955e0 | per_block_beta_inf=[7.857e-1,1.497e-2,4.955e0]
[INFO] [PIRLS/JN] cyc= 27/200 obj=3.532084e2 Δobj=-6.308e-1 |δ|∞=3.645e-1 resid=2.511e2 attempts=2 t=0.222s
[INFO] [joint-newton-tr] phase=hessian_qp cycle=28 r=2.376e1
[INFO] [979-PROBE] cyc= 28 firth_armed=true skippable=false |gradPhi|inf=1.134e9 kkt=2.511e2 |beta|inf=4.955e0 endgame=true
[WARN] [gam#979 constrained-QP] cycle=28 path=regularized-newton warm_rows=2 active_set_rows=2 beta_inf=7.2146e0
[INFO] [joint-newton-tr] phase=line_search cycle=28 r=2.376e1 hessian_qp_elapsed=0.176s
[INFO] [PIRLS/joint-Newton/TR cycle=28 attempt=1] accepted   ρ=+8.090e-1  Δobj=+1.335e0  pred=+1.650e0  r=2.376e1 (held)  decision=hold_inside             |δ|=6.624e0  |δ|∞=6.302e-1  |prop|∞=2.260e0
[INFO] [joint-newton-tr] phase=gradient_reload cycle=28 attempts=1 r=2.376e1
[INFO] [PIRLS/joint-Newton convergence] cycle  28 | step_inf=2.260e0 (tol=6.585e-11) | accepted_step_inf=6.302e-1 | residual=3.379e2 (tol=1.134e-2) | relative_stationarity=2.980e-7 (scale=1.134e9, inner_tol=1.000e-11) | per_block_resid=[4.571e7,3.483e2,3.665e-1] | obj_change=1.335e0 (tol=3.542e-9) | beta_inf=5.585e0 | per_block_beta_inf=[7.921e-1,7.147e-3,5.585e0]
[INFO] [PIRLS/JN] cyc= 28/200 obj=3.532312e2 Δobj=-1.335e0 |δ|∞=6.302e-1 resid=3.379e2 attempts=1 t=0.202s
[INFO] [joint-newton-tr] phase=hessian_qp cycle=29 r=2.376e1
[INFO] [979-PROBE] cyc= 29 firth_armed=true skippable=false |gradPhi|inf=1.144e9 kkt=3.379e2 |beta|inf=5.585e0 endgame=true
[WARN] [gam#979 constrained-QP] cycle=29 path=regularized-newton warm_rows=2 active_set_rows=2 beta_inf=6.1422e0
[INFO] [joint-newton-tr] phase=line_search cycle=29 r=2.376e1 hessian_qp_elapsed=0.167s
[INFO] [PIRLS/joint-Newton/TR cycle=29 attempt=1] accepted   ρ=+9.609e-1  Δobj=+6.924e-1  pred=+7.206e-1  r=2.376e1 (held)  decision=hold_inside             |δ|=1.255e1  |δ|∞=2.945e-1  |prop|∞=5.573e-1
[INFO] [joint-newton-tr] phase=gradient_reload cycle=29 attempts=1 r=2.376e1
[INFO] [PIRLS/joint-Newton convergence] cycle  29 | step_inf=5.573e-1 (tol=6.879e-11) | accepted_step_inf=2.945e-1 | residual=2.094e2 (tol=1.144e-2) | relative_stationarity=1.831e-7 (scale=1.144e9, inner_tol=1.000e-11) | per_block_resid=[4.571e7,1.774e2,7.427e-1] | obj_change=6.924e-1 (tol=3.541e-9) | beta_inf=5.879e0 | per_block_beta_inf=[7.897e-1,4.960e-3,5.879e0]
[INFO] [PIRLS/JN] cyc= 29/200 obj=3.530905e2 Δobj=-6.924e-1 |δ|∞=2.945e-1 resid=2.094e2 attempts=1 t=0.192s
[INFO] [joint-newton-tr] phase=hessian_qp cycle=30 r=2.376e1
[INFO] [979-PROBE] cyc= 30 firth_armed=true skippable=false |gradPhi|inf=1.149e9 kkt=2.094e2 |beta|inf=5.879e0 endgame=true
[WARN] [gam#979 constrained-QP] cycle=30 path=regularized-newton warm_rows=2 active_set_rows=2 beta_inf=8.0637e0
[INFO] [joint-newton-tr] phase=line_search cycle=30 r=2.376e1 hessian_qp_elapsed=0.164s
[INFO] [PIRLS/joint-Newton/TR cycle=30 attempt=1] reject     ρ=-1.406e1  Δobj=-5.156e1  pred=+3.668e0  r=2.376e1->3.115e0  decision=shrink_reject           |δ|=1.340e1  |δ|∞=1.626e0  |prop|∞=2.883e0
[INFO] [PIRLS/joint-Newton/TR cycle=30 attempt=2] accepted   ρ=+1.061e0  Δobj=+8.908e-1  pred=+8.397e-1  r=3.115e0->6.231e0  decision=grow_at_boundary        |δ|=3.349e0  |δ|∞=4.065e-1  |prop|∞=2.883e0
[INFO] [joint-newton-tr] phase=gradient_reload cycle=30 attempts=2 r=6.231e0
[INFO] [PIRLS/joint-Newton convergence] cycle  30 | step_inf=2.883e0 (tol=7.187e-11) | accepted_step_inf=4.065e-1 | residual=1.573e2 (tol=1.149e-2) | relative_stationarity=1.368e-7 (scale=1.149e9, inner_tol=1.000e-11) | per_block_resid=[4.571e7,1.266e2,4.318e-1] | obj_change=8.908e-1 (tol=3.540e-9) | beta_inf=6.187e0 | per_block_beta_inf=[7.911e-1,3.468e-3,6.187e0]
[INFO] [PIRLS/JN] cyc= 30/200 obj=3.530455e2 Δobj=-8.908e-1 |δ|∞=4.065e-1 resid=1.573e2 attempts=2 t=0.189s
[INFO] [joint-newton-tr] phase=hessian_qp cycle=31 r=6.231e0
[INFO] [979-PROBE] cyc= 31 firth_armed=true skippable=false |gradPhi|inf=1.139e9 kkt=1.573e2 |beta|inf=6.187e0 endgame=true
[WARN] [gam#979 constrained-QP] cycle=31 path=exact-face warm_rows=2 active_set_rows=2 beta_inf=6.7518e0
[INFO] [joint-newton-tr] phase=line_search cycle=31 r=6.231e0 hessian_qp_elapsed=0.159s
[INFO] [PIRLS/joint-Newton/TR cycle=31 attempt=1] accepted   ρ=+8.700e-1  Δobj=+5.724e-1  pred=+6.580e-1  r=6.231e0 (held)  decision=hold_inside             |δ|=5.804e0  |δ|∞=9.714e-1  |prop|∞=9.714e-1
[INFO] [joint-newton-tr] phase=gradient_reload cycle=31 attempts=1 r=6.231e0
[INFO] [PIRLS/joint-Newton convergence] cycle  31 | step_inf=9.714e-1 (tol=7.752e-11) | accepted_step_inf=9.714e-1 | residual=1.503e3 (tol=1.139e-2) | relative_stationarity=1.320e-6 (scale=1.139e9, inner_tol=1.000e-11) | per_block_resid=[4.571e7,1.479e3,1.610e0] | obj_change=5.724e-1 (tol=3.541e-9) | beta_inf=6.752e0 | per_block_beta_inf=[7.780e-1,1.497e-3,6.752e0]
[INFO] [PIRLS/JN] cyc= 31/200 obj=3.530903e2 Δobj=-5.724e-1 |δ|∞=9.714e-1 resid=1.503e3 attempts=1 t=0.181s
[INFO] [joint-newton-tr] phase=hessian_qp cycle=32 r=6.231e0
[INFO] [979-PROBE] cyc= 32 firth_armed=true skippable=false |gradPhi|inf=1.195e9 kkt=1.503e3 |beta|inf=6.752e0 endgame=true
[WARN] [gam#979 constrained-QP] cycle=32 path=exact-face warm_rows=2 active_set_rows=2 beta_inf=7.0783e0
[INFO] [joint-newton-tr] phase=line_search cycle=32 r=6.231e0 hessian_qp_elapsed=0.152s
[INFO] [PIRLS/joint-Newton/TR cycle=32 attempt=1] reject     ρ=-8.841e-1  Δobj=-5.863e-1  pred=+6.632e-1  r=6.231e0->6.663e-1  decision=shrink_reject           |δ|=1.868e0  |δ|∞=4.926e-1  |prop|∞=4.926e-1
[INFO] [PIRLS/joint-Newton/TR cycle=32 attempt=2] accepted   ρ=+7.982e-1  Δobj=+3.970e-1  pred=+4.974e-1  r=6.663e-1->1.333e0  decision=grow_at_boundary        |δ|=9.339e-1  |δ|∞=2.463e-1  |prop|∞=4.926e-1
[INFO] [joint-newton-tr] phase=gradient_reload cycle=32 attempts=2 r=1.333e0
[INFO] [PIRLS/joint-Newton convergence] cycle  32 | step_inf=4.926e-1 (tol=7.915e-11) | accepted_step_inf=2.463e-1 | residual=7.876e2 (tol=1.195e-2) | relative_stationarity=6.590e-7 (scale=1.195e9, inner_tol=1.000e-11) | per_block_resid=[4.571e7,8.012e2,2.948e-1] | obj_change=3.970e-1 (tol=3.538e-9) | beta_inf=6.915e0 | per_block_beta_inf=[7.771e-1,1.479e-3,6.915e0]
[INFO] [PIRLS/JN] cyc= 32/200 obj=3.528489e2 Δobj=-3.970e-1 |δ|∞=2.463e-1 resid=7.876e2 attempts=2 t=0.174s
[INFO] [joint-newton-tr] phase=hessian_qp cycle=33 r=1.333e0
[INFO] [979-PROBE] cyc= 33 firth_armed=true skippable=false |gradPhi|inf=1.209e9 kkt=7.876e2 |beta|inf=6.915e0 endgame=true
[WARN] [gam#979 constrained-QP] cycle=33 path=regularized-newton warm_rows=2 active_set_rows=2 beta_inf=6.9267e0
[INFO] [joint-newton-tr] phase=line_search cycle=33 r=1.333e0 hessian_qp_elapsed=0.149s
[INFO] [PIRLS/joint-Newton/TR cycle=33 attempt=1] accepted   ρ=+9.985e-1  Δobj=+1.692e-2  pred=+1.695e-2  r=1.333e0 (held)  decision=hold_inside             |δ|=6.508e-1  |δ|∞=5.710e-3  |prop|∞=1.169e-2
[INFO] [joint-newton-tr] phase=gradient_reload cycle=33 attempts=1 r=1.333e0
[INFO] [PIRLS/joint-Newton convergence] cycle  33 | step_inf=1.169e-2 (tol=7.921e-11) | accepted_step_inf=5.710e-3 | residual=4.038e2 (tol=1.209e-2) | relative_stationarity=3.339e-7 (scale=1.209e9, inner_tol=1.000e-11) | per_block_resid=[4.571e7,4.179e2,1.387e-1] | obj_change=1.692e-2 (tol=3.538e-9) | beta_inf=6.921e0 | per_block_beta_inf=[7.771e-1,1.471e-3,6.921e0]
[INFO] [PIRLS/JN] cyc= 33/200 obj=3.528340e2 Δobj=-1.692e-2 |δ|∞=5.710e-3 resid=4.038e2 attempts=1 t=0.170s
[INFO] [joint-newton-tr] phase=hessian_qp cycle=34 r=1.333e0
[INFO] [979-PROBE] cyc= 34 firth_armed=true skippable=false |gradPhi|inf=1.209e9 kkt=4.038e2 |beta|inf=6.921e0 endgame=true
[WARN] [gam#979 constrained-QP] cycle=34 path=regularized-newton warm_rows=2 active_set_rows=2 beta_inf=6.9330e0
[INFO] [joint-newton-tr] phase=line_search cycle=34 r=1.333e0 hessian_qp_elapsed=0.147s
[INFO] [PIRLS/joint-Newton/TR cycle=34 attempt=1] accepted   ρ=+9.924e-1  Δobj=+1.180e-2  pred=+1.189e-2  r=1.333e0->2.665e0  decision=grow_at_boundary        |δ|=1.333e0  |δ|∞=1.221e-2  |prop|∞=1.221e-2
[INFO] [joint-newton-tr] phase=gradient_reload cycle=34 attempts=1 r=2.665e0
[INFO] [PIRLS/joint-Newton convergence] cycle  34 | step_inf=1.221e-2 (tol=7.933e-11) | accepted_step_inf=1.221e-2 | residual=4.871e0 (tol=1.209e-2) | relative_stationarity=4.028e-9 (scale=1.209e9, inner_tol=1.000e-11) | per_block_resid=[4.571e7,4.256e1,6.431e-2] | obj_change=1.180e-2 (tol=3.538e-9) | beta_inf=6.933e0 | per_block_beta_inf=[7.772e-1,1.449e-3,6.933e0]
[INFO] [PIRLS/JN] cyc= 34/200 obj=3.528274e2 Δobj=-1.180e-2 |δ|∞=1.221e-2 resid=4.871e0 attempts=1 t=0.169s
[INFO] [joint-newton-tr] phase=hessian_qp cycle=35 r=2.665e0
[INFO] [979-PROBE] cyc= 35 firth_armed=true skippable=false |gradPhi|inf=1.210e9 kkt=4.871e0 |beta|inf=6.933e0 endgame=true
[WARN] [gam#979 constrained-QP] cycle=35 path=regularized-newton warm_rows=2 active_set_rows=2 beta_inf=7.2676e0
[INFO] [joint-newton-tr] phase=line_search cycle=35 r=2.665e0 hessian_qp_elapsed=0.148s
[INFO] [PIRLS/joint-Newton/TR cycle=35 attempt=1] accepted   ρ=+9.081e-1  Δobj=+1.034e-1  pred=+1.138e-1  r=2.665e0->5.330e0  decision=grow_at_boundary        |δ|=2.665e0  |δ|∞=3.347e-1  |prop|∞=3.347e-1
[INFO] [joint-newton-tr] phase=gradient_reload cycle=35 attempts=1 r=5.330e0
[INFO] [PIRLS/joint-Newton convergence] cycle  35 | step_inf=3.347e-1 (tol=8.268e-11) | accepted_step_inf=3.347e-1 | residual=7.876e2 (tol=1.210e-2) | relative_stationarity=6.510e-7 (scale=1.210e9, inner_tol=1.000e-11) | per_block_resid=[4.571e7,7.754e2,6.420e-1] | obj_change=1.034e-1 (tol=3.538e-9) | beta_inf=7.268e0 | per_block_beta_inf=[7.800e-1,1.025e-3,7.268e0]
[INFO] [PIRLS/JN] cyc= 35/200 obj=3.528412e2 Δobj=-1.034e-1 |δ|∞=3.347e-1 resid=7.876e2 attempts=1 t=0.170s
[INFO] [joint-newton-tr] phase=hessian_qp cycle=36 r=5.330e0
[INFO] [979-PROBE] cyc= 36 firth_armed=true skippable=false |gradPhi|inf=1.221e9 kkt=7.876e2 |beta|inf=7.268e0 endgame=true
[WARN] [gam#979 constrained-QP] cycle=36 path=exact-face warm_rows=2 active_set_rows=2 beta_inf=7.5365e0
[INFO] [joint-newton-tr] phase=line_search cycle=36 r=5.330e0 hessian_qp_elapsed=0.148s
[INFO] [PIRLS/joint-Newton/TR cycle=36 attempt=1] accepted   ρ=+1.137e0  Δobj=+7.404e-2  pred=+6.510e-2  r=5.330e0 (held)  decision=hold_inside             |δ|=2.109e0  |δ|∞=2.688e-1  |prop|∞=2.688e-1
[INFO] [joint-newton-tr] phase=gradient_reload cycle=36 attempts=1 r=5.330e0
[INFO] [PIRLS/joint-Newton convergence] cycle  36 | step_inf=2.688e-1 (tol=8.536e-11) | accepted_step_inf=2.688e-1 | residual=2.583e2 (tol=1.221e-2) | relative_stationarity=2.116e-7 (scale=1.221e9, inner_tol=1.000e-11) | per_block_resid=[4.571e7,2.821e2,9.659e-2] | obj_change=7.404e-2 (tol=3.538e-9) | beta_inf=7.536e0 | per_block_beta_inf=[7.791e-1,7.561e-4,7.536e0]
[INFO] [PIRLS/JN] cyc= 36/200 obj=3.528264e2 Δobj=-7.404e-2 |δ|∞=2.688e-1 resid=2.583e2 attempts=1 t=0.170s
[INFO] [joint-newton-tr] phase=hessian_qp cycle=37 r=5.330e0
[INFO] [979-PROBE] cyc= 37 firth_armed=true skippable=false |gradPhi|inf=1.226e9 kkt=2.583e2 |beta|inf=7.536e0 endgame=true
[WARN] [gam#979 constrained-QP] cycle=37 path=exact-face warm_rows=2 active_set_rows=2 beta_inf=8.0574e0
[INFO] [joint-newton-tr] phase=line_search cycle=37 r=5.330e0 hessian_qp_elapsed=0.146s
[INFO] [PIRLS/joint-Newton/TR cycle=37 attempt=1] reject     ρ=-5.193e0  Δobj=-2.337e-1  pred=+4.500e-2  r=5.330e0->1.298e0  decision=shrink_reject           |δ|=3.832e0  |δ|∞=5.209e-1  |prop|∞=5.209e-1
[INFO] [PIRLS/joint-Newton/TR cycle=37 attempt=2] accepted   ρ=+8.664e-1  Δobj=+2.451e-2  pred=+2.829e-2  r=1.298e0->2.595e0  decision=grow_at_boundary        |δ|=1.497e0  |δ|∞=2.035e-1  |prop|∞=5.209e-1
[INFO] [joint-newton-tr] phase=gradient_reload cycle=37 attempts=2 r=2.595e0
[INFO] [PIRLS/joint-Newton convergence] cycle  37 | step_inf=5.209e-1 (tol=8.740e-11) | accepted_step_inf=2.035e-1 | residual=3.799e2 (tol=1.226e-2) | relative_stationarity=3.099e-7 (scale=1.226e9, inner_tol=1.000e-11) | per_block_resid=[4.571e7,3.693e2,3.376e-1] | obj_change=2.451e-2 (tol=3.538e-9) | beta_inf=7.740e0 | per_block_beta_inf=[7.795e-1,6.447e-4,7.740e0]
[INFO] [PIRLS/JN] cyc= 37/200 obj=3.528246e2 Δobj=-2.451e-2 |δ|∞=2.035e-1 resid=3.799e2 attempts=2 t=0.169s
[INFO] [joint-newton-tr] phase=hessian_qp cycle=38 r=2.595e0
[INFO] [979-PROBE] cyc= 38 firth_armed=true skippable=false |gradPhi|inf=1.228e9 kkt=3.799e2 |beta|inf=7.740e0 endgame=true
[WARN] [gam#979 constrained-QP] cycle=38 path=exact-face warm_rows=2 active_set_rows=2 beta_inf=7.9504e0
[INFO] [joint-newton-tr] phase=line_search cycle=38 r=2.595e0 hessian_qp_elapsed=0.145s
[INFO] [PIRLS/joint-Newton/TR cycle=38 attempt=1] accepted   ρ=+1.284e0  Δobj=+2.237e-2  pred=+1.742e-2  r=2.595e0 (held)  decision=hold_inside             |δ|=1.590e0  |δ|∞=2.105e-1  |prop|∞=2.105e-1
[INFO] [joint-newton-tr] phase=gradient_reload cycle=38 attempts=1 r=2.595e0
[INFO] [PIRLS/joint-Newton convergence] cycle  38 | step_inf=2.105e-1 (tol=8.950e-11) | accepted_step_inf=2.105e-1 | residual=4.066e2 (tol=1.228e-2) | relative_stationarity=3.311e-7 (scale=1.228e9, inner_tol=1.000e-11) | per_block_resid=[4.571e7,4.005e2,1.625e-1] | obj_change=2.237e-2 (tol=3.538e-9) | beta_inf=7.950e0 | per_block_beta_inf=[7.796e-1,5.199e-4,7.950e0]
[INFO] [PIRLS/JN] cyc= 38/200 obj=3.528206e2 Δobj=-2.237e-2 |δ|∞=2.105e-1 resid=4.066e2 attempts=1 t=0.166s
[INFO] [joint-newton-tr] phase=hessian_qp cycle=39 r=2.595e0
[INFO] [979-PROBE] cyc= 39 firth_armed=true skippable=false |gradPhi|inf=1.230e9 kkt=4.066e2 |beta|inf=7.950e0 endgame=true
[WARN] [gam#979 constrained-QP] cycle=39 path=exact-face warm_rows=2 active_set_rows=2 beta_inf=8.1990e0
[INFO] [joint-newton-tr] phase=line_search cycle=39 r=2.595e0 hessian_qp_elapsed=0.147s
[INFO] [PIRLS/joint-Newton/TR cycle=39 attempt=1] accepted   ρ=+9.536e-1  Δobj=+9.388e-3  pred=+9.845e-3  r=2.595e0 (held)  decision=hold_inside             |δ|=1.902e0  |δ|∞=2.485e-1  |prop|∞=2.485e-1
[INFO] [joint-newton-tr] phase=gradient_reload cycle=39 attempts=1 r=2.595e0
[INFO] [PIRLS/joint-Newton convergence] cycle  39 | step_inf=2.485e-1 (tol=9.199e-11) | accepted_step_inf=2.485e-1 | residual=7.450e2 (tol=1.230e-2) | relative_stationarity=6.058e-7 (scale=1.230e9, inner_tol=1.000e-11) | per_block_resid=[4.571e7,7.396e2,3.422e-1] | obj_change=9.388e-3 (tol=3.538e-9) | beta_inf=8.199e0 | per_block_beta_inf=[7.794e-1,4.098e-4,8.199e0]
[INFO] [PIRLS/JN] cyc= 39/200 obj=3.528244e2 Δobj=-9.388e-3 |δ|∞=2.485e-1 resid=7.450e2 attempts=1 t=0.169s
[INFO] [joint-newton-tr] phase=hessian_qp cycle=40 r=2.595e0
[INFO] [979-PROBE] cyc= 40 firth_armed=true skippable=false |gradPhi|inf=1.231e9 kkt=7.450e2 |beta|inf=8.199e0 endgame=true
[WARN] [gam#979 constrained-QP] cycle=40 path=exact-face warm_rows=2 active_set_rows=2 beta_inf=8.3229e0
[INFO] [joint-newton-tr] phase=line_search cycle=40 r=2.595e0 hessian_qp_elapsed=0.146s
[INFO] [PIRLS/joint-Newton/TR cycle=40 attempt=1] accepted   ρ=+1.167e0  Δobj=+9.920e-3  pred=+8.499e-3  r=2.595e0 (held)  decision=hold_inside             |δ|=9.038e-1  |δ|∞=1.240e-1  |prop|∞=1.240e-1
[INFO] [joint-newton-tr] phase=gradient_reload cycle=40 attempts=1 r=2.595e0
[INFO] [PIRLS/joint-Newton convergence] cycle  40 | step_inf=1.240e-1 (tol=9.323e-11) | accepted_step_inf=1.240e-1 | residual=1.146e2 (tol=1.231e-2) | relative_stationarity=9.310e-8 (scale=1.231e9, inner_tol=1.000e-11) | per_block_resid=[4.571e7,1.103e2,1.762e-2] | obj_change=9.920e-3 (tol=3.538e-9) | beta_inf=8.323e0 | per_block_beta_inf=[7.795e-1,3.653e-4,8.323e0]
[INFO] [PIRLS/JN] cyc= 40/200 obj=3.528193e2 Δobj=-9.920e-3 |δ|∞=1.240e-1 resid=1.146e2 attempts=1 t=0.167s
[INFO] [joint-newton-tr] phase=hessian_qp cycle=41 r=2.595e0
[INFO] [979-PROBE] cyc= 41 firth_armed=true skippable=false |gradPhi|inf=1.231e9 kkt=1.146e2 |beta|inf=8.323e0 endgame=true
[WARN] [gam#979 constrained-QP] cycle=41 path=regularized-newton warm_rows=2 active_set_rows=2 beta_inf=8.6437e0
[INFO] [joint-newton-tr] phase=line_search cycle=41 r=2.595e0 hessian_qp_elapsed=0.144s
[INFO] [PIRLS/joint-Newton/TR cycle=41 attempt=1] reject     ρ=-2.476e0  Δobj=-1.636e-2  pred=+6.609e-3  r=2.595e0->6.489e-1  decision=shrink_reject           |δ|=2.595e0  |δ|∞=3.208e-1  |prop|∞=3.208e-1
[INFO] [PIRLS/joint-Newton/TR cycle=41 attempt=2] accepted   ρ=+9.717e-1  Δobj=+2.564e-3  pred=+2.639e-3  r=6.489e-1->1.298e0  decision=grow_at_boundary        |δ|=7.239e-1  |δ|∞=8.947e-2  |prop|∞=3.208e-1
[INFO] [joint-newton-tr] phase=gradient_reload cycle=41 attempts=2 r=1.298e0
[INFO] [PIRLS/joint-Newton convergence] cycle  41 | step_inf=3.208e-1 (tol=9.412e-11) | accepted_step_inf=8.947e-2 | residual=2.074e2 (tol=1.231e-2) | relative_stationarity=1.684e-7 (scale=1.231e9, inner_tol=1.000e-11) | per_block_resid=[4.571e7,2.034e2,6.027e-2] | obj_change=2.564e-3 (tol=3.538e-9) | beta_inf=8.412e0 | per_block_beta_inf=[7.795e-1,3.356e-4,8.412e0]
[INFO] [PIRLS/JN] cyc= 41/200 obj=3.528193e2 Δobj=-2.564e-3 |δ|∞=8.947e-2 resid=2.074e2 attempts=2 t=0.167s
[INFO] [joint-newton-tr] phase=hessian_qp cycle=42 r=1.298e0
[INFO] [979-PROBE] cyc= 42 firth_armed=true skippable=false |gradPhi|inf=1.232e9 kkt=2.074e2 |beta|inf=8.412e0 endgame=true
[WARN] [gam#979 constrained-QP] cycle=42 path=regularized-newton warm_rows=2 active_set_rows=2 beta_inf=8.5731e0
[INFO] [joint-newton-tr] phase=line_search cycle=42 r=1.298e0 hessian_qp_elapsed=0.146s
[INFO] [PIRLS/joint-Newton/TR cycle=42 attempt=1] accepted   ρ=+9.613e-1  Δobj=+3.048e-3  pred=+3.171e-3  r=1.298e0->2.595e0  decision=grow_at_boundary        |δ|=1.298e0  |δ|∞=1.607e-1  |prop|∞=1.607e-1
[INFO] [joint-newton-tr] phase=gradient_reload cycle=42 attempts=1 r=2.595e0
[INFO] [PIRLS/joint-Newton convergence] cycle  42 | step_inf=1.607e-1 (tol=9.573e-11) | accepted_step_inf=1.607e-1 | residual=4.824e2 (tol=1.232e-2) | relative_stationarity=3.917e-7 (scale=1.232e9, inner_tol=1.000e-11) | per_block_resid=[4.571e7,4.775e2,1.498e-1] | obj_change=3.048e-3 (tol=3.538e-9) | beta_inf=8.573e0 | per_block_beta_inf=[7.794e-1,2.858e-4,8.573e0]
[INFO] [PIRLS/JN] cyc= 42/200 obj=3.528201e2 Δobj=-3.048e-3 |δ|∞=1.607e-1 resid=4.824e2 attempts=1 t=0.168s
[INFO] [joint-newton-tr] phase=hessian_qp cycle=43 r=2.595e0
[INFO] [979-PROBE] cyc= 43 firth_armed=true skippable=false |gradPhi|inf=1.232e9 kkt=4.824e2 |beta|inf=8.573e0 endgame=true
[WARN] [gam#979 constrained-QP] cycle=43 path=exact-face warm_rows=2 active_set_rows=2 beta_inf=8.6895e0
[INFO] [joint-newton-tr] phase=line_search cycle=43 r=2.595e0 hessian_qp_elapsed=0.145s
[INFO] [PIRLS/joint-Newton/TR cycle=43 attempt=1] accepted   ρ=+1.313e0  Δobj=+2.921e-3  pred=+2.225e-3  r=2.595e0 (held)  decision=hold_inside             |δ|=9.346e-1  |δ|∞=1.164e-1  |prop|∞=1.164e-1
[INFO] [joint-newton-tr] phase=gradient_reload cycle=43 attempts=1 r=2.595e0
[INFO] [PIRLS/joint-Newton convergence] cycle  43 | step_inf=1.164e-1 (tol=9.690e-11) | accepted_step_inf=1.164e-1 | residual=2.108e2 (tol=1.232e-2) | relative_stationarity=1.711e-7 (scale=1.232e9, inner_tol=1.000e-11) | per_block_resid=[4.571e7,2.077e2,5.655e-2] | obj_change=2.921e-3 (tol=3.538e-9) | beta_inf=8.690e0 | per_block_beta_inf=[7.794e-1,2.542e-4,8.690e0]
[INFO] [PIRLS/JN] cyc= 43/200 obj=3.528193e2 Δobj=-2.921e-3 |δ|∞=1.164e-1 resid=2.108e2 attempts=1 t=0.167s
[INFO] [joint-newton-tr] phase=hessian_qp cycle=44 r=2.595e0
[INFO] [979-PROBE] cyc= 44 firth_armed=true skippable=false |gradPhi|inf=1.232e9 kkt=2.108e2 |beta|inf=8.690e0 endgame=true
[WARN] [gam#979 constrained-QP] cycle=44 path=exact-face warm_rows=2 active_set_rows=2 beta_inf=8.8772e0
[INFO] [joint-newton-tr] phase=line_search cycle=44 r=2.595e0 hessian_qp_elapsed=0.144s
[INFO] [PIRLS/joint-Newton/TR cycle=44 attempt=1] accepted   ρ=+3.577e-1  Δobj=+5.903e-4  pred=+1.650e-3  r=2.595e0 (held)  decision=hold_moderate           |δ|=1.528e0  |δ|∞=1.877e-1  |prop|∞=1.877e-1
[INFO] [joint-newton-tr] phase=gradient_reload cycle=44 attempts=1 r=2.595e0
[INFO] [PIRLS/joint-Newton convergence] cycle  44 | step_inf=1.877e-1 (tol=9.877e-11) | accepted_step_inf=1.877e-1 | residual=9.576e2 (tol=1.232e-2) | relative_stationarity=7.771e-7 (scale=1.232e9, inner_tol=1.000e-11) | per_block_resid=[4.571e7,9.548e2,2.238e-1] | obj_change=5.903e-4 (tol=3.538e-9) | beta_inf=8.877e0 | per_block_beta_inf=[7.794e-1,2.095e-4,8.877e0]
[INFO] [PIRLS/JN] cyc= 44/200 obj=3.528212e2 Δobj=-5.903e-4 |δ|∞=1.877e-1 resid=9.576e2 attempts=1 t=0.166s
[INFO] [joint-newton-tr] phase=hessian_qp cycle=45 r=2.595e0
[INFO] [979-PROBE] cyc= 45 firth_armed=true skippable=false |gradPhi|inf=1.232e9 kkt=9.576e2 |beta|inf=8.877e0 endgame=true
[WARN] [gam#979 constrained-QP] cycle=45 path=exact-face warm_rows=2 active_set_rows=2 beta_inf=8.9393e0
[INFO] [joint-newton-tr] phase=line_search cycle=45 r=2.595e0 hessian_qp_elapsed=0.145s
[INFO] [PIRLS/joint-Newton/TR cycle=45 attempt=1] accepted   ρ=+1.070e0  Δobj=+2.692e-3  pred=+2.516e-3  r=2.595e0 (held)  decision=hold_inside             |δ|=4.132e-1  |δ|∞=6.214e-2  |prop|∞=6.214e-2
[INFO] [joint-newton-tr] phase=gradient_reload cycle=45 attempts=1 r=2.595e0
[INFO] [PIRLS/joint-Newton convergence] cycle  45 | step_inf=6.214e-2 (tol=9.939e-11) | accepted_step_inf=6.214e-2 | residual=2.722e1 (tol=1.232e-2) | relative_stationarity=2.209e-8 (scale=1.232e9, inner_tol=1.000e-11) | per_block_resid=[4.571e7,3.341e1,3.907e-3] | obj_change=2.692e-3 (tol=3.538e-9) | beta_inf=8.939e0 | per_block_beta_inf=[7.794e-1,1.997e-4,8.939e0]
[INFO] [PIRLS/JN] cyc= 45/200 obj=3.528192e2 Δobj=-2.692e-3 |δ|∞=6.214e-2 resid=2.722e1 attempts=1 t=0.167s
[INFO] [joint-newton-tr] phase=hessian_qp cycle=46 r=2.595e0
[INFO] [979-PROBE] cyc= 46 firth_armed=true skippable=false |gradPhi|inf=1.232e9 kkt=2.722e1 |beta|inf=8.939e0 endgame=true
[WARN] [gam#979 constrained-QP] cycle=46 path=regularized-newton warm_rows=2 active_set_rows=2 beta_inf=8.9426e0
[INFO] [joint-newton-tr] phase=line_search cycle=46 r=2.595e0 hessian_qp_elapsed=0.146s
[INFO] [PIRLS/joint-Newton/TR cycle=46 attempt=1] accepted   ρ=+9.997e-1  Δobj=+2.005e-5  pred=+2.006e-5  r=2.595e0 (held)  decision=hold_inside             |δ|=1.436e0  |δ|∞=1.835e-3  |prop|∞=3.317e-3
[INFO] [joint-newton-tr] phase=gradient_reload cycle=46 attempts=1 r=2.595e0
[INFO] [PIRLS/joint-Newton convergence] cycle  46 | step_inf=3.317e-3 (tol=9.941e-11) | accepted_step_inf=1.835e-3 | residual=1.203e1 (tol=1.232e-2) | relative_stationarity=9.757e-9 (scale=1.232e9, inner_tol=1.000e-11) | per_block_resid=[4.571e7,1.826e1,1.522e-3] | obj_change=2.005e-5 (tol=3.538e-9) | beta_inf=8.941e0 | per_block_beta_inf=[7.794e-1,1.993e-4,8.941e0]
[INFO] [PIRLS/JN] cyc= 46/200 obj=3.528191e2 Δobj=-2.005e-5 |δ|∞=1.835e-3 resid=1.203e1 attempts=1 t=0.169s
[INFO] [joint-newton-tr] phase=hessian_qp cycle=47 r=2.595e0
[INFO] [979-PROBE] cyc= 47 firth_armed=true skippable=false |gradPhi|inf=1.232e9 kkt=1.203e1 |beta|inf=8.941e0 endgame=true
[WARN] [gam#979 constrained-QP] cycle=47 path=regularized-newton warm_rows=2 active_set_rows=2 beta_inf=8.9445e0
[INFO] [joint-newton-tr] phase=line_search cycle=47 r=2.595e0 hessian_qp_elapsed=0.155s
[INFO] [PIRLS/joint-Newton/TR cycle=47 attempt=1] accepted   ρ=+9.998e-1  Δobj=+2.524e-5  pred=+2.525e-5  r=2.595e0->3.812e0  decision=hold_inside             |δ|=1.906e0  |δ|∞=2.441e-3  |prop|∞=3.324e-3
[INFO] [joint-newton-tr] phase=gradient_reload cycle=47 attempts=1 r=3.812e0
[INFO] [PIRLS/joint-Newton convergence] cycle  47 | step_inf=3.324e-3 (tol=9.944e-11) | accepted_step_inf=2.441e-3 | residual=3.005e0 (tol=1.232e-2) | relative_stationarity=2.438e-9 (scale=1.232e9, inner_tol=1.000e-11) | per_block_resid=[4.571e7,1.334e1,1.437e-3] | obj_change=2.524e-5 (tol=3.538e-9) | beta_inf=8.944e0 | per_block_beta_inf=[7.794e-1,1.988e-4,8.944e0]
[INFO] [PIRLS/JN] cyc= 47/200 obj=3.528191e2 Δobj=-2.524e-5 |δ|∞=2.441e-3 resid=3.005e0 attempts=1 t=0.178s
[INFO] [joint-newton-tr] phase=hessian_qp cycle=48 r=3.812e0
[INFO] [979-PROBE] cyc= 48 firth_armed=true skippable=false |gradPhi|inf=1.232e9 kkt=3.005e0 |beta|inf=8.944e0 endgame=true
[WARN] [gam#979 constrained-QP] cycle=48 path=regularized-newton warm_rows=2 active_set_rows=2 beta_inf=8.9485e0
[INFO] [joint-newton-tr] phase=line_search cycle=48 r=3.812e0 hessian_qp_elapsed=0.150s
[INFO] [PIRLS/joint-Newton/TR cycle=48 attempt=1] accepted   ρ=+9.999e-1  Δobj=+4.918e-5  pred=+4.918e-5  r=3.812e0->7.623e0  decision=grow_at_boundary        |δ|=3.812e0  |δ|∞=4.902e-3  |prop|∞=4.902e-3
[INFO] [joint-newton-tr] phase=gradient_reload cycle=48 attempts=1 r=7.623e0
[INFO] [PIRLS/joint-Newton convergence] cycle  48 | step_inf=4.902e-3 (tol=9.949e-11) | accepted_step_inf=4.902e-3 | residual=1.006e0 (tol=1.232e-2) | relative_stationarity=8.161e-10 (scale=1.232e9, inner_tol=1.000e-11) | per_block_resid=[4.571e7,1.176e1,1.161e-3] | obj_change=4.918e-5 (tol=3.538e-9) | beta_inf=8.949e0 | per_block_beta_inf=[7.794e-1,1.978e-4,8.949e0]
[INFO] [PIRLS/JN] cyc= 48/200 obj=3.528191e2 Δobj=-4.918e-5 |δ|∞=4.902e-3 resid=1.006e0 attempts=1 t=0.171s
[INFO] [joint-newton-tr] phase=hessian_qp cycle=49 r=7.623e0
[INFO] [979-PROBE] cyc= 49 firth_armed=true skippable=false |gradPhi|inf=1.232e9 kkt=1.006e0 |beta|inf=8.949e0 endgame=true
[WARN] [gam#979 constrained-QP] cycle=49 path=exact-face warm_rows=2 active_set_rows=2 beta_inf=9.4469e0
[INFO] [joint-newton-tr] phase=line_search cycle=49 r=7.623e0 hessian_qp_elapsed=0.146s
[INFO] [PIRLS/joint-Newton/TR cycle=49 attempt=1] reject     ρ=-7.928e1  Δobj=-1.890e-1  pred=+2.384e-3  r=7.623e0->1.298e0  decision=shrink_reject           |δ|=4.248e0  |δ|∞=4.984e-1  |prop|∞=4.984e-1
[INFO] [PIRLS/joint-Newton/TR cycle=49 attempt=2] reject     ρ=-1.602e-1  Δobj=-2.139e-4  pred=+1.335e-3  r=1.298e0->8.916e-1  decision=shrink_reject           |δ|=1.430e0  |δ|∞=1.678e-1  |prop|∞=4.984e-1
[INFO] [PIRLS/joint-Newton/TR cycle=49 attempt=3] accepted   ρ=+9.877e-1  Δobj=+3.797e-4  pred=+3.844e-4  r=8.916e-1 (held)  decision=hold_inside             |δ|=3.575e-1  |δ|∞=4.194e-2  |prop|∞=4.984e-1
[INFO] [joint-newton-tr] phase=gradient_reload cycle=49 attempts=3 r=8.916e-1
[INFO] [PIRLS/joint-Newton convergence] cycle  49 | step_inf=4.984e-1 (tol=9.990e-11) | accepted_step_inf=4.194e-2 | residual=5.667e1 (tol=1.232e-2) | relative_stationarity=4.598e-8 (scale=1.232e9, inner_tol=1.000e-11) | per_block_resid=[4.571e7,5.416e1,1.201e-2] | obj_change=3.797e-4 (tol=3.538e-9) | beta_inf=8.990e0 | per_block_beta_inf=[7.794e-1,1.896e-4,8.990e0]
[INFO] [PIRLS/JN] cyc= 49/200 obj=3.528192e2 -loglik=3.522232e2 pen=5.959e-1 Δobj=-3.797e-4 |δ|∞=4.984e-1 accepted_|δ|∞=4.194e-2 resid=5.667e1 (tol=1.232e-2) rel_stat=4.598e-8 (scale=1.232e9) obj_tol=3.538e-9 step_tol=9.990e-11 |β|∞=8.990e0 attempts=3 t=0.169s
[INFO] [joint-newton-tr] phase=hessian_qp cycle=50 r=8.916e-1
[INFO] [979-PROBE] cyc= 50 firth_armed=true skippable=false |gradPhi|inf=1.233e9 kkt=5.667e1 |beta|inf=8.990e0 endgame=true
[WARN] [gam#979 constrained-QP] cycle=50 path=regularized-newton warm_rows=2 active_set_rows=2 beta_inf=9.0982e0
[INFO] [joint-newton-tr] phase=line_search cycle=50 r=8.916e-1 hessian_qp_elapsed=0.144s
[INFO] [PIRLS/joint-Newton/TR cycle=50 attempt=1] accepted   ρ=+9.652e-1  Δobj=+5.770e-4  pred=+5.978e-4  r=8.916e-1 (held)  decision=hold_inside             |δ|=6.438e-1  |δ|∞=7.779e-2  |prop|∞=1.077e-1
[INFO] [joint-newton-tr] phase=gradient_reload cycle=50 attempts=1 r=8.916e-1
[INFO] [PIRLS/joint-Newton convergence] cycle  50 | step_inf=1.077e-1 (tol=1.007e-10) | accepted_step_inf=7.779e-2 | residual=2.054e2 (tol=1.233e-2) | relative_stationarity=1.667e-7 (scale=1.233e9, inner_tol=1.000e-11) | per_block_resid=[4.571e7,2.030e2,3.827e-2] | obj_change=5.770e-4 (tol=3.538e-9) | beta_inf=9.068e0 | per_block_beta_inf=[7.794e-1,1.756e-4,9.068e0]
[INFO] [PIRLS/JN] cyc= 50/200 obj=3.528192e2 Δobj=-5.770e-4 |δ|∞=7.779e-2 resid=2.054e2 attempts=1 t=0.166s
[WARN] [PIRLS/joint-Newton convergence] cycle  50 | residual-stall early-exit: residual=2.054e2 relative_stationarity=1.667e-7 (scale=1.233e9, inner_tol=1.000e-11) best_seen=7.298e-1 no_improve_cycles=35 accepted_step_inf=7.779e-2 trust_radius=8.916e-1 block_stationarity_inf=[45709273.90322281, 203.0215322235397, 0.03826858617621878] last_newton_math={old_kkt=5.667e1, linearized_next=1.187e9, actual=+5.770e-4, pred=+5.978e-4, rho=+9.652e-1, scalar_relerr=2.081e-5, step_inf=7.779e-2, proposal_inf=1.077e-1}; returning unconverged with finite β so the outer optimizer rejects this ρ evaluation before inner_max_cycles.
[WARN] [PIRLS/joint-Newton terminal] converged=false terminator=early-exit non-converged (divergence/stall guard) cycles=51/200 jeffreys_completion_calls=38 solve_wall=7.991s best_residual_inf=7.298e-1 (tol=4.571e-4) last_residual_below_tol=false last_obj_change_below_tol=false objective=3.528192e2; this is the status the inner solve reports to the outer REML/LAML evaluation — a non-converged exit (residual ≫ tol with only the objective stalled) is rejected, not accepted
[WARN] coupled exact-joint inner solve exited the joint Newton path before convergence — cycle=50 cert REFUSED: residual=2.054e2 > tol=4.930e-2; carrying-block: time_transform (idx=0, |g|=4.571e7, |Sβ|=5.275e-2, |∇L-Sβ|=4.571e7, |β|=7.794e-1, width=12); block_names=["time_transform", "threshold", "log_sigma"], block_widths=[12, 7, 8], block_grad_inf=[45709273.901130036, 203.021621778851, 0.35652804873843064], block_penalty_grad_inf=[0.05275344007596818, 8.955531127929518e-5, 0.3565501960305225], block_residual_inf=[45709273.90322281, 203.0215322235397, 0.03826858617621878]; H_pen spectrum: λ_max=2.089e15, λ_min=1.196e-2, cond=1.747e17, nullity@1e-10=19 (of 27 eigenvalues); free-null diagnostic: time_transform (idx=0, |u_block|∞=5.933e-1, |uᵀg_proj|=5.175e-2, curv(uᵀH_pen u)=6.671e2, curv_lik(uᵀH_lik u)=6.670e2, λ_max(H_lik)=2.089e15); cert math: linearized_rel=2.058e7, scalar_relerr=2.081e-5, |Δobj|=5.770e-4, accepted_step_inf=7.779e-2, proposal_step_inf=1.077e-1, trust_radius=8.916e-1, |β|∞=9.068e0, active_set_rows_total=2; diagnosis: rank_deficient_H_pen; check whether the named block has a structural or numerical null direction not identified by the likelihood/penalty combination; for Duchon-style smooths this may be a polynomial null space, while marginal-slope fits can also expose callback-owned weak directions; returning a non-converged inner mode for outer-rho rejection
[WARN] [OUTER] custom family: rejecting seed 0 before solver start: recoverable objective evaluation failure: outer eval failed: Custom-family fit failed: custom-family inner solve did not converge after 51 cycle(s) [joint-Newton terminal cycle 50: stationarity_residual=5.666974e1 (tol=4.570927e-4), relative_stationarity=1.239786e-6 (= residual/(1+scale), scale=4.570927e7; THIS is the comparable column, not residual/tol), step_inf=1.077433e-1 (tol=9.990442e-11), resolvable_negative_curvature=false, best_stationarity_residual=7.298169e-1 (last improved 34 cycle(s) before this one), termination=cycle budget] (this solver path emits no typed projected-KKT diagnostic, so neither a residual nor a tolerance was recorded — read the terminal decision variables above instead); refusing to expose profile objective derivatives for theta_dim=5 (rho_dim=5, psi_dim=0). The analytic outer gradient/Hessian require the inner KKT equation F_beta(beta, theta)=0; returning a value with zero or shape-only derivatives is mathematically inconsistent. This trial point is infeasible; the outer search may step away from it.
[INFO] [joint-newton-tr] phase=hessian_qp cycle=0 r=1.000e0
[INFO] [979-PROBE] cyc=  0 firth_armed=true skippable=false |gradPhi|inf=1.738e7 kkt=1.738e7 |beta|inf=6.717e-1 endgame=false
[INFO] [JN-BRANCH-DIAG #1040] cycle=0 joint_constraints_is_some=true matrix_free_joint_requested=false joint_hessian_is_dense=true solve_joint_constraints_dense=true -> branch=CONSTRAINED_QP total_p=27 levenberg_on_ill_cond=false
[WARN] [joint-newton spectrum gam#979] λ_max=4.768644e13 null_cutoff=4.768644e3 numerical_floor=5.501954e-2 band_modes=10 cert_null_modes=14 (band now resolved by the step; cert still classifies on null_cutoff)
[INFO] [JN-REFLECT-DIAG #1040] cycle=0 CONSTRAINED_QP lambda_min_signed_raw=-2.762e15 lambda_min_signed_reflected=1.738e4 nullity=14 condition=1.503e8 (reflection CHANGED the spectrum)
[WARN] [gam#979 constrained-QP] cycle=0 path=linear warm_rows=0 active_set_rows=0 beta_inf=6.3871e-1
[INFO] [joint-newton-tr] phase=line_search cycle=0 r=1.000e0 hessian_qp_elapsed=0.019s
[INFO] [PIRLS/joint-Newton/TR cycle=0 attempt=1] accepted   ρ=+2.017e-13  Δobj=+9.950e0  pred=+4.932e13  r=1.438e0->3.594e-1  decision=shrink_marginal_accept  |δ|=1.438e0  |δ|∞=1.245e-1  |prop|∞=3.860e-2
[INFO] [joint-newton-tr] phase=gradient_reload cycle=0 attempts=1 r=3.594e-1
[INFO] [PIRLS/joint-Newton convergence] cycle   0 | step_inf=3.860e-2 (tol=1.672e-11) | accepted_step_inf=1.245e-1 | residual=6.708e2 (tol=1.738e-4) | relative_stationarity=3.860e-5 (scale=1.738e7, inner_tol=1.000e-11) | per_block_resid=[6.704e2,4.600e0,4.643e0] | obj_change=9.950e0 (tol=1.144e-8) | beta_inf=6.717e-1 | per_block_beta_inf=[6.717e-1,1.245e-1,1.188e-8]
[INFO] [PIRLS/JN] cyc=  0/200 obj=1.142933e3 -loglik=1.142929e3 pen=4.112e-3 Δobj=-9.950e0 |δ|∞=3.860e-2 accepted_|δ|∞=1.245e-1 resid=6.708e2 (tol=1.738e-4) rel_stat=3.860e-5 (scale=1.738e7) obj_tol=1.144e-8 step_tol=1.672e-11 |β|∞=6.717e-1 attempts=1 t=0.041s
[INFO] [joint-newton-tr] phase=hessian_qp cycle=1 r=3.594e-1
[INFO] [979-PROBE] cyc=  1 firth_armed=true skippable=false |gradPhi|inf=3.216e0 kkt=6.708e2 |beta|inf=6.717e-1 endgame=false
[INFO] [JN-REFLECT-DIAG #1040] cycle=1 CONSTRAINED_QP lambda_min_signed_raw=-2.617e1 lambda_min_signed_reflected=1.368e1 nullity=0 condition=9.972e1 (reflection CHANGED the spectrum)
[WARN] [gam#979 constrained-QP] cycle=1 path=linear warm_rows=0 active_set_rows=4 beta_inf=5.2480e-1
[INFO] [joint-newton-tr] phase=line_search cycle=1 r=3.594e-1 hessian_qp_elapsed=0.002s
[INFO] [PIRLS/joint-Newton/TR cycle=1 attempt=1] accepted   ρ=+1.000e0  Δobj=+3.081e1  pred=+3.081e1  r=3.594e-1->7.188e-1  decision=grow_at_boundary        |δ|=3.594e-1  |δ|∞=9.306e-3  |prop|∞=6.717e-1
[INFO] [joint-newton-tr] phase=gradient_reload cycle=1 attempts=1 r=7.188e-1
[INFO] [PIRLS/joint-Newton convergence] cycle   1 | step_inf=6.717e-1 (tol=1.663e-11) | accepted_step_inf=9.306e-3 | residual=6.599e2 (tol=6.604e-9) | relative_stationarity=9.991e-1 (scale=6.594e2, inner_tol=1.000e-11) | per_block_resid=[6.594e2,4.549e0,4.554e0] | obj_change=3.081e1 (tol=1.113e-8) | beta_inf=6.633e-1 | per_block_beta_inf=[6.633e-1,1.249e-1,5.083e-4]
[INFO] [PIRLS/JN] cyc=  1/200 obj=1.112139e3 Δobj=-3.081e1 |δ|∞=9.306e-3 resid=6.599e2 attempts=1 t=0.025s
[INFO] [joint-newton-tr] phase=hessian_qp cycle=2 r=7.188e-1
[INFO] [979-PROBE] cyc=  2 firth_armed=true skippable=false |gradPhi|inf=3.244e0 kkt=6.599e2 |beta|inf=6.633e-1 endgame=false
[INFO] [JN-REFLECT-DIAG #1040] cycle=2 CONSTRAINED_QP lambda_min_signed_raw=-2.552e1 lambda_min_signed_reflected=1.343e1 nullity=0 condition=1.018e2 (reflection CHANGED the spectrum)
[WARN] [gam#979 constrained-QP] cycle=2 path=linear warm_rows=0 active_set_rows=4 beta_inf=5.2321e-1
[INFO] [joint-newton-tr] phase=line_search cycle=2 r=7.188e-1 hessian_qp_elapsed=0.002s
[INFO] [PIRLS/joint-Newton/TR cycle=2 attempt=1] accepted   ρ=+1.000e0  Δobj=+5.988e1  pred=+5.988e1  r=7.188e-1->1.438e0  decision=grow_at_boundary        |δ|=7.188e-1  |δ|∞=1.874e-2  |prop|∞=6.633e-1
[INFO] [joint-newton-tr] phase=gradient_reload cycle=2 attempts=1 r=1.438e0
[INFO] [PIRLS/joint-Newton convergence] cycle   2 | step_inf=6.633e-1 (tol=1.646e-11) | accepted_step_inf=1.874e-2 | residual=6.379e2 (tol=6.384e-9) | relative_stationarity=9.992e-1 (scale=6.374e2, inner_tol=1.000e-11) | per_block_resid=[6.374e2,4.447e0,4.376e0] | obj_change=5.988e1 (tol=1.053e-8) | beta_inf=6.463e-1 | per_block_beta_inf=[6.463e-1,1.258e-1,1.562e-3]
[INFO] [PIRLS/JN] cyc=  2/200 obj=1.052287e3 Δobj=-5.988e1 |δ|∞=1.874e-2 resid=6.379e2 attempts=1 t=0.024s
[INFO] [joint-newton-tr] phase=hessian_qp cycle=3 r=1.438e0
[INFO] [979-PROBE] cyc=  3 firth_armed=true skippable=false |gradPhi|inf=3.303e0 kkt=6.379e2 |beta|inf=6.463e-1 endgame=false
[WARN] [gam#979 constrained-QP] cycle=3 path=linear warm_rows=0 active_set_rows=4 beta_inf=5.2006e-1
[INFO] [joint-newton-tr] phase=line_search cycle=3 r=1.438e0 hessian_qp_elapsed=0.002s
[INFO] [PIRLS/joint-Newton/TR cycle=3 attempt=1] accepted   ρ=+1.000e0  Δobj=+1.128e2  pred=+1.128e2  r=1.438e0->2.875e0  decision=grow_at_boundary        |δ|=1.438e0  |δ|∞=3.807e-2  |prop|∞=6.463e-1
[INFO] [joint-newton-tr] phase=gradient_reload cycle=3 attempts=1 r=2.875e0
[INFO] [PIRLS/joint-Newton convergence] cycle   3 | step_inf=6.463e-1 (tol=1.612e-11) | accepted_step_inf=3.807e-2 | residual=5.939e2 (tol=5.943e-9) | relative_stationarity=9.993e-1 (scale=5.933e2, inner_tol=1.000e-11) | per_block_resid=[5.933e2,4.240e0,4.017e0] | obj_change=1.128e2 (tol=9.405e-9) | beta_inf=6.123e-1 | per_block_beta_inf=[6.123e-1,1.277e-1,3.848e-3]
[INFO] [PIRLS/JN] cyc=  3/200 obj=9.395082e2 Δobj=-1.128e2 |δ|∞=3.807e-2 resid=5.939e2 attempts=1 t=0.024s
[INFO] [joint-newton-tr] phase=hessian_qp cycle=4 r=2.875e0
[INFO] [979-PROBE] cyc=  4 firth_armed=true skippable=false |gradPhi|inf=3.438e0 kkt=5.939e2 |beta|inf=6.123e-1 endgame=false
[WARN] [gam#979 constrained-QP] cycle=4 path=linear warm_rows=0 active_set_rows=4 beta_inf=5.1442e-1
[INFO] [joint-newton-tr] phase=line_search cycle=4 r=2.875e0 hessian_qp_elapsed=0.002s
[INFO] [PIRLS/joint-Newton/TR cycle=4 attempt=1] accepted   ρ=+1.000e0  Δobj=+1.976e2  pred=+1.976e2  r=2.875e0->5.750e0  decision=grow_at_boundary        |δ|=2.875e0  |δ|∞=7.869e-2  |prop|∞=6.123e-1
[INFO] [joint-newton-tr] phase=gradient_reload cycle=4 attempts=1 r=5.750e0
[INFO] [PIRLS/joint-Newton convergence] cycle   4 | step_inf=6.123e-1 (tol=1.544e-11) | accepted_step_inf=7.869e-2 | residual=5.052e2 (tol=5.056e-9) | relative_stationarity=9.992e-1 (scale=5.046e2, inner_tol=1.000e-11) | per_block_resid=[5.046e2,3.816e0,3.291e0] | obj_change=1.976e2 (tol=7.430e-9) | beta_inf=5.443e-1 | per_block_beta_inf=[5.443e-1,1.326e-1,9.314e-3]
[INFO] [PIRLS/JN] cyc=  4/200 obj=7.420323e2 Δobj=-1.976e2 |δ|∞=7.869e-2 resid=5.052e2 attempts=1 t=0.023s
[INFO] [joint-newton-tr] phase=hessian_qp cycle=5 r=5.750e0
[INFO] [979-PROBE] cyc=  5 firth_armed=true skippable=false |gradPhi|inf=3.708e0 kkt=5.052e2 |beta|inf=5.443e-1 endgame=false
[WARN] [gam#979 constrained-QP] cycle=5 path=linear warm_rows=0 active_set_rows=4 beta_inf=5.0551e-1
[INFO] [joint-newton-tr] phase=line_search cycle=5 r=5.750e0 hessian_qp_elapsed=0.002s
[INFO] [PIRLS/joint-Newton/TR cycle=5 attempt=1] accepted   ρ=+9.960e-1  Δobj=+2.818e2  pred=+2.829e2  r=5.750e0->1.150e1  decision=grow_at_boundary        |δ|=5.750e0  |δ|∞=1.701e-1  |prop|∞=5.443e-1
[INFO] [joint-newton-tr] phase=gradient_reload cycle=5 attempts=1 r=1.150e1
[INFO] [PIRLS/joint-Newton convergence] cycle   5 | step_inf=5.443e-1 (tol=1.493e-11) | accepted_step_inf=1.701e-1 | residual=3.185e2 (tol=3.166e-9) | relative_stationarity=1.006e0 (scale=3.156e2, inner_tol=1.000e-11) | per_block_resid=[3.156e2,2.912e0,1.800e0] | obj_change=2.818e2 (tol=4.610e-9) | beta_inf=4.931e-1 | per_block_beta_inf=[4.931e-1,1.517e-1,3.873e-2]
[INFO] [PIRLS/JN] cyc=  5/200 obj=4.600317e2 Δobj=-2.818e2 |δ|∞=1.701e-1 resid=3.185e2 attempts=1 t=0.023s
[INFO] [joint-newton-tr] phase=hessian_qp cycle=6 r=1.150e1
[INFO] [979-PROBE] cyc=  6 firth_armed=true skippable=false |gradPhi|inf=4.548e0 kkt=3.185e2 |beta|inf=4.931e-1 endgame=false
[WARN] [gam#979 constrained-QP] cycle=6 path=linear warm_rows=0 active_set_rows=3 beta_inf=6.2802e-1
[INFO] [joint-newton-tr] phase=line_search cycle=6 r=1.150e1 hessian_qp_elapsed=0.002s
[INFO] [PIRLS/joint-Newton/TR cycle=6 attempt=1] accepted   ρ=+2.697e0  Δobj=+2.620e2  pred=+9.716e1  r=1.150e1 (held)  decision=hold_inside             |δ|=5.445e0  |δ|∞=5.116e-1  |prop|∞=5.893e-1
[INFO] [joint-newton-tr] phase=gradient_reload cycle=6 attempts=1 r=1.150e1
[INFO] [PIRLS/joint-Newton active-face] cycle 6 | accepted critical-cone transition; reset fixed-face convergence histories and require a fresh KKT certificate
[INFO] [PIRLS/joint-Newton convergence] cycle   6 | step_inf=5.893e-1 (tol=1.518e-11) | accepted_step_inf=5.116e-1 | residual=1.738e2 (tol=4.571e-4) | relative_stationarity=3.803e-6 (scale=4.571e7, inner_tol=1.000e-11) | per_block_resid=[4.571e7,2.998e0,3.073e0] | obj_change=2.620e2 (tol=3.876e-9) | beta_inf=5.183e-1 | per_block_beta_inf=[4.916e-1,4.143e-1,5.183e-1]
[INFO] [PIRLS/JN] cyc=  6/200 obj=3.866470e2 Δobj=-2.620e2 |δ|∞=5.116e-1 resid=1.738e2 attempts=1 t=0.023s
[INFO] [joint-newton-tr] phase=hessian_qp cycle=7 r=1.150e1
[INFO] [979-PROBE] cyc=  7 firth_armed=true skippable=false |gradPhi|inf=1.233e9 kkt=1.738e2 |beta|inf=5.183e-1 endgame=false
[WARN] [gam#2600 reduced-face] declining a cycled active-set exchange (face_rows=1, visited_faces=1); the general constrained QP owns this subproblem
[WARN] [gam#979 constrained-QP] cycle=7 path=linear warm_rows=1 active_set_rows=11 beta_inf=1.7809e0
[INFO] [joint-newton-tr] phase=line_search cycle=7 r=1.150e1 hessian_qp_elapsed=0.003s
[INFO] [PIRLS/joint-Newton/TR cycle=7 attempt=1] accepted   ρ=+8.831e-1  Δobj=+2.828e1  pred=+3.202e1  r=1.150e1 (held)  decision=hold_inside             |δ|=3.544e0  |δ|∞=2.052e-1  |prop|∞=1.455e0
[INFO] [joint-newton-tr] phase=gradient_reload cycle=7 attempts=1 r=1.150e1
[INFO] [PIRLS/joint-Newton active-face] cycle 7 | accepted critical-cone transition; reset fixed-face convergence histories and require a fresh KKT certificate
[INFO] [PIRLS/joint-Newton convergence] cycle   7 | step_inf=1.455e0 (tol=1.472e-11) | accepted_step_inf=2.052e-1 | residual=3.190e1 (tol=1.233e-2) | relative_stationarity=2.586e-8 (scale=1.233e9, inner_tol=1.000e-11) | per_block_resid=[4.571e7,1.875e0,2.994e-1] | obj_change=2.828e1 (tol=3.594e-9) | beta_inf=4.724e-1 | per_block_beta_inf=[4.724e-1,3.601e-1,3.413e-1]
[INFO] [PIRLS/JN] cyc=  7/200 obj=3.583773e2 Δobj=-2.828e1 |δ|∞=2.052e-1 resid=3.190e1 attempts=1 t=0.026s
[INFO] [joint-newton-tr] phase=hessian_qp cycle=8 r=1.150e1
[INFO] [979-PROBE] cyc=  8 firth_armed=true skippable=false |gradPhi|inf=1.233e9 kkt=3.190e1 |beta|inf=4.724e-1 endgame=false
[WARN] [gam#979 constrained-QP] cycle=8 path=regularized-newton warm_rows=2 active_set_rows=1 beta_inf=3.0193e0
[INFO] [joint-newton-tr] phase=line_search cycle=8 r=1.150e1 hessian_qp_elapsed=0.003s
[INFO] [PIRLS/joint-Newton/TR cycle=8 attempt=1] reject     ρ=-6.412e2  Δobj=-1.578e4  pred=+2.462e1  r=1.150e1->8.000e0  decision=shrink_reject           |δ|=9.859e0  |δ|∞=2.419e0  |prop|∞=2.821e0
[INFO] [PIRLS/joint-Newton/TR cycle=8 attempt=2] accepted   ρ=+5.607e-1  Δobj=+1.786e0  pred=+3.186e0  r=8.000e0 (held)  decision=hold_moderate           |δ|=2.465e0  |δ|∞=6.047e-1  |prop|∞=2.821e0
[INFO] [joint-newton-tr] phase=gradient_reload cycle=8 attempts=2 r=8.000e0
[INFO] [PIRLS/joint-Newton active-face] cycle 8 | accepted critical-cone transition; reset fixed-face convergence histories and require a fresh KKT certificate
[INFO] [PIRLS/joint-Newton convergence] cycle   8 | step_inf=2.821e0 (tol=1.803e-11) | accepted_step_inf=6.047e-1 | residual=2.178e1 (tol=1.233e-2) | relative_stationarity=1.767e-8 (scale=1.233e9, inner_tol=1.000e-11) | per_block_resid=[4.571e7,4.964e0,1.811e0] | obj_change=1.786e0 (tol=3.576e-9) | beta_inf=8.026e-1 | per_block_beta_inf=[4.718e-1,4.288e-1,8.026e-1]
[INFO] [PIRLS/JN] cyc=  8/200 obj=3.565918e2 Δobj=-1.786e0 |δ|∞=6.047e-1 resid=2.178e1 attempts=2 t=0.025s
[INFO] [joint-newton-tr] phase=hessian_qp cycle=9 r=8.000e0
[INFO] [979-PROBE] cyc=  9 firth_armed=true skippable=false |gradPhi|inf=1.233e9 kkt=2.178e1 |beta|inf=8.026e-1 endgame=false
[WARN] [gam#979 constrained-QP] cycle=9 path=regularized-newton warm_rows=1 active_set_rows=1 beta_inf=1.7845e0
[INFO] [joint-newton-tr] phase=line_search cycle=9 r=8.000e0 hessian_qp_elapsed=0.002s
[INFO] [PIRLS/joint-Newton/TR cycle=9 attempt=1] accepted   ρ=+7.484e-1  Δobj=+1.425e0  pred=+1.904e0  r=8.000e0 (held)  decision=hold_moderate           |δ|=2.843e0  |δ|∞=4.522e-1  |prop|∞=1.273e0
[INFO] [joint-newton-tr] phase=gradient_reload cycle=9 attempts=1 r=8.000e0
[INFO] [PIRLS/joint-Newton convergence] cycle   9 | step_inf=1.273e0 (tol=2.152e-11) | accepted_step_inf=4.522e-1 | residual=1.881e1 (tol=1.233e-2) | relative_stationarity=1.526e-8 (scale=1.233e9, inner_tol=1.000e-11) | per_block_resid=[4.571e7,4.314e0,7.310e-1] | obj_change=1.425e0 (tol=3.562e-9) | beta_inf=1.152e0 | per_block_beta_inf=[4.899e-1,3.316e-1,1.152e0]
[INFO] [PIRLS/JN] cyc=  9/200 obj=3.551669e2 Δobj=-1.425e0 |δ|∞=4.522e-1 resid=1.881e1 attempts=1 t=0.023s
[INFO] [joint-newton-tr] phase=hessian_qp cycle=10 r=8.000e0
[INFO] [979-PROBE] cyc= 10 firth_armed=true skippable=false |gradPhi|inf=1.233e9 kkt=1.881e1 |beta|inf=1.152e0 endgame=false
[WARN] [gam#979 constrained-QP] cycle=10 path=regularized-newton warm_rows=1 active_set_rows=2 beta_inf=4.2477e0
[INFO] [joint-newton-tr] phase=line_search cycle=10 r=8.000e0 hessian_qp_elapsed=0.003s
[INFO] [PIRLS/joint-Newton/TR cycle=10 attempt=1] accepted   ρ=+7.294e-1  Δobj=+1.094e0  pred=+1.500e0  r=8.000e0 (held)  decision=hold_moderate           |δ|=2.860e0  |δ|∞=1.316e0  |prop|∞=3.682e0
[INFO] [joint-newton-tr] phase=gradient_reload cycle=10 attempts=1 r=8.000e0
[INFO] [PIRLS/joint-Newton convergence] cycle  10 | step_inf=3.682e0 (tol=2.882e-11) | accepted_step_inf=1.316e0 | residual=1.618e1 (tol=1.233e-2) | relative_stationarity=1.313e-8 (scale=1.233e9, inner_tol=1.000e-11) | per_block_resid=[4.571e7,6.492e0,3.204e-1] | obj_change=1.094e0 (tol=3.551e-9) | beta_inf=1.882e0 | per_block_beta_inf=[5.549e-1,4.115e-1,1.882e0]
[INFO] [PIRLS/JN] cyc= 10/200 obj=3.540740e2 Δobj=-1.094e0 |δ|∞=1.316e0 resid=1.618e1 attempts=1 t=0.024s
[INFO] [joint-newton-tr] phase=hessian_qp cycle=11 r=8.000e0
[INFO] [979-PROBE] cyc= 11 firth_armed=true skippable=false |gradPhi|inf=1.233e9 kkt=1.618e1 |beta|inf=1.882e0 endgame=false
[WARN] [gam#979 constrained-QP] cycle=11 path=regularized-newton warm_rows=1 active_set_rows=2 beta_inf=3.0690e0
[INFO] [joint-newton-tr] phase=line_search cycle=11 r=8.000e0 hessian_qp_elapsed=0.003s
[INFO] [PIRLS/joint-Newton/TR cycle=11 attempt=1] accepted   ρ=+1.665e-1  Δobj=+1.551e-1  pred=+9.315e-1  r=8.000e0 (held)  decision=shrink_marginal_accept  |δ|=2.661e0  |δ|∞=6.043e-1  |prop|∞=1.817e0
[INFO] [joint-newton-tr] phase=gradient_reload cycle=11 attempts=1 r=8.000e0
[INFO] [PIRLS/joint-Newton convergence] cycle  11 | step_inf=1.817e0 (tol=3.277e-11) | accepted_step_inf=6.043e-1 | residual=1.573e1 (tol=1.233e-2) | relative_stationarity=1.276e-8 (scale=1.233e9, inner_tol=1.000e-11) | per_block_resid=[4.571e7,1.573e1,7.966e-1] | obj_change=1.551e-1 (tol=3.549e-9) | beta_inf=2.277e0 | per_block_beta_inf=[6.029e-1,3.581e-1,2.277e0]
[INFO] [PIRLS/JN] cyc= 11/200 obj=3.539229e2 Δobj=-1.551e-1 |δ|∞=6.043e-1 resid=1.573e1 attempts=1 t=0.024s
[INFO] [joint-newton-tr] phase=hessian_qp cycle=12 r=8.000e0
[INFO] [979-PROBE] cyc= 12 firth_armed=true skippable=false |gradPhi|inf=1.232e9 kkt=1.573e1 |beta|inf=2.277e0 endgame=false
[WARN] [gam#2600 reduced-face] declining a cycled active-set exchange (face_rows=1, visited_faces=1); the general constrained QP owns this subproblem
[WARN] [gam#979 constrained-QP] cycle=12 path=linear warm_rows=1 active_set_rows=2 beta_inf=6.3540e0
[INFO] [joint-newton-tr] phase=line_search cycle=12 r=8.000e0 hessian_qp_elapsed=0.003s
[INFO] [PIRLS/joint-Newton/TR cycle=12 attempt=1] accepted   ρ=+9.642e-1  Δobj=+4.344e-1  pred=+4.506e-1  r=8.000e0 (held)  decision=hold_inside             |δ|=3.941e-1  |δ|∞=8.356e-2  |prop|∞=6.524e0
[INFO] [joint-newton-tr] phase=gradient_reload cycle=12 attempts=1 r=8.000e0
[INFO] [PIRLS/joint-Newton convergence] cycle  12 | step_inf=6.524e0 (tol=3.360e-11) | accepted_step_inf=8.356e-2 | residual=7.881e0 (tol=1.232e-2) | relative_stationarity=6.396e-9 (scale=1.232e9, inner_tol=1.000e-11) | per_block_resid=[4.571e7,7.884e0,4.137e-1] | obj_change=4.344e-1 (tol=3.545e-9) | beta_inf=2.360e0 | per_block_beta_inf=[6.320e-1,3.659e-1,2.360e0]
[INFO] [PIRLS/JN] cyc= 12/200 obj=3.534892e2 Δobj=-4.344e-1 |δ|∞=8.356e-2 resid=7.881e0 attempts=1 t=0.026s
[INFO] [joint-newton-tr] phase=hessian_qp cycle=13 r=8.000e0
[INFO] [979-PROBE] cyc= 13 firth_armed=true skippable=false |gradPhi|inf=1.232e9 kkt=7.881e0 |beta|inf=2.360e0 endgame=false
[WARN] [gam#979 constrained-QP] cycle=13 path=regularized-newton warm_rows=1 active_set_rows=2 beta_inf=2.9804e0
[INFO] [joint-newton-tr] phase=line_search cycle=13 r=8.000e0 hessian_qp_elapsed=0.003s
[INFO] [PIRLS/joint-Newton/TR cycle=13 attempt=1] accepted   ρ=+9.852e-1  Δobj=+2.284e-1  pred=+2.319e-1  r=8.000e0 (held)  decision=hold_inside             |δ|=1.161e0  |δ|∞=3.331e-1  |prop|∞=2.296e0
[INFO] [joint-newton-tr] phase=gradient_reload cycle=13 attempts=1 r=8.000e0
[INFO] [PIRLS/joint-Newton convergence] cycle  13 | step_inf=2.296e0 (tol=3.409e-11) | accepted_step_inf=3.331e-1 | residual=6.064e0 (tol=1.232e-2) | relative_stationarity=4.922e-9 (scale=1.232e9, inner_tol=1.000e-11) | per_block_resid=[4.571e7,6.070e0,3.654e-1] | obj_change=2.284e-1 (tol=3.543e-9) | beta_inf=2.409e0 | per_block_beta_inf=[6.531e-1,3.397e-1,2.409e0]
[INFO] [PIRLS/JN] cyc= 13/200 obj=3.532631e2 Δobj=-2.284e-1 |δ|∞=3.331e-1 resid=6.064e0 attempts=1 t=0.025s
[INFO] [joint-newton-tr] phase=hessian_qp cycle=14 r=8.000e0
[INFO] [979-PROBE] cyc= 14 firth_armed=true skippable=false |gradPhi|inf=1.232e9 kkt=6.064e0 |beta|inf=2.409e0 endgame=false
[WARN] [gam#979 constrained-QP] cycle=14 path=regularized-newton warm_rows=1 active_set_rows=2 beta_inf=3.0039e0
[INFO] [joint-newton-tr] phase=line_search cycle=14 r=8.000e0 hessian_qp_elapsed=0.003s
[INFO] [PIRLS/joint-Newton/TR cycle=14 attempt=1] accepted   ρ=+9.597e-1  Δobj=+2.769e-1  pred=+2.885e-1  r=8.000e0 (held)  decision=hold_inside             |δ|=2.950e0  |δ|∞=7.326e-1  |prop|∞=1.987e0
[INFO] [joint-newton-tr] phase=gradient_reload cycle=14 attempts=1 r=8.000e0
[INFO] [PIRLS/joint-Newton convergence] cycle  14 | step_inf=1.987e0 (tol=3.549e-11) | accepted_step_inf=7.326e-1 | residual=3.976e0 (tol=1.232e-2) | relative_stationarity=3.228e-9 (scale=1.232e9, inner_tol=1.000e-11) | per_block_resid=[4.571e7,3.931e0,4.668e-1] | obj_change=2.769e-1 (tol=3.540e-9) | beta_inf=2.549e0 | per_block_beta_inf=[6.981e-1,2.831e-1,2.549e0]
[INFO] [PIRLS/JN] cyc= 14/200 obj=3.529908e2 Δobj=-2.769e-1 |δ|∞=7.326e-1 resid=3.976e0 attempts=1 t=0.025s
[INFO] [joint-newton-tr] phase=hessian_qp cycle=15 r=8.000e0
[INFO] [979-PROBE] cyc= 15 firth_armed=true skippable=false |gradPhi|inf=1.231e9 kkt=3.976e0 |beta|inf=2.549e0 endgame=false
[WARN] [gam#2600 reduced-face] declining a cycled active-set exchange (face_rows=1, visited_faces=1); the general constrained QP owns this subproblem
[WARN] [gam#979 constrained-QP] cycle=15 path=linear warm_rows=1 active_set_rows=6 beta_inf=2.6079e0
[INFO] [joint-newton-tr] phase=line_search cycle=15 r=8.000e0 hessian_qp_elapsed=0.003s
[INFO] [PIRLS/joint-Newton/TR cycle=15 attempt=3] accepted   ρ=+9.952e-1  Δobj=+1.869e-2  pred=+1.878e-2  r=1.488e0 (held)  decision=hold_inside             |δ|=1.887e-1  |δ|∞=5.157e-3  |prop|∞=1.628e0
[INFO] [joint-newton-tr] phase=gradient_reload cycle=15 attempts=3 r=1.488e0
[INFO] [PIRLS/joint-Newton convergence] cycle  15 | step_inf=1.628e0 (tol=3.549e-11) | accepted_step_inf=5.157e-3 | residual=2.625e0 (tol=1.231e-2) | relative_stationarity=2.131e-9 (scale=1.231e9, inner_tol=1.000e-11) | per_block_resid=[4.571e7,2.257e0,1.194e-1] | obj_change=1.869e-2 (tol=3.540e-9) | beta_inf=2.549e0 | per_block_beta_inf=[6.986e-1,2.833e-1,2.549e0]
[INFO] [PIRLS/JN] cyc= 15/200 obj=3.529723e2 Δobj=-1.869e-2 |δ|∞=5.157e-3 resid=2.625e0 attempts=3 t=0.025s
[INFO] [joint-newton-tr] phase=hessian_qp cycle=16 r=1.488e0
[INFO] [979-PROBE] cyc= 16 firth_armed=true skippable=false |gradPhi|inf=1.231e9 kkt=2.625e0 |beta|inf=2.549e0 endgame=true
[WARN] [gam#979 constrained-QP] cycle=16 path=regularized-newton warm_rows=1 active_set_rows=2 beta_inf=2.6395e0
[INFO] [joint-newton-tr] phase=line_search cycle=16 r=1.488e0 hessian_qp_elapsed=0.145s
[INFO] [PIRLS/joint-Newton/TR cycle=16 attempt=1] accepted   ρ=+1.000e0  Δobj=+7.726e-4  pred=+7.726e-4  r=1.488e0 (held)  decision=hold_inside             |δ|=6.262e-3  |δ|∞=2.533e-3  |prop|∞=6.019e-1
[INFO] [joint-newton-tr] phase=gradient_reload cycle=16 attempts=1 r=1.488e0
[INFO] [PIRLS/joint-Newton convergence] cycle  16 | step_inf=6.019e-1 (tol=3.549e-11) | accepted_step_inf=2.533e-3 | residual=2.638e0 (tol=1.231e-2) | relative_stationarity=2.142e-9 (scale=1.231e9, inner_tol=1.000e-11) | per_block_resid=[4.571e7,2.248e0,1.191e-1] | obj_change=7.726e-4 (tol=3.540e-9) | beta_inf=2.549e0 | per_block_beta_inf=[6.989e-1,2.832e-1,2.549e0]
[INFO] [PIRLS/JN] cyc= 16/200 obj=3.529715e2 Δobj=-7.726e-4 |δ|∞=2.533e-3 resid=2.638e0 attempts=1 t=0.167s
[INFO] [joint-newton-tr] phase=hessian_qp cycle=17 r=1.488e0
[INFO] [979-PROBE] cyc= 17 firth_armed=true skippable=false |gradPhi|inf=1.231e9 kkt=2.638e0 |beta|inf=2.549e0 endgame=true
[WARN] [gam#979 constrained-QP] cycle=17 path=regularized-newton warm_rows=1 active_set_rows=2 beta_inf=2.6394e0
[INFO] [joint-newton-tr] phase=line_search cycle=17 r=1.488e0 hessian_qp_elapsed=0.148s
[INFO] [PIRLS/joint-Newton/TR cycle=17 attempt=1] accepted   ρ=+1.000e0  Δobj=+1.536e-3  pred=+1.536e-3  r=1.488e0 (held)  decision=hold_inside             |δ|=1.253e-2  |δ|∞=5.065e-3  |prop|∞=6.014e-1
[INFO] [joint-newton-tr] phase=gradient_reload cycle=17 attempts=1 r=1.488e0
[INFO] [PIRLS/joint-Newton convergence] cycle  17 | step_inf=6.014e-1 (tol=3.550e-11) | accepted_step_inf=5.065e-3 | residual=2.665e0 (tol=1.231e-2) | relative_stationarity=2.164e-9 (scale=1.231e9, inner_tol=1.000e-11) | per_block_resid=[4.571e7,2.230e0,1.183e-1] | obj_change=1.536e-3 (tol=3.540e-9) | beta_inf=2.550e0 | per_block_beta_inf=[6.996e-1,2.831e-1,2.550e0]
[INFO] [PIRLS/JN] cyc= 17/200 obj=3.529700e2 Δobj=-1.536e-3 |δ|∞=5.065e-3 resid=2.665e0 attempts=1 t=0.169s
[INFO] [joint-newton-tr] phase=hessian_qp cycle=18 r=1.488e0
[INFO] [979-PROBE] cyc= 18 firth_armed=true skippable=false |gradPhi|inf=1.231e9 kkt=2.665e0 |beta|inf=2.550e0 endgame=true
[WARN] [gam#979 constrained-QP] cycle=18 path=regularized-newton warm_rows=1 active_set_rows=2 beta_inf=2.6392e0
[INFO] [joint-newton-tr] phase=line_search cycle=18 r=1.488e0 hessian_qp_elapsed=0.147s
[INFO] [PIRLS/joint-Newton/TR cycle=18 attempt=1] accepted   ρ=+1.000e0  Δobj=+3.036e-3  pred=+3.036e-3  r=1.488e0 (held)  decision=hold_inside             |δ|=2.510e-2  |δ|∞=1.013e-2  |prop|∞=6.004e-1
[INFO] [joint-newton-tr] phase=gradient_reload cycle=18 attempts=1 r=1.488e0
[INFO] [PIRLS/joint-Newton convergence] cycle  18 | step_inf=6.004e-1 (tol=3.552e-11) | accepted_step_inf=1.013e-2 | residual=2.719e0 (tol=1.231e-2) | relative_stationarity=2.208e-9 (scale=1.231e9, inner_tol=1.000e-11) | per_block_resid=[4.571e7,2.194e0,1.168e-1] | obj_change=3.036e-3 (tol=3.540e-9) | beta_inf=2.552e0 | per_block_beta_inf=[7.009e-1,2.830e-1,2.552e0]
[INFO] [PIRLS/JN] cyc= 18/200 obj=3.529670e2 Δobj=-3.036e-3 |δ|∞=1.013e-2 resid=2.719e0 attempts=1 t=0.168s
[INFO] [joint-newton-tr] phase=hessian_qp cycle=19 r=1.488e0
[INFO] [979-PROBE] cyc= 19 firth_armed=true skippable=false |gradPhi|inf=1.231e9 kkt=2.719e0 |beta|inf=2.552e0 endgame=true
[WARN] [gam#979 constrained-QP] cycle=19 path=regularized-newton warm_rows=1 active_set_rows=2 beta_inf=2.6388e0
[INFO] [joint-newton-tr] phase=line_search cycle=19 r=1.488e0 hessian_qp_elapsed=0.146s
[INFO] [PIRLS/joint-Newton/TR cycle=19 attempt=1] accepted   ρ=+1.000e0  Δobj=+5.930e-3  pred=+5.930e-3  r=1.488e0 (held)  decision=hold_inside             |δ|=5.036e-2  |δ|∞=2.025e-2  |prop|∞=5.983e-1
[INFO] [joint-newton-tr] phase=gradient_reload cycle=19 attempts=1 r=1.488e0
[INFO] [PIRLS/joint-Newton convergence] cycle  19 | step_inf=5.983e-1 (tol=3.555e-11) | accepted_step_inf=2.025e-2 | residual=2.825e0 (tol=1.231e-2) | relative_stationarity=2.294e-9 (scale=1.231e9, inner_tol=1.000e-11) | per_block_resid=[4.571e7,2.122e0,1.138e-1] | obj_change=5.930e-3 (tol=3.540e-9) | beta_inf=2.555e0 | per_block_beta_inf=[7.037e-1,2.826e-1,2.555e0]
[INFO] [PIRLS/JN] cyc= 19/200 obj=3.529612e2 Δobj=-5.930e-3 |δ|∞=2.025e-2 resid=2.825e0 attempts=1 t=0.167s
[INFO] [joint-newton-tr] phase=hessian_qp cycle=20 r=1.488e0
[INFO] [979-PROBE] cyc= 20 firth_armed=true skippable=false |gradPhi|inf=1.231e9 kkt=2.825e0 |beta|inf=2.555e0 endgame=true
[WARN] [gam#979 constrained-QP] cycle=20 path=regularized-newton warm_rows=1 active_set_rows=2 beta_inf=2.6378e0
[INFO] [joint-newton-tr] phase=line_search cycle=20 r=1.488e0 hessian_qp_elapsed=0.148s
[INFO] [PIRLS/joint-Newton/TR cycle=20 attempt=1] accepted   ρ=+9.999e-1  Δobj=+1.131e-2  pred=+1.131e-2  r=1.488e0 (held)  decision=hold_inside             |δ|=1.014e-1  |δ|∞=4.045e-2  |prop|∞=5.939e-1
[INFO] [joint-newton-tr] phase=gradient_reload cycle=20 attempts=1 r=1.488e0
[INFO] [PIRLS/joint-Newton convergence] cycle  20 | step_inf=5.939e-1 (tol=3.560e-11) | accepted_step_inf=4.045e-2 | residual=3.034e0 (tol=1.231e-2) | relative_stationarity=2.463e-9 (scale=1.231e9, inner_tol=1.000e-11) | per_block_resid=[4.571e7,1.981e0,1.078e-1] | obj_change=1.131e-2 (tol=3.540e-9) | beta_inf=2.560e0 | per_block_beta_inf=[7.090e-1,2.818e-1,2.560e0]
[INFO] [PIRLS/JN] cyc= 20/200 obj=3.529501e2 Δobj=-1.131e-2 |δ|∞=4.045e-2 resid=3.034e0 attempts=1 t=0.169s
[INFO] [joint-newton-tr] phase=hessian_qp cycle=21 r=1.488e0
[INFO] [979-PROBE] cyc= 21 firth_armed=true skippable=false |gradPhi|inf=1.231e9 kkt=3.034e0 |beta|inf=2.560e0 endgame=true
[WARN] [gam#2600 reduced-face] declining a cycled active-set exchange (face_rows=1, visited_faces=1); the general constrained QP owns this subproblem
[WARN] [gam#979 constrained-QP] cycle=21 path=linear warm_rows=1 active_set_rows=3 beta_inf=2.5749e0
[INFO] [joint-newton-tr] phase=line_search cycle=21 r=1.488e0 hessian_qp_elapsed=0.151s
[INFO] [PIRLS/joint-Newton/TR cycle=21 attempt=1] accepted   ρ=+1.000e0  Δobj=+2.302e-3  pred=+2.302e-3  r=1.488e0 (held)  decision=hold_inside             |δ|=1.168e-2  |δ|∞=2.912e-3  |prop|∞=7.972e-1
[INFO] [joint-newton-tr] phase=gradient_reload cycle=21 attempts=1 r=1.488e0
[INFO] [PIRLS/joint-Newton convergence] cycle  21 | step_inf=7.972e-1 (tol=3.561e-11) | accepted_step_inf=2.912e-3 | residual=3.006e0 (tol=1.231e-2) | relative_stationarity=2.441e-9 (scale=1.231e9, inner_tol=1.000e-11) | per_block_resid=[4.571e7,1.641e0,1.071e-1] | obj_change=2.302e-3 (tol=3.539e-9) | beta_inf=2.561e0 | per_block_beta_inf=[7.112e-1,2.818e-1,2.561e0]
[INFO] [PIRLS/JN] cyc= 21/200 obj=3.529478e2 Δobj=-2.302e-3 |δ|∞=2.912e-3 resid=3.006e0 attempts=1 t=0.174s
[INFO] [joint-newton-tr] phase=hessian_qp cycle=22 r=1.488e0
[INFO] [979-PROBE] cyc= 22 firth_armed=true skippable=false |gradPhi|inf=1.231e9 kkt=3.006e0 |beta|inf=2.561e0 endgame=true
[WARN] [gam#979 constrained-QP] cycle=22 path=regularized-newton warm_rows=1 active_set_rows=2 beta_inf=2.6341e0
[INFO] [joint-newton-tr] phase=line_search cycle=22 r=1.488e0 hessian_qp_elapsed=0.145s
[INFO] [PIRLS/joint-Newton/TR cycle=22 attempt=1] accepted   ρ=+9.997e-1  Δobj=+2.001e-2  pred=+2.002e-2  r=1.488e0 (held)  decision=hold_inside             |δ|=2.053e-1  |δ|∞=8.063e-2  |prop|∞=5.843e-1
[INFO] [joint-newton-tr] phase=gradient_reload cycle=22 attempts=1 r=1.488e0
[INFO] [PIRLS/joint-Newton convergence] cycle  22 | step_inf=5.843e-1 (tol=3.571e-11) | accepted_step_inf=8.063e-2 | residual=3.412e0 (tol=1.231e-2) | relative_stationarity=2.771e-9 (scale=1.231e9, inner_tol=1.000e-11) | per_block_resid=[4.571e7,1.415e0,9.569e-2] | obj_change=2.001e-2 (tol=3.539e-9) | beta_inf=2.571e0 | per_block_beta_inf=[7.212e-1,2.801e-1,2.571e0]
[INFO] [PIRLS/JN] cyc= 22/200 obj=3.529282e2 Δobj=-2.001e-2 |δ|∞=8.063e-2 resid=3.412e0 attempts=1 t=0.167s
[INFO] [joint-newton-tr] phase=hessian_qp cycle=23 r=1.488e0
[INFO] [979-PROBE] cyc= 23 firth_armed=true skippable=false |gradPhi|inf=1.231e9 kkt=3.412e0 |beta|inf=2.571e0 endgame=true
[WARN] [gam#979 constrained-QP] cycle=23 path=regularized-newton warm_rows=1 active_set_rows=2 beta_inf=2.6291e0
[INFO] [joint-newton-tr] phase=line_search cycle=23 r=1.488e0 hessian_qp_elapsed=0.146s
[INFO] [PIRLS/joint-Newton/TR cycle=23 attempt=1] accepted   ρ=+9.996e-1  Δobj=+2.124e-2  pred=+2.125e-2  r=1.488e0 (held)  decision=hold_inside             |δ|=2.632e-1  |δ|∞=9.915e-2  |prop|∞=5.605e-1
[INFO] [joint-newton-tr] phase=gradient_reload cycle=23 attempts=1 r=1.488e0
[INFO] [PIRLS/joint-Newton convergence] cycle  23 | step_inf=5.605e-1 (tol=3.582e-11) | accepted_step_inf=9.915e-2 | residual=3.866e0 (tol=1.231e-2) | relative_stationarity=3.139e-9 (scale=1.231e9, inner_tol=1.000e-11) | per_block_resid=[4.571e7,1.188e0,8.235e-2] | obj_change=2.124e-2 (tol=3.539e-9) | beta_inf=2.582e0 | per_block_beta_inf=[7.328e-1,2.773e-1,2.582e0]
[INFO] [PIRLS/JN] cyc= 23/200 obj=3.529075e2 Δobj=-2.124e-2 |δ|∞=9.915e-2 resid=3.866e0 attempts=1 t=0.168s
[INFO] [joint-newton-tr] phase=hessian_qp cycle=24 r=1.488e0
[INFO] [979-PROBE] cyc= 24 firth_armed=true skippable=false |gradPhi|inf=1.231e9 kkt=3.866e0 |beta|inf=2.582e0 endgame=true
[WARN] [gam#979 constrained-QP] cycle=24 path=regularized-newton warm_rows=1 active_set_rows=2 beta_inf=2.6214e0
[INFO] [joint-newton-tr] phase=line_search cycle=24 r=1.488e0 hessian_qp_elapsed=0.155s
[INFO] [PIRLS/joint-Newton/TR cycle=24 attempt=1] accepted   ρ=+9.989e-1  Δobj=+2.763e-2  pred=+2.766e-2  r=1.488e0 (held)  decision=hold_inside             |δ|=4.481e-1  |δ|∞=1.580e-1  |prop|∞=5.247e-1
[INFO] [joint-newton-tr] phase=gradient_reload cycle=24 attempts=1 r=1.488e0
[INFO] [PIRLS/joint-Newton convergence] cycle  24 | step_inf=5.247e-1 (tol=3.594e-11) | accepted_step_inf=1.580e-1 | residual=4.514e0 (tol=1.231e-2) | relative_stationarity=3.666e-9 (scale=1.231e9, inner_tol=1.000e-11) | per_block_resid=[4.571e7,8.693e-1,6.270e-2] | obj_change=2.763e-2 (tol=3.539e-9) | beta_inf=2.594e0 | per_block_beta_inf=[7.498e-1,2.717e-1,2.594e0]
[INFO] [PIRLS/JN] cyc= 24/200 obj=3.528807e2 Δobj=-2.763e-2 |δ|∞=1.580e-1 resid=4.514e0 attempts=1 t=0.177s
[INFO] [joint-newton-tr] phase=hessian_qp cycle=25 r=1.488e0
[INFO] [979-PROBE] cyc= 25 firth_armed=true skippable=false |gradPhi|inf=1.231e9 kkt=4.514e0 |beta|inf=2.594e0 endgame=true
[WARN] [gam#979 constrained-QP] cycle=25 path=regularized-newton warm_rows=1 active_set_rows=2 beta_inf=2.6796e0
[INFO] [joint-newton-tr] phase=line_search cycle=25 r=1.488e0 hessian_qp_elapsed=0.145s
[INFO] [PIRLS/joint-Newton/TR cycle=25 attempt=1] accepted   ρ=+9.961e-1  Δobj=+3.386e-2  pred=+3.399e-2  r=1.488e0 (held)  decision=hold_inside             |δ|=8.302e-1  |δ|∞=2.848e-1  |prop|∞=5.104e-1
[INFO] [joint-newton-tr] phase=gradient_reload cycle=25 attempts=1 r=1.488e0
[INFO] [PIRLS/joint-Newton convergence] cycle  25 | step_inf=5.104e-1 (tol=3.599e-11) | accepted_step_inf=2.848e-1 | residual=5.344e0 (tol=1.231e-2) | relative_stationarity=4.340e-9 (scale=1.231e9, inner_tol=1.000e-11) | per_block_resid=[4.571e7,3.518e-1,3.338e-2] | obj_change=3.386e-2 (tol=3.538e-9) | beta_inf=2.599e0 | per_block_beta_inf=[7.737e-1,2.577e-1,2.599e0]
[INFO] [PIRLS/JN] cyc= 25/200 obj=3.528484e2 Δobj=-3.386e-2 |δ|∞=2.848e-1 resid=5.344e0 attempts=1 t=0.166s
[INFO] [joint-newton-tr] phase=hessian_qp cycle=26 r=1.488e0
[INFO] [979-PROBE] cyc= 26 firth_armed=true skippable=false |gradPhi|inf=1.231e9 kkt=5.344e0 |beta|inf=2.599e0 endgame=true
[WARN] [gam#2600 reduced-face] declining a cycled active-set exchange (face_rows=1, visited_faces=1); the general constrained QP owns this subproblem
[WARN] [gam#979 constrained-QP] cycle=26 path=linear warm_rows=1 active_set_rows=2 beta_inf=2.6027e0
[INFO] [joint-newton-tr] phase=line_search cycle=26 r=1.488e0 hessian_qp_elapsed=0.144s
[INFO] [PIRLS/joint-Newton/TR cycle=26 attempt=1] accepted   ρ=+1.000e0  Δobj=+2.182e-4  pred=+2.182e-4  r=1.488e0 (held)  decision=hold_inside             |δ|=3.331e-3  |δ|∞=1.857e-3  |prop|∞=1.786e-1
[INFO] [joint-newton-tr] phase=gradient_reload cycle=26 attempts=1 r=1.488e0
[INFO] [PIRLS/joint-Newton active-face] cycle 26 | accepted critical-cone transition; reset fixed-face convergence histories and require a fresh KKT certificate
[INFO] [PIRLS/joint-Newton convergence] cycle  26 | step_inf=1.786e-1 (tol=3.600e-11) | accepted_step_inf=1.857e-3 | residual=4.360e-1 (tol=1.231e-2) | relative_stationarity=3.541e-10 (scale=1.231e9, inner_tol=1.000e-11) | per_block_resid=[4.571e7,3.661e-1,3.207e-2] | obj_change=2.182e-4 (tol=3.538e-9) | beta_inf=2.600e0 | per_block_beta_inf=[7.743e-1,2.577e-1,2.600e0]
[INFO] [PIRLS/JN] cyc= 26/200 obj=3.528482e2 Δobj=-2.182e-4 |δ|∞=1.857e-3 resid=4.360e-1 attempts=1 t=0.169s
[INFO] [joint-newton-tr] phase=hessian_qp cycle=27 r=1.488e0
[INFO] [979-PROBE] cyc= 27 firth_armed=true skippable=false |gradPhi|inf=1.231e9 kkt=4.360e-1 |beta|inf=2.600e0 endgame=true
[WARN] [gam#979 constrained-QP] cycle=27 path=regularized-newton warm_rows=2 active_set_rows=2 beta_inf=2.7743e0
[INFO] [joint-newton-tr] phase=line_search cycle=27 r=1.488e0 hessian_qp_elapsed=0.149s
[INFO] [PIRLS/joint-Newton/TR cycle=27 attempt=1] accepted   ρ=+9.789e-1  Δobj=+2.582e-2  pred=+2.638e-2  r=1.488e0->2.976e0  decision=grow_at_boundary        |δ|=1.488e0  |δ|∞=3.184e-1  |prop|∞=3.184e-1
[INFO] [joint-newton-tr] phase=gradient_reload cycle=27 attempts=1 r=2.976e0
[INFO] [PIRLS/joint-Newton convergence] cycle  27 | step_inf=3.184e-1 (tol=3.774e-11) | accepted_step_inf=3.184e-1 | residual=4.587e-1 (tol=1.231e-2) | relative_stationarity=3.726e-10 (scale=1.231e9, inner_tol=1.000e-11) | per_block_resid=[4.571e7,4.447e-1,4.916e-2] | obj_change=2.582e-2 (tol=3.538e-9) | beta_inf=2.774e0 | per_block_beta_inf=[7.953e-1,2.238e-1,2.774e0]
[INFO] [PIRLS/JN] cyc= 27/200 obj=3.528259e2 Δobj=-2.582e-2 |δ|∞=3.184e-1 resid=4.587e-1 attempts=1 t=0.172s
[INFO] [joint-newton-tr] phase=hessian_qp cycle=28 r=2.976e0
[INFO] [979-PROBE] cyc= 28 firth_armed=true skippable=false |gradPhi|inf=1.231e9 kkt=4.587e-1 |beta|inf=2.774e0 endgame=true
[WARN] [gam#979 constrained-QP] cycle=28 path=regularized-newton warm_rows=2 active_set_rows=2 beta_inf=2.8669e0
[INFO] [joint-newton-tr] phase=line_search cycle=28 r=2.976e0 hessian_qp_elapsed=0.149s
[INFO] [PIRLS/joint-Newton/TR cycle=28 attempt=1] accepted   ρ=+4.226e-1  Δobj=+1.145e-2  pred=+2.709e-2  r=2.976e0 (held)  decision=hold_moderate           |δ|=2.976e0  |δ|∞=3.014e-1  |prop|∞=3.014e-1
[INFO] [joint-newton-tr] phase=gradient_reload cycle=28 attempts=1 r=2.976e0
[INFO] [PIRLS/joint-Newton convergence] cycle  28 | step_inf=3.014e-1 (tol=3.867e-11) | accepted_step_inf=3.014e-1 | residual=3.993e0 (tol=1.231e-2) | relative_stationarity=3.244e-9 (scale=1.231e9, inner_tol=1.000e-11) | per_block_resid=[4.571e7,3.952e0,6.463e-1] | obj_change=1.145e-2 (tol=3.538e-9) | beta_inf=2.867e0 | per_block_beta_inf=[7.965e-1,1.485e-1,2.867e0]
[INFO] [PIRLS/JN] cyc= 28/200 obj=3.528320e2 Δobj=-1.145e-2 |δ|∞=3.014e-1 resid=3.993e0 attempts=1 t=0.170s
[INFO] [joint-newton-tr] phase=hessian_qp cycle=29 r=2.976e0
[INFO] [979-PROBE] cyc= 29 firth_armed=true skippable=false |gradPhi|inf=1.229e9 kkt=3.993e0 |beta|inf=2.867e0 endgame=true
[WARN] [gam#979 constrained-QP] cycle=29 path=exact-face warm_rows=2 active_set_rows=2 beta_inf=2.9103e0
[INFO] [joint-newton-tr] phase=line_search cycle=29 r=2.976e0 hessian_qp_elapsed=0.147s
[INFO] [PIRLS/joint-Newton/TR cycle=29 attempt=1] accepted   ρ=+1.366e0  Δobj=+5.063e-2  pred=+3.708e-2  r=2.976e0 (held)  decision=hold_inside             |δ|=1.824e0  |δ|∞=2.727e-1  |prop|∞=2.727e-1
[INFO] [joint-newton-tr] phase=gradient_reload cycle=29 attempts=1 r=2.976e0
[INFO] [PIRLS/joint-Newton convergence] cycle  29 | step_inf=2.727e-1 (tol=3.910e-11) | accepted_step_inf=2.727e-1 | residual=8.342e-1 (tol=1.229e-2) | relative_stationarity=6.787e-10 (scale=1.229e9, inner_tol=1.000e-11) | per_block_resid=[4.571e7,8.208e-1,7.709e-2] | obj_change=5.063e-2 (tol=3.538e-9) | beta_inf=2.910e0 | per_block_beta_inf=[7.965e-1,1.184e-1,2.910e0]
[INFO] [PIRLS/JN] cyc= 29/200 obj=3.528106e2 Δobj=-5.063e-2 |δ|∞=2.727e-1 resid=8.342e-1 attempts=1 t=0.170s
[INFO] [joint-newton-tr] phase=hessian_qp cycle=30 r=2.976e0
[INFO] [979-PROBE] cyc= 30 firth_armed=true skippable=false |gradPhi|inf=1.226e9 kkt=8.342e-1 |beta|inf=2.910e0 endgame=true
[WARN] [gam#979 constrained-QP] cycle=30 path=regularized-newton warm_rows=2 active_set_rows=2 beta_inf=2.9780e0
[INFO] [joint-newton-tr] phase=line_search cycle=30 r=2.976e0 hessian_qp_elapsed=0.152s
[INFO] [PIRLS/joint-Newton/TR cycle=30 attempt=1] accepted   ρ=+8.787e-1  Δobj=+4.603e-2  pred=+5.238e-2  r=2.976e0 (held)  decision=hold_inside             |δ|=2.402e0  |δ|∞=3.123e-1  |prop|∞=3.870e-1
[INFO] [joint-newton-tr] phase=gradient_reload cycle=30 attempts=1 r=2.976e0
[INFO] [PIRLS/joint-Newton convergence] cycle  30 | step_inf=3.870e-1 (tol=3.903e-11) | accepted_step_inf=3.123e-1 | residual=9.514e0 (tol=1.226e-2) | relative_stationarity=7.757e-9 (scale=1.226e9, inner_tol=1.000e-11) | per_block_resid=[4.571e7,8.687e0,5.170e-1] | obj_change=4.603e-2 (tol=3.538e-9) | beta_inf=2.903e0 | per_block_beta_inf=[7.970e-1,8.928e-2,2.903e0]
[INFO] [PIRLS/JN] cyc= 30/200 obj=3.528275e2 Δobj=-4.603e-2 |δ|∞=3.123e-1 resid=9.514e0 attempts=1 t=0.175s
[INFO] [joint-newton-tr] phase=hessian_qp cycle=31 r=2.976e0
[INFO] [979-PROBE] cyc= 31 firth_armed=true skippable=false |gradPhi|inf=1.221e9 kkt=9.514e0 |beta|inf=2.903e0 endgame=true
[WARN] [gam#979 constrained-QP] cycle=31 path=regularized-newton warm_rows=2 active_set_rows=2 beta_inf=3.3295e0
[INFO] [joint-newton-tr] phase=line_search cycle=31 r=2.976e0 hessian_qp_elapsed=0.150s
[INFO] [PIRLS/joint-Newton/TR cycle=31 attempt=1] accepted   ρ=+1.414e0  Δobj=+1.950e-1  pred=+1.379e-1  r=2.976e0->5.952e0  decision=grow_at_boundary        |δ|=2.976e0  |δ|∞=4.262e-1  |prop|∞=4.262e-1
[INFO] [joint-newton-tr] phase=gradient_reload cycle=31 attempts=1 r=5.952e0
[INFO] [PIRLS/joint-Newton convergence] cycle  31 | step_inf=4.262e-1 (tol=4.330e-11) | accepted_step_inf=4.262e-1 | residual=1.155e1 (tol=1.221e-2) | relative_stationarity=9.458e-9 (scale=1.221e9, inner_tol=1.000e-11) | per_block_resid=[4.571e7,1.178e1,3.293e-1] | obj_change=1.950e-1 (tol=3.538e-9) | beta_inf=3.330e0 | per_block_beta_inf=[7.972e-1,6.284e-2,3.330e0]
[INFO] [PIRLS/JN] cyc= 31/200 obj=3.528409e2 Δobj=-1.950e-1 |δ|∞=4.262e-1 resid=1.155e1 attempts=1 t=0.173s
[INFO] [joint-newton-tr] phase=hessian_qp cycle=32 r=5.952e0
[INFO] [979-PROBE] cyc= 32 firth_armed=true skippable=false |gradPhi|inf=1.202e9 kkt=1.155e1 |beta|inf=3.330e0 endgame=true
[WARN] [gam#979 constrained-QP] cycle=32 path=regularized-newton warm_rows=2 active_set_rows=2 beta_inf=4.4470e0
[INFO] [joint-newton-tr] phase=line_search cycle=32 r=5.952e0 hessian_qp_elapsed=0.146s
[INFO] [PIRLS/joint-Newton/TR cycle=32 attempt=1] reject     ρ=-1.290e1  Δobj=-1.585e1  pred=+1.229e0  r=5.952e0->1.488e0  decision=shrink_reject           |δ|=5.952e0  |δ|∞=1.607e0  |prop|∞=1.607e0
[INFO] [PIRLS/joint-Newton/TR cycle=32 attempt=2] accepted   ρ=+1.149e0  Δobj=+3.153e-1  pred=+2.744e-1  r=1.488e0->2.976e0  decision=grow_at_boundary        |δ|=1.754e0  |δ|∞=4.734e-1  |prop|∞=1.607e0
[INFO] [joint-newton-tr] phase=gradient_reload cycle=32 attempts=2 r=2.976e0
[INFO] [PIRLS/joint-Newton convergence] cycle  32 | step_inf=1.607e0 (tol=4.610e-11) | accepted_step_inf=4.734e-1 | residual=3.095e1 (tol=1.202e-2) | relative_stationarity=2.575e-8 (scale=1.202e9, inner_tol=1.000e-11) | per_block_resid=[4.571e7,3.126e1,1.749e-1] | obj_change=3.153e-1 (tol=3.540e-9) | beta_inf=3.610e0 | per_block_beta_inf=[7.984e-1,5.677e-2,3.610e0]
[INFO] [PIRLS/JN] cyc= 32/200 obj=3.529773e2 Δobj=-3.153e-1 |δ|∞=4.734e-1 resid=3.095e1 attempts=2 t=0.168s
[INFO] [joint-newton-tr] phase=hessian_qp cycle=33 r=2.976e0
[INFO] [979-PROBE] cyc= 33 firth_armed=true skippable=false |gradPhi|inf=1.174e9 kkt=3.095e1 |beta|inf=3.610e0 endgame=true
[WARN] [gam#979 constrained-QP] cycle=33 path=regularized-newton warm_rows=2 active_set_rows=2 beta_inf=3.8607e0
[INFO] [joint-newton-tr] phase=line_search cycle=33 r=2.976e0 hessian_qp_elapsed=0.146s
[INFO] [PIRLS/joint-Newton/TR cycle=33 attempt=1] accepted   ρ=+1.074e0  Δobj=+3.201e-1  pred=+2.980e-1  r=2.976e0->5.952e0  decision=grow_at_boundary        |δ|=2.976e0  |δ|∞=2.510e-1  |prop|∞=2.510e-1
[INFO] [joint-newton-tr] phase=gradient_reload cycle=33 attempts=1 r=5.952e0
[INFO] [PIRLS/joint-Newton convergence] cycle  33 | step_inf=2.510e-1 (tol=4.861e-11) | accepted_step_inf=2.510e-1 | residual=1.198e1 (tol=1.174e-2) | relative_stationarity=1.020e-8 (scale=1.174e9, inner_tol=1.000e-11) | per_block_resid=[4.571e7,3.776e1,6.016e-1] | obj_change=3.201e-1 (tol=3.540e-9) | beta_inf=3.861e0 | per_block_beta_inf=[7.988e-1,4.663e-2,3.861e0]
[INFO] [PIRLS/JN] cyc= 33/200 obj=3.529682e2 Δobj=-3.201e-1 |δ|∞=2.510e-1 resid=1.198e1 attempts=1 t=0.167s
[INFO] [joint-newton-tr] phase=hessian_qp cycle=34 r=5.952e0
[INFO] [979-PROBE] cyc= 34 firth_armed=true skippable=false |gradPhi|inf=1.176e9 kkt=1.198e1 |beta|inf=3.861e0 endgame=true
[WARN] [gam#979 constrained-QP] cycle=34 path=regularized-newton warm_rows=2 active_set_rows=2 beta_inf=4.2845e0
[INFO] [joint-newton-tr] phase=line_search cycle=34 r=5.952e0 hessian_qp_elapsed=0.145s
[INFO] [PIRLS/joint-Newton/TR cycle=34 attempt=1] accepted   ρ=+1.022e0  Δobj=+6.068e-1  pred=+5.936e-1  r=5.952e0->1.190e1  decision=grow_at_boundary        |δ|=5.952e0  |δ|∞=4.238e-1  |prop|∞=4.238e-1
[INFO] [joint-newton-tr] phase=gradient_reload cycle=34 attempts=1 r=1.190e1
[INFO] [PIRLS/joint-Newton convergence] cycle  34 | step_inf=4.238e-1 (tol=5.285e-11) | accepted_step_inf=4.238e-1 | residual=1.008e2 (tol=1.176e-2) | relative_stationarity=8.573e-8 (scale=1.176e9, inner_tol=1.000e-11) | per_block_resid=[4.571e7,1.074e2,6.327e-1] | obj_change=6.068e-1 (tol=3.540e-9) | beta_inf=4.285e0 | per_block_beta_inf=[7.992e-1,2.966e-2,4.285e0]
[INFO] [PIRLS/JN] cyc= 34/200 obj=3.530392e2 Δobj=-6.068e-1 |δ|∞=4.238e-1 resid=1.008e2 attempts=1 t=0.166s
[INFO] [joint-newton-tr] phase=hessian_qp cycle=35 r=1.190e1
[INFO] [979-PROBE] cyc= 35 firth_armed=true skippable=false |gradPhi|inf=1.141e9 kkt=1.008e2 |beta|inf=4.285e0 endgame=true
[WARN] [gam#979 constrained-QP] cycle=35 path=regularized-newton warm_rows=2 active_set_rows=2 beta_inf=6.2254e0
[INFO] [joint-newton-tr] phase=line_search cycle=35 r=1.190e1 hessian_qp_elapsed=0.145s
[INFO] [PIRLS/joint-Newton/TR cycle=35 attempt=1] reject     ρ=-1.205e3  Δobj=-9.888e3  pred=+8.205e0  r=1.190e1->2.976e0  decision=shrink_reject           |δ|=1.190e1  |δ|∞=3.148e0  |prop|∞=3.148e0
[INFO] [PIRLS/joint-Newton/TR cycle=35 attempt=2] accepted   ρ=+3.704e-1  Δobj=+6.147e-1  pred=+1.659e0  r=2.976e0 (held)  decision=hold_moderate           |δ|=3.270e0  |δ|∞=8.646e-1  |prop|∞=3.148e0
[INFO] [joint-newton-tr] phase=gradient_reload cycle=35 attempts=2 r=2.976e0
[INFO] [PIRLS/joint-Newton convergence] cycle  35 | step_inf=3.148e0 (tol=5.818e-11) | accepted_step_inf=8.646e-1 | residual=4.191e2 (tol=1.141e-2) | relative_stationarity=3.673e-7 (scale=1.141e9, inner_tol=1.000e-11) | per_block_resid=[4.571e7,4.344e2,1.043e0] | obj_change=6.147e-1 (tol=3.549e-9) | beta_inf=4.818e0 | per_block_beta_inf=[8.023e-1,2.572e-2,4.818e0]
[INFO] [PIRLS/JN] cyc= 35/200 obj=3.538920e2 Δobj=-6.147e-1 |δ|∞=8.646e-1 resid=4.191e2 attempts=2 t=0.167s
[INFO] [joint-newton-tr] phase=hessian_qp cycle=36 r=2.976e0
[INFO] [979-PROBE] cyc= 36 firth_armed=true skippable=false |gradPhi|inf=1.154e9 kkt=4.191e2 |beta|inf=4.818e0 endgame=true
[WARN] [gam#979 constrained-QP] cycle=36 path=regularized-newton warm_rows=2 active_set_rows=2 beta_inf=4.8533e0
[INFO] [joint-newton-tr] phase=line_search cycle=36 r=2.976e0 hessian_qp_elapsed=0.145s
[INFO] [PIRLS/joint-Newton/TR cycle=36 attempt=1] accepted   ρ=+9.723e-1  Δobj=+3.983e-1  pred=+4.096e-1  r=2.976e0->5.952e0  decision=grow_at_boundary        |δ|=2.976e0  |δ|∞=3.559e-2  |prop|∞=3.559e-2
[INFO] [joint-newton-tr] phase=gradient_reload cycle=36 attempts=1 r=5.952e0
[INFO] [PIRLS/joint-Newton convergence] cycle  36 | step_inf=3.559e-2 (tol=5.853e-11) | accepted_step_inf=3.559e-2 | residual=6.072e1 (tol=1.154e-2) | relative_stationarity=5.264e-8 (scale=1.154e9, inner_tol=1.000e-11) | per_block_resid=[4.571e7,1.107e2,1.550e0] | obj_change=3.983e-1 (tol=3.546e-9) | beta_inf=4.853e0 | per_block_beta_inf=[8.017e-1,2.272e-2,4.853e0]
[INFO] [PIRLS/JN] cyc= 36/200 obj=3.535655e2 Δobj=-3.983e-1 |δ|∞=3.559e-2 resid=6.072e1 attempts=1 t=0.166s
[INFO] [joint-newton-tr] phase=hessian_qp cycle=37 r=5.952e0
[INFO] [979-PROBE] cyc= 37 firth_armed=true skippable=false |gradPhi|inf=1.152e9 kkt=6.072e1 |beta|inf=4.853e0 endgame=true
[WARN] [gam#979 constrained-QP] cycle=37 path=regularized-newton warm_rows=2 active_set_rows=2 beta_inf=4.9862e0
[INFO] [joint-newton-tr] phase=line_search cycle=37 r=5.952e0 hessian_qp_elapsed=0.145s
[INFO] [PIRLS/joint-Newton/TR cycle=37 attempt=1] accepted   ρ=+9.812e-1  Δobj=+3.940e-1  pred=+4.016e-1  r=5.952e0->1.190e1  decision=grow_at_boundary        |δ|=5.952e0  |δ|∞=1.329e-1  |prop|∞=1.329e-1
[INFO] [joint-newton-tr] phase=gradient_reload cycle=37 attempts=1 r=1.190e1
[INFO] [PIRLS/joint-Newton convergence] cycle  37 | step_inf=1.329e-1 (tol=5.986e-11) | accepted_step_inf=1.329e-1 | residual=4.352e1 (tol=1.152e-2) | relative_stationarity=3.779e-8 (scale=1.152e9, inner_tol=1.000e-11) | per_block_resid=[4.571e7,1.032e2,7.032e-1] | obj_change=3.940e-1 (tol=3.544e-9) | beta_inf=4.986e0 | per_block_beta_inf=[8.007e-1,1.761e-2,4.986e0]
[INFO] [PIRLS/JN] cyc= 37/200 obj=3.534186e2 Δobj=-3.940e-1 |δ|∞=1.329e-1 resid=4.352e1 attempts=1 t=0.166s
[INFO] [joint-newton-tr] phase=hessian_qp cycle=38 r=1.190e1
[INFO] [979-PROBE] cyc= 38 firth_armed=true skippable=false |gradPhi|inf=1.141e9 kkt=4.352e1 |beta|inf=4.986e0 endgame=true
[WARN] [gam#979 constrained-QP] cycle=38 path=regularized-newton warm_rows=2 active_set_rows=2 beta_inf=5.3188e0
[INFO] [joint-newton-tr] phase=line_search cycle=38 r=1.190e1 hessian_qp_elapsed=0.145s
[INFO] [PIRLS/joint-Newton/TR cycle=38 attempt=1] accepted   ρ=+8.160e-1  Δobj=+6.687e-1  pred=+8.195e-1  r=1.190e1->1.799e1  decision=hold_inside             |δ|=1.110e1  |δ|∞=3.100e-1  |prop|∞=3.326e-1
[INFO] [joint-newton-tr] phase=gradient_reload cycle=38 attempts=1 r=1.799e1
[INFO] [PIRLS/joint-Newton convergence] cycle  38 | step_inf=3.326e-1 (tol=6.296e-11) | accepted_step_inf=3.100e-1 | residual=1.600e2 (tol=1.141e-2) | relative_stationarity=1.403e-7 (scale=1.141e9, inner_tol=1.000e-11) | per_block_resid=[4.571e7,1.798e2,3.539e-1] | obj_change=6.687e-1 (tol=3.544e-9) | beta_inf=5.296e0 | per_block_beta_inf=[7.994e-1,1.152e-2,5.296e0]
[INFO] [PIRLS/JN] cyc= 38/200 obj=3.533747e2 Δobj=-6.687e-1 |δ|∞=3.100e-1 resid=1.600e2 attempts=1 t=0.167s
[INFO] [joint-newton-tr] phase=hessian_qp cycle=39 r=1.799e1
[INFO] [979-PROBE] cyc= 39 firth_armed=true skippable=false |gradPhi|inf=1.143e9 kkt=1.600e2 |beta|inf=5.296e0 endgame=true
[WARN] [gam#979 constrained-QP] cycle=39 path=regularized-newton warm_rows=2 active_set_rows=2 beta_inf=5.7068e0
[INFO] [joint-newton-tr] phase=line_search cycle=39 r=1.799e1 hessian_qp_elapsed=0.145s
[INFO] [PIRLS/joint-Newton/TR cycle=39 attempt=1] accepted   ρ=+7.282e-1  Δobj=+7.078e-1  pred=+9.720e-1  r=1.799e1 (held)  decision=hold_moderate           |δ|=1.799e1  |δ|∞=4.106e-1  |prop|∞=4.106e-1
[INFO] [joint-newton-tr] phase=gradient_reload cycle=39 attempts=1 r=1.799e1
[INFO] [PIRLS/joint-Newton convergence] cycle  39 | step_inf=4.106e-1 (tol=6.707e-11) | accepted_step_inf=4.106e-1 | residual=1.569e2 (tol=1.143e-2) | relative_stationarity=1.372e-7 (scale=1.143e9, inner_tol=1.000e-11) | per_block_resid=[4.571e7,1.410e2,6.403e-1] | obj_change=7.078e-1 (tol=3.543e-9) | beta_inf=5.707e0 | per_block_beta_inf=[7.976e-1,6.275e-3,5.707e0]
[INFO] [PIRLS/JN] cyc= 39/200 obj=3.533186e2 Δobj=-7.078e-1 |δ|∞=4.106e-1 resid=1.569e2 attempts=1 t=0.166s
[INFO] [joint-newton-tr] phase=hessian_qp cycle=40 r=1.799e1
[INFO] [979-PROBE] cyc= 40 firth_armed=true skippable=false |gradPhi|inf=1.174e9 kkt=1.569e2 |beta|inf=5.707e0 endgame=true
[WARN] [gam#979 constrained-QP] cycle=40 path=regularized-newton warm_rows=2 active_set_rows=2 beta_inf=7.7948e0
[INFO] [joint-newton-tr] phase=line_search cycle=40 r=1.799e1 hessian_qp_elapsed=0.145s
[INFO] [PIRLS/joint-Newton/TR cycle=40 attempt=1] reject     ρ=-4.397e1  Δobj=-1.447e2  pred=+3.291e0  r=1.799e1->1.190e1  decision=shrink_reject           |δ|=1.186e1  |δ|∞=3.871e0  |prop|∞=5.868e0
[INFO] [PIRLS/joint-Newton/TR cycle=40 attempt=2] accepted   ρ=+8.364e-1  Δobj=+7.295e-1  pred=+8.722e-1  r=1.190e1 (held)  decision=hold_inside             |δ|=2.966e0  |δ|∞=9.677e-1  |prop|∞=5.868e0
[INFO] [joint-newton-tr] phase=gradient_reload cycle=40 attempts=2 r=1.190e1
[INFO] [PIRLS/joint-Newton convergence] cycle  40 | step_inf=5.868e0 (tol=7.051e-11) | accepted_step_inf=9.677e-1 | residual=2.807e2 (tol=1.174e-2) | relative_stationarity=2.391e-7 (scale=1.174e9, inner_tol=1.000e-11) | per_block_resid=[4.571e7,2.572e2,9.092e-1] | obj_change=7.295e-1 (tol=3.541e-9) | beta_inf=6.051e0 | per_block_beta_inf=[8.068e-1,5.494e-3,6.051e0]
[INFO] [PIRLS/JN] cyc= 40/200 obj=3.530938e2 Δobj=-7.295e-1 |δ|∞=9.677e-1 resid=2.807e2 attempts=2 t=0.168s
[INFO] [joint-newton-tr] phase=hessian_qp cycle=41 r=1.190e1
[INFO] [979-PROBE] cyc= 41 firth_armed=true skippable=false |gradPhi|inf=1.149e9 kkt=2.807e2 |beta|inf=6.051e0 endgame=true
[WARN] [gam#979 constrained-QP] cycle=41 path=regularized-newton warm_rows=2 active_set_rows=2 beta_inf=6.2330e0
[INFO] [joint-newton-tr] phase=line_search cycle=41 r=1.190e1 hessian_qp_elapsed=0.146s
[INFO] [PIRLS/joint-Newton/TR cycle=41 attempt=1] accepted   ρ=+9.864e-1  Δobj=+2.266e-1  pred=+2.297e-1  r=1.190e1 (held)  decision=hold_inside             |δ|=4.560e0  |δ|∞=6.967e-2  |prop|∞=1.819e-1
[INFO] [joint-newton-tr] phase=gradient_reload cycle=41 attempts=1 r=1.190e1
[INFO] [PIRLS/joint-Newton convergence] cycle  41 | step_inf=1.819e-1 (tol=7.121e-11) | accepted_step_inf=6.967e-2 | residual=1.580e2 (tol=1.149e-2) | relative_stationarity=1.375e-7 (scale=1.149e9, inner_tol=1.000e-11) | per_block_resid=[4.571e7,1.331e2,4.573e-1] | obj_change=2.266e-1 (tol=3.540e-9) | beta_inf=6.121e0 | per_block_beta_inf=[8.061e-1,4.736e-3,6.121e0]
[INFO] [PIRLS/JN] cyc= 41/200 obj=3.530092e2 Δobj=-2.266e-1 |δ|∞=6.967e-2 resid=1.580e2 attempts=1 t=0.167s
[INFO] [joint-newton-tr] phase=hessian_qp cycle=42 r=1.190e1
[INFO] [979-PROBE] cyc= 42 firth_armed=true skippable=false |gradPhi|inf=1.143e9 kkt=1.580e2 |beta|inf=6.121e0 endgame=true
[WARN] [gam#979 constrained-QP] cycle=42 path=regularized-newton warm_rows=2 active_set_rows=2 beta_inf=6.2973e0
[INFO] [joint-newton-tr] phase=line_search cycle=42 r=1.190e1 hessian_qp_elapsed=0.146s
[INFO] [PIRLS/joint-Newton/TR cycle=42 attempt=1] accepted   ρ=+9.735e-1  Δobj=+3.363e-1  pred=+3.455e-1  r=1.190e1->1.681e1  decision=hold_inside             |δ|=8.788e0  |δ|∞=1.303e-1  |prop|∞=1.764e-1
[INFO] [joint-newton-tr] phase=gradient_reload cycle=42 attempts=1 r=1.681e1
[INFO] [PIRLS/joint-Newton convergence] cycle  42 | step_inf=1.764e-1 (tol=7.251e-11) | accepted_step_inf=1.303e-1 | residual=4.451e1 (tol=1.143e-2) | relative_stationarity=3.894e-8 (scale=1.143e9, inner_tol=1.000e-11) | per_block_resid=[4.571e7,9.760e1,2.082e-1] | obj_change=3.363e-1 (tol=3.540e-9) | beta_inf=6.251e0 | per_block_beta_inf=[8.050e-1,3.746e-3,6.251e0]
[INFO] [PIRLS/JN] cyc= 42/200 obj=3.529687e2 Δobj=-3.363e-1 |δ|∞=1.303e-1 resid=4.451e1 attempts=1 t=0.169s
[WARN] [PIRLS/joint-Newton convergence] cycle  42 | slow-geometric-rate stall early-exit (gam#979): residual=4.451e1 (tol=1.143e-2) descending at ~1.3353×/cycle over the last 16 cycles — projected >158 more cycles to reach tol; the residual is converging but far too slowly to finish in a practical budget (the survival marginal-slope oversmoothed-ρ endgame), so returning unconverged with finite β instead of grinding to inner_max_cycles=200.
[WARN] [PIRLS/joint-Newton terminal] converged=false terminator=early-exit non-converged (divergence/stall guard) cycles=43/200 jeffreys_completion_calls=27 solve_wall=4.970s best_residual_inf=4.360e-1 (tol=4.571e-4) last_residual_below_tol=false last_obj_change_below_tol=false objective=3.529687e2; this is the status the inner solve reports to the outer REML/LAML evaluation — a non-converged exit (residual ≫ tol with only the objective stalled) is rejected, not accepted
[WARN] coupled exact-joint inner solve exited the joint Newton path before convergence — structured KKT refusal report unavailable: no joint Newton math snapshot; returning a non-converged inner mode for outer-rho rejection
[WARN] [OUTER] custom family: rejecting seed 1 before solver start: recoverable objective evaluation failure: outer eval failed: Custom-family fit failed: custom-family inner solve did not converge after 43 cycle(s) [joint-Newton terminal cycle 42: stationarity_residual=1.579833e2 (tol=4.570928e-4), relative_stationarity=3.456263e-6 (= residual/(1+scale), scale=4.570928e7; THIS is the comparable column, not residual/tol), step_inf=1.764256e-1 (tol=7.120829e-11), resolvable_negative_curvature=true, best_stationarity_residual=4.359701e-1 (last improved 15 cycle(s) before this one), termination=residual 4.451210e1 is not contracting (1.3353x per cycle over the last 16 cycles, every step accepted) and cannot reach 1.143159e-2: the solve was descending along a direction with no finite minimizer in reach, not stuck; no block's penalty opposes the accepted step, so no penalty strength closes this ray] (this solver path emits no typed projected-KKT diagnostic, so neither a residual nor a tolerance was recorded — read the terminal decision variables above instead); refusing to expose profile objective derivatives for theta_dim=5 (rho_dim=5, psi_dim=0). The analytic outer gradient/Hessian require the inner KKT equation F_beta(beta, theta)=0; returning a value with zero or shape-only derivatives is mathematically inconsistent. This trial point is infeasible; the outer search may step away from it.
[INFO] [joint-newton-tr] phase=hessian_qp cycle=0 r=1.000e0
[INFO] [979-PROBE] cyc=  0 firth_armed=true skippable=false |gradPhi|inf=1.738e7 kkt=1.738e7 |beta|inf=6.717e-1 endgame=false
[INFO] [JN-BRANCH-DIAG #1040] cycle=0 joint_constraints_is_some=true matrix_free_joint_requested=false joint_hessian_is_dense=true solve_joint_constraints_dense=true -> branch=CONSTRAINED_QP total_p=27 levenberg_on_ill_cond=false
[WARN] [joint-newton spectrum gam#979] λ_max=2.356717e10 null_cutoff=2.356717e0 numerical_floor=2.719127e-5 band_modes=13 cert_null_modes=13 (band now resolved by the step; cert still classifies on null_cutoff)
[INFO] [JN-REFLECT-DIAG #1040] cycle=0 CONSTRAINED_QP lambda_min_signed_raw=-2.762e15 lambda_min_signed_reflected=1.738e4 nullity=14 condition=1.508e8 (reflection CHANGED the spectrum)
[WARN] [gam#979 constrained-QP] cycle=0 path=linear warm_rows=0 active_set_rows=0 beta_inf=6.3871e-1
[INFO] [joint-newton-tr] phase=line_search cycle=0 r=1.000e0 hessian_qp_elapsed=0.020s
[INFO] [PIRLS/joint-Newton/TR cycle=0 attempt=1] reject     ρ=-4.103e-13  Δobj=-6.926e-1  pred=+1.688e12  r=1.197e1->2.305e0  decision=shrink_reject           |δ|=1.197e1  |δ|∞=3.265e-2  |prop|∞=3.860e-2
[INFO] [PIRLS/joint-Newton/TR cycle=0 attempt=2] accepted   ρ=+1.058e-10  Δobj=+6.619e0  pred=+6.258e10  r=2.305e0->5.761e-1  decision=shrink_marginal_accept  |δ|=2.305e0  |δ|∞=6.288e-3  |prop|∞=3.860e-2
[INFO] [joint-newton-tr] phase=gradient_reload cycle=0 attempts=2 r=5.761e-1
[INFO] [PIRLS/joint-Newton convergence] cycle   0 | step_inf=3.860e-2 (tol=1.672e-11) | accepted_step_inf=6.288e-3 | residual=6.709e2 (tol=1.738e-4) | relative_stationarity=3.861e-5 (scale=1.738e7, inner_tol=1.000e-11) | per_block_resid=[6.705e2,1.006e2,1.814e-1] | obj_change=6.619e0 (tol=1.146e-8) | beta_inf=6.717e-1 | per_block_beta_inf=[6.717e-1,6.288e-3,6.195e-10]
[INFO] [PIRLS/JN] cyc=  0/200 obj=1.144804e3 -loglik=1.144385e3 pen=4.190e-1 Δobj=-6.619e0 |δ|∞=3.860e-2 accepted_|δ|∞=6.288e-3 resid=6.709e2 (tol=1.738e-4) rel_stat=3.861e-5 (scale=1.738e7) obj_tol=1.146e-8 step_tol=1.672e-11 |β|∞=6.717e-1 attempts=2 t=0.043s
[INFO] [joint-newton-tr] phase=hessian_qp cycle=1 r=5.761e-1
[INFO] [979-PROBE] cyc=  1 firth_armed=true skippable=false |gradPhi|inf=4.861e1 kkt=6.709e2 |beta|inf=6.717e-1 endgame=false
[INFO] [JN-REFLECT-DIAG #1040] cycle=1 CONSTRAINED_QP lambda_min_signed_raw=4.595e0 lambda_min_signed_reflected=4.595e0 nullity=0 condition=3.585e4 (reflection NO-OP (already PSD))
[WARN] [gam#979 constrained-QP] cycle=1 path=linear warm_rows=0 active_set_rows=0 beta_inf=1.5044e0
[INFO] [joint-newton-tr] phase=line_search cycle=1 r=5.761e-1 hessian_qp_elapsed=0.002s
[INFO] [PIRLS/joint-Newton/TR cycle=1 attempt=1] accepted   ρ=+1.000e0  Δobj=+5.896e-7  pred=+5.896e-7  r=5.761e-1 (held)  decision=hold_inside             |δ|=5.733e-8  |δ|∞=5.496e-10  |prop|∞=1.504e0
[INFO] [joint-newton-tr] phase=gradient_reload cycle=1 attempts=1 r=5.761e-1
[INFO] [PIRLS/joint-Newton convergence] cycle   1 | step_inf=1.504e0 (tol=1.672e-11) | accepted_step_inf=5.496e-10 | residual=6.709e2 (tol=6.715e-9) | relative_stationarity=9.992e-1 (scale=6.705e2, inner_tol=1.000e-11) | per_block_resid=[6.705e2,1.006e2,1.814e-1] | obj_change=5.896e-7 (tol=1.146e-8) | beta_inf=6.717e-1 | per_block_beta_inf=[6.717e-1,6.288e-3,1.045e-9]
[INFO] [PIRLS/JN] cyc=  1/200 obj=1.144804e3 Δobj=-5.896e-7 |δ|∞=5.496e-10 resid=6.709e2 attempts=1 t=0.024s
[INFO] [joint-newton-tr] phase=hessian_qp cycle=2 r=5.761e-1
[INFO] [979-PROBE] cyc=  2 firth_armed=true skippable=false |gradPhi|inf=4.861e1 kkt=6.709e2 |beta|inf=6.717e-1 endgame=false
[INFO] [JN-REFLECT-DIAG #1040] cycle=2 CONSTRAINED_QP lambda_min_signed_raw=4.595e0 lambda_min_signed_reflected=4.595e0 nullity=0 condition=3.585e4 (reflection NO-OP (already PSD))
[WARN] [gam#979 constrained-QP] cycle=2 path=linear warm_rows=0 active_set_rows=0 beta_inf=1.5044e0
[INFO] [joint-newton-tr] phase=line_search cycle=2 r=5.761e-1 hessian_qp_elapsed=0.002s
[INFO] [PIRLS/joint-Newton/TR cycle=2 attempt=1] accepted   ρ=+1.000e0  Δobj=+1.179e-6  pred=+1.179e-6  r=5.761e-1 (held)  decision=hold_inside             |δ|=1.147e-7  |δ|∞=1.099e-9  |prop|∞=1.504e0
[INFO] [joint-newton-tr] phase=gradient_reload cycle=2 attempts=1 r=5.761e-1
[INFO] [PIRLS/joint-Newton convergence] cycle   2 | step_inf=1.504e0 (tol=1.672e-11) | accepted_step_inf=1.099e-9 | residual=6.709e2 (tol=6.715e-9) | relative_stationarity=9.992e-1 (scale=6.705e2, inner_tol=1.000e-11) | per_block_resid=[6.705e2,1.006e2,1.814e-1] | obj_change=1.179e-6 (tol=1.146e-8) | beta_inf=6.717e-1 | per_block_beta_inf=[6.717e-1,6.288e-3,2.144e-9]
[INFO] [PIRLS/JN] cyc=  2/200 obj=1.144804e3 Δobj=-1.179e-6 |δ|∞=1.099e-9 resid=6.709e2 attempts=1 t=0.024s
[INFO] [joint-newton-tr] phase=hessian_qp cycle=3 r=5.761e-1
[INFO] [979-PROBE] cyc=  3 firth_armed=true skippable=false |gradPhi|inf=4.861e1 kkt=6.709e2 |beta|inf=6.717e-1 endgame=false
[WARN] [gam#979 constrained-QP] cycle=3 path=linear warm_rows=0 active_set_rows=0 beta_inf=1.5044e0
[INFO] [joint-newton-tr] phase=line_search cycle=3 r=5.761e-1 hessian_qp_elapsed=0.002s
[INFO] [PIRLS/joint-Newton/TR cycle=3 attempt=1] accepted   ρ=+1.000e0  Δobj=+2.358e-6  pred=+2.358e-6  r=5.761e-1 (held)  decision=hold_inside             |δ|=2.293e-7  |δ|∞=2.199e-9  |prop|∞=1.504e0
[INFO] [joint-newton-tr] phase=gradient_reload cycle=3 attempts=1 r=5.761e-1
[INFO] [PIRLS/joint-Newton convergence] cycle   3 | step_inf=1.504e0 (tol=1.672e-11) | accepted_step_inf=2.199e-9 | residual=6.709e2 (tol=6.715e-9) | relative_stationarity=9.992e-1 (scale=6.705e2, inner_tol=1.000e-11) | per_block_resid=[6.705e2,1.006e2,1.814e-1] | obj_change=2.358e-6 (tol=1.146e-8) | beta_inf=6.717e-1 | per_block_beta_inf=[6.717e-1,6.288e-3,4.342e-9]
[INFO] [PIRLS/JN] cyc=  3/200 obj=1.144804e3 Δobj=-2.358e-6 |δ|∞=2.199e-9 resid=6.709e2 attempts=1 t=0.024s
[INFO] [joint-newton-tr] phase=hessian_qp cycle=4 r=5.761e-1
[INFO] [979-PROBE] cyc=  4 firth_armed=true skippable=false |gradPhi|inf=4.861e1 kkt=6.709e2 |beta|inf=6.717e-1 endgame=false
[WARN] [gam#979 constrained-QP] cycle=4 path=linear warm_rows=0 active_set_rows=0 beta_inf=1.5044e0
[INFO] [joint-newton-tr] phase=line_search cycle=4 r=5.761e-1 hessian_qp_elapsed=0.002s
[INFO] [PIRLS/joint-Newton/TR cycle=4 attempt=1] accepted   ρ=+1.000e0  Δobj=+4.717e-6  pred=+4.717e-6  r=5.761e-1 (held)  decision=hold_inside             |δ|=4.586e-7  |δ|∞=4.397e-9  |prop|∞=1.504e0
[INFO] [joint-newton-tr] phase=gradient_reload cycle=4 attempts=1 r=5.761e-1
[INFO] [PIRLS/joint-Newton convergence] cycle   4 | step_inf=1.504e0 (tol=1.672e-11) | accepted_step_inf=4.397e-9 | residual=6.709e2 (tol=6.715e-9) | relative_stationarity=9.992e-1 (scale=6.705e2, inner_tol=1.000e-11) | per_block_resid=[6.705e2,1.006e2,1.814e-1] | obj_change=4.717e-6 (tol=1.146e-8) | beta_inf=6.717e-1 | per_block_beta_inf=[6.717e-1,6.288e-3,8.740e-9]
[INFO] [PIRLS/JN] cyc=  4/200 obj=1.144803e3 Δobj=-4.717e-6 |δ|∞=4.397e-9 resid=6.709e2 attempts=1 t=0.024s
[INFO] [PIRLS/joint-Newton model] cycle   4 | the decrement certificate would fire on a step model that is not the objective's Hessian (residual=6.709e2 against tol=6.715e-9, |Δobj|=4.717e-6 against 1.146e-8); arming the exact Jeffreys second-order completion before any certificate is taken
[INFO] [joint-newton-tr] phase=hessian_qp cycle=5 r=5.761e-1
[INFO] [979-PROBE] cyc=  5 firth_armed=true skippable=false |gradPhi|inf=4.861e1 kkt=6.709e2 |beta|inf=6.717e-1 endgame=true
[WARN] [gam#979 constrained-QP] cycle=5 path=linear warm_rows=0 active_set_rows=0 beta_inf=3.8928e0
[INFO] [joint-newton-tr] phase=line_search cycle=5 r=5.761e-1 hessian_qp_elapsed=0.148s
[INFO] [PIRLS/joint-Newton/TR cycle=5 attempt=1] accepted   ρ=+1.000e0  Δobj=+9.455e-6  pred=+9.455e-6  r=5.761e-1 (held)  decision=hold_inside             |δ|=9.175e-7  |δ|∞=2.259e-8  |prop|∞=3.893e0
[INFO] [joint-newton-tr] phase=gradient_reload cycle=5 attempts=1 r=5.761e-1
[INFO] [PIRLS/joint-Newton convergence] cycle   5 | step_inf=3.893e0 (tol=1.672e-11) | accepted_step_inf=2.259e-8 | residual=6.709e2 (tol=6.715e-9) | relative_stationarity=9.992e-1 (scale=6.705e2, inner_tol=1.000e-11) | per_block_resid=[6.705e2,1.006e2,1.814e-1] | obj_change=9.455e-6 (tol=1.146e-8) | beta_inf=6.717e-1 | per_block_beta_inf=[6.717e-1,6.288e-3,3.133e-8]
[INFO] [PIRLS/JN] cyc=  5/200 obj=1.144803e3 Δobj=-9.455e-6 |δ|∞=2.259e-8 resid=6.709e2 attempts=1 t=0.170s
[INFO] [joint-newton-tr] phase=hessian_qp cycle=6 r=5.761e-1
[INFO] [979-PROBE] cyc=  6 firth_armed=true skippable=false |gradPhi|inf=4.861e1 kkt=6.709e2 |beta|inf=6.717e-1 endgame=true
[WARN] [gam#979 constrained-QP] cycle=6 path=linear warm_rows=0 active_set_rows=0 beta_inf=3.8928e0
[INFO] [joint-newton-tr] phase=line_search cycle=6 r=5.761e-1 hessian_qp_elapsed=0.151s
[INFO] [PIRLS/joint-Newton/TR cycle=6 attempt=1] accepted   ρ=+1.000e0  Δobj=+1.891e-5  pred=+1.891e-5  r=5.761e-1 (held)  decision=hold_inside             |δ|=1.835e-6  |δ|∞=4.518e-8  |prop|∞=3.893e0
[INFO] [joint-newton-tr] phase=gradient_reload cycle=6 attempts=1 r=5.761e-1
[INFO] [PIRLS/joint-Newton convergence] cycle   6 | step_inf=3.893e0 (tol=1.672e-11) | accepted_step_inf=4.518e-8 | residual=6.709e2 (tol=6.715e-9) | relative_stationarity=9.992e-1 (scale=6.705e2, inner_tol=1.000e-11) | per_block_resid=[6.705e2,1.006e2,1.814e-1] | obj_change=1.891e-5 (tol=1.146e-8) | beta_inf=6.717e-1 | per_block_beta_inf=[6.717e-1,6.288e-3,7.651e-8]
[INFO] [PIRLS/JN] cyc=  6/200 obj=1.144803e3 Δobj=-1.891e-5 |δ|∞=4.518e-8 resid=6.709e2 attempts=1 t=0.173s
[INFO] [joint-newton-tr] phase=hessian_qp cycle=7 r=5.761e-1
[INFO] [979-PROBE] cyc=  7 firth_armed=true skippable=false |gradPhi|inf=4.861e1 kkt=6.709e2 |beta|inf=6.717e-1 endgame=true
[WARN] [gam#979 constrained-QP] cycle=7 path=linear warm_rows=0 active_set_rows=0 beta_inf=3.8928e0
[INFO] [joint-newton-tr] phase=line_search cycle=7 r=5.761e-1 hessian_qp_elapsed=0.155s
[INFO] [PIRLS/joint-Newton/TR cycle=7 attempt=1] accepted   ρ=+1.000e0  Δobj=+3.782e-5  pred=+3.782e-5  r=5.761e-1 (held)  decision=hold_inside             |δ|=3.670e-6  |δ|∞=9.036e-8  |prop|∞=3.893e0
[INFO] [joint-newton-tr] phase=gradient_reload cycle=7 attempts=1 r=5.761e-1
[INFO] [PIRLS/joint-Newton convergence] cycle   7 | step_inf=3.893e0 (tol=1.672e-11) | accepted_step_inf=9.036e-8 | residual=6.709e2 (tol=6.715e-9) | relative_stationarity=9.992e-1 (scale=6.705e2, inner_tol=1.000e-11) | per_block_resid=[6.705e2,1.006e2,1.814e-1] | obj_change=3.782e-5 (tol=1.146e-8) | beta_inf=6.717e-1 | per_block_beta_inf=[6.717e-1,6.288e-3,1.669e-7]
[INFO] [PIRLS/JN] cyc=  7/200 obj=1.144803e3 Δobj=-3.782e-5 |δ|∞=9.036e-8 resid=6.709e2 attempts=1 t=0.177s
[INFO] [joint-newton-tr] phase=hessian_qp cycle=8 r=5.761e-1
[INFO] [979-PROBE] cyc=  8 firth_armed=true skippable=false |gradPhi|inf=4.861e1 kkt=6.709e2 |beta|inf=6.717e-1 endgame=true
[WARN] [gam#979 constrained-QP] cycle=8 path=linear warm_rows=0 active_set_rows=0 beta_inf=3.8928e0
[INFO] [joint-newton-tr] phase=line_search cycle=8 r=5.761e-1 hessian_qp_elapsed=0.152s
[INFO] [PIRLS/joint-Newton/TR cycle=8 attempt=1] accepted   ρ=+1.000e0  Δobj=+7.564e-5  pred=+7.564e-5  r=5.761e-1 (held)  decision=hold_inside             |δ|=7.340e-6  |δ|∞=1.807e-7  |prop|∞=3.893e0
[INFO] [joint-newton-tr] phase=gradient_reload cycle=8 attempts=1 r=5.761e-1
[INFO] [PIRLS/joint-Newton convergence] cycle   8 | step_inf=3.893e0 (tol=1.672e-11) | accepted_step_inf=1.807e-7 | residual=6.709e2 (tol=6.715e-9) | relative_stationarity=9.992e-1 (scale=6.705e2, inner_tol=1.000e-11) | per_block_resid=[6.705e2,1.006e2,1.814e-1] | obj_change=7.564e-5 (tol=1.146e-8) | beta_inf=6.717e-1 | per_block_beta_inf=[6.717e-1,6.288e-3,3.476e-7]
[INFO] [PIRLS/JN] cyc=  8/200 obj=1.144803e3 Δobj=-7.564e-5 |δ|∞=1.807e-7 resid=6.709e2 attempts=1 t=0.174s
[INFO] [joint-newton-tr] phase=hessian_qp cycle=9 r=5.761e-1
[INFO] [979-PROBE] cyc=  9 firth_armed=true skippable=false |gradPhi|inf=4.861e1 kkt=6.709e2 |beta|inf=6.717e-1 endgame=true
[WARN] [gam#979 constrained-QP] cycle=9 path=linear warm_rows=0 active_set_rows=0 beta_inf=3.8928e0
[INFO] [joint-newton-tr] phase=line_search cycle=9 r=5.761e-1 hessian_qp_elapsed=0.149s
[INFO] [PIRLS/joint-Newton/TR cycle=9 attempt=1] accepted   ρ=+1.000e0  Δobj=+1.513e-4  pred=+1.513e-4  r=5.761e-1 (held)  decision=hold_inside             |δ|=1.468e-5  |δ|∞=3.614e-7  |prop|∞=3.893e0
[INFO] [joint-newton-tr] phase=gradient_reload cycle=9 attempts=1 r=5.761e-1
[INFO] [PIRLS/joint-Newton convergence] cycle   9 | step_inf=3.893e0 (tol=1.672e-11) | accepted_step_inf=3.614e-7 | residual=6.709e2 (tol=6.715e-9) | relative_stationarity=9.992e-1 (scale=6.705e2, inner_tol=1.000e-11) | per_block_resid=[6.705e2,1.006e2,1.814e-1] | obj_change=1.513e-4 (tol=1.146e-8) | beta_inf=6.717e-1 | per_block_beta_inf=[6.717e-1,6.288e-3,7.090e-7]
[INFO] [PIRLS/JN] cyc=  9/200 obj=1.144803e3 Δobj=-1.513e-4 |δ|∞=3.614e-7 resid=6.709e2 attempts=1 t=0.171s
[INFO] [joint-newton-tr] phase=hessian_qp cycle=10 r=5.761e-1
[INFO] [979-PROBE] cyc= 10 firth_armed=true skippable=false |gradPhi|inf=4.861e1 kkt=6.709e2 |beta|inf=6.717e-1 endgame=true
[WARN] [gam#979 constrained-QP] cycle=10 path=linear warm_rows=0 active_set_rows=0 beta_inf=3.8928e0
[INFO] [joint-newton-tr] phase=line_search cycle=10 r=5.761e-1 hessian_qp_elapsed=0.152s
[INFO] [PIRLS/joint-Newton/TR cycle=10 attempt=1] accepted   ρ=+1.000e0  Δobj=+3.026e-4  pred=+3.026e-4  r=5.761e-1 (held)  decision=hold_inside             |δ|=2.936e-5  |δ|∞=7.229e-7  |prop|∞=3.893e0
[INFO] [joint-newton-tr] phase=gradient_reload cycle=10 attempts=1 r=5.761e-1
[INFO] [PIRLS/joint-Newton convergence] cycle  10 | step_inf=3.893e0 (tol=1.672e-11) | accepted_step_inf=7.229e-7 | residual=6.709e2 (tol=6.715e-9) | relative_stationarity=9.992e-1 (scale=6.705e2, inner_tol=1.000e-11) | per_block_resid=[6.705e2,1.006e2,1.814e-1] | obj_change=3.026e-4 (tol=1.146e-8) | beta_inf=6.717e-1 | per_block_beta_inf=[6.717e-1,6.288e-3,1.432e-6]
[INFO] [PIRLS/JN] cyc= 10/200 obj=1.144803e3 Δobj=-3.026e-4 |δ|∞=7.229e-7 resid=6.709e2 attempts=1 t=0.174s
[INFO] [joint-newton-tr] phase=hessian_qp cycle=11 r=5.761e-1
[INFO] [979-PROBE] cyc= 11 firth_armed=true skippable=false |gradPhi|inf=4.861e1 kkt=6.709e2 |beta|inf=6.717e-1 endgame=true
[WARN] [gam#979 constrained-QP] cycle=11 path=linear warm_rows=0 active_set_rows=0 beta_inf=3.8928e0
[INFO] [joint-newton-tr] phase=line_search cycle=11 r=5.761e-1 hessian_qp_elapsed=0.148s
[INFO] [PIRLS/joint-Newton/TR cycle=11 attempt=1] accepted   ρ=+1.000e0  Δobj=+6.051e-4  pred=+6.051e-4  r=5.761e-1 (held)  decision=hold_inside             |δ|=5.872e-5  |δ|∞=1.446e-6  |prop|∞=3.893e0
[INFO] [joint-newton-tr] phase=gradient_reload cycle=11 attempts=1 r=5.761e-1
[INFO] [PIRLS/joint-Newton convergence] cycle  11 | step_inf=3.893e0 (tol=1.672e-11) | accepted_step_inf=1.446e-6 | residual=6.709e2 (tol=6.715e-9) | relative_stationarity=9.992e-1 (scale=6.705e2, inner_tol=1.000e-11) | per_block_resid=[6.705e2,1.006e2,1.814e-1] | obj_change=6.051e-4 (tol=1.146e-8) | beta_inf=6.717e-1 | per_block_beta_inf=[6.717e-1,6.288e-3,2.878e-6]
[INFO] [PIRLS/JN] cyc= 11/200 obj=1.144802e3 Δobj=-6.051e-4 |δ|∞=1.446e-6 resid=6.709e2 attempts=1 t=0.169s
[INFO] [joint-newton-tr] phase=hessian_qp cycle=12 r=5.761e-1
[INFO] [979-PROBE] cyc= 12 firth_armed=true skippable=false |gradPhi|inf=4.861e1 kkt=6.709e2 |beta|inf=6.717e-1 endgame=true
[WARN] [gam#979 constrained-QP] cycle=12 path=linear warm_rows=0 active_set_rows=0 beta_inf=3.8928e0
[INFO] [joint-newton-tr] phase=line_search cycle=12 r=5.761e-1 hessian_qp_elapsed=0.149s
[INFO] [PIRLS/joint-Newton/TR cycle=12 attempt=1] accepted   ρ=+1.000e0  Δobj=+1.210e-3  pred=+1.210e-3  r=5.761e-1 (held)  decision=hold_inside             |δ|=1.174e-4  |δ|∞=2.892e-6  |prop|∞=3.893e0
[INFO] [joint-newton-tr] phase=gradient_reload cycle=12 attempts=1 r=5.761e-1
[INFO] [PIRLS/joint-Newton convergence] cycle  12 | step_inf=3.893e0 (tol=1.672e-11) | accepted_step_inf=2.892e-6 | residual=6.709e2 (tol=6.715e-9) | relative_stationarity=9.992e-1 (scale=6.705e2, inner_tol=1.000e-11) | per_block_resid=[6.705e2,1.006e2,1.814e-1] | obj_change=1.210e-3 (tol=1.146e-8) | beta_inf=6.717e-1 | per_block_beta_inf=[6.717e-1,6.288e-3,5.769e-6]
[INFO] [PIRLS/JN] cyc= 12/200 obj=1.144801e3 Δobj=-1.210e-3 |δ|∞=2.892e-6 resid=6.709e2 attempts=1 t=0.171s
[INFO] [joint-newton-tr] phase=hessian_qp cycle=13 r=5.761e-1
[INFO] [979-PROBE] cyc= 13 firth_armed=true skippable=false |gradPhi|inf=4.861e1 kkt=6.709e2 |beta|inf=6.717e-1 endgame=true
[WARN] [gam#979 constrained-QP] cycle=13 path=linear warm_rows=0 active_set_rows=0 beta_inf=3.8928e0
[INFO] [joint-newton-tr] phase=line_search cycle=13 r=5.761e-1 hessian_qp_elapsed=0.148s
[INFO] [PIRLS/joint-Newton/TR cycle=13 attempt=1] accepted   ρ=+1.000e0  Δobj=+2.421e-3  pred=+2.421e-3  r=5.761e-1 (held)  decision=hold_inside             |δ|=2.349e-4  |δ|∞=5.783e-6  |prop|∞=3.893e0
[INFO] [joint-newton-tr] phase=gradient_reload cycle=13 attempts=1 r=5.761e-1
[INFO] [PIRLS/joint-Newton convergence] cycle  13 | step_inf=3.893e0 (tol=1.672e-11) | accepted_step_inf=5.783e-6 | residual=6.709e2 (tol=6.715e-9) | relative_stationarity=9.992e-1 (scale=6.705e2, inner_tol=1.000e-11) | per_block_resid=[6.705e2,1.006e2,1.814e-1] | obj_change=2.421e-3 (tol=1.146e-8) | beta_inf=6.717e-1 | per_block_beta_inf=[6.717e-1,6.288e-3,1.155e-5]
[INFO] [PIRLS/JN] cyc= 13/200 obj=1.144799e3 Δobj=-2.421e-3 |δ|∞=5.783e-6 resid=6.709e2 attempts=1 t=0.171s
[INFO] [joint-newton-tr] phase=hessian_qp cycle=14 r=5.761e-1
[INFO] [979-PROBE] cyc= 14 firth_armed=true skippable=false |gradPhi|inf=4.861e1 kkt=6.709e2 |beta|inf=6.717e-1 endgame=true
[WARN] [gam#979 constrained-QP] cycle=14 path=linear warm_rows=0 active_set_rows=0 beta_inf=3.8929e0
[INFO] [joint-newton-tr] phase=line_search cycle=14 r=5.761e-1 hessian_qp_elapsed=0.147s
[INFO] [PIRLS/joint-Newton/TR cycle=14 attempt=1] accepted   ρ=+1.000e0  Δobj=+4.841e-3  pred=+4.841e-3  r=5.761e-1 (held)  decision=hold_inside             |δ|=4.697e-4  |δ|∞=1.157e-5  |prop|∞=3.893e0
[INFO] [joint-newton-tr] phase=gradient_reload cycle=14 attempts=1 r=5.761e-1
[INFO] [PIRLS/joint-Newton convergence] cycle  14 | step_inf=3.893e0 (tol=1.672e-11) | accepted_step_inf=1.157e-5 | residual=6.709e2 (tol=6.715e-9) | relative_stationarity=9.992e-1 (scale=6.705e2, inner_tol=1.000e-11) | per_block_resid=[6.705e2,1.006e2,1.814e-1] | obj_change=4.841e-3 (tol=1.146e-8) | beta_inf=6.717e-1 | per_block_beta_inf=[6.717e-1,6.288e-3,2.312e-5]
[INFO] [PIRLS/JN] cyc= 14/200 obj=1.144794e3 Δobj=-4.841e-3 |δ|∞=1.157e-5 resid=6.709e2 attempts=1 t=0.169s
[INFO] [joint-newton-tr] phase=hessian_qp cycle=15 r=5.761e-1
[INFO] [979-PROBE] cyc= 15 firth_armed=true skippable=false |gradPhi|inf=4.861e1 kkt=6.709e2 |beta|inf=6.717e-1 endgame=true
[WARN] [gam#979 constrained-QP] cycle=15 path=linear warm_rows=0 active_set_rows=0 beta_inf=3.8929e0
[INFO] [joint-newton-tr] phase=line_search cycle=15 r=5.761e-1 hessian_qp_elapsed=0.148s
[INFO] [PIRLS/joint-Newton/TR cycle=15 attempt=1] accepted   ρ=+1.000e0  Δobj=+9.682e-3  pred=+9.682e-3  r=5.761e-1 (held)  decision=hold_inside             |δ|=9.395e-4  |δ|∞=2.313e-5  |prop|∞=3.893e0
[INFO] [joint-newton-tr] phase=gradient_reload cycle=15 attempts=1 r=5.761e-1
[INFO] [PIRLS/joint-Newton convergence] cycle  15 | step_inf=3.893e0 (tol=1.672e-11) | accepted_step_inf=2.313e-5 | residual=6.709e2 (tol=6.715e-9) | relative_stationarity=9.991e-1 (scale=6.705e2, inner_tol=1.000e-11) | per_block_resid=[6.705e2,1.006e2,1.814e-1] | obj_change=9.682e-3 (tol=1.146e-8) | beta_inf=6.717e-1 | per_block_beta_inf=[6.717e-1,6.288e-3,4.625e-5]
[INFO] [PIRLS/JN] cyc= 15/200 obj=1.144784e3 Δobj=-9.682e-3 |δ|∞=2.313e-5 resid=6.709e2 attempts=1 t=0.170s
[INFO] [joint-newton-tr] phase=hessian_qp cycle=16 r=5.761e-1
[INFO] [979-PROBE] cyc= 16 firth_armed=true skippable=false |gradPhi|inf=4.861e1 kkt=6.709e2 |beta|inf=6.717e-1 endgame=true
[WARN] [gam#979 constrained-QP] cycle=16 path=linear warm_rows=0 active_set_rows=0 beta_inf=3.8930e0
[INFO] [joint-newton-tr] phase=line_search cycle=16 r=5.761e-1 hessian_qp_elapsed=0.153s
[INFO] [PIRLS/joint-Newton/TR cycle=16 attempt=1] accepted   ρ=+1.000e0  Δobj=+1.936e-2  pred=+1.936e-2  r=5.761e-1 (held)  decision=hold_inside             |δ|=1.879e-3  |δ|∞=4.627e-5  |prop|∞=3.893e0
[INFO] [joint-newton-tr] phase=gradient_reload cycle=16 attempts=1 r=5.761e-1
[INFO] [PIRLS/joint-Newton convergence] cycle  16 | step_inf=3.893e0 (tol=1.672e-11) | accepted_step_inf=4.627e-5 | residual=6.709e2 (tol=6.715e-9) | relative_stationarity=9.991e-1 (scale=6.705e2, inner_tol=1.000e-11) | per_block_resid=[6.705e2,1.006e2,1.814e-1] | obj_change=1.936e-2 (tol=1.146e-8) | beta_inf=6.717e-1 | per_block_beta_inf=[6.717e-1,6.288e-3,9.252e-5]
[INFO] [PIRLS/JN] cyc= 16/200 obj=1.144765e3 Δobj=-1.936e-2 |δ|∞=4.627e-5 resid=6.709e2 attempts=1 t=0.176s
[INFO] [joint-newton-tr] phase=hessian_qp cycle=17 r=5.761e-1
[INFO] [979-PROBE] cyc= 17 firth_armed=true skippable=false |gradPhi|inf=4.861e1 kkt=6.709e2 |beta|inf=6.717e-1 endgame=true
[WARN] [gam#979 constrained-QP] cycle=17 path=linear warm_rows=0 active_set_rows=0 beta_inf=3.8931e0
[INFO] [joint-newton-tr] phase=line_search cycle=17 r=5.761e-1 hessian_qp_elapsed=0.148s
[INFO] [PIRLS/joint-Newton/TR cycle=17 attempt=1] accepted   ρ=+1.000e0  Δobj=+3.873e-2  pred=+3.873e-2  r=5.761e-1 (held)  decision=hold_inside             |δ|=3.758e-3  |δ|∞=9.254e-5  |prop|∞=3.893e0
[INFO] [joint-newton-tr] phase=gradient_reload cycle=17 attempts=1 r=5.761e-1
[INFO] [PIRLS/joint-Newton convergence] cycle  17 | step_inf=3.893e0 (tol=1.672e-11) | accepted_step_inf=9.254e-5 | residual=6.709e2 (tol=6.714e-9) | relative_stationarity=9.991e-1 (scale=6.704e2, inner_tol=1.000e-11) | per_block_resid=[6.704e2,1.006e2,1.813e-1] | obj_change=3.873e-2 (tol=1.146e-8) | beta_inf=6.717e-1 | per_block_beta_inf=[6.717e-1,6.288e-3,1.851e-4]
[INFO] [PIRLS/JN] cyc= 17/200 obj=1.144727e3 Δobj=-3.873e-2 |δ|∞=9.254e-5 resid=6.709e2 attempts=1 t=0.169s
[INFO] [joint-newton-tr] phase=hessian_qp cycle=18 r=5.761e-1
[INFO] [979-PROBE] cyc= 18 firth_armed=true skippable=false |gradPhi|inf=4.861e1 kkt=6.709e2 |beta|inf=6.717e-1 endgame=true
[WARN] [gam#979 constrained-QP] cycle=18 path=linear warm_rows=0 active_set_rows=0 beta_inf=3.8934e0
[INFO] [joint-newton-tr] phase=line_search cycle=18 r=5.761e-1 hessian_qp_elapsed=0.147s
[INFO] [PIRLS/joint-Newton/TR cycle=18 attempt=1] accepted   ρ=+1.000e0  Δobj=+7.745e-2  pred=+7.745e-2  r=5.761e-1 (held)  decision=hold_inside             |δ|=7.516e-3  |δ|∞=1.851e-4  |prop|∞=3.893e0
[INFO] [joint-newton-tr] phase=gradient_reload cycle=18 attempts=1 r=5.761e-1
[INFO] [PIRLS/joint-Newton convergence] cycle  18 | step_inf=3.893e0 (tol=1.672e-11) | accepted_step_inf=1.851e-4 | residual=6.708e2 (tol=6.714e-9) | relative_stationarity=9.991e-1 (scale=6.704e2, inner_tol=1.000e-11) | per_block_resid=[6.704e2,1.006e2,1.812e-1] | obj_change=7.745e-2 (tol=1.146e-8) | beta_inf=6.717e-1 | per_block_beta_inf=[6.717e-1,6.288e-3,3.701e-4]
[INFO] [PIRLS/JN] cyc= 18/200 obj=1.144650e3 Δobj=-7.745e-2 |δ|∞=1.851e-4 resid=6.708e2 attempts=1 t=0.168s
[INFO] [joint-newton-tr] phase=hessian_qp cycle=19 r=5.761e-1
[INFO] [979-PROBE] cyc= 19 firth_armed=true skippable=false |gradPhi|inf=4.860e1 kkt=6.708e2 |beta|inf=6.717e-1 endgame=true
[WARN] [gam#979 constrained-QP] cycle=19 path=linear warm_rows=0 active_set_rows=0 beta_inf=3.8940e0
[INFO] [joint-newton-tr] phase=line_search cycle=19 r=5.761e-1 hessian_qp_elapsed=0.153s
[INFO] [PIRLS/joint-Newton/TR cycle=19 attempt=1] accepted   ρ=+1.000e0  Δobj=+1.549e-1  pred=+1.549e-1  r=5.761e-1 (held)  decision=hold_inside             |δ|=1.503e-2  |δ|∞=3.702e-4  |prop|∞=3.894e0
[INFO] [joint-newton-tr] phase=gradient_reload cycle=19 attempts=1 r=5.761e-1
[INFO] [PIRLS/joint-Newton convergence] cycle  19 | step_inf=3.894e0 (tol=1.672e-11) | accepted_step_inf=3.702e-4 | residual=6.708e2 (tol=6.714e-9) | relative_stationarity=9.991e-1 (scale=6.704e2, inner_tol=1.000e-11) | per_block_resid=[6.703e2,1.006e2,1.810e-1] | obj_change=1.549e-1 (tol=1.145e-8) | beta_inf=6.716e-1 | per_block_beta_inf=[6.716e-1,6.289e-3,7.404e-4]
[INFO] [PIRLS/JN] cyc= 19/200 obj=1.144497e3 Δobj=-1.549e-1 |δ|∞=3.702e-4 resid=6.708e2 attempts=1 t=0.176s
[INFO] [joint-newton-tr] phase=hessian_qp cycle=20 r=5.761e-1
[INFO] [979-PROBE] cyc= 20 firth_armed=true skippable=false |gradPhi|inf=4.860e1 kkt=6.708e2 |beta|inf=6.716e-1 endgame=true
[WARN] [gam#979 constrained-QP] cycle=20 path=linear warm_rows=0 active_set_rows=0 beta_inf=3.8951e0
[INFO] [joint-newton-tr] phase=line_search cycle=20 r=5.761e-1 hessian_qp_elapsed=0.146s
[INFO] [PIRLS/joint-Newton/TR cycle=20 attempt=1] accepted   ρ=+1.000e0  Δobj=+3.097e-1  pred=+3.097e-1  r=5.761e-1 (held)  decision=hold_inside             |δ|=3.006e-2  |δ|∞=7.407e-4  |prop|∞=3.894e0
[INFO] [joint-newton-tr] phase=gradient_reload cycle=20 attempts=1 r=5.761e-1
[INFO] [PIRLS/joint-Newton convergence] cycle  20 | step_inf=3.894e0 (tol=1.672e-11) | accepted_step_inf=7.407e-4 | residual=6.706e2 (tol=6.713e-9) | relative_stationarity=9.991e-1 (scale=6.703e2, inner_tol=1.000e-11) | per_block_resid=[6.702e2,1.006e2,1.807e-1] | obj_change=3.097e-1 (tol=1.145e-8) | beta_inf=6.715e-1 | per_block_beta_inf=[6.715e-1,6.290e-3,1.481e-3]
[INFO] [PIRLS/JN] cyc= 20/200 obj=1.144190e3 Δobj=-3.097e-1 |δ|∞=7.407e-4 resid=6.706e2 attempts=1 t=0.167s
[INFO] [joint-newton-tr] phase=hessian_qp cycle=21 r=5.761e-1
[INFO] [979-PROBE] cyc= 21 firth_armed=true skippable=false |gradPhi|inf=4.859e1 kkt=6.706e2 |beta|inf=6.715e-1 endgame=true
[WARN] [gam#979 constrained-QP] cycle=21 path=linear warm_rows=0 active_set_rows=0 beta_inf=3.8975e0
[INFO] [joint-newton-tr] phase=line_search cycle=21 r=5.761e-1 hessian_qp_elapsed=0.146s
[INFO] [PIRLS/joint-Newton/TR cycle=21 attempt=1] accepted   ρ=+1.000e0  Δobj=+6.193e-1  pred=+6.193e-1  r=5.761e-1 (held)  decision=hold_inside             |δ|=6.013e-2  |δ|∞=1.482e-3  |prop|∞=3.896e0
[INFO] [joint-newton-tr] phase=gradient_reload cycle=21 attempts=1 r=5.761e-1
[INFO] [PIRLS/joint-Newton convergence] cycle  21 | step_inf=3.896e0 (tol=1.671e-11) | accepted_step_inf=1.482e-3 | residual=6.704e2 (tol=6.710e-9) | relative_stationarity=9.990e-1 (scale=6.700e2, inner_tol=1.000e-11) | per_block_resid=[6.700e2,1.006e2,1.800e-1] | obj_change=6.193e-1 (tol=1.145e-8) | beta_inf=6.713e-1 | per_block_beta_inf=[6.713e-1,6.293e-3,2.963e-3]
[INFO] [PIRLS/JN] cyc= 21/200 obj=1.143576e3 Δobj=-6.193e-1 |δ|∞=1.482e-3 resid=6.704e2 attempts=1 t=0.167s
[INFO] [joint-newton-tr] phase=hessian_qp cycle=22 r=5.761e-1
[INFO] [979-PROBE] cyc= 22 firth_armed=true skippable=false |gradPhi|inf=4.857e1 kkt=6.704e2 |beta|inf=6.713e-1 endgame=true
[WARN] [gam#979 constrained-QP] cycle=22 path=linear warm_rows=0 active_set_rows=0 beta_inf=3.9021e0
[INFO] [joint-newton-tr] phase=line_search cycle=22 r=5.761e-1 hessian_qp_elapsed=0.148s
[INFO] [PIRLS/joint-Newton/TR cycle=22 attempt=1] accepted   ρ=+1.000e0  Δobj=+1.238e0  pred=+1.238e0  r=5.761e-1 (held)  decision=hold_inside             |δ|=1.203e-1  |δ|∞=2.968e-3  |prop|∞=3.899e0
[INFO] [joint-newton-tr] phase=gradient_reload cycle=22 attempts=1 r=5.761e-1
[INFO] [PIRLS/joint-Newton convergence] cycle  22 | step_inf=3.899e0 (tol=1.671e-11) | accepted_step_inf=2.968e-3 | residual=6.699e2 (tol=6.706e-9) | relative_stationarity=9.989e-1 (scale=6.696e2, inner_tol=1.000e-11) | per_block_resid=[6.694e2,1.005e2,1.786e-1] | obj_change=1.238e0 (tol=1.143e-8) | beta_inf=6.709e-1 | per_block_beta_inf=[6.709e-1,6.299e-3,5.932e-3]
[INFO] [PIRLS/JN] cyc= 22/200 obj=1.142349e3 Δobj=-1.238e0 |δ|∞=2.968e-3 resid=6.699e2 attempts=1 t=0.171s
[INFO] [joint-newton-tr] phase=hessian_qp cycle=23 r=5.761e-1
[INFO] [979-PROBE] cyc= 23 firth_armed=true skippable=false |gradPhi|inf=4.853e1 kkt=6.699e2 |beta|inf=6.709e-1 endgame=true
[WARN] [gam#979 constrained-QP] cycle=23 path=linear warm_rows=0 active_set_rows=0 beta_inf=3.9115e0
[INFO] [joint-newton-tr] phase=line_search cycle=23 r=5.761e-1 hessian_qp_elapsed=0.151s
[INFO] [PIRLS/joint-Newton/TR cycle=23 attempt=1] accepted   ρ=+1.000e0  Δobj=+2.473e0  pred=+2.473e0  r=5.761e-1 (held)  decision=hold_inside             |δ|=2.405e-1  |δ|∞=5.952e-3  |prop|∞=3.906e0
[INFO] [joint-newton-tr] phase=gradient_reload cycle=23 attempts=1 r=5.761e-1
[INFO] [PIRLS/joint-Newton convergence] cycle  23 | step_inf=3.906e0 (tol=1.670e-11) | accepted_step_inf=5.952e-3 | residual=6.689e2 (tol=6.697e-9) | relative_stationarity=9.987e-1 (scale=6.687e2, inner_tol=1.000e-11) | per_block_resid=[6.684e2,1.003e2,1.757e-1] | obj_change=2.473e0 (tol=1.141e-8) | beta_inf=6.701e-1 | per_block_beta_inf=[6.701e-1,6.309e-3,1.188e-2]
[INFO] [PIRLS/JN] cyc= 23/200 obj=1.139899e3 Δobj=-2.473e0 |δ|∞=5.952e-3 resid=6.689e2 attempts=1 t=0.174s
[INFO] [joint-newton-tr] phase=hessian_qp cycle=24 r=5.761e-1
[INFO] [979-PROBE] cyc= 24 firth_armed=true skippable=false |gradPhi|inf=4.845e1 kkt=6.689e2 |beta|inf=6.701e-1 endgame=true
[WARN] [gam#979 constrained-QP] cycle=24 path=linear warm_rows=0 active_set_rows=0 beta_inf=3.9304e0
[INFO] [joint-newton-tr] phase=line_search cycle=24 r=5.761e-1 hessian_qp_elapsed=0.151s
[INFO] [PIRLS/joint-Newton/TR cycle=24 attempt=1] accepted   ρ=+1.000e0  Δobj=+4.936e0  pred=+4.936e0  r=5.761e-1->9.609e-1  decision=hold_inside             |δ|=4.810e-1  |δ|∞=1.196e-2  |prop|∞=3.919e0
[INFO] [joint-newton-tr] phase=gradient_reload cycle=24 attempts=1 r=9.609e-1
[INFO] [PIRLS/joint-Newton convergence] cycle  24 | step_inf=3.919e0 (tol=1.668e-11) | accepted_step_inf=1.196e-2 | residual=6.668e2 (tol=6.680e-9) | relative_stationarity=9.982e-1 (scale=6.670e2, inner_tol=1.000e-11) | per_block_resid=[6.664e2,1.000e2,1.701e-1] | obj_change=4.936e0 (tol=1.136e-8) | beta_inf=6.685e-1 | per_block_beta_inf=[6.685e-1,6.331e-3,2.385e-2]
[INFO] [PIRLS/JN] cyc= 24/200 obj=1.135008e3 Δobj=-4.936e0 |δ|∞=1.196e-2 resid=6.668e2 attempts=1 t=0.174s
[INFO] [joint-newton-tr] phase=hessian_qp cycle=25 r=9.609e-1
[INFO] [979-PROBE] cyc= 25 firth_armed=true skippable=false |gradPhi|inf=4.830e1 kkt=6.668e2 |beta|inf=6.685e-1 endgame=true
[WARN] [gam#979 constrained-QP] cycle=25 path=linear warm_rows=0 active_set_rows=0 beta_inf=3.9688e0
[INFO] [joint-newton-tr] phase=line_search cycle=25 r=9.609e-1 hessian_qp_elapsed=0.159s
[INFO] [PIRLS/joint-Newton/TR cycle=25 attempt=1] accepted   ρ=+1.000e0  Δobj=+9.829e0  pred=+9.829e0  r=9.609e-1->1.922e0  decision=grow_at_boundary        |δ|=9.621e-1  |δ|∞=2.418e-2  |prop|∞=3.945e0
[INFO] [joint-newton-tr] phase=gradient_reload cycle=25 attempts=1 r=1.922e0
[INFO] [PIRLS/joint-Newton convergence] cycle  25 | step_inf=3.945e0 (tol=1.665e-11) | accepted_step_inf=2.418e-2 | residual=6.627e2 (tol=6.646e-9) | relative_stationarity=9.973e-1 (scale=6.636e2, inner_tol=1.000e-11) | per_block_resid=[6.623e2,9.941e1,1.588e-1] | obj_change=9.829e0 (tol=1.126e-8) | beta_inf=6.652e-1 | per_block_beta_inf=[6.652e-1,6.375e-3,4.802e-2]
[INFO] [PIRLS/JN] cyc= 25/200 obj=1.125271e3 Δobj=-9.829e0 |δ|∞=2.418e-2 resid=6.627e2 attempts=1 t=0.182s
[INFO] [joint-newton-tr] phase=hessian_qp cycle=26 r=1.922e0
[INFO] [979-PROBE] cyc= 26 firth_armed=true skippable=false |gradPhi|inf=4.798e1 kkt=6.627e2 |beta|inf=6.652e-1 endgame=true
[WARN] [gam#979 constrained-QP] cycle=26 path=linear warm_rows=0 active_set_rows=0 beta_inf=4.0482e0
[INFO] [joint-newton-tr] phase=line_search cycle=26 r=1.922e0 hessian_qp_elapsed=0.152s
[INFO] [PIRLS/joint-Newton/TR cycle=26 attempt=1] accepted   ρ=+1.000e0  Δobj=+1.949e1  pred=+1.949e1  r=1.922e0->3.844e0  decision=grow_at_boundary        |δ|=1.924e0  |δ|∞=4.938e-2  |prop|∞=4.000e0
[INFO] [joint-newton-tr] phase=gradient_reload cycle=26 attempts=1 r=3.844e0
[INFO] [PIRLS/joint-Newton convergence] cycle  26 | step_inf=4.000e0 (tol=1.659e-11) | accepted_step_inf=4.938e-2 | residual=6.545e2 (tol=6.576e-9) | relative_stationarity=9.953e-1 (scale=6.566e2, inner_tol=1.000e-11) | per_block_resid=[6.541e2,9.818e1,1.393e-1] | obj_change=1.949e1 (tol=1.107e-8) | beta_inf=6.587e-1 | per_block_beta_inf=[6.587e-1,6.465e-3,9.740e-2]
[INFO] [PIRLS/JN] cyc= 26/200 obj=1.105970e3 Δobj=-1.949e1 |δ|∞=4.938e-2 resid=6.545e2 attempts=1 t=0.174s
[INFO] [joint-newton-tr] phase=hessian_qp cycle=27 r=3.844e0
[INFO] [979-PROBE] cyc= 27 firth_armed=true skippable=false |gradPhi|inf=4.736e1 kkt=6.545e2 |beta|inf=6.587e-1 endgame=true
[WARN] [gam#979 constrained-QP] cycle=27 path=linear warm_rows=0 active_set_rows=0 beta_inf=4.2187e0
[INFO] [joint-newton-tr] phase=line_search cycle=27 r=3.844e0 hessian_qp_elapsed=0.147s
[INFO] [PIRLS/joint-Newton/TR cycle=27 attempt=1] accepted   ρ=+1.000e0  Δobj=+3.829e1  pred=+3.829e1  r=3.844e0->7.687e0  decision=grow_at_boundary        |δ|=3.849e0  |δ|∞=1.032e-1  |prop|∞=4.121e0
[INFO] [joint-newton-tr] phase=gradient_reload cycle=27 attempts=1 r=7.687e0
[INFO] [PIRLS/joint-Newton convergence] cycle  27 | step_inf=4.121e0 (tol=1.646e-11) | accepted_step_inf=1.032e-1 | residual=6.382e2 (tol=6.438e-9) | relative_stationarity=9.913e-1 (scale=6.428e2, inner_tol=1.000e-11) | per_block_resid=[6.376e2,9.568e1,1.681e-1] | obj_change=3.829e1 (tol=1.069e-8) | beta_inf=6.457e-1 | per_block_beta_inf=[6.457e-1,6.654e-3,2.006e-1]
[INFO] [PIRLS/JN] cyc= 27/200 obj=1.068064e3 Δobj=-3.829e1 |δ|∞=1.032e-1 resid=6.382e2 attempts=1 t=0.168s
[INFO] [joint-newton-tr] phase=hessian_qp cycle=28 r=7.687e0
[INFO] [979-PROBE] cyc= 28 firth_armed=true skippable=false |gradPhi|inf=4.608e1 kkt=6.382e2 |beta|inf=6.457e-1 endgame=true
[WARN] [gam#979 constrained-QP] cycle=28 path=linear warm_rows=0 active_set_rows=0 beta_inf=3.3101e0
[INFO] [joint-newton-tr] phase=line_search cycle=28 r=7.687e0 hessian_qp_elapsed=0.147s
[INFO] [PIRLS/joint-Newton/TR cycle=28 attempt=1] accepted   ρ=+1.000e0  Δobj=+7.362e1  pred=+7.362e1  r=7.687e0->1.537e1  decision=grow_at_boundary        |δ|=7.696e0  |δ|∞=1.605e-1  |prop|∞=3.109e0
[INFO] [joint-newton-tr] phase=gradient_reload cycle=28 attempts=1 r=1.537e1
[INFO] [PIRLS/joint-Newton convergence] cycle  28 | step_inf=3.109e0 (tol=1.620e-11) | accepted_step_inf=1.605e-1 | residual=6.052e2 (tol=6.160e-9) | relative_stationarity=9.825e-1 (scale=6.150e2, inner_tol=1.000e-11) | per_block_resid=[6.045e2,9.084e1,2.417e-1] | obj_change=7.362e1 (tol=9.961e-9) | beta_inf=6.196e-1 | per_block_beta_inf=[6.196e-1,7.021e-3,3.611e-1]
[INFO] [PIRLS/JN] cyc= 28/200 obj=9.950610e2 Δobj=-7.362e1 |δ|∞=1.605e-1 resid=6.052e2 attempts=1 t=0.168s
[INFO] [joint-newton-tr] phase=hessian_qp cycle=29 r=1.537e1
[INFO] [979-PROBE] cyc= 29 firth_armed=true skippable=false |gradPhi|inf=4.379e1 kkt=6.052e2 |beta|inf=6.196e-1 endgame=true
[WARN] [gam#979 constrained-QP] cycle=29 path=linear warm_rows=0 active_set_rows=0 beta_inf=3.6864e0
[INFO] [joint-newton-tr] phase=line_search cycle=29 r=1.537e1 hessian_qp_elapsed=0.148s
[INFO] [PIRLS/joint-Newton/TR cycle=29 attempt=1] accepted   ρ=+9.998e-1  Δobj=+1.360e2  pred=+1.360e2  r=1.537e1->3.075e1  decision=grow_at_boundary        |δ|=1.540e1  |δ|∞=3.653e-1  |prop|∞=3.325e0
[INFO] [joint-newton-tr] phase=gradient_reload cycle=29 attempts=1 r=3.075e1
[INFO] [PIRLS/joint-Newton convergence] cycle  29 | step_inf=3.325e0 (tol=1.726e-11) | accepted_step_inf=3.653e-1 | residual=5.387e2 (tol=5.601e-9) | relative_stationarity=9.617e-1 (scale=5.591e2, inner_tol=1.000e-11) | per_block_resid=[5.377e2,8.077e1,4.956e-1] | obj_change=1.360e2 (tol=8.614e-9) | beta_inf=7.264e-1 | per_block_beta_inf=[5.673e-1,7.874e-3,7.264e-1]
[INFO] [PIRLS/JN] cyc= 29/200 obj=8.604034e2 Δobj=-1.360e2 |δ|∞=3.653e-1 resid=5.387e2 attempts=1 t=0.170s
[INFO] [joint-newton-tr] phase=hessian_qp cycle=30 r=3.075e1
[INFO] [979-PROBE] cyc= 30 firth_armed=true skippable=false |gradPhi|inf=3.912e1 kkt=5.387e2 |beta|inf=7.264e-1 endgame=true
[WARN] [gam#979 constrained-QP] cycle=30 path=linear warm_rows=0 active_set_rows=0 beta_inf=4.8651e0
[INFO] [joint-newton-tr] phase=line_search cycle=30 r=3.075e1 hessian_qp_elapsed=0.146s
[INFO] [PIRLS/joint-Newton/TR cycle=30 attempt=1] accepted   ρ=+9.980e-1  Δobj=+2.253e2  pred=+2.257e2  r=3.075e1->6.150e1  decision=grow_at_boundary        |δ|=3.070e1  |δ|∞=1.041e0  |prop|∞=4.139e0
[INFO] [joint-newton-tr] phase=gradient_reload cycle=30 attempts=1 r=6.150e1
[INFO] [PIRLS/joint-Newton convergence] cycle  30 | step_inf=4.139e0 (tol=2.768e-11) | accepted_step_inf=1.041e0 | residual=4.025e2 (tol=4.471e-9) | relative_stationarity=9.002e-1 (scale=4.461e2, inner_tol=1.000e-11) | per_block_resid=[4.007e2,5.584e1,7.849e-1] | obj_change=2.253e2 (tol=6.394e-9) | beta_inf=1.768e0 | per_block_beta_inf=[4.627e-1,1.045e-2,1.768e0]
[INFO] [PIRLS/JN] cyc= 30/200 obj=6.384482e2 Δobj=-2.253e2 |δ|∞=1.041e0 resid=4.025e2 attempts=1 t=0.168s
[INFO] [joint-newton-tr] phase=hessian_qp cycle=31 r=6.150e1
[INFO] [979-PROBE] cyc= 31 firth_armed=true skippable=false |gradPhi|inf=2.793e1 kkt=4.025e2 |beta|inf=1.768e0 endgame=true
[WARN] [gam#979 constrained-QP] cycle=31 path=linear warm_rows=0 active_set_rows=0 beta_inf=2.9153e0
[INFO] [joint-newton-tr] phase=line_search cycle=31 r=6.150e1 hessian_qp_elapsed=0.145s
[INFO] [PIRLS/joint-Newton/TR cycle=31 attempt=1] accepted   ρ=+9.597e-1  Δobj=+2.382e2  pred=+2.482e2  r=6.150e1->1.230e2  decision=grow_at_boundary        |δ|=6.158e1  |δ|∞=8.355e-1  |prop|∞=1.148e0
[INFO] [joint-newton-tr] phase=gradient_reload cycle=31 attempts=1 r=1.230e2
[INFO] [PIRLS/joint-Newton convergence] cycle  31 | step_inf=1.148e0 (tol=3.603e-11) | accepted_step_inf=8.355e-1 | residual=5.061e2 (tol=2.029e-9) | relative_stationarity=2.495e0 (scale=2.019e2, inner_tol=1.000e-11) | per_block_resid=[9.618e1,3.213e1,2.225e0] | obj_change=2.382e2 (tol=4.030e-9) | beta_inf=2.603e0 | per_block_beta_inf=[3.027e-1,1.485e-2,2.603e0]
[INFO] [PIRLS/JN] cyc= 31/200 obj=4.019777e2 Δobj=-2.382e2 |δ|∞=8.355e-1 resid=5.061e2 attempts=1 t=0.166s
[INFO] [joint-newton-tr] phase=hessian_qp cycle=32 r=1.230e2
[INFO] [979-PROBE] cyc= 32 firth_armed=true skippable=false |gradPhi|inf=5.210e2 kkt=5.061e2 |beta|inf=2.603e0 endgame=true
[WARN] [gam#979 constrained-QP] cycle=32 path=linear warm_rows=0 active_set_rows=2 beta_inf=3.0489e0
[INFO] [joint-newton-tr] phase=line_search cycle=32 r=1.230e2 hessian_qp_elapsed=0.143s
[INFO] [PIRLS/joint-Newton/TR cycle=32 attempt=1] reject     ρ=-2.015e20  Δobj=-5.535e23  pred=+2.747e3  r=1.230e2->7.375e1  decision=shrink_reject           |δ|=1.230e2  |δ|∞=2.512e1  |prop|∞=4.457e-1
[INFO] [PIRLS/joint-Newton/TR cycle=32 attempt=2] reject     ρ=-2.907e11  Δobj=-2.912e14  pred=+1.002e3  r=7.375e1->3.481e0  decision=shrink_reject           |δ|=7.375e1  |δ|∞=1.499e1  |prop|∞=4.457e-1
[INFO] [PIRLS/joint-Newton/TR cycle=32 attempt=3] accepted   ρ=+3.210e0  Δobj=+1.738e1  pred=+5.414e0  r=3.481e0->6.961e0  decision=grow_at_boundary        |δ|=3.481e0  |δ|∞=4.195e-1  |prop|∞=4.457e-1
[INFO] [joint-newton-tr] phase=gradient_reload cycle=32 attempts=3 r=6.961e0
[INFO] [PIRLS/joint-Newton convergence] cycle  32 | step_inf=4.457e-1 (tol=4.023e-11) | accepted_step_inf=4.195e-1 | residual=1.653e3 (tol=5.220e-9) | relative_stationarity=3.167e0 (scale=5.210e2, inner_tol=1.000e-11) | per_block_resid=[7.622e1,2.005e2,2.249e0] | obj_change=1.738e1 (tol=3.999e-9) | beta_inf=3.023e0 | per_block_beta_inf=[3.014e-1,8.845e-3,3.023e0]
[INFO] [PIRLS/JN] cyc= 32/200 obj=3.988675e2 Δobj=-1.738e1 |δ|∞=4.195e-1 resid=1.653e3 attempts=3 t=0.167s
[INFO] [joint-newton-tr] phase=hessian_qp cycle=33 r=6.961e0
[INFO] [979-PROBE] cyc= 33 firth_armed=true skippable=false |gradPhi|inf=1.700e3 kkt=1.653e3 |beta|inf=3.023e0 endgame=true
[WARN] [gam#979 constrained-QP] cycle=33 path=linear warm_rows=0 active_set_rows=0 beta_inf=3.3466e0
[INFO] [joint-newton-tr] phase=line_search cycle=33 r=6.961e0 hessian_qp_elapsed=0.145s
[INFO] [PIRLS/joint-Newton/TR cycle=33 attempt=1] reject     ρ=-8.532e-2  Δobj=-1.594e0  pred=+1.868e1  r=6.961e0->6.127e0  decision=shrink_reject           |δ|=6.961e0  |δ|∞=8.769e-1  |prop|∞=3.238e-1
[INFO] [PIRLS/joint-Newton/TR cycle=33 attempt=2] accepted   ρ=+3.607e-2  Δobj=+5.383e-1  pred=+1.493e1  r=6.127e0->1.532e0  decision=shrink_marginal_accept  |δ|=6.127e0  |δ|∞=7.905e-1  |prop|∞=3.238e-1
[INFO] [joint-newton-tr] phase=gradient_reload cycle=33 attempts=2 r=1.532e0
[INFO] [PIRLS/joint-Newton convergence] cycle  33 | step_inf=3.238e-1 (tol=4.813e-11) | accepted_step_inf=7.905e-1 | residual=1.772e3 (tol=1.701e-8) | relative_stationarity=1.042e0 (scale=1.700e3, inner_tol=1.000e-11) | per_block_resid=[8.595e1,3.130e2,6.088e0] | obj_change=5.383e-1 (tol=4.054e-9) | beta_inf=3.813e0 | per_block_beta_inf=[3.035e-1,1.410e-2,3.813e0]
[INFO] [PIRLS/JN] cyc= 33/200 obj=4.044424e2 Δobj=-5.383e-1 |δ|∞=7.905e-1 resid=1.772e3 attempts=2 t=0.167s
[INFO] [joint-newton-tr] phase=hessian_qp cycle=34 r=1.532e0
[INFO] [979-PROBE] cyc= 34 firth_armed=true skippable=false |gradPhi|inf=1.484e3 kkt=1.772e3 |beta|inf=3.813e0 endgame=true
[WARN] [gam#979 constrained-QP] cycle=34 path=linear warm_rows=0 active_set_rows=0 beta_inf=4.8113e0
[INFO] [joint-newton-tr] phase=line_search cycle=34 r=1.532e0 hessian_qp_elapsed=0.146s
[INFO] [PIRLS/joint-Newton/TR cycle=34 attempt=1] accepted   ρ=+1.036e0  Δobj=+2.556e0  pred=+2.467e0  r=1.532e0->3.063e0  decision=grow_at_boundary        |δ|=1.532e0  |δ|∞=1.077e-1  |prop|∞=9.981e-1
[INFO] [joint-newton-tr] phase=gradient_reload cycle=34 attempts=1 r=3.063e0
[INFO] [PIRLS/joint-Newton convergence] cycle  34 | step_inf=9.981e-1 (tol=4.921e-11) | accepted_step_inf=1.077e-1 | residual=6.549e2 (tol=1.485e-8) | relative_stationarity=4.411e-1 (scale=1.484e3, inner_tol=1.000e-11) | per_block_resid=[7.644e1,3.387e2,4.262e0] | obj_change=2.556e0 (tol=4.041e-9) | beta_inf=3.921e0 | per_block_beta_inf=[3.029e-1,1.172e-2,3.921e0]
[INFO] [PIRLS/JN] cyc= 34/200 obj=4.030953e2 Δobj=-2.556e0 |δ|∞=1.077e-1 resid=6.549e2 attempts=1 t=0.169s
[INFO] [joint-newton-tr] phase=hessian_qp cycle=35 r=3.063e0
[INFO] [979-PROBE] cyc= 35 firth_armed=true skippable=false |gradPhi|inf=5.087e2 kkt=6.549e2 |beta|inf=3.921e0 endgame=true
[WARN] [gam#979 constrained-QP] cycle=35 path=linear warm_rows=0 active_set_rows=0 beta_inf=5.0141e0
[INFO] [joint-newton-tr] phase=line_search cycle=35 r=3.063e0 hessian_qp_elapsed=0.156s
[INFO] [PIRLS/joint-Newton/TR cycle=35 attempt=1] accepted   ρ=+6.827e-1  Δobj=+3.086e0  pred=+4.520e0  r=3.063e0 (held)  decision=hold_moderate           |δ|=3.063e0  |δ|∞=2.943e-1  |prop|∞=1.093e0
[INFO] [joint-newton-tr] phase=gradient_reload cycle=35 attempts=1 r=3.063e0
[INFO] [PIRLS/joint-Newton convergence] cycle  35 | step_inf=1.093e0 (tol=5.215e-11) | accepted_step_inf=2.943e-1 | residual=3.777e2 (tol=5.097e-9) | relative_stationarity=7.410e-1 (scale=5.087e2, inner_tol=1.000e-11) | per_block_resid=[6.046e1,4.933e2,6.323e0] | obj_change=3.086e0 (tol=4.039e-9) | beta_inf=4.215e0 | per_block_beta_inf=[3.017e-1,8.782e-3,4.215e0]
[INFO] [PIRLS/JN] cyc= 35/200 obj=4.029031e2 Δobj=-3.086e0 |δ|∞=2.943e-1 resid=3.777e2 attempts=1 t=0.178s
[INFO] [joint-newton-tr] phase=hessian_qp cycle=36 r=3.063e0
[INFO] [979-PROBE] cyc= 36 firth_armed=true skippable=false |gradPhi|inf=1.490e2 kkt=3.777e2 |beta|inf=4.215e0 endgame=true
[WARN] [gam#979 constrained-QP] cycle=36 path=linear warm_rows=0 active_set_rows=0 beta_inf=5.7320e0
[INFO] [joint-newton-tr] phase=line_search cycle=36 r=3.063e0 hessian_qp_elapsed=0.155s
[INFO] [PIRLS/joint-Newton/TR cycle=36 attempt=1] accepted   ρ=+8.757e-1  Δobj=+3.913e0  pred=+4.468e0  r=3.063e0->6.127e0  decision=grow_at_boundary        |δ|=3.063e0  |δ|∞=3.192e-1  |prop|∞=1.517e0
[INFO] [joint-newton-tr] phase=gradient_reload cycle=36 attempts=1 r=6.127e0
[INFO] [PIRLS/joint-Newton convergence] cycle  36 | step_inf=1.517e0 (tol=5.534e-11) | accepted_step_inf=3.192e-1 | residual=5.178e2 (tol=3.638e-9) | relative_stationarity=1.423e0 (scale=3.628e2, inner_tol=1.000e-11) | per_block_resid=[4.900e1,4.344e2,2.656e0] | obj_change=3.913e0 (tol=4.001e-9) | beta_inf=4.534e0 | per_block_beta_inf=[3.008e-1,4.588e-3,4.534e0]
[INFO] [PIRLS/JN] cyc= 36/200 obj=3.991446e2 Δobj=-3.913e0 |δ|∞=3.192e-1 resid=5.178e2 attempts=1 t=0.177s
[INFO] [joint-newton-tr] phase=hessian_qp cycle=37 r=6.127e0
[INFO] [979-PROBE] cyc= 37 firth_armed=true skippable=false |gradPhi|inf=5.363e2 kkt=5.178e2 |beta|inf=4.534e0 endgame=true
[WARN] [gam#979 constrained-QP] cycle=37 path=linear warm_rows=0 active_set_rows=0 beta_inf=5.9061e0
[INFO] [joint-newton-tr] phase=line_search cycle=37 r=6.127e0 hessian_qp_elapsed=0.150s
[INFO] [PIRLS/joint-Newton/TR cycle=37 attempt=1] accepted   ρ=+6.405e-1  Δobj=+6.521e0  pred=+1.018e1  r=6.127e0 (held)  decision=hold_moderate           |δ|=6.127e0  |δ|∞=1.136e0  |prop|∞=1.372e0
[INFO] [joint-newton-tr] phase=gradient_reload cycle=37 attempts=1 r=6.127e0
[INFO] [PIRLS/joint-Newton convergence] cycle  37 | step_inf=1.372e0 (tol=6.670e-11) | accepted_step_inf=1.136e0 | residual=3.480e3 (tol=9.436e-9) | relative_stationarity=3.688e0 (scale=9.426e2, inner_tol=1.000e-11) | per_block_resid=[3.466e1,9.314e2,3.460e0] | obj_change=6.521e0 (tol=3.990e-9) | beta_inf=5.670e0 | per_block_beta_inf=[2.995e-1,3.858e-3,5.670e0]
[INFO] [PIRLS/JN] cyc= 37/200 obj=3.979621e2 Δobj=-6.521e0 |δ|∞=1.136e0 resid=3.480e3 attempts=1 t=0.172s
[INFO] [joint-newton-tr] phase=hessian_qp cycle=38 r=6.127e0
[INFO] [979-PROBE] cyc= 38 firth_armed=true skippable=false |gradPhi|inf=3.371e3 kkt=3.480e3 |beta|inf=5.670e0 endgame=true
[WARN] [gam#979 constrained-QP] cycle=38 path=linear warm_rows=0 active_set_rows=0 beta_inf=5.6854e0
[INFO] [joint-newton-tr] phase=line_search cycle=38 r=6.127e0 hessian_qp_elapsed=0.156s
[INFO] [PIRLS/joint-Newton/TR cycle=38 attempt=1] reject     ρ=-4.525e-1  Δobj=-1.128e1  pred=+2.493e1  r=6.127e0->1.099e0  decision=shrink_reject           |δ|=6.127e0  |δ|∞=1.130e-1  |prop|∞=1.514e-2
[INFO] [PIRLS/joint-Newton/TR cycle=38 attempt=2] accepted   ρ=+9.600e-1  Δobj=+1.523e0  pred=+1.586e0  r=1.099e0->2.197e0  decision=grow_at_boundary        |δ|=1.099e0  |δ|∞=4.283e-2  |prop|∞=1.514e-2
[INFO] [joint-newton-tr] phase=gradient_reload cycle=38 attempts=2 r=2.197e0
[INFO] [PIRLS/joint-Newton convergence] cycle  38 | step_inf=1.514e-2 (tol=6.713e-11) | accepted_step_inf=4.283e-2 | residual=1.761e3 (tol=3.372e-8) | relative_stationarity=5.223e-1 (scale=3.371e3, inner_tol=1.000e-11) | per_block_resid=[3.024e1,8.859e2,4.396e0] | obj_change=1.523e0 (tol=3.988e-9) | beta_inf=5.713e0 | per_block_beta_inf=[2.988e-1,4.308e-3,5.713e0]
[INFO] [PIRLS/JN] cyc= 38/200 obj=3.977802e2 Δobj=-1.523e0 |δ|∞=4.283e-2 resid=1.761e3 attempts=2 t=0.180s
[INFO] [joint-newton-tr] phase=hessian_qp cycle=39 r=2.197e0
[INFO] [979-PROBE] cyc= 39 firth_armed=true skippable=false |gradPhi|inf=1.667e3 kkt=1.761e3 |beta|inf=5.713e0 endgame=true
[WARN] [gam#979 constrained-QP] cycle=39 path=linear warm_rows=0 active_set_rows=0 beta_inf=5.7670e0
[INFO] [joint-newton-tr] phase=line_search cycle=39 r=2.197e0 hessian_qp_elapsed=0.210s
[INFO] [PIRLS/joint-Newton/TR cycle=39 attempt=1] accepted   ρ=+6.429e-1  Δobj=+1.807e0  pred=+2.810e0  r=2.197e0 (held)  decision=hold_moderate           |δ|=2.197e0  |δ|∞=1.007e-1  |prop|∞=5.388e-2
[INFO] [joint-newton-tr] phase=gradient_reload cycle=39 attempts=1 r=2.197e0
[INFO] [PIRLS/joint-Newton convergence] cycle  39 | step_inf=5.388e-2 (tol=6.814e-11) | accepted_step_inf=1.007e-1 | residual=1.620e3 (tol=1.668e-8) | relative_stationarity=9.712e-1 (scale=1.667e3, inner_tol=1.000e-11) | per_block_resid=[2.417e1,1.254e3,6.256e0] | obj_change=1.807e0 (tol=3.985e-9) | beta_inf=5.814e0 | per_block_beta_inf=[2.976e-1,4.537e-3,5.814e0]
[INFO] [PIRLS/JN] cyc= 39/200 obj=3.974897e2 Δobj=-1.807e0 |δ|∞=1.007e-1 resid=1.620e3 attempts=1 t=0.246s
[INFO] [joint-newton-tr] phase=hessian_qp cycle=40 r=2.197e0
[INFO] [979-PROBE] cyc= 40 firth_armed=true skippable=false |gradPhi|inf=1.228e3 kkt=1.620e3 |beta|inf=5.814e0 endgame=true
[WARN] [gam#979 constrained-QP] cycle=40 path=linear warm_rows=0 active_set_rows=0 beta_inf=5.8884e0
[INFO] [joint-newton-tr] phase=line_search cycle=40 r=2.197e0 hessian_qp_elapsed=0.235s
[INFO] [PIRLS/joint-Newton/TR cycle=40 attempt=1] accepted   ρ=+5.089e-1  Δobj=+1.630e0  pred=+3.203e0  r=2.197e0 (held)  decision=hold_moderate           |δ|=2.197e0  |δ|∞=4.607e-2  |prop|∞=7.469e-2
[INFO] [joint-newton-tr] phase=gradient_reload cycle=40 attempts=1 r=2.197e0
[INFO] [PIRLS/joint-Newton convergence] cycle  40 | step_inf=7.469e-2 (tol=6.860e-11) | accepted_step_inf=4.607e-2 | residual=1.443e3 (tol=1.229e-8) | relative_stationarity=1.174e0 (scale=1.228e3, inner_tol=1.000e-11) | per_block_resid=[1.806e1,1.198e3,6.505e0] | obj_change=1.630e0 (tol=3.979e-9) | beta_inf=5.860e0 | per_block_beta_inf=[2.977e-1,4.271e-3,5.860e0]
[INFO] [PIRLS/JN] cyc= 40/200 obj=3.968780e2 Δobj=-1.630e0 |δ|∞=4.607e-2 resid=1.443e3 attempts=1 t=0.270s
[INFO] [joint-newton-tr] phase=hessian_qp cycle=41 r=2.197e0
[INFO] [979-PROBE] cyc= 41 firth_armed=true skippable=false |gradPhi|inf=1.319e3 kkt=1.443e3 |beta|inf=5.860e0 endgame=true
[WARN] [gam#979 constrained-QP] cycle=41 path=linear warm_rows=0 active_set_rows=0 beta_inf=5.9157e0
[INFO] [joint-newton-tr] phase=line_search cycle=41 r=2.197e0 hessian_qp_elapsed=0.236s
[INFO] [PIRLS/joint-Newton/TR cycle=41 attempt=1] reject     ρ=-8.870e-2  Δobj=-4.865e0  pred=+5.485e1  r=2.197e0->2.061e-1  decision=shrink_reject           |δ|=2.197e0  |δ|∞=1.328e-2  |prop|∞=5.591e-2
[INFO] [PIRLS/joint-Newton/TR cycle=41 attempt=2] accepted   ρ=+4.197e0  Δobj=+3.643e0  pred=+8.680e-1  r=2.061e-1->4.122e-1  decision=grow_at_boundary        |δ|=2.061e-1  |δ|∞=1.634e-3  |prop|∞=5.591e-2
[INFO] [joint-newton-tr] phase=gradient_reload cycle=41 attempts=2 r=4.122e-1
[INFO] [PIRLS/joint-Newton convergence] cycle  41 | step_inf=5.591e-2 (tol=6.861e-11) | accepted_step_inf=1.634e-3 | residual=5.240e3 (tol=1.320e-8) | relative_stationarity=3.971e0 (scale=1.319e3, inner_tol=1.000e-11) | per_block_resid=[1.797e1,1.181e3,6.338e0] | obj_change=3.643e0 (tol=3.978e-9) | beta_inf=5.861e0 | per_block_beta_inf=[2.977e-1,4.234e-3,5.861e0]
[INFO] [PIRLS/JN] cyc= 41/200 obj=3.967860e2 Δobj=-3.643e0 |δ|∞=1.634e-3 resid=5.240e3 attempts=2 t=0.272s
[INFO] [joint-newton-tr] phase=hessian_qp cycle=42 r=4.122e-1
[INFO] [979-PROBE] cyc= 42 firth_armed=true skippable=false |gradPhi|inf=5.230e3 kkt=5.240e3 |beta|inf=5.861e0 endgame=true
[WARN] [gam#979 constrained-QP] cycle=42 path=linear warm_rows=0 active_set_rows=0 beta_inf=5.9139e0
[INFO] [joint-newton-tr] phase=line_search cycle=42 r=4.122e-1 hessian_qp_elapsed=0.235s
[INFO] [PIRLS/joint-Newton/TR cycle=42 attempt=1] accepted   ρ=+5.883e-1  Δobj=+5.957e-1  pred=+1.013e0  r=4.122e-1 (held)  decision=hold_moderate           |δ|=4.122e-1  |δ|∞=7.611e-3  |prop|∞=5.239e-2
[INFO] [joint-newton-tr] phase=gradient_reload cycle=42 attempts=1 r=4.122e-1
[INFO] [PIRLS/joint-Newton convergence] cycle  42 | step_inf=5.239e-2 (tol=6.869e-11) | accepted_step_inf=7.611e-3 | residual=2.065e3 (tol=5.231e-8) | relative_stationarity=3.948e-1 (scale=5.230e3, inner_tol=1.000e-11) | per_block_resid=[1.707e1,8.968e2,6.255e0] | obj_change=5.957e-1 (tol=3.977e-9) | beta_inf=5.869e0 | per_block_beta_inf=[2.976e-1,3.933e-3,5.869e0]
[INFO] [PIRLS/JN] cyc= 42/200 obj=3.967106e2 Δobj=-5.957e-1 |δ|∞=7.611e-3 resid=2.065e3 attempts=1 t=0.270s
[INFO] [joint-newton-tr] phase=hessian_qp cycle=43 r=4.122e-1
[INFO] [979-PROBE] cyc= 43 firth_armed=true skippable=false |gradPhi|inf=2.140e3 kkt=2.065e3 |beta|inf=5.869e0 endgame=true
[WARN] [gam#979 constrained-QP] cycle=43 path=linear warm_rows=0 active_set_rows=0 beta_inf=5.9261e0
[INFO] [joint-newton-tr] phase=line_search cycle=43 r=4.122e-1 hessian_qp_elapsed=0.235s
[INFO] [PIRLS/joint-Newton/TR cycle=43 attempt=1] accepted   ρ=+1.106e0  Δobj=+7.107e-1  pred=+6.424e-1  r=4.122e-1->8.244e-1  decision=grow_at_boundary        |δ|=4.122e-1  |δ|∞=1.359e-2  |prop|∞=5.702e-2
[INFO] [joint-newton-tr] phase=gradient_reload cycle=43 attempts=1 r=8.244e-1
[INFO] [PIRLS/joint-Newton convergence] cycle  43 | step_inf=5.702e-2 (tol=6.883e-11) | accepted_step_inf=1.359e-2 | residual=8.819e2 (tol=2.141e-8) | relative_stationarity=4.120e-1 (scale=2.140e3, inner_tol=1.000e-11) | per_block_resid=[1.669e1,8.702e2,5.259e0] | obj_change=7.107e-1 (tol=3.973e-9) | beta_inf=5.883e0 | per_block_beta_inf=[2.975e-1,3.770e-3,5.883e0]
[INFO] [PIRLS/JN] cyc= 43/200 obj=3.963224e2 Δobj=-7.107e-1 |δ|∞=1.359e-2 resid=8.819e2 attempts=1 t=0.270s
[INFO] [joint-newton-tr] phase=hessian_qp cycle=44 r=8.244e-1
[INFO] [979-PROBE] cyc= 44 firth_armed=true skippable=false |gradPhi|inf=1.052e3 kkt=8.819e2 |beta|inf=5.883e0 endgame=true
[WARN] [gam#979 constrained-QP] cycle=44 path=linear warm_rows=0 active_set_rows=0 beta_inf=5.9387e0
[INFO] [joint-newton-tr] phase=line_search cycle=44 r=8.244e-1 hessian_qp_elapsed=0.234s
[INFO] [PIRLS/joint-Newton/TR cycle=44 attempt=1] accepted   ρ=+1.010e0  Δobj=+6.443e-1  pred=+6.377e-1  r=8.244e-1->1.649e0  decision=grow_at_boundary        |δ|=8.244e-1  |δ|∞=4.271e-2  |prop|∞=5.606e-2
[INFO] [joint-newton-tr] phase=gradient_reload cycle=44 attempts=1 r=1.649e0
[INFO] [PIRLS/joint-Newton convergence] cycle  44 | step_inf=5.606e-2 (tol=6.925e-11) | accepted_step_inf=4.271e-2 | residual=3.117e2 (tol=1.053e-8) | relative_stationarity=2.960e-1 (scale=1.052e3, inner_tol=1.000e-11) | per_block_resid=[1.677e1,7.943e2,4.859e0] | obj_change=6.443e-1 (tol=3.970e-9) | beta_inf=5.925e0 | per_block_beta_inf=[2.971e-1,3.469e-3,5.925e0]
[INFO] [PIRLS/JN] cyc= 44/200 obj=3.960484e2 Δobj=-6.443e-1 |δ|∞=4.271e-2 resid=3.117e2 attempts=1 t=0.269s
[INFO] [joint-newton-tr] phase=hessian_qp cycle=45 r=1.649e0
[INFO] [979-PROBE] cyc= 45 firth_armed=true skippable=false |gradPhi|inf=7.729e2 kkt=3.117e2 |beta|inf=5.925e0 endgame=true
[WARN] [gam#979 constrained-QP] cycle=45 path=linear warm_rows=0 active_set_rows=0 beta_inf=5.9666e0
[INFO] [joint-newton-tr] phase=line_search cycle=45 r=1.649e0 hessian_qp_elapsed=0.236s
[INFO] [PIRLS/joint-Newton/TR cycle=45 attempt=1] accepted   ρ=+8.452e-1  Δobj=+6.766e-1  pred=+8.005e-1  r=1.649e0->3.298e0  decision=grow_at_boundary        |δ|=1.649e0  |δ|∞=9.466e-2  |prop|∞=4.125e-2
[INFO] [joint-newton-tr] phase=gradient_reload cycle=45 attempts=1 r=3.298e0
[INFO] [PIRLS/joint-Newton convergence] cycle  45 | step_inf=4.125e-2 (tol=7.020e-11) | accepted_step_inf=9.466e-2 | residual=2.744e2 (tol=1.064e-8) | relative_stationarity=2.579e-1 (scale=1.063e3, inner_tol=1.000e-11) | per_block_resid=[1.926e1,1.085e3,4.167e0] | obj_change=6.766e-1 (tol=3.968e-9) | beta_inf=6.020e0 | per_block_beta_inf=[2.966e-1,3.166e-3,6.020e0]
[INFO] [PIRLS/JN] cyc= 45/200 obj=3.957826e2 Δobj=-6.766e-1 |δ|∞=9.466e-2 resid=2.744e2 attempts=1 t=0.271s
[INFO] [joint-newton-tr] phase=hessian_qp cycle=46 r=3.298e0
[INFO] [979-PROBE] cyc= 46 firth_armed=true skippable=false |gradPhi|inf=9.676e2 kkt=2.744e2 |beta|inf=6.020e0 endgame=true
[WARN] [gam#979 constrained-QP] cycle=46 path=linear warm_rows=0 active_set_rows=0 beta_inf=6.0476e0
[INFO] [joint-newton-tr] phase=line_search cycle=46 r=3.298e0 hessian_qp_elapsed=0.236s
[INFO] [PIRLS/joint-Newton/TR cycle=46 attempt=1] accepted   ρ=+9.779e-1  Δobj=+1.165e0  pred=+1.191e0  r=3.298e0->6.595e0  decision=grow_at_boundary        |δ|=3.298e0  |δ|∞=2.170e-1  |prop|∞=2.753e-2
[INFO] [joint-newton-tr] phase=gradient_reload cycle=46 attempts=1 r=6.595e0
[INFO] [PIRLS/joint-Newton convergence] cycle  46 | step_inf=2.753e-2 (tol=7.237e-11) | accepted_step_inf=2.170e-1 | residual=2.557e2 (tol=9.686e-9) | relative_stationarity=2.641e-1 (scale=9.676e2, inner_tol=1.000e-11) | per_block_resid=[1.798e1,8.984e2,4.188e0] | obj_change=1.165e0 (tol=3.965e-9) | beta_inf=6.237e0 | per_block_beta_inf=[2.954e-1,2.229e-3,6.237e0]
[INFO] [PIRLS/JN] cyc= 46/200 obj=3.954578e2 Δobj=-1.165e0 |δ|∞=2.170e-1 resid=2.557e2 attempts=1 t=0.270s
[INFO] [joint-newton-tr] phase=hessian_qp cycle=47 r=6.595e0
[INFO] [979-PROBE] cyc= 47 firth_armed=true skippable=false |gradPhi|inf=9.294e2 kkt=2.557e2 |beta|inf=6.237e0 endgame=true
[WARN] [gam#979 constrained-QP] cycle=47 path=linear warm_rows=0 active_set_rows=0 beta_inf=6.2542e0
[INFO] [joint-newton-tr] phase=line_search cycle=47 r=6.595e0 hessian_qp_elapsed=0.224s
[INFO] [PIRLS/joint-Newton/TR cycle=47 attempt=1] accepted   ρ=+1.005e0  Δobj=+1.243e-1  pred=+1.238e-1  r=6.595e0 (held)  decision=hold_inside             |δ|=1.145e0  |δ|∞=1.720e-2  |prop|∞=1.720e-2
[INFO] [joint-newton-tr] phase=gradient_reload cycle=47 attempts=1 r=6.595e0
[INFO] [PIRLS/joint-Newton convergence] cycle  47 | step_inf=1.720e-2 (tol=7.254e-11) | accepted_step_inf=1.720e-2 | residual=2.571e1 (tol=9.304e-9) | relative_stationarity=2.763e-2 (scale=9.294e2, inner_tol=1.000e-11) | per_block_resid=[1.710e1,8.680e2,4.101e0] | obj_change=1.243e-1 (tol=3.963e-9) | beta_inf=6.254e0 | per_block_beta_inf=[2.933e-1,2.068e-3,6.254e0]
[INFO] [PIRLS/JN] cyc= 47/200 obj=3.953460e2 Δobj=-1.243e-1 |δ|∞=1.720e-2 resid=2.571e1 attempts=1 t=0.257s
[INFO] [joint-newton-tr] phase=hessian_qp cycle=48 r=6.595e0
[INFO] [979-PROBE] cyc= 48 firth_armed=true skippable=false |gradPhi|inf=8.604e2 kkt=2.571e1 |beta|inf=6.254e0 endgame=true
[WARN] [gam#979 constrained-QP] cycle=48 path=linear warm_rows=0 active_set_rows=0 beta_inf=6.2708e0
[INFO] [joint-newton-tr] phase=line_search cycle=48 r=6.595e0 hessian_qp_elapsed=0.211s
[INFO] [PIRLS/joint-Newton/TR cycle=48 attempt=1] accepted   ρ=+1.001e0  Δobj=+8.468e-2  pred=+8.462e-2  r=6.595e0 (held)  decision=hold_inside             |δ|=4.202e-1  |δ|∞=1.656e-2  |prop|∞=1.656e-2
[INFO] [joint-newton-tr] phase=gradient_reload cycle=48 attempts=1 r=6.595e0
[INFO] [PIRLS/joint-Newton convergence] cycle  48 | step_inf=1.656e-2 (tol=7.271e-11) | accepted_step_inf=1.656e-2 | residual=5.000e0 (tol=8.614e-9) | relative_stationarity=5.805e-3 (scale=8.604e2, inner_tol=1.000e-11) | per_block_resid=[1.674e1,8.289e2,4.169e0] | obj_change=8.468e-2 (tol=3.963e-9) | beta_inf=6.271e0 | per_block_beta_inf=[2.927e-1,1.996e-3,6.271e0]
[INFO] [PIRLS/JN] cyc= 48/200 obj=3.953311e2 Δobj=-8.468e-2 |δ|∞=1.656e-2 resid=5.000e0 attempts=1 t=0.242s
[INFO] [joint-newton-tr] phase=hessian_qp cycle=49 r=6.595e0
[INFO] [979-PROBE] cyc= 49 firth_armed=true skippable=false |gradPhi|inf=8.338e2 kkt=5.000e0 |beta|inf=6.271e0 endgame=true
[WARN] [gam#979 constrained-QP] cycle=49 path=linear warm_rows=0 active_set_rows=0 beta_inf=6.2868e0
[INFO] [joint-newton-tr] phase=line_search cycle=49 r=6.595e0 hessian_qp_elapsed=0.194s
[INFO] [PIRLS/joint-Newton/TR cycle=49 attempt=1] accepted   ρ=+1.001e0  Δobj=+8.004e-2  pred=+8.000e-2  r=6.595e0 (held)  decision=hold_inside             |δ|=3.106e-1  |δ|∞=1.601e-2  |prop|∞=1.601e-2
[INFO] [joint-newton-tr] phase=gradient_reload cycle=49 attempts=1 r=6.595e0
[INFO] [PIRLS/joint-Newton convergence] cycle  49 | step_inf=1.601e-2 (tol=7.287e-11) | accepted_step_inf=1.601e-2 | residual=4.990e0 (tol=8.348e-9) | relative_stationarity=5.978e-3 (scale=8.338e2, inner_tol=1.000e-11) | per_block_resid=[1.666e1,8.280e2,4.193e0] | obj_change=8.004e-2 (tol=3.963e-9) | beta_inf=6.287e0 | per_block_beta_inf=[2.926e-1,1.952e-3,6.287e0]
[INFO] [PIRLS/JN] cyc= 49/200 obj=3.953250e2 -loglik=3.746031e2 pen=2.072e1 Δobj=-8.004e-2 |δ|∞=1.601e-2 accepted_|δ|∞=1.601e-2 resid=4.990e0 (tol=8.348e-9) rel_stat=5.978e-3 (scale=8.338e2) obj_tol=3.963e-9 step_tol=7.287e-11 |β|∞=6.287e0 attempts=1 t=0.221s
[INFO] [joint-newton-tr] phase=hessian_qp cycle=50 r=6.595e0
[INFO] [979-PROBE] cyc= 50 firth_armed=true skippable=false |gradPhi|inf=8.279e2 kkt=4.990e0 |beta|inf=6.287e0 endgame=true
[WARN] [gam#979 constrained-QP] cycle=50 path=linear warm_rows=0 active_set_rows=0 beta_inf=6.3024e0
[INFO] [joint-newton-tr] phase=line_search cycle=50 r=6.595e0 hessian_qp_elapsed=0.176s
[INFO] [PIRLS/joint-Newton/TR cycle=50 attempt=1] accepted   ρ=+2.191e0  Δobj=+3.832e0  pred=+1.749e0  r=6.595e0->1.319e1  decision=grow_at_boundary        |δ|=6.595e0  |δ|∞=3.464e-1  |prop|∞=1.560e-2
[INFO] [joint-newton-tr] phase=gradient_reload cycle=50 attempts=1 r=1.319e1
[INFO] [PIRLS/joint-Newton convergence] cycle  50 | step_inf=1.560e-2 (tol=7.633e-11) | accepted_step_inf=3.464e-1 | residual=1.216e3 (tol=1.580e-8) | relative_stationarity=7.693e-1 (scale=1.579e3, inner_tol=1.000e-11) | per_block_resid=[1.779e1,1.661e3,5.392e0] | obj_change=3.832e0 (tol=3.968e-9) | beta_inf=6.633e0 | per_block_beta_inf=[2.927e-1,1.790e-3,6.633e0]
[INFO] [PIRLS/JN] cyc= 50/200 obj=3.958381e2 Δobj=-3.832e0 |δ|∞=3.464e-1 resid=1.216e3 attempts=1 t=0.201s
[INFO] [joint-newton-tr] phase=hessian_qp cycle=51 r=1.319e1
[INFO] [979-PROBE] cyc= 51 firth_armed=true skippable=false |gradPhi|inf=2.557e3 kkt=1.216e3 |beta|inf=6.633e0 endgame=true
[WARN] [gam#979 constrained-QP] cycle=51 path=linear warm_rows=0 active_set_rows=0 beta_inf=6.6396e0
[INFO] [joint-newton-tr] phase=line_search cycle=51 r=1.319e1 hessian_qp_elapsed=0.160s
[INFO] [PIRLS/joint-Newton/TR cycle=51 attempt=1] reject     ρ=-2.243e0  Δobj=-2.709e1  pred=+1.208e1  r=1.319e1->1.150e0  decision=shrink_reject           |δ|=1.319e1  |δ|∞=2.497e-2  |prop|∞=6.378e-3
[INFO] [PIRLS/joint-Newton/TR cycle=51 attempt=2] accepted   ρ=+5.442e-1  Δobj=+3.689e-1  pred=+6.779e-1  r=1.150e0 (held)  decision=hold_moderate           |δ|=1.150e0  |δ|∞=1.066e-2  |prop|∞=6.378e-3
[INFO] [joint-newton-tr] phase=gradient_reload cycle=51 attempts=2 r=1.150e0
[INFO] [PIRLS/joint-Newton convergence] cycle  51 | step_inf=6.378e-3 (tol=7.644e-11) | accepted_step_inf=1.066e-2 | residual=8.755e2 (tol=2.558e-8) | relative_stationarity=3.423e-1 (scale=2.557e3, inner_tol=1.000e-11) | per_block_resid=[2.302e1,1.255e3,4.471e0] | obj_change=3.689e-1 (tol=3.967e-9) | beta_inf=6.644e0 | per_block_beta_inf=[2.930e-1,1.395e-3,6.644e0]
[INFO] [PIRLS/JN] cyc= 51/200 obj=3.957462e2 Δobj=-3.689e-1 |δ|∞=1.066e-2 resid=8.755e2 attempts=2 t=0.184s
[INFO] [joint-newton-tr] phase=hessian_qp cycle=52 r=1.150e0
[INFO] [979-PROBE] cyc= 52 firth_armed=true skippable=false |gradPhi|inf=1.395e3 kkt=8.755e2 |beta|inf=6.644e0 endgame=true
[WARN] [gam#979 constrained-QP] cycle=52 path=linear warm_rows=0 active_set_rows=0 beta_inf=6.6499e0
[INFO] [joint-newton-tr] phase=line_search cycle=52 r=1.150e0 hessian_qp_elapsed=0.149s
[INFO] [PIRLS/joint-Newton/TR cycle=52 attempt=1] accepted   ρ=+1.024e0  Δobj=+1.134e-1  pred=+1.108e-1  r=1.150e0 (held)  decision=hold_inside             |δ|=5.571e-1  |δ|∞=6.036e-3  |prop|∞=6.036e-3
[INFO] [joint-newton-tr] phase=gradient_reload cycle=52 attempts=1 r=1.150e0
[INFO] [PIRLS/joint-Newton convergence] cycle  52 | step_inf=6.036e-3 (tol=7.650e-11) | accepted_step_inf=6.036e-3 | residual=4.641e1 (tol=1.396e-8) | relative_stationarity=3.324e-2 (scale=1.395e3, inner_tol=1.000e-11) | per_block_resid=[2.323e1,1.406e3,4.948e0] | obj_change=1.134e-1 (tol=3.969e-9) | beta_inf=6.650e0 | per_block_beta_inf=[2.942e-1,1.415e-3,6.650e0]
[INFO] [PIRLS/JN] cyc= 52/200 obj=3.958525e2 Δobj=-1.134e-1 |δ|∞=6.036e-3 resid=4.641e1 attempts=1 t=0.172s
[INFO] [joint-newton-tr] phase=hessian_qp cycle=53 r=1.150e0
[INFO] [979-PROBE] cyc= 53 firth_armed=true skippable=false |gradPhi|inf=1.411e3 kkt=4.641e1 |beta|inf=6.650e0 endgame=true
[WARN] [gam#979 constrained-QP] cycle=53 path=linear warm_rows=0 active_set_rows=0 beta_inf=6.6556e0
[INFO] [joint-newton-tr] phase=line_search cycle=53 r=1.150e0 hessian_qp_elapsed=0.150s
[INFO] [PIRLS/joint-Newton/TR cycle=53 attempt=1] accepted   ρ=+1.001e0  Δobj=+2.389e-2  pred=+2.387e-2  r=1.150e0 (held)  decision=hold_inside             |δ|=2.131e-1  |δ|∞=5.755e-3  |prop|∞=5.755e-3
[INFO] [joint-newton-tr] phase=gradient_reload cycle=53 attempts=1 r=1.150e0
[INFO] [PIRLS/joint-Newton convergence] cycle  53 | step_inf=5.755e-3 (tol=7.656e-11) | accepted_step_inf=5.755e-3 | residual=3.767e0 (tol=1.412e-8) | relative_stationarity=2.668e-3 (scale=1.411e3, inner_tol=1.000e-11) | per_block_resid=[2.325e1,1.406e3,5.030e0] | obj_change=2.389e-2 (tol=3.969e-9) | beta_inf=6.656e0 | per_block_beta_inf=[2.947e-1,1.415e-3,6.656e0]
[INFO] [PIRLS/JN] cyc= 53/200 obj=3.958935e2 Δobj=-2.389e-2 |δ|∞=5.755e-3 resid=3.767e0 attempts=1 t=0.173s
[INFO] [joint-newton-tr] phase=hessian_qp cycle=54 r=1.150e0
[INFO] [979-PROBE] cyc= 54 firth_armed=true skippable=false |gradPhi|inf=1.407e3 kkt=3.767e0 |beta|inf=6.656e0 endgame=true
[WARN] [gam#979 constrained-QP] cycle=54 path=linear warm_rows=0 active_set_rows=0 beta_inf=6.6613e0
[INFO] [joint-newton-tr] phase=line_search cycle=54 r=1.150e0 hessian_qp_elapsed=0.147s
[INFO] [PIRLS/joint-Newton/TR cycle=54 attempt=1] accepted   ρ=+9.999e-1  Δobj=+2.154e-2  pred=+2.154e-2  r=1.150e0 (held)  decision=hold_inside             |δ|=1.595e-1  |δ|∞=5.675e-3  |prop|∞=5.675e-3
[INFO] [joint-newton-tr] phase=gradient_reload cycle=54 attempts=1 r=1.150e0
[INFO] [PIRLS/joint-Newton convergence] cycle  54 | step_inf=5.675e-3 (tol=7.661e-11) | accepted_step_inf=5.675e-3 | residual=3.760e0 (tol=1.408e-8) | relative_stationarity=2.671e-3 (scale=1.407e3, inner_tol=1.000e-11) | per_block_resid=[2.318e1,1.412e3,5.035e0] | obj_change=2.154e-2 (tol=3.969e-9) | beta_inf=6.661e0 | per_block_beta_inf=[2.949e-1,1.408e-3,6.661e0]
[INFO] [PIRLS/JN] cyc= 54/200 obj=3.958932e2 Δobj=-2.154e-2 |δ|∞=5.675e-3 resid=3.760e0 attempts=1 t=0.168s
[INFO] [joint-newton-tr] phase=hessian_qp cycle=55 r=1.150e0
[INFO] [979-PROBE] cyc= 55 firth_armed=true skippable=false |gradPhi|inf=1.412e3 kkt=3.760e0 |beta|inf=6.661e0 endgame=true
[WARN] [gam#979 constrained-QP] cycle=55 path=linear warm_rows=0 active_set_rows=0 beta_inf=6.6669e0
[INFO] [joint-newton-tr] phase=line_search cycle=55 r=1.150e0 hessian_qp_elapsed=0.146s
[INFO] [PIRLS/joint-Newton/TR cycle=55 attempt=1] accepted   ρ=+9.999e-1  Δobj=+2.106e-2  pred=+2.107e-2  r=1.150e0 (held)  decision=hold_inside             |δ|=1.505e-1  |δ|∞=5.600e-3  |prop|∞=5.600e-3
[INFO] [joint-newton-tr] phase=gradient_reload cycle=55 attempts=1 r=1.150e0
[INFO] [PIRLS/joint-Newton convergence] cycle  55 | step_inf=5.600e-3 (tol=7.667e-11) | accepted_step_inf=5.600e-3 | residual=3.753e0 (tol=1.413e-8) | relative_stationarity=2.656e-3 (scale=1.412e3, inner_tol=1.000e-11) | per_block_resid=[2.314e1,1.419e3,5.038e0] | obj_change=2.106e-2 (tol=3.969e-9) | beta_inf=6.667e0 | per_block_beta_inf=[2.949e-1,1.401e-3,6.667e0]
[INFO] [PIRLS/JN] cyc= 55/200 obj=3.958908e2 Δobj=-2.106e-2 |δ|∞=5.600e-3 resid=3.753e0 attempts=1 t=0.169s
[INFO] [joint-newton-tr] phase=hessian_qp cycle=56 r=1.150e0
[INFO] [979-PROBE] cyc= 56 firth_armed=true skippable=false |gradPhi|inf=1.420e3 kkt=3.753e0 |beta|inf=6.667e0 endgame=true
[WARN] [gam#979 constrained-QP] cycle=56 path=linear warm_rows=0 active_set_rows=0 beta_inf=6.6724e0
[INFO] [joint-newton-tr] phase=line_search cycle=56 r=1.150e0 hessian_qp_elapsed=0.151s
[INFO] [PIRLS/joint-Newton/TR cycle=56 attempt=1] accepted   ρ=+9.999e-1  Δobj=+2.073e-2  pred=+2.073e-2  r=1.150e0 (held)  decision=hold_inside             |δ|=1.480e-1  |δ|∞=5.528e-3  |prop|∞=5.528e-3
[INFO] [joint-newton-tr] phase=gradient_reload cycle=56 attempts=1 r=1.150e0
[INFO] [PIRLS/joint-Newton convergence] cycle  56 | step_inf=5.528e-3 (tol=7.672e-11) | accepted_step_inf=5.528e-3 | residual=3.747e0 (tol=1.421e-8) | relative_stationarity=2.637e-3 (scale=1.420e3, inner_tol=1.000e-11) | per_block_resid=[2.312e1,1.427e3,5.041e0] | obj_change=2.073e-2 (tol=3.969e-9) | beta_inf=6.672e0 | per_block_beta_inf=[2.950e-1,1.394e-3,6.672e0]
[INFO] [PIRLS/JN] cyc= 56/200 obj=3.958880e2 Δobj=-2.073e-2 |δ|∞=5.528e-3 resid=3.747e0 attempts=1 t=0.173s
[INFO] [joint-newton-tr] phase=hessian_qp cycle=57 r=1.150e0
[INFO] [979-PROBE] cyc= 57 firth_armed=true skippable=false |gradPhi|inf=1.427e3 kkt=3.747e0 |beta|inf=6.672e0 endgame=true
[WARN] [gam#979 constrained-QP] cycle=57 path=linear warm_rows=0 active_set_rows=0 beta_inf=6.6779e0
[INFO] [joint-newton-tr] phase=line_search cycle=57 r=1.150e0 hessian_qp_elapsed=0.147s
[INFO] [PIRLS/joint-Newton/TR cycle=57 attempt=1] accepted   ρ=+9.999e-1  Δobj=+2.042e-2  pred=+2.042e-2  r=1.150e0 (held)  decision=hold_inside             |δ|=1.467e-1  |δ|∞=5.457e-3  |prop|∞=5.457e-3
[INFO] [joint-newton-tr] phase=gradient_reload cycle=57 attempts=1 r=1.150e0
[INFO] [PIRLS/joint-Newton convergence] cycle  57 | step_inf=5.457e-3 (tol=7.678e-11) | accepted_step_inf=5.457e-3 | residual=3.740e0 (tol=1.428e-8) | relative_stationarity=2.619e-3 (scale=1.427e3, inner_tol=1.000e-11) | per_block_resid=[2.311e1,1.435e3,5.043e0] | obj_change=2.042e-2 (tol=3.969e-9) | beta_inf=6.678e0 | per_block_beta_inf=[2.950e-1,1.387e-3,6.678e0]
[INFO] [PIRLS/JN] cyc= 57/200 obj=3.958853e2 Δobj=-2.042e-2 |δ|∞=5.457e-3 resid=3.740e0 attempts=1 t=0.174s
[INFO] [joint-newton-tr] phase=hessian_qp cycle=58 r=1.150e0
[INFO] [979-PROBE] cyc= 58 firth_armed=true skippable=false |gradPhi|inf=1.435e3 kkt=3.740e0 |beta|inf=6.678e0 endgame=true
[WARN] [gam#979 constrained-QP] cycle=58 path=linear warm_rows=0 active_set_rows=0 beta_inf=6.6833e0
[INFO] [joint-newton-tr] phase=line_search cycle=58 r=1.150e0 hessian_qp_elapsed=0.175s
[INFO] [PIRLS/joint-Newton/TR cycle=58 attempt=1] accepted   ρ=+9.999e-1  Δobj=+2.013e-2  pred=+2.013e-2  r=1.150e0 (held)  decision=hold_inside             |δ|=1.455e-1  |δ|∞=5.388e-3  |prop|∞=5.388e-3
[INFO] [joint-newton-tr] phase=gradient_reload cycle=58 attempts=1 r=1.150e0
[INFO] [PIRLS/joint-Newton convergence] cycle  58 | step_inf=5.388e-3 (tol=7.683e-11) | accepted_step_inf=5.388e-3 | residual=3.733e0 (tol=1.436e-8) | relative_stationarity=2.601e-3 (scale=1.435e3, inner_tol=1.000e-11) | per_block_resid=[2.310e1,1.442e3,5.045e0] | obj_change=2.013e-2 (tol=3.969e-9) | beta_inf=6.683e0 | per_block_beta_inf=[2.950e-1,1.380e-3,6.683e0]
[INFO] [PIRLS/JN] cyc= 58/200 obj=3.958825e2 Δobj=-2.013e-2 |δ|∞=5.388e-3 resid=3.733e0 attempts=1 t=0.201s
[INFO] [joint-newton-tr] phase=hessian_qp cycle=59 r=1.150e0
[INFO] [979-PROBE] cyc= 59 firth_armed=true skippable=false |gradPhi|inf=1.442e3 kkt=3.733e0 |beta|inf=6.683e0 endgame=true
[WARN] [gam#979 constrained-QP] cycle=59 path=linear warm_rows=0 active_set_rows=0 beta_inf=6.6886e0
[INFO] [joint-newton-tr] phase=line_search cycle=59 r=1.150e0 hessian_qp_elapsed=0.174s
[INFO] [PIRLS/joint-Newton/TR cycle=59 attempt=1] accepted   ρ=+9.999e-1  Δobj=+1.984e-2  pred=+1.984e-2  r=1.150e0 (held)  decision=hold_inside             |δ|=1.445e-1  |δ|∞=5.321e-3  |prop|∞=5.321e-3
[INFO] [joint-newton-tr] phase=gradient_reload cycle=59 attempts=1 r=1.150e0
[INFO] [PIRLS/joint-Newton convergence] cycle  59 | step_inf=5.321e-3 (tol=7.689e-11) | accepted_step_inf=5.321e-3 | residual=3.727e0 (tol=1.443e-8) | relative_stationarity=2.583e-3 (scale=1.442e3, inner_tol=1.000e-11) | per_block_resid=[2.310e1,1.449e3,5.048e0] | obj_change=1.984e-2 (tol=3.969e-9) | beta_inf=6.689e0 | per_block_beta_inf=[2.950e-1,1.373e-3,6.689e0]
[INFO] [PIRLS/JN] cyc= 59/200 obj=3.958798e2 Δobj=-1.984e-2 |δ|∞=5.321e-3 resid=3.727e0 attempts=1 t=0.205s
[INFO] [joint-newton-tr] phase=hessian_qp cycle=60 r=1.150e0
[INFO] [979-PROBE] cyc= 60 firth_armed=true skippable=false |gradPhi|inf=1.450e3 kkt=3.727e0 |beta|inf=6.689e0 endgame=true
[WARN] [gam#979 constrained-QP] cycle=60 path=linear warm_rows=0 active_set_rows=0 beta_inf=6.6939e0
[INFO] [joint-newton-tr] phase=line_search cycle=60 r=1.150e0 hessian_qp_elapsed=0.205s
[INFO] [PIRLS/joint-Newton/TR cycle=60 attempt=1] accepted   ρ=+9.999e-1  Δobj=+1.957e-2  pred=+1.957e-2  r=1.150e0 (held)  decision=hold_inside             |δ|=1.434e-1  |δ|∞=5.256e-3  |prop|∞=5.256e-3
[INFO] [joint-newton-tr] phase=gradient_reload cycle=60 attempts=1 r=1.150e0
[INFO] [PIRLS/joint-Newton convergence] cycle  60 | step_inf=5.256e-3 (tol=7.694e-11) | accepted_step_inf=5.256e-3 | residual=3.720e0 (tol=1.451e-8) | relative_stationarity=2.565e-3 (scale=1.450e3, inner_tol=1.000e-11) | per_block_resid=[2.309e1,1.457e3,5.050e0] | obj_change=1.957e-2 (tol=3.969e-9) | beta_inf=6.694e0 | per_block_beta_inf=[2.950e-1,1.366e-3,6.694e0]
[INFO] [PIRLS/JN] cyc= 60/200 obj=3.958771e2 Δobj=-1.957e-2 |δ|∞=5.256e-3 resid=3.720e0 attempts=1 t=0.235s
[INFO] [joint-newton-tr] phase=hessian_qp cycle=61 r=1.150e0
[INFO] [979-PROBE] cyc= 61 firth_armed=true skippable=false |gradPhi|inf=1.457e3 kkt=3.720e0 |beta|inf=6.694e0 endgame=true
[WARN] [gam#979 constrained-QP] cycle=61 path=linear warm_rows=0 active_set_rows=0 beta_inf=6.6991e0
[INFO] [joint-newton-tr] phase=line_search cycle=61 r=1.150e0 hessian_qp_elapsed=0.207s
[INFO] [PIRLS/joint-Newton/TR cycle=61 attempt=1] accepted   ρ=+9.999e-1  Δobj=+1.930e-2  pred=+1.930e-2  r=1.150e0 (held)  decision=hold_inside             |δ|=1.424e-1  |δ|∞=5.192e-3  |prop|∞=5.192e-3
[INFO] [joint-newton-tr] phase=gradient_reload cycle=61 attempts=1 r=1.150e0
[INFO] [PIRLS/joint-Newton convergence] cycle  61 | step_inf=5.192e-3 (tol=7.699e-11) | accepted_step_inf=5.192e-3 | residual=3.714e0 (tol=1.458e-8) | relative_stationarity=2.548e-3 (scale=1.457e3, inner_tol=1.000e-11) | per_block_resid=[2.309e1,1.464e3,5.052e0] | obj_change=1.930e-2 (tol=3.969e-9) | beta_inf=6.699e0 | per_block_beta_inf=[2.950e-1,1.360e-3,6.699e0]
[INFO] [PIRLS/JN] cyc= 61/200 obj=3.958745e2 Δobj=-1.930e-2 |δ|∞=5.192e-3 resid=3.714e0 attempts=1 t=0.239s
[INFO] [joint-newton-tr] phase=hessian_qp cycle=62 r=1.150e0
[INFO] [979-PROBE] cyc= 62 firth_armed=true skippable=false |gradPhi|inf=1.464e3 kkt=3.714e0 |beta|inf=6.699e0 endgame=true
[WARN] [gam#979 constrained-QP] cycle=62 path=linear warm_rows=0 active_set_rows=0 beta_inf=6.7042e0
[INFO] [joint-newton-tr] phase=line_search cycle=62 r=1.150e0 hessian_qp_elapsed=0.208s
[INFO] [PIRLS/joint-Newton/TR cycle=62 attempt=1] accepted   ρ=+9.999e-1  Δobj=+1.903e-2  pred=+1.903e-2  r=1.150e0 (held)  decision=hold_inside             |δ|=1.414e-1  |δ|∞=5.130e-3  |prop|∞=5.130e-3
[INFO] [joint-newton-tr] phase=gradient_reload cycle=62 attempts=1 r=1.150e0
[INFO] [PIRLS/joint-Newton convergence] cycle  62 | step_inf=5.130e-3 (tol=7.704e-11) | accepted_step_inf=5.130e-3 | residual=3.708e0 (tol=1.465e-8) | relative_stationarity=2.531e-3 (scale=1.464e3, inner_tol=1.000e-11) | per_block_resid=[2.308e1,1.472e3,5.054e0] | obj_change=1.903e-2 (tol=3.969e-9) | beta_inf=6.704e0 | per_block_beta_inf=[2.950e-1,1.353e-3,6.704e0]
[INFO] [PIRLS/JN] cyc= 62/200 obj=3.958719e2 Δobj=-1.903e-2 |δ|∞=5.130e-3 resid=3.708e0 attempts=1 t=0.239s
[INFO] [joint-newton-tr] phase=hessian_qp cycle=63 r=1.150e0
[INFO] [979-PROBE] cyc= 63 firth_armed=true skippable=false |gradPhi|inf=1.472e3 kkt=3.708e0 |beta|inf=6.704e0 endgame=true
[WARN] [gam#979 constrained-QP] cycle=63 path=linear warm_rows=0 active_set_rows=0 beta_inf=6.7093e0
[INFO] [joint-newton-tr] phase=line_search cycle=63 r=1.150e0 hessian_qp_elapsed=0.209s
[INFO] [PIRLS/joint-Newton/TR cycle=63 attempt=1] accepted   ρ=+9.999e-1  Δobj=+1.878e-2  pred=+1.878e-2  r=1.150e0 (held)  decision=hold_inside             |δ|=1.404e-1  |δ|∞=5.069e-3  |prop|∞=5.069e-3
[INFO] [joint-newton-tr] phase=gradient_reload cycle=63 attempts=1 r=1.150e0
[INFO] [PIRLS/joint-Newton convergence] cycle  63 | step_inf=5.069e-3 (tol=7.709e-11) | accepted_step_inf=5.069e-3 | residual=3.702e0 (tol=1.473e-8) | relative_stationarity=2.514e-3 (scale=1.472e3, inner_tol=1.000e-11) | per_block_resid=[2.308e1,1.479e3,5.056e0] | obj_change=1.878e-2 (tol=3.969e-9) | beta_inf=6.709e0 | per_block_beta_inf=[2.950e-1,1.347e-3,6.709e0]
[INFO] [PIRLS/JN] cyc= 63/200 obj=3.958694e2 Δobj=-1.878e-2 |δ|∞=5.069e-3 resid=3.702e0 attempts=1 t=0.240s
[WARN] [PIRLS/joint-Newton convergence] cycle  63 | slow-geometric-rate stall early-exit (gam#979): residual=3.702e0 (tol=1.473e-8) descending at ~0.8859×/cycle over the last 16 cycles — projected >137 more cycles to reach tol; the residual is converging but far too slowly to finish in a practical budget (the survival marginal-slope oversmoothed-ρ endgame), so returning unconverged with finite β instead of grinding to inner_max_cycles=200.
[WARN] [PIRLS/joint-Newton terminal] converged=false terminator=early-exit non-converged (divergence/stall guard) cycles=64/200 jeffreys_completion_calls=59 solve_wall=11.618s best_residual_inf=3.702e0 (tol=1.396e-8) last_residual_below_tol=false last_obj_change_below_tol=false objective=3.958694e2; this is the status the inner solve reports to the outer REML/LAML evaluation — a non-converged exit (residual ≫ tol with only the objective stalled) is rejected, not accepted
[WARN] coupled exact-joint inner solve exited the joint Newton path before convergence — structured KKT refusal report unavailable: no joint Newton math snapshot; returning a non-converged inner mode for outer-rho rejection
[WARN] [OUTER] custom family: seed 2 is under-penalized, not failed — block 0 is under-penalized along the accepted step (likelihood slope -8.582e-4, penalty slope 7.903e-4, block step 1.845e-6): the ray closes at 1.0860x its penalty strength, i.e. rho[0..1] += 0.0825; restoring rho[0..1] from [12.0] to [12.082532111616322] and re-evaluating
[INFO] [joint-newton-tr] phase=hessian_qp cycle=0 r=1.000e0
[INFO] [979-PROBE] cyc=  0 firth_armed=true skippable=false |gradPhi|inf=1.738e7 kkt=1.738e7 |beta|inf=6.717e-1 endgame=false
[INFO] [JN-BRANCH-DIAG #1040] cycle=0 joint_constraints_is_some=true matrix_free_joint_requested=false joint_hessian_is_dense=true solve_joint_constraints_dense=true -> branch=CONSTRAINED_QP total_p=27 levenberg_on_ill_cond=false
[WARN] [joint-newton spectrum gam#979] λ_max=2.356717e10 null_cutoff=2.356717e0 numerical_floor=2.719127e-5 band_modes=13 cert_null_modes=13 (band now resolved by the step; cert still classifies on null_cutoff)
[INFO] [JN-REFLECT-DIAG #1040] cycle=0 CONSTRAINED_QP lambda_min_signed_raw=-2.762e15 lambda_min_signed_reflected=1.738e4 nullity=14 condition=1.508e8 (reflection CHANGED the spectrum)
[WARN] [gam#979 constrained-QP] cycle=0 path=linear warm_rows=0 active_set_rows=0 beta_inf=6.3871e-1
[INFO] [joint-newton-tr] phase=line_search cycle=0 r=1.000e0 hessian_qp_elapsed=0.026s
[INFO] [PIRLS/joint-Newton/TR cycle=0 attempt=1] reject     ρ=-7.532e-13  Δobj=-1.376e0  pred=+1.827e12  r=1.245e1->2.304e0  decision=shrink_reject           |δ|=1.245e1  |δ|∞=3.397e-2  |prop|∞=3.860e-2
[INFO] [PIRLS/joint-Newton/TR cycle=0 attempt=2] accepted   ρ=+1.059e-10  Δobj=+6.619e0  pred=+6.253e10  r=2.304e0->5.759e-1  decision=shrink_marginal_accept  |δ|=2.304e0  |δ|∞=6.285e-3  |prop|∞=3.860e-2
[INFO] [joint-newton-tr] phase=gradient_reload cycle=0 attempts=2 r=5.759e-1
[INFO] [PIRLS/joint-Newton convergence] cycle   0 | step_inf=3.860e-2 (tol=1.672e-11) | accepted_step_inf=6.285e-3 | residual=6.709e2 (tol=1.738e-4) | relative_stationarity=3.861e-5 (scale=1.738e7, inner_tol=1.000e-11) | per_block_resid=[6.705e2,1.006e2,1.813e-1] | obj_change=6.619e0 (tol=1.146e-8) | beta_inf=6.717e-1 | per_block_beta_inf=[6.717e-1,6.285e-3,6.192e-10]
[INFO] [PIRLS/JN] cyc=  0/200 obj=1.144812e3 -loglik=1.144385e3 pen=4.271e-1 Δobj=-6.619e0 |δ|∞=3.860e-2 accepted_|δ|∞=6.285e-3 resid=6.709e2 (tol=1.738e-4) rel_stat=3.861e-5 (scale=1.738e7) obj_tol=1.146e-8 step_tol=1.672e-11 |β|∞=6.717e-1 attempts=2 t=0.059s
[INFO] [joint-newton-tr] phase=hessian_qp cycle=1 r=5.759e-1
[INFO] [979-PROBE] cyc=  1 firth_armed=true skippable=false |gradPhi|inf=4.863e1 kkt=6.709e2 |beta|inf=6.717e-1 endgame=false
[INFO] [JN-REFLECT-DIAG #1040] cycle=1 CONSTRAINED_QP lambda_min_signed_raw=4.595e0 lambda_min_signed_reflected=4.595e0 nullity=0 condition=3.585e4 (reflection NO-OP (already PSD))
[WARN] [gam#979 constrained-QP] cycle=1 path=linear warm_rows=0 active_set_rows=0 beta_inf=1.5036e0
[INFO] [joint-newton-tr] phase=line_search cycle=1 r=5.759e-1 hessian_qp_elapsed=0.002s
[INFO] [PIRLS/joint-Newton/TR cycle=1 attempt=1] accepted   ρ=+1.000e0  Δobj=+5.616e-7  pred=+5.616e-7  r=5.759e-1 (held)  decision=hold_inside             |δ|=5.728e-8  |δ|∞=5.240e-10  |prop|∞=1.504e0
[INFO] [joint-newton-tr] phase=gradient_reload cycle=1 attempts=1 r=5.759e-1
[INFO] [PIRLS/joint-Newton convergence] cycle   1 | step_inf=1.504e0 (tol=1.672e-11) | accepted_step_inf=5.240e-10 | residual=6.709e2 (tol=6.715e-9) | relative_stationarity=9.992e-1 (scale=6.705e2, inner_tol=1.000e-11) | per_block_resid=[6.705e2,1.006e2,1.813e-1] | obj_change=5.616e-7 (tol=1.146e-8) | beta_inf=6.717e-1 | per_block_beta_inf=[6.717e-1,6.285e-3,1.019e-9]
[INFO] [PIRLS/JN] cyc=  1/200 obj=1.144812e3 Δobj=-5.616e-7 |δ|∞=5.240e-10 resid=6.709e2 attempts=1 t=0.033s
[INFO] [joint-newton-tr] phase=hessian_qp cycle=2 r=5.759e-1
[INFO] [979-PROBE] cyc=  2 firth_armed=true skippable=false |gradPhi|inf=4.863e1 kkt=6.709e2 |beta|inf=6.717e-1 endgame=false
[INFO] [JN-REFLECT-DIAG #1040] cycle=2 CONSTRAINED_QP lambda_min_signed_raw=4.595e0 lambda_min_signed_reflected=4.595e0 nullity=0 condition=3.585e4 (reflection NO-OP (already PSD))
[WARN] [gam#979 constrained-QP] cycle=2 path=linear warm_rows=0 active_set_rows=0 beta_inf=1.5036e0
[INFO] [joint-newton-tr] phase=line_search cycle=2 r=5.759e-1 hessian_qp_elapsed=0.002s
[INFO] [PIRLS/joint-Newton/TR cycle=2 attempt=1] accepted   ρ=+1.000e0  Δobj=+1.123e-6  pred=+1.123e-6  r=5.759e-1 (held)  decision=hold_inside             |δ|=1.146e-7  |δ|∞=1.048e-9  |prop|∞=1.504e0
[INFO] [joint-newton-tr] phase=gradient_reload cycle=2 attempts=1 r=5.759e-1
[INFO] [PIRLS/joint-Newton convergence] cycle   2 | step_inf=1.504e0 (tol=1.672e-11) | accepted_step_inf=1.048e-9 | residual=6.709e2 (tol=6.715e-9) | relative_stationarity=9.992e-1 (scale=6.705e2, inner_tol=1.000e-11) | per_block_resid=[6.705e2,1.006e2,1.813e-1] | obj_change=1.123e-6 (tol=1.146e-8) | beta_inf=6.717e-1 | per_block_beta_inf=[6.717e-1,6.285e-3,2.067e-9]
[INFO] [PIRLS/JN] cyc=  2/200 obj=1.144812e3 Δobj=-1.123e-6 |δ|∞=1.048e-9 resid=6.709e2 attempts=1 t=0.034s
[INFO] [joint-newton-tr] phase=hessian_qp cycle=3 r=5.759e-1
[INFO] [979-PROBE] cyc=  3 firth_armed=true skippable=false |gradPhi|inf=4.863e1 kkt=6.709e2 |beta|inf=6.717e-1 endgame=false
[WARN] [gam#979 constrained-QP] cycle=3 path=linear warm_rows=0 active_set_rows=0 beta_inf=1.5036e0
[INFO] [joint-newton-tr] phase=line_search cycle=3 r=5.759e-1 hessian_qp_elapsed=0.002s
[INFO] [PIRLS/joint-Newton/TR cycle=3 attempt=1] accepted   ρ=+1.000e0  Δobj=+2.246e-6  pred=+2.246e-6  r=5.759e-1 (held)  decision=hold_inside             |δ|=2.291e-7  |δ|∞=2.096e-9  |prop|∞=1.504e0
[INFO] [joint-newton-tr] phase=gradient_reload cycle=3 attempts=1 r=5.759e-1
[INFO] [PIRLS/joint-Newton convergence] cycle   3 | step_inf=1.504e0 (tol=1.672e-11) | accepted_step_inf=2.096e-9 | residual=6.709e2 (tol=6.715e-9) | relative_stationarity=9.992e-1 (scale=6.705e2, inner_tol=1.000e-11) | per_block_resid=[6.705e2,1.006e2,1.813e-1] | obj_change=2.246e-6 (tol=1.146e-8) | beta_inf=6.717e-1 | per_block_beta_inf=[6.717e-1,6.285e-3,4.163e-9]
[INFO] [PIRLS/JN] cyc=  3/200 obj=1.144812e3 Δobj=-2.246e-6 |δ|∞=2.096e-9 resid=6.709e2 attempts=1 t=0.033s
[INFO] [joint-newton-tr] phase=hessian_qp cycle=4 r=5.759e-1
[INFO] [979-PROBE] cyc=  4 firth_armed=true skippable=false |gradPhi|inf=4.863e1 kkt=6.709e2 |beta|inf=6.717e-1 endgame=false
[WARN] [gam#979 constrained-QP] cycle=4 path=linear warm_rows=0 active_set_rows=0 beta_inf=1.5036e0
[INFO] [joint-newton-tr] phase=line_search cycle=4 r=5.759e-1 hessian_qp_elapsed=0.002s
[INFO] [PIRLS/joint-Newton/TR cycle=4 attempt=1] accepted   ρ=+1.000e0  Δobj=+4.492e-6  pred=+4.492e-6  r=5.759e-1 (held)  decision=hold_inside             |δ|=4.582e-7  |δ|∞=4.192e-9  |prop|∞=1.504e0
[INFO] [joint-newton-tr] phase=gradient_reload cycle=4 attempts=1 r=5.759e-1
[INFO] [PIRLS/joint-Newton convergence] cycle   4 | step_inf=1.504e0 (tol=1.672e-11) | accepted_step_inf=4.192e-9 | residual=6.709e2 (tol=6.715e-9) | relative_stationarity=9.992e-1 (scale=6.705e2, inner_tol=1.000e-11) | per_block_resid=[6.705e2,1.006e2,1.813e-1] | obj_change=4.492e-6 (tol=1.146e-8) | beta_inf=6.717e-1 | per_block_beta_inf=[6.717e-1,6.285e-3,8.356e-9]
[INFO] [PIRLS/JN] cyc=  4/200 obj=1.144812e3 Δobj=-4.492e-6 |δ|∞=4.192e-9 resid=6.709e2 attempts=1 t=0.033s
[INFO] [PIRLS/joint-Newton model] cycle   4 | the decrement certificate would fire on a step model that is not the objective's Hessian (residual=6.709e2 against tol=6.715e-9, |Δobj|=4.492e-6 against 1.146e-8); arming the exact Jeffreys second-order completion before any certificate is taken
[INFO] [joint-newton-tr] phase=hessian_qp cycle=5 r=5.759e-1
[INFO] [979-PROBE] cyc=  5 firth_armed=true skippable=false |gradPhi|inf=4.863e1 kkt=6.709e2 |beta|inf=6.717e-1 endgame=true
[WARN] [gam#979 constrained-QP] cycle=5 path=linear warm_rows=0 active_set_rows=0 beta_inf=3.8908e0
[INFO] [joint-newton-tr] phase=line_search cycle=5 r=5.759e-1 hessian_qp_elapsed=0.212s
[INFO] [PIRLS/joint-Newton/TR cycle=5 attempt=1] accepted   ρ=+1.000e0  Δobj=+9.006e-6  pred=+9.006e-6  r=5.759e-1 (held)  decision=hold_inside             |δ|=9.166e-7  |δ|∞=2.154e-8  |prop|∞=3.891e0
[INFO] [joint-newton-tr] phase=gradient_reload cycle=5 attempts=1 r=5.759e-1
[INFO] [PIRLS/joint-Newton convergence] cycle   5 | step_inf=3.891e0 (tol=1.672e-11) | accepted_step_inf=2.154e-8 | residual=6.709e2 (tol=6.715e-9) | relative_stationarity=9.992e-1 (scale=6.705e2, inner_tol=1.000e-11) | per_block_resid=[6.705e2,1.006e2,1.813e-1] | obj_change=9.006e-6 (tol=1.146e-8) | beta_inf=6.717e-1 | per_block_beta_inf=[6.717e-1,6.285e-3,2.989e-8]
[INFO] [PIRLS/JN] cyc=  5/200 obj=1.144812e3 Δobj=-9.006e-6 |δ|∞=2.154e-8 resid=6.709e2 attempts=1 t=0.243s
[INFO] [joint-newton-tr] phase=hessian_qp cycle=6 r=5.759e-1
[INFO] [979-PROBE] cyc=  6 firth_armed=true skippable=false |gradPhi|inf=4.863e1 kkt=6.709e2 |beta|inf=6.717e-1 endgame=true
[WARN] [gam#979 constrained-QP] cycle=6 path=linear warm_rows=0 active_set_rows=0 beta_inf=3.8908e0
[INFO] [joint-newton-tr] phase=line_search cycle=6 r=5.759e-1 hessian_qp_elapsed=0.213s
[INFO] [PIRLS/joint-Newton/TR cycle=6 attempt=1] accepted   ρ=+1.000e0  Δobj=+1.801e-5  pred=+1.801e-5  r=5.759e-1 (held)  decision=hold_inside             |δ|=1.833e-6  |δ|∞=4.308e-8  |prop|∞=3.891e0
[INFO] [joint-newton-tr] phase=gradient_reload cycle=6 attempts=1 r=5.759e-1
[INFO] [PIRLS/joint-Newton convergence] cycle   6 | step_inf=3.891e0 (tol=1.672e-11) | accepted_step_inf=4.308e-8 | residual=6.709e2 (tol=6.715e-9) | relative_stationarity=9.992e-1 (scale=6.705e2, inner_tol=1.000e-11) | per_block_resid=[6.705e2,1.006e2,1.813e-1] | obj_change=1.801e-5 (tol=1.146e-8) | beta_inf=6.717e-1 | per_block_beta_inf=[6.717e-1,6.285e-3,7.297e-8]
[INFO] [PIRLS/JN] cyc=  6/200 obj=1.144812e3 Δobj=-1.801e-5 |δ|∞=4.308e-8 resid=6.709e2 attempts=1 t=0.243s
[INFO] [joint-newton-tr] phase=hessian_qp cycle=7 r=5.759e-1
[INFO] [979-PROBE] cyc=  7 firth_armed=true skippable=false |gradPhi|inf=4.863e1 kkt=6.709e2 |beta|inf=6.717e-1 endgame=true
[WARN] [gam#979 constrained-QP] cycle=7 path=linear warm_rows=0 active_set_rows=0 beta_inf=3.8908e0
[INFO] [joint-newton-tr] phase=line_search cycle=7 r=5.759e-1 hessian_qp_elapsed=0.212s
[INFO] [PIRLS/joint-Newton/TR cycle=7 attempt=1] accepted   ρ=+1.000e0  Δobj=+3.603e-5  pred=+3.603e-5  r=5.759e-1 (held)  decision=hold_inside             |δ|=3.667e-6  |δ|∞=8.616e-8  |prop|∞=3.891e0
[INFO] [joint-newton-tr] phase=gradient_reload cycle=7 attempts=1 r=5.759e-1
[INFO] [PIRLS/joint-Newton convergence] cycle   7 | step_inf=3.891e0 (tol=1.672e-11) | accepted_step_inf=8.616e-8 | residual=6.709e2 (tol=6.715e-9) | relative_stationarity=9.992e-1 (scale=6.705e2, inner_tol=1.000e-11) | per_block_resid=[6.705e2,1.006e2,1.813e-1] | obj_change=3.603e-5 (tol=1.146e-8) | beta_inf=6.717e-1 | per_block_beta_inf=[6.717e-1,6.285e-3,1.591e-7]
[INFO] [PIRLS/JN] cyc=  7/200 obj=1.144812e3 Δobj=-3.603e-5 |δ|∞=8.616e-8 resid=6.709e2 attempts=1 t=0.243s
[INFO] [joint-newton-tr] phase=hessian_qp cycle=8 r=5.759e-1
[INFO] [979-PROBE] cyc=  8 firth_armed=true skippable=false |gradPhi|inf=4.863e1 kkt=6.709e2 |beta|inf=6.717e-1 endgame=true
[WARN] [gam#979 constrained-QP] cycle=8 path=linear warm_rows=0 active_set_rows=0 beta_inf=3.8908e0
[INFO] [joint-newton-tr] phase=line_search cycle=8 r=5.759e-1 hessian_qp_elapsed=0.212s
[INFO] [PIRLS/joint-Newton/TR cycle=8 attempt=1] accepted   ρ=+1.000e0  Δobj=+7.205e-5  pred=+7.205e-5  r=5.759e-1 (held)  decision=hold_inside             |δ|=7.333e-6  |δ|∞=1.723e-7  |prop|∞=3.891e0
[INFO] [joint-newton-tr] phase=gradient_reload cycle=8 attempts=1 r=5.759e-1
[INFO] [PIRLS/joint-Newton convergence] cycle   8 | step_inf=3.891e0 (tol=1.672e-11) | accepted_step_inf=1.723e-7 | residual=6.709e2 (tol=6.715e-9) | relative_stationarity=9.992e-1 (scale=6.705e2, inner_tol=1.000e-11) | per_block_resid=[6.705e2,1.006e2,1.813e-1] | obj_change=7.205e-5 (tol=1.146e-8) | beta_inf=6.717e-1 | per_block_beta_inf=[6.717e-1,6.285e-3,3.314e-7]
[INFO] [PIRLS/JN] cyc=  8/200 obj=1.144812e3 Δobj=-7.205e-5 |δ|∞=1.723e-7 resid=6.709e2 attempts=1 t=0.243s
[INFO] [joint-newton-tr] phase=hessian_qp cycle=9 r=5.759e-1
[INFO] [979-PROBE] cyc=  9 firth_armed=true skippable=false |gradPhi|inf=4.863e1 kkt=6.709e2 |beta|inf=6.717e-1 endgame=true
[WARN] [gam#979 constrained-QP] cycle=9 path=linear warm_rows=0 active_set_rows=0 beta_inf=3.8908e0
[INFO] [joint-newton-tr] phase=line_search cycle=9 r=5.759e-1 hessian_qp_elapsed=0.211s
[INFO] [PIRLS/joint-Newton/TR cycle=9 attempt=1] accepted   ρ=+1.000e0  Δobj=+1.441e-4  pred=+1.441e-4  r=5.759e-1 (held)  decision=hold_inside             |δ|=1.467e-5  |δ|∞=3.446e-7  |prop|∞=3.891e0
[INFO] [joint-newton-tr] phase=gradient_reload cycle=9 attempts=1 r=5.759e-1
[INFO] [PIRLS/joint-Newton convergence] cycle   9 | step_inf=3.891e0 (tol=1.672e-11) | accepted_step_inf=3.446e-7 | residual=6.709e2 (tol=6.715e-9) | relative_stationarity=9.992e-1 (scale=6.705e2, inner_tol=1.000e-11) | per_block_resid=[6.705e2,1.006e2,1.813e-1] | obj_change=1.441e-4 (tol=1.146e-8) | beta_inf=6.717e-1 | per_block_beta_inf=[6.717e-1,6.285e-3,6.761e-7]
[INFO] [PIRLS/JN] cyc=  9/200 obj=1.144811e3 Δobj=-1.441e-4 |δ|∞=3.446e-7 resid=6.709e2 attempts=1 t=0.241s
[INFO] [joint-newton-tr] phase=hessian_qp cycle=10 r=5.759e-1
[INFO] [979-PROBE] cyc= 10 firth_armed=true skippable=false |gradPhi|inf=4.863e1 kkt=6.709e2 |beta|inf=6.717e-1 endgame=true
[WARN] [gam#979 constrained-QP] cycle=10 path=linear warm_rows=0 active_set_rows=0 beta_inf=3.8908e0
[INFO] [joint-newton-tr] phase=line_search cycle=10 r=5.759e-1 hessian_qp_elapsed=0.203s
[INFO] [PIRLS/joint-Newton/TR cycle=10 attempt=1] accepted   ρ=+1.000e0  Δobj=+2.882e-4  pred=+2.882e-4  r=5.759e-1 (held)  decision=hold_inside             |δ|=2.933e-5  |δ|∞=6.892e-7  |prop|∞=3.891e0
[INFO] [joint-newton-tr] phase=gradient_reload cycle=10 attempts=1 r=5.759e-1
[INFO] [PIRLS/joint-Newton convergence] cycle  10 | step_inf=3.891e0 (tol=1.672e-11) | accepted_step_inf=6.892e-7 | residual=6.709e2 (tol=6.715e-9) | relative_stationarity=9.992e-1 (scale=6.705e2, inner_tol=1.000e-11) | per_block_resid=[6.705e2,1.006e2,1.813e-1] | obj_change=2.882e-4 (tol=1.146e-8) | beta_inf=6.717e-1 | per_block_beta_inf=[6.717e-1,6.285e-3,1.365e-6]
[INFO] [PIRLS/JN] cyc= 10/200 obj=1.144811e3 Δobj=-2.882e-4 |δ|∞=6.892e-7 resid=6.709e2 attempts=1 t=0.232s
[INFO] [joint-newton-tr] phase=hessian_qp cycle=11 r=5.759e-1
[INFO] [979-PROBE] cyc= 11 firth_armed=true skippable=false |gradPhi|inf=4.863e1 kkt=6.709e2 |beta|inf=6.717e-1 endgame=true
[WARN] [gam#979 constrained-QP] cycle=11 path=linear warm_rows=0 active_set_rows=0 beta_inf=3.8908e0
[INFO] [joint-newton-tr] phase=line_search cycle=11 r=5.759e-1 hessian_qp_elapsed=0.186s
[INFO] [PIRLS/joint-Newton/TR cycle=11 attempt=1] accepted   ρ=+1.000e0  Δobj=+5.764e-4  pred=+5.764e-4  r=5.759e-1 (held)  decision=hold_inside             |δ|=5.866e-5  |δ|∞=1.378e-6  |prop|∞=3.891e0
[INFO] [joint-newton-tr] phase=gradient_reload cycle=11 attempts=1 r=5.759e-1
[INFO] [PIRLS/joint-Newton convergence] cycle  11 | step_inf=3.891e0 (tol=1.672e-11) | accepted_step_inf=1.378e-6 | residual=6.709e2 (tol=6.715e-9) | relative_stationarity=9.992e-1 (scale=6.705e2, inner_tol=1.000e-11) | per_block_resid=[6.705e2,1.006e2,1.813e-1] | obj_change=5.764e-4 (tol=1.146e-8) | beta_inf=6.717e-1 | per_block_beta_inf=[6.717e-1,6.285e-3,2.744e-6]
[INFO] [PIRLS/JN] cyc= 11/200 obj=1.144811e3 Δobj=-5.764e-4 |δ|∞=1.378e-6 resid=6.709e2 attempts=1 t=0.213s
[INFO] [joint-newton-tr] phase=hessian_qp cycle=12 r=5.759e-1
[INFO] [979-PROBE] cyc= 12 firth_armed=true skippable=false |gradPhi|inf=4.863e1 kkt=6.709e2 |beta|inf=6.717e-1 endgame=true
[WARN] [gam#979 constrained-QP] cycle=12 path=linear warm_rows=0 active_set_rows=0 beta_inf=3.8908e0
[INFO] [joint-newton-tr] phase=line_search cycle=12 r=5.759e-1 hessian_qp_elapsed=0.170s
[INFO] [PIRLS/joint-Newton/TR cycle=12 attempt=1] accepted   ρ=+1.000e0  Δobj=+1.153e-3  pred=+1.153e-3  r=5.759e-1 (held)  decision=hold_inside             |δ|=1.173e-4  |δ|∞=2.757e-6  |prop|∞=3.891e0
[INFO] [joint-newton-tr] phase=gradient_reload cycle=12 attempts=1 r=5.759e-1
[INFO] [PIRLS/joint-Newton convergence] cycle  12 | step_inf=3.891e0 (tol=1.672e-11) | accepted_step_inf=2.757e-6 | residual=6.709e2 (tol=6.715e-9) | relative_stationarity=9.992e-1 (scale=6.705e2, inner_tol=1.000e-11) | per_block_resid=[6.705e2,1.006e2,1.813e-1] | obj_change=1.153e-3 (tol=1.146e-8) | beta_inf=6.717e-1 | per_block_beta_inf=[6.717e-1,6.285e-3,5.501e-6]
[INFO] [PIRLS/JN] cyc= 12/200 obj=1.144809e3 Δobj=-1.153e-3 |δ|∞=2.757e-6 resid=6.709e2 attempts=1 t=0.194s
[INFO] [joint-newton-tr] phase=hessian_qp cycle=13 r=5.759e-1
[INFO] [979-PROBE] cyc= 13 firth_armed=true skippable=false |gradPhi|inf=4.863e1 kkt=6.709e2 |beta|inf=6.717e-1 endgame=true
[WARN] [gam#979 constrained-QP] cycle=13 path=linear warm_rows=0 active_set_rows=0 beta_inf=3.8908e0
[INFO] [joint-newton-tr] phase=line_search cycle=13 r=5.759e-1 hessian_qp_elapsed=0.159s
[INFO] [PIRLS/joint-Newton/TR cycle=13 attempt=1] accepted   ρ=+1.000e0  Δobj=+2.306e-3  pred=+2.306e-3  r=5.759e-1 (held)  decision=hold_inside             |δ|=2.347e-4  |δ|∞=5.514e-6  |prop|∞=3.891e0
[INFO] [joint-newton-tr] phase=gradient_reload cycle=13 attempts=1 r=5.759e-1
[INFO] [PIRLS/joint-Newton convergence] cycle  13 | step_inf=3.891e0 (tol=1.672e-11) | accepted_step_inf=5.514e-6 | residual=6.709e2 (tol=6.715e-9) | relative_stationarity=9.992e-1 (scale=6.705e2, inner_tol=1.000e-11) | per_block_resid=[6.705e2,1.006e2,1.813e-1] | obj_change=2.306e-3 (tol=1.146e-8) | beta_inf=6.717e-1 | per_block_beta_inf=[6.717e-1,6.285e-3,1.101e-5]
[INFO] [PIRLS/JN] cyc= 13/200 obj=1.144807e3 Δobj=-2.306e-3 |δ|∞=5.514e-6 resid=6.709e2 attempts=1 t=0.181s
[INFO] [joint-newton-tr] phase=hessian_qp cycle=14 r=5.759e-1
[INFO] [979-PROBE] cyc= 14 firth_armed=true skippable=false |gradPhi|inf=4.863e1 kkt=6.709e2 |beta|inf=6.717e-1 endgame=true
[WARN] [gam#979 constrained-QP] cycle=14 path=linear warm_rows=0 active_set_rows=0 beta_inf=3.8908e0
[INFO] [joint-newton-tr] phase=line_search cycle=14 r=5.759e-1 hessian_qp_elapsed=0.157s
[INFO] [PIRLS/joint-Newton/TR cycle=14 attempt=1] accepted   ρ=+1.000e0  Δobj=+4.611e-3  pred=+4.611e-3  r=5.759e-1 (held)  decision=hold_inside             |δ|=4.693e-4  |δ|∞=1.103e-5  |prop|∞=3.891e0
[INFO] [joint-newton-tr] phase=gradient_reload cycle=14 attempts=1 r=5.759e-1
[INFO] [PIRLS/joint-Newton convergence] cycle  14 | step_inf=3.891e0 (tol=1.672e-11) | accepted_step_inf=1.103e-5 | residual=6.709e2 (tol=6.715e-9) | relative_stationarity=9.992e-1 (scale=6.705e2, inner_tol=1.000e-11) | per_block_resid=[6.705e2,1.006e2,1.813e-1] | obj_change=4.611e-3 (tol=1.146e-8) | beta_inf=6.717e-1 | per_block_beta_inf=[6.717e-1,6.285e-3,2.204e-5]
[INFO] [PIRLS/JN] cyc= 14/200 obj=1.144803e3 Δobj=-4.611e-3 |δ|∞=1.103e-5 resid=6.709e2 attempts=1 t=0.179s
[INFO] [joint-newton-tr] phase=hessian_qp cycle=15 r=5.759e-1
[INFO] [979-PROBE] cyc= 15 firth_armed=true skippable=false |gradPhi|inf=4.863e1 kkt=6.709e2 |beta|inf=6.717e-1 endgame=true
[WARN] [gam#979 constrained-QP] cycle=15 path=linear warm_rows=0 active_set_rows=0 beta_inf=3.8909e0
[INFO] [joint-newton-tr] phase=line_search cycle=15 r=5.759e-1 hessian_qp_elapsed=0.159s
[INFO] [PIRLS/joint-Newton/TR cycle=15 attempt=1] accepted   ρ=+1.000e0  Δobj=+9.222e-3  pred=+9.222e-3  r=5.759e-1 (held)  decision=hold_inside             |δ|=9.386e-4  |δ|∞=2.206e-5  |prop|∞=3.891e0
[INFO] [joint-newton-tr] phase=gradient_reload cycle=15 attempts=1 r=5.759e-1
[INFO] [PIRLS/joint-Newton convergence] cycle  15 | step_inf=3.891e0 (tol=1.672e-11) | accepted_step_inf=2.206e-5 | residual=6.709e2 (tol=6.715e-9) | relative_stationarity=9.991e-1 (scale=6.705e2, inner_tol=1.000e-11) | per_block_resid=[6.705e2,1.006e2,1.813e-1] | obj_change=9.222e-3 (tol=1.146e-8) | beta_inf=6.717e-1 | per_block_beta_inf=[6.717e-1,6.285e-3,4.410e-5]
[INFO] [PIRLS/JN] cyc= 15/200 obj=1.144793e3 Δobj=-9.222e-3 |δ|∞=2.206e-5 resid=6.709e2 attempts=1 t=0.182s
[INFO] [joint-newton-tr] phase=hessian_qp cycle=16 r=5.759e-1
[INFO] [979-PROBE] cyc= 16 firth_armed=true skippable=false |gradPhi|inf=4.863e1 kkt=6.709e2 |beta|inf=6.717e-1 endgame=true
[WARN] [gam#979 constrained-QP] cycle=16 path=linear warm_rows=0 active_set_rows=0 beta_inf=3.8909e0
[INFO] [joint-newton-tr] phase=line_search cycle=16 r=5.759e-1 hessian_qp_elapsed=0.159s
[INFO] [PIRLS/joint-Newton/TR cycle=16 attempt=1] accepted   ρ=+1.000e0  Δobj=+1.844e-2  pred=+1.844e-2  r=5.759e-1 (held)  decision=hold_inside             |δ|=1.877e-3  |δ|∞=4.411e-5  |prop|∞=3.891e0
[INFO] [joint-newton-tr] phase=gradient_reload cycle=16 attempts=1 r=5.759e-1
[INFO] [PIRLS/joint-Newton convergence] cycle  16 | step_inf=3.891e0 (tol=1.672e-11) | accepted_step_inf=4.411e-5 | residual=6.709e2 (tol=6.715e-9) | relative_stationarity=9.991e-1 (scale=6.705e2, inner_tol=1.000e-11) | per_block_resid=[6.705e2,1.006e2,1.813e-1] | obj_change=1.844e-2 (tol=1.146e-8) | beta_inf=6.717e-1 | per_block_beta_inf=[6.717e-1,6.286e-3,8.821e-5]
[INFO] [PIRLS/JN] cyc= 16/200 obj=1.144775e3 Δobj=-1.844e-2 |δ|∞=4.411e-5 resid=6.709e2 attempts=1 t=0.182s
[INFO] [joint-newton-tr] phase=hessian_qp cycle=17 r=5.759e-1
[INFO] [979-PROBE] cyc= 17 firth_armed=true skippable=false |gradPhi|inf=4.862e1 kkt=6.709e2 |beta|inf=6.717e-1 endgame=true
[WARN] [gam#979 constrained-QP] cycle=17 path=linear warm_rows=0 active_set_rows=0 beta_inf=3.8911e0
[INFO] [joint-newton-tr] phase=line_search cycle=17 r=5.759e-1 hessian_qp_elapsed=0.159s
[INFO] [PIRLS/joint-Newton/TR cycle=17 attempt=1] accepted   ρ=+1.000e0  Δobj=+3.689e-2  pred=+3.689e-2  r=5.759e-1 (held)  decision=hold_inside             |δ|=3.755e-3  |δ|∞=8.823e-5  |prop|∞=3.891e0
[INFO] [joint-newton-tr] phase=gradient_reload cycle=17 attempts=1 r=5.759e-1
[INFO] [PIRLS/joint-Newton convergence] cycle  17 | step_inf=3.891e0 (tol=1.672e-11) | accepted_step_inf=8.823e-5 | residual=6.709e2 (tol=6.714e-9) | relative_stationarity=9.991e-1 (scale=6.704e2, inner_tol=1.000e-11) | per_block_resid=[6.704e2,1.006e2,1.812e-1] | obj_change=3.689e-2 (tol=1.146e-8) | beta_inf=6.717e-1 | per_block_beta_inf=[6.717e-1,6.286e-3,1.764e-4]
[INFO] [PIRLS/JN] cyc= 17/200 obj=1.144739e3 Δobj=-3.689e-2 |δ|∞=8.823e-5 resid=6.709e2 attempts=1 t=0.183s
[INFO] [joint-newton-tr] phase=hessian_qp cycle=18 r=5.759e-1
[INFO] [979-PROBE] cyc= 18 firth_armed=true skippable=false |gradPhi|inf=4.862e1 kkt=6.709e2 |beta|inf=6.717e-1 endgame=true
[WARN] [gam#979 constrained-QP] cycle=18 path=linear warm_rows=0 active_set_rows=0 beta_inf=3.8913e0
[INFO] [joint-newton-tr] phase=line_search cycle=18 r=5.759e-1 hessian_qp_elapsed=0.154s
[INFO] [PIRLS/joint-Newton/TR cycle=18 attempt=1] accepted   ρ=+1.000e0  Δobj=+7.378e-2  pred=+7.378e-2  r=5.759e-1 (held)  decision=hold_inside             |δ|=7.509e-3  |δ|∞=1.765e-4  |prop|∞=3.891e0
[INFO] [joint-newton-tr] phase=gradient_reload cycle=18 attempts=1 r=5.759e-1
[INFO] [PIRLS/joint-Newton convergence] cycle  18 | step_inf=3.891e0 (tol=1.672e-11) | accepted_step_inf=1.765e-4 | residual=6.708e2 (tol=6.714e-9) | relative_stationarity=9.991e-1 (scale=6.704e2, inner_tol=1.000e-11) | per_block_resid=[6.704e2,1.006e2,1.812e-1] | obj_change=7.378e-2 (tol=1.146e-8) | beta_inf=6.717e-1 | per_block_beta_inf=[6.717e-1,6.286e-3,3.529e-4]
[INFO] [PIRLS/JN] cyc= 18/200 obj=1.144665e3 Δobj=-7.378e-2 |δ|∞=1.765e-4 resid=6.708e2 attempts=1 t=0.177s
[INFO] [joint-newton-tr] phase=hessian_qp cycle=19 r=5.759e-1
[INFO] [979-PROBE] cyc= 19 firth_armed=true skippable=false |gradPhi|inf=4.862e1 kkt=6.708e2 |beta|inf=6.717e-1 endgame=true
[WARN] [gam#979 constrained-QP] cycle=19 path=linear warm_rows=0 active_set_rows=0 beta_inf=3.8919e0
[INFO] [joint-newton-tr] phase=line_search cycle=19 r=5.759e-1 hessian_qp_elapsed=0.158s
[INFO] [PIRLS/joint-Newton/TR cycle=19 attempt=1] accepted   ρ=+1.000e0  Δobj=+1.475e-1  pred=+1.475e-1  r=5.759e-1 (held)  decision=hold_inside             |δ|=1.502e-2  |δ|∞=3.530e-4  |prop|∞=3.892e0
[INFO] [joint-newton-tr] phase=gradient_reload cycle=19 attempts=1 r=5.759e-1
[INFO] [PIRLS/joint-Newton convergence] cycle  19 | step_inf=3.892e0 (tol=1.672e-11) | accepted_step_inf=3.530e-4 | residual=6.708e2 (tol=6.714e-9) | relative_stationarity=9.991e-1 (scale=6.704e2, inner_tol=1.000e-11) | per_block_resid=[6.704e2,1.006e2,1.810e-1] | obj_change=1.475e-1 (tol=1.146e-8) | beta_inf=6.717e-1 | per_block_beta_inf=[6.717e-1,6.287e-3,7.059e-4]
[INFO] [PIRLS/JN] cyc= 19/200 obj=1.144519e3 Δobj=-1.475e-1 |δ|∞=3.530e-4 resid=6.708e2 attempts=1 t=0.181s
[INFO] [joint-newton-tr] phase=hessian_qp cycle=20 r=5.759e-1
[INFO] [979-PROBE] cyc= 20 firth_armed=true skippable=false |gradPhi|inf=4.862e1 kkt=6.708e2 |beta|inf=6.717e-1 endgame=true
[WARN] [gam#979 constrained-QP] cycle=20 path=linear warm_rows=0 active_set_rows=0 beta_inf=3.8930e0
[INFO] [joint-newton-tr] phase=line_search cycle=20 r=5.759e-1 hessian_qp_elapsed=0.153s
[INFO] [PIRLS/joint-Newton/TR cycle=20 attempt=1] accepted   ρ=+1.000e0  Δobj=+2.950e-1  pred=+2.950e-1  r=5.759e-1 (held)  decision=hold_inside             |δ|=3.004e-2  |δ|∞=7.062e-4  |prop|∞=3.892e0
[INFO] [joint-newton-tr] phase=gradient_reload cycle=20 attempts=1 r=5.759e-1
[INFO] [PIRLS/joint-Newton convergence] cycle  20 | step_inf=3.892e0 (tol=1.672e-11) | accepted_step_inf=7.062e-4 | residual=6.707e2 (tol=6.713e-9) | relative_stationarity=9.991e-1 (scale=6.703e2, inner_tol=1.000e-11) | per_block_resid=[6.702e2,1.006e2,1.806e-1] | obj_change=2.950e-1 (tol=1.145e-8) | beta_inf=6.716e-1 | per_block_beta_inf=[6.716e-1,6.288e-3,1.412e-3]
[INFO] [PIRLS/JN] cyc= 20/200 obj=1.144227e3 Δobj=-2.950e-1 |δ|∞=7.062e-4 resid=6.707e2 attempts=1 t=0.176s
[INFO] [joint-newton-tr] phase=hessian_qp cycle=21 r=5.759e-1
[INFO] [979-PROBE] cyc= 21 firth_armed=true skippable=false |gradPhi|inf=4.861e1 kkt=6.707e2 |beta|inf=6.716e-1 endgame=true
[WARN] [gam#979 constrained-QP] cycle=21 path=linear warm_rows=0 active_set_rows=0 beta_inf=3.8952e0
[INFO] [joint-newton-tr] phase=line_search cycle=21 r=5.759e-1 hessian_qp_elapsed=0.153s
[INFO] [PIRLS/joint-Newton/TR cycle=21 attempt=1] accepted   ρ=+1.000e0  Δobj=+5.899e-1  pred=+5.899e-1  r=5.759e-1 (held)  decision=hold_inside             |δ|=6.007e-2  |δ|∞=1.413e-3  |prop|∞=3.894e0
[INFO] [joint-newton-tr] phase=gradient_reload cycle=21 attempts=1 r=5.759e-1
[INFO] [PIRLS/joint-Newton convergence] cycle  21 | step_inf=3.894e0 (tol=1.671e-11) | accepted_step_inf=1.413e-3 | residual=6.704e2 (tol=6.711e-9) | relative_stationarity=9.990e-1 (scale=6.701e2, inner_tol=1.000e-11) | per_block_resid=[6.700e2,1.005e2,1.800e-1] | obj_change=5.899e-1 (tol=1.145e-8) | beta_inf=6.714e-1 | per_block_beta_inf=[6.714e-1,6.291e-3,2.825e-3]
[INFO] [PIRLS/JN] cyc= 21/200 obj=1.143642e3 Δobj=-5.899e-1 |δ|∞=1.413e-3 resid=6.704e2 attempts=1 t=0.176s
[INFO] [joint-newton-tr] phase=hessian_qp cycle=22 r=5.759e-1
[INFO] [979-PROBE] cyc= 22 firth_armed=true skippable=false |gradPhi|inf=4.859e1 kkt=6.704e2 |beta|inf=6.714e-1 endgame=true
[WARN] [gam#979 constrained-QP] cycle=22 path=linear warm_rows=0 active_set_rows=0 beta_inf=3.8997e0
[INFO] [joint-newton-tr] phase=line_search cycle=22 r=5.759e-1 hessian_qp_elapsed=0.151s
[INFO] [PIRLS/joint-Newton/TR cycle=22 attempt=1] accepted   ρ=+1.000e0  Δobj=+1.179e0  pred=+1.179e0  r=5.759e-1 (held)  decision=hold_inside             |δ|=1.201e-1  |δ|∞=2.830e-3  |prop|∞=3.897e0
[INFO] [joint-newton-tr] phase=gradient_reload cycle=22 attempts=1 r=5.759e-1
[INFO] [PIRLS/joint-Newton convergence] cycle  22 | step_inf=3.897e0 (tol=1.671e-11) | accepted_step_inf=2.830e-3 | residual=6.699e2 (tol=6.706e-9) | relative_stationarity=9.989e-1 (scale=6.696e2, inner_tol=1.000e-11) | per_block_resid=[6.695e2,1.005e2,1.786e-1] | obj_change=1.179e0 (tol=1.143e-8) | beta_inf=6.710e-1 | per_block_beta_inf=[6.710e-1,6.296e-3,5.655e-3]
[INFO] [PIRLS/JN] cyc= 22/200 obj=1.142474e3 Δobj=-1.179e0 |δ|∞=2.830e-3 resid=6.699e2 attempts=1 t=0.174s
[INFO] [joint-newton-tr] phase=hessian_qp cycle=23 r=5.759e-1
[INFO] [979-PROBE] cyc= 23 firth_armed=true skippable=false |gradPhi|inf=4.855e1 kkt=6.699e2 |beta|inf=6.710e-1 endgame=true
[WARN] [gam#979 constrained-QP] cycle=23 path=linear warm_rows=0 active_set_rows=0 beta_inf=3.9086e0
[INFO] [joint-newton-tr] phase=line_search cycle=23 r=5.759e-1 hessian_qp_elapsed=0.146s
[INFO] [PIRLS/joint-Newton/TR cycle=23 attempt=1] accepted   ρ=+1.000e0  Δobj=+2.356e0  pred=+2.356e0  r=5.759e-1 (held)  decision=hold_inside             |δ|=2.403e-1  |δ|∞=5.673e-3  |prop|∞=3.903e0
[INFO] [joint-newton-tr] phase=gradient_reload cycle=23 attempts=1 r=5.759e-1
[INFO] [PIRLS/joint-Newton convergence] cycle  23 | step_inf=3.903e0 (tol=1.670e-11) | accepted_step_inf=5.673e-3 | residual=6.690e2 (tol=6.698e-9) | relative_stationarity=9.987e-1 (scale=6.688e2, inner_tol=1.000e-11) | per_block_resid=[6.685e2,1.003e2,1.759e-1] | obj_change=2.356e0 (tol=1.141e-8) | beta_inf=6.702e-1 | per_block_beta_inf=[6.702e-1,6.306e-3,1.133e-2]
[INFO] [PIRLS/JN] cyc= 23/200 obj=1.140140e3 Δobj=-2.356e0 |δ|∞=5.673e-3 resid=6.690e2 attempts=1 t=0.169s
[INFO] [joint-newton-tr] phase=hessian_qp cycle=24 r=5.759e-1
[INFO] [979-PROBE] cyc= 24 firth_armed=true skippable=false |gradPhi|inf=4.848e1 kkt=6.690e2 |beta|inf=6.702e-1 endgame=true
[WARN] [gam#979 constrained-QP] cycle=24 path=linear warm_rows=0 active_set_rows=0 beta_inf=3.9266e0
[INFO] [joint-newton-tr] phase=line_search cycle=24 r=5.759e-1 hessian_qp_elapsed=0.150s
[INFO] [PIRLS/joint-Newton/TR cycle=24 attempt=1] accepted   ρ=+1.000e0  Δobj=+4.703e0  pred=+4.703e0  r=5.759e-1->9.602e-1  decision=hold_inside             |δ|=4.806e-1  |δ|∞=1.140e-2  |prop|∞=3.915e0
[INFO] [joint-newton-tr] phase=gradient_reload cycle=24 attempts=1 r=9.602e-1
[INFO] [PIRLS/joint-Newton convergence] cycle  24 | step_inf=3.915e0 (tol=1.669e-11) | accepted_step_inf=1.140e-2 | residual=6.670e2 (tol=6.682e-9) | relative_stationarity=9.982e-1 (scale=6.672e2, inner_tol=1.000e-11) | per_block_resid=[6.666e2,1.000e2,1.705e-1] | obj_change=4.703e0 (tol=1.136e-8) | beta_inf=6.686e-1 | per_block_beta_inf=[6.686e-1,6.327e-3,2.273e-2]
[INFO] [PIRLS/JN] cyc= 24/200 obj=1.135480e3 Δobj=-4.703e0 |δ|∞=1.140e-2 resid=6.670e2 attempts=1 t=0.172s
[INFO] [joint-newton-tr] phase=hessian_qp cycle=25 r=9.602e-1
[INFO] [979-PROBE] cyc= 25 firth_armed=true skippable=false |gradPhi|inf=4.833e1 kkt=6.670e2 |beta|inf=6.686e-1 endgame=true
[WARN] [gam#979 constrained-QP] cycle=25 path=linear warm_rows=0 active_set_rows=0 beta_inf=3.9631e0
[INFO] [joint-newton-tr] phase=line_search cycle=25 r=9.602e-1 hessian_qp_elapsed=0.152s
[INFO] [PIRLS/joint-Newton/TR cycle=25 attempt=1] accepted   ρ=+1.000e0  Δobj=+9.366e0  pred=+9.366e0  r=9.602e-1->1.920e0  decision=grow_at_boundary        |δ|=9.612e-1  |δ|∞=2.303e-2  |prop|∞=3.940e0
[INFO] [joint-newton-tr] phase=gradient_reload cycle=25 attempts=1 r=1.920e0
[INFO] [PIRLS/joint-Newton convergence] cycle  25 | step_inf=3.940e0 (tol=1.666e-11) | accepted_step_inf=2.303e-2 | residual=6.631e2 (tol=6.649e-9) | relative_stationarity=9.973e-1 (scale=6.639e2, inner_tol=1.000e-11) | per_block_resid=[6.627e2,9.943e1,1.596e-1] | obj_change=9.366e0 (tol=1.127e-8) | beta_inf=6.655e-1 | per_block_beta_inf=[6.655e-1,6.369e-3,4.576e-2]
[INFO] [PIRLS/JN] cyc= 25/200 obj=1.126202e3 Δobj=-9.366e0 |δ|∞=2.303e-2 resid=6.631e2 attempts=1 t=0.174s
[INFO] [joint-newton-tr] phase=hessian_qp cycle=26 r=1.920e0
[INFO] [979-PROBE] cyc= 26 firth_armed=true skippable=false |gradPhi|inf=4.803e1 kkt=6.631e2 |beta|inf=6.655e-1 endgame=true
[WARN] [gam#979 constrained-QP] cycle=26 path=linear warm_rows=0 active_set_rows=0 beta_inf=4.0386e0
[INFO] [joint-newton-tr] phase=line_search cycle=26 r=1.920e0 hessian_qp_elapsed=0.148s
[INFO] [PIRLS/joint-Newton/TR cycle=26 attempt=1] accepted   ρ=+1.000e0  Δobj=+1.858e1  pred=+1.858e1  r=1.920e0->3.841e0  decision=grow_at_boundary        |δ|=1.922e0  |δ|∞=4.699e-2  |prop|∞=3.993e0
[INFO] [joint-newton-tr] phase=gradient_reload cycle=26 attempts=1 r=3.841e0
[INFO] [PIRLS/joint-Newton convergence] cycle  26 | step_inf=3.993e0 (tol=1.659e-11) | accepted_step_inf=4.699e-2 | residual=6.553e2 (tol=6.583e-9) | relative_stationarity=9.955e-1 (scale=6.573e2, inner_tol=1.000e-11) | per_block_resid=[6.548e2,9.825e1,1.382e-1] | obj_change=1.858e1 (tol=1.109e-8) | beta_inf=6.593e-1 | per_block_beta_inf=[6.593e-1,6.455e-3,9.275e-2]
[INFO] [PIRLS/JN] cyc= 26/200 obj=1.107802e3 Δobj=-1.858e1 |δ|∞=4.699e-2 resid=6.553e2 attempts=1 t=0.172s
[INFO] [joint-newton-tr] phase=hessian_qp cycle=27 r=3.841e0
[INFO] [979-PROBE] cyc= 27 firth_armed=true skippable=false |gradPhi|inf=4.743e1 kkt=6.553e2 |beta|inf=6.593e-1 endgame=true
[WARN] [gam#979 constrained-QP] cycle=27 path=linear warm_rows=0 active_set_rows=0 beta_inf=4.1999e0
[INFO] [joint-newton-tr] phase=line_search cycle=27 r=3.841e0 hessian_qp_elapsed=0.152s
[INFO] [PIRLS/joint-Newton/TR cycle=27 attempt=1] accepted   ρ=+1.000e0  Δobj=+3.653e1  pred=+3.653e1  r=3.841e0->7.681e0  decision=grow_at_boundary        |δ|=3.845e0  |δ|∞=9.801e-2  |prop|∞=4.107e0
[INFO] [joint-newton-tr] phase=gradient_reload cycle=27 attempts=1 r=7.681e0
[INFO] [PIRLS/joint-Newton convergence] cycle  27 | step_inf=4.107e0 (tol=1.647e-11) | accepted_step_inf=9.801e-2 | residual=6.397e2 (tol=6.451e-9) | relative_stationarity=9.916e-1 (scale=6.441e2, inner_tol=1.000e-11) | per_block_resid=[6.391e2,9.586e1,1.654e-1] | obj_change=3.653e1 (tol=1.073e-8) | beta_inf=6.468e-1 | per_block_beta_inf=[6.468e-1,6.634e-3,1.908e-1]
[INFO] [PIRLS/JN] cyc= 27/200 obj=1.071636e3 Δobj=-3.653e1 |δ|∞=9.801e-2 resid=6.397e2 attempts=1 t=0.175s
[INFO] [joint-newton-tr] phase=hessian_qp cycle=28 r=7.681e0
[INFO] [979-PROBE] cyc= 28 firth_armed=true skippable=false |gradPhi|inf=4.622e1 kkt=6.397e2 |beta|inf=6.468e-1 endgame=true
[WARN] [gam#979 constrained-QP] cycle=28 path=linear warm_rows=0 active_set_rows=0 beta_inf=4.5739e0
[INFO] [joint-newton-tr] phase=line_search cycle=28 r=7.681e0 hessian_qp_elapsed=0.148s
[INFO] [PIRLS/joint-Newton/TR cycle=28 attempt=1] accepted   ρ=+9.999e-1  Δobj=+7.057e1  pred=+7.057e1  r=7.681e0->1.536e1  decision=grow_at_boundary        |δ|=7.691e0  |δ|∞=2.152e-1  |prop|∞=4.383e0
[INFO] [joint-newton-tr] phase=gradient_reload cycle=28 attempts=1 r=1.536e1
[INFO] [PIRLS/joint-Newton convergence] cycle  28 | step_inf=4.383e0 (tol=1.622e-11) | accepted_step_inf=2.152e-1 | residual=6.083e2 (tol=6.186e-9) | relative_stationarity=9.833e-1 (scale=6.176e2, inner_tol=1.000e-11) | per_block_resid=[6.076e2,9.093e1,2.257e-1] | obj_change=7.057e1 (tol=1.003e-8) | beta_inf=6.219e-1 | per_block_beta_inf=[6.219e-1,7.029e-3,4.059e-1]
[INFO] [PIRLS/JN] cyc= 28/200 obj=1.001849e3 Δobj=-7.057e1 |δ|∞=2.152e-1 resid=6.083e2 attempts=1 t=0.170s
[INFO] [joint-newton-tr] phase=hessian_qp cycle=29 r=1.536e1
[INFO] [979-PROBE] cyc= 29 firth_armed=true skippable=false |gradPhi|inf=4.371e1 kkt=6.083e2 |beta|inf=6.219e-1 endgame=true
[WARN] [gam#979 constrained-QP] cycle=29 path=linear warm_rows=0 active_set_rows=0 beta_inf=3.8236e0
[INFO] [joint-newton-tr] phase=line_search cycle=29 r=1.536e1 hessian_qp_elapsed=0.147s
[INFO] [PIRLS/joint-Newton/TR cycle=29 attempt=1] accepted   ρ=+9.998e-1  Δobj=+1.305e2  pred=+1.306e2  r=1.536e1->3.073e1  decision=grow_at_boundary        |δ|=1.538e1  |δ|∞=3.561e-1  |prop|∞=3.418e0
[INFO] [joint-newton-tr] phase=gradient_reload cycle=29 attempts=1 r=3.073e1
[INFO] [PIRLS/joint-Newton convergence] cycle  29 | step_inf=3.418e0 (tol=1.762e-11) | accepted_step_inf=3.561e-1 | residual=5.449e2 (tol=5.655e-9) | relative_stationarity=9.636e-1 (scale=5.645e2, inner_tol=1.000e-11) | per_block_resid=[5.439e2,8.122e1,4.735e-1] | obj_change=1.305e2 (tol=8.736e-9) | beta_inf=7.620e-1 | per_block_beta_inf=[5.720e-1,7.864e-3,7.620e-1]
[INFO] [PIRLS/JN] cyc= 29/200 obj=8.725974e2 Δobj=-1.305e2 |δ|∞=3.561e-1 resid=5.449e2 attempts=1 t=0.170s
[INFO] [joint-newton-tr] phase=hessian_qp cycle=30 r=3.073e1
[INFO] [979-PROBE] cyc= 30 firth_armed=true skippable=false |gradPhi|inf=3.912e1 kkt=5.449e2 |beta|inf=7.620e-1 endgame=true
[WARN] [gam#979 constrained-QP] cycle=30 path=linear warm_rows=0 active_set_rows=0 beta_inf=5.0649e0
[INFO] [joint-newton-tr] phase=line_search cycle=30 r=3.073e1 hessian_qp_elapsed=0.147s
[INFO] [PIRLS/joint-Newton/TR cycle=30 attempt=1] accepted   ρ=+9.981e-1  Δobj=+2.195e2  pred=+2.199e2  r=3.073e1->6.145e1  decision=grow_at_boundary        |δ|=3.080e1  |δ|∞=1.023e0  |prop|∞=4.303e0
[INFO] [joint-newton-tr] phase=gradient_reload cycle=30 attempts=1 r=6.145e1
[INFO] [PIRLS/joint-Newton convergence] cycle  30 | step_inf=4.303e0 (tol=2.785e-11) | accepted_step_inf=1.023e0 | residual=4.148e2 (tol=4.576e-9) | relative_stationarity=9.064e-1 (scale=4.566e2, inner_tol=1.000e-11) | per_block_resid=[4.130e2,5.683e1,7.524e-1] | obj_change=2.195e2 (tol=6.573e-9) | beta_inf=1.785e0 | per_block_beta_inf=[4.717e-1,1.041e-2,1.785e0]
[INFO] [PIRLS/JN] cyc= 30/200 obj=6.562934e2 Δobj=-2.195e2 |δ|∞=1.023e0 resid=4.148e2 attempts=1 t=0.169s
[INFO] [joint-newton-tr] phase=hessian_qp cycle=31 r=6.145e1
[INFO] [979-PROBE] cyc= 31 firth_armed=true skippable=false |gradPhi|inf=2.796e1 kkt=4.148e2 |beta|inf=1.785e0 endgame=true
[WARN] [gam#979 constrained-QP] cycle=31 path=linear warm_rows=0 active_set_rows=0 beta_inf=2.9562e0
[INFO] [joint-newton-tr] phase=line_search cycle=31 r=6.145e1 hessian_qp_elapsed=0.147s
[INFO] [PIRLS/joint-Newton/TR cycle=31 attempt=1] accepted   ρ=+9.719e-1  Δobj=+2.472e2  pred=+2.544e2  r=6.145e1->1.229e2  decision=grow_at_boundary        |δ|=6.152e1  |δ|∞=7.840e-1  |prop|∞=1.171e0
[INFO] [joint-newton-tr] phase=gradient_reload cycle=31 attempts=1 r=1.229e2
[INFO] [PIRLS/joint-Newton convergence] cycle  31 | step_inf=1.171e0 (tol=3.569e-11) | accepted_step_inf=7.840e-1 | residual=1.262e2 (tol=2.287e-9) | relative_stationarity=5.517e-1 (scale=2.277e2, inner_tol=1.000e-11) | per_block_resid=[1.271e2,3.376e1,2.010e0] | obj_change=2.472e2 (tol=4.127e-9) | beta_inf=2.569e0 | per_block_beta_inf=[3.105e-1,1.461e-2,2.569e0]
[INFO] [PIRLS/JN] cyc= 31/200 obj=4.117266e2 Δobj=-2.472e2 |δ|∞=7.840e-1 resid=1.262e2 attempts=1 t=0.168s
[INFO] [joint-newton-tr] phase=hessian_qp cycle=32 r=1.229e2
[INFO] [979-PROBE] cyc= 32 firth_armed=true skippable=false |gradPhi|inf=8.724e1 kkt=1.262e2 |beta|inf=2.569e0 endgame=true
[WARN] [gam#979 constrained-QP] cycle=32 path=linear warm_rows=0 active_set_rows=0 beta_inf=5.2015e0
[INFO] [joint-newton-tr] phase=line_search cycle=32 r=1.229e2 hessian_qp_elapsed=0.145s
[INFO] [PIRLS/joint-Newton/TR cycle=32 attempt=1] reject     ρ=-3.651e14  Δobj=-5.345e16  pred=+1.464e2  r=1.229e2->7.372e1  decision=shrink_reject           |δ|=1.229e2  |δ|∞=1.733e1  |prop|∞=2.632e0
[INFO] [PIRLS/joint-Newton/TR cycle=32 attempt=2] reject     ρ=-1.491e8  Δobj=-1.010e10  pred=+6.774e1  r=7.372e1->2.036e0  decision=shrink_reject           |δ|=7.372e1  |δ|∞=1.017e1  |prop|∞=2.632e0
[INFO] [PIRLS/joint-Newton/TR cycle=32 attempt=3] accepted   ρ=+1.002e0  Δobj=+3.964e0  pred=+3.957e0  r=2.036e0->4.073e0  decision=grow_at_boundary        |δ|=2.036e0  |δ|∞=4.961e-2  |prop|∞=2.632e0
[INFO] [joint-newton-tr] phase=gradient_reload cycle=32 attempts=3 r=4.073e0
[INFO] [PIRLS/joint-Newton convergence] cycle  32 | step_inf=2.632e0 (tol=3.520e-11) | accepted_step_inf=4.961e-2 | residual=1.170e2 (tol=2.182e-9) | relative_stationarity=5.364e-1 (scale=2.172e2, inner_tol=1.000e-11) | per_block_resid=[1.181e2,4.541e1,2.194e0] | obj_change=3.964e0 (tol=4.088e-9) | beta_inf=2.520e0 | per_block_beta_inf=[3.094e-1,1.407e-2,2.520e0]
[INFO] [PIRLS/JN] cyc= 32/200 obj=4.078416e2 Δobj=-3.964e0 |δ|∞=4.961e-2 resid=1.170e2 attempts=3 t=0.170s
[INFO] [joint-newton-tr] phase=hessian_qp cycle=33 r=4.073e0
[INFO] [979-PROBE] cyc= 33 firth_armed=true skippable=false |gradPhi|inf=7.181e1 kkt=1.170e2 |beta|inf=2.520e0 endgame=true
[WARN] [gam#979 constrained-QP] cycle=33 path=linear warm_rows=0 active_set_rows=0 beta_inf=2.8968e1
[INFO] [joint-newton-tr] phase=line_search cycle=33 r=4.073e0 hessian_qp_elapsed=0.145s
[INFO] [PIRLS/joint-Newton/TR cycle=33 attempt=1] accepted   ρ=+9.988e-1  Δobj=+5.890e0  pred=+5.898e0  r=4.073e0->8.146e0  decision=grow_at_boundary        |δ|=4.073e0  |δ|∞=2.066e-2  |prop|∞=2.645e1
[INFO] [joint-newton-tr] phase=gradient_reload cycle=33 attempts=1 r=8.146e0
[INFO] [PIRLS/joint-Newton convergence] cycle  33 | step_inf=2.645e1 (tol=3.519e-11) | accepted_step_inf=2.066e-2 | residual=7.930e1 (tol=1.970e-9) | relative_stationarity=4.026e-1 (scale=1.960e2, inner_tol=1.000e-11) | per_block_resid=[8.138e1,5.534e1,2.315e0] | obj_change=5.890e0 (tol=4.030e-9) | beta_inf=2.519e0 | per_block_beta_inf=[3.063e-1,1.250e-2,2.519e0]
[INFO] [PIRLS/JN] cyc= 33/200 obj=4.020368e2 Δobj=-5.890e0 |δ|∞=2.066e-2 resid=7.930e1 attempts=1 t=0.166s
[INFO] [joint-newton-tr] phase=hessian_qp cycle=34 r=8.146e0
[INFO] [979-PROBE] cyc= 34 firth_armed=true skippable=false |gradPhi|inf=6.683e1 kkt=7.930e1 |beta|inf=2.519e0 endgame=true
[WARN] [gam#979 constrained-QP] cycle=34 path=linear warm_rows=0 active_set_rows=0 beta_inf=4.3864e1
[INFO] [joint-newton-tr] phase=line_search cycle=34 r=8.146e0 hessian_qp_elapsed=0.144s
[INFO] [PIRLS/joint-Newton/TR cycle=34 attempt=1] accepted   ρ=+1.488e0  Δobj=+8.531e0  pred=+5.732e0  r=8.146e0->1.629e1  decision=grow_at_boundary        |δ|=8.146e0  |δ|∞=7.078e-1  |prop|∞=4.135e1
[INFO] [joint-newton-tr] phase=gradient_reload cycle=34 attempts=1 r=1.629e1
[INFO] [PIRLS/joint-Newton convergence] cycle  34 | step_inf=4.135e1 (tol=4.226e-11) | accepted_step_inf=7.078e-1 | residual=1.296e2 (tol=1.635e-9) | relative_stationarity=7.923e-1 (scale=1.625e2, inner_tol=1.000e-11) | per_block_resid=[2.234e1,8.600e1,1.944e0] | obj_change=8.531e0 (tol=3.986e-9) | beta_inf=3.226e0 | per_block_beta_inf=[2.950e-1,7.484e-3,3.226e0]
[INFO] [PIRLS/JN] cyc= 34/200 obj=3.975573e2 Δobj=-8.531e0 |δ|∞=7.078e-1 resid=1.296e2 attempts=1 t=0.165s
[INFO] [joint-newton-tr] phase=hessian_qp cycle=35 r=1.629e1
[INFO] [979-PROBE] cyc= 35 firth_armed=true skippable=false |gradPhi|inf=9.382e1 kkt=1.296e2 |beta|inf=3.226e0 endgame=true
[WARN] [gam#979 constrained-QP] cycle=35 path=linear warm_rows=0 active_set_rows=0 beta_inf=9.8622e0
[INFO] [joint-newton-tr] phase=line_search cycle=35 r=1.629e1 hessian_qp_elapsed=0.146s
[INFO] [PIRLS/joint-Newton/TR cycle=35 attempt=1] reject     ρ=-1.636e10  Δobj=-2.249e12  pred=+1.375e2  r=1.629e1->1.576e1  decision=shrink_reject           |δ|=1.629e1  |δ|∞=1.368e1  |prop|∞=6.636e0
[INFO] [PIRLS/joint-Newton/TR cycle=35 attempt=2] reject     ρ=-8.070e9  Δobj=-1.068e12  pred=+1.324e2  r=1.576e1->3.940e0  decision=shrink_reject           |δ|=1.576e1  |δ|∞=1.335e1  |prop|∞=6.636e0
[INFO] [PIRLS/joint-Newton/TR cycle=35 attempt=3] reject     ρ=-1.899e1  Δobj=-6.384e2  pred=+3.362e1  r=3.940e0->9.850e-1  decision=shrink_reject           |δ|=3.940e0  |δ|∞=4.280e0  |prop|∞=6.636e0
[INFO] [PIRLS/joint-Newton/TR cycle=35 attempt=4] accepted   ρ=+1.378e0  Δobj=+1.247e1  pred=+9.049e0  r=9.850e-1->1.970e0  decision=grow_at_boundary        |δ|=9.850e-1  |δ|∞=1.110e0  |prop|∞=6.636e0
[INFO] [joint-newton-tr] phase=gradient_reload cycle=35 attempts=4 r=1.970e0
[INFO] [PIRLS/joint-Newton convergence] cycle  35 | step_inf=6.636e0 (tol=5.337e-11) | accepted_step_inf=1.110e0 | residual=2.243e3 (tol=1.874e-9) | relative_stationarity=1.197e1 (scale=1.864e2, inner_tol=1.000e-11) | per_block_resid=[2.122e1,2.304e2,1.622e0] | obj_change=1.247e1 (tol=3.986e-9) | beta_inf=4.337e0 | per_block_beta_inf=[2.949e-1,7.236e-3,4.337e0]
[INFO] [PIRLS/JN] cyc= 35/200 obj=3.975680e2 Δobj=-1.247e1 |δ|∞=1.110e0 resid=2.243e3 attempts=4 t=0.173s
[INFO] [joint-newton-tr] phase=hessian_qp cycle=36 r=1.970e0
[INFO] [979-PROBE] cyc= 36 firth_armed=true skippable=false |gradPhi|inf=2.343e3 kkt=2.243e3 |beta|inf=4.337e0 endgame=true
[WARN] [gam#979 constrained-QP] cycle=36 path=linear warm_rows=0 active_set_rows=0 beta_inf=4.2922e0
[INFO] [joint-newton-tr] phase=line_search cycle=36 r=1.970e0 hessian_qp_elapsed=0.153s
[INFO] [PIRLS/joint-Newton/TR cycle=36 attempt=1] accepted   ρ=+7.375e-1  Δobj=+2.160e0  pred=+2.929e0  r=1.970e0 (held)  decision=hold_moderate           |δ|=1.970e0  |δ|∞=3.041e-1  |prop|∞=4.447e-2
[INFO] [joint-newton-tr] phase=gradient_reload cycle=36 attempts=1 r=1.970e0
[INFO] [PIRLS/joint-Newton convergence] cycle  36 | step_inf=4.447e-2 (tol=5.641e-11) | accepted_step_inf=3.041e-1 | residual=4.234e2 (tol=2.344e-8) | relative_stationarity=1.806e-1 (scale=2.343e3, inner_tol=1.000e-11) | per_block_resid=[2.206e1,3.537e2,2.713e0] | obj_change=2.160e0 (tol=3.995e-9) | beta_inf=4.641e0 | per_block_beta_inf=[2.949e-1,4.805e-3,4.641e0]
[INFO] [PIRLS/JN] cyc= 36/200 obj=3.985140e2 Δobj=-2.160e0 |δ|∞=3.041e-1 resid=4.234e2 attempts=1 t=0.176s
[INFO] [joint-newton-tr] phase=hessian_qp cycle=37 r=1.970e0
[INFO] [979-PROBE] cyc= 37 firth_armed=true skippable=false |gradPhi|inf=5.905e2 kkt=4.234e2 |beta|inf=4.641e0 endgame=true
[WARN] [gam#979 constrained-QP] cycle=37 path=linear warm_rows=0 active_set_rows=0 beta_inf=5.3772e0
[INFO] [joint-newton-tr] phase=line_search cycle=37 r=1.970e0 hessian_qp_elapsed=0.152s
[INFO] [PIRLS/joint-Newton/TR cycle=37 attempt=1] accepted   ρ=+2.269e0  Δobj=+7.555e0  pred=+3.330e0  r=1.970e0->3.940e0  decision=grow_at_boundary        |δ|=1.970e0  |δ|∞=3.683e-1  |prop|∞=7.365e-1
[INFO] [joint-newton-tr] phase=gradient_reload cycle=37 attempts=1 r=3.940e0
[INFO] [PIRLS/joint-Newton convergence] cycle  37 | step_inf=7.365e-1 (tol=6.009e-11) | accepted_step_inf=3.683e-1 | residual=1.233e3 (tol=5.915e-9) | relative_stationarity=2.085e0 (scale=5.905e2, inner_tol=1.000e-11) | per_block_resid=[1.905e1,4.215e2,3.366e0] | obj_change=7.555e0 (tol=3.992e-9) | beta_inf=5.009e0 | per_block_beta_inf=[2.941e-1,4.902e-3,5.009e0]
[INFO] [PIRLS/JN] cyc= 37/200 obj=3.982433e2 Δobj=-7.555e0 |δ|∞=3.683e-1 resid=1.233e3 attempts=1 t=0.175s
[INFO] [joint-newton-tr] phase=hessian_qp cycle=38 r=3.940e0
[INFO] [979-PROBE] cyc= 38 firth_armed=true skippable=false |gradPhi|inf=1.498e3 kkt=1.233e3 |beta|inf=5.009e0 endgame=true
[WARN] [gam#979 constrained-QP] cycle=38 path=linear warm_rows=0 active_set_rows=0 beta_inf=5.3216e0
[INFO] [joint-newton-tr] phase=line_search cycle=38 r=3.940e0 hessian_qp_elapsed=0.153s
[INFO] [PIRLS/joint-Newton/TR cycle=38 attempt=1] accepted   ρ=+1.034e0  Δobj=+5.333e0  pred=+5.156e0  r=3.940e0->7.880e0  decision=grow_at_boundary        |δ|=3.940e0  |δ|∞=5.358e-1  |prop|∞=3.126e-1
[INFO] [joint-newton-tr] phase=gradient_reload cycle=38 attempts=1 r=7.880e0
[INFO] [PIRLS/joint-Newton convergence] cycle  38 | step_inf=3.126e-1 (tol=6.545e-11) | accepted_step_inf=5.358e-1 | residual=1.188e4 (tol=1.499e-8) | relative_stationarity=7.926e0 (scale=1.498e3, inner_tol=1.000e-11) | per_block_resid=[1.965e1,1.371e3,4.525e0] | obj_change=5.333e0 (tol=4.003e-9) | beta_inf=5.545e0 | per_block_beta_inf=[2.933e-1,2.869e-3,5.545e0]
[INFO] [PIRLS/JN] cyc= 38/200 obj=3.993018e2 Δobj=-5.333e0 |δ|∞=5.358e-1 resid=1.188e4 attempts=1 t=0.178s
[INFO] [joint-newton-tr] phase=hessian_qp cycle=39 r=7.880e0
[INFO] [979-PROBE] cyc= 39 firth_armed=true skippable=false |gradPhi|inf=1.130e4 kkt=1.188e4 |beta|inf=5.545e0 endgame=true
[WARN] [gam#979 constrained-QP] cycle=39 path=linear warm_rows=0 active_set_rows=0 beta_inf=5.0814e0
[INFO] [joint-newton-tr] phase=line_search cycle=39 r=7.880e0 hessian_qp_elapsed=0.192s
[INFO] [PIRLS/joint-Newton/TR cycle=39 attempt=1] reject     ρ=-2.247e-2  Δobj=-3.444e1  pred=+1.533e3  r=7.880e0->5.999e-1  decision=shrink_reject           |δ|=7.880e0  |δ|∞=1.348e-1  |prop|∞=4.634e-1
[INFO] [PIRLS/joint-Newton/TR cycle=39 attempt=2] reject     ρ=-2.228e-1  Δobj=-2.257e0  pred=+1.013e1  r=5.999e-1->3.972e-2  decision=shrink_reject           |δ|=5.999e-1  |δ|∞=8.924e-3  |prop|∞=4.634e-1
[INFO] [PIRLS/joint-Newton/TR cycle=39 attempt=3] accepted   ρ=+1.187e0  Δobj=+4.402e-1  pred=+3.709e-1  r=3.972e-2->7.944e-2  decision=grow_at_boundary        |δ|=3.972e-2  |δ|∞=2.209e-4  |prop|∞=4.634e-1
[WARN] [joint-newton objective-resolution gam#2748] cycle=39 REFUSED a resolution claim of 6.929577e-2 against an arithmetic ceiling of 3.540755e-6 (= m*eps*(1+sum|terms|) with m=720): the ladder's discrepancy did not fall at the model remainder's rate, but no evaluation of this objective can round by that much, so what failed to decay is MODEL error from steps outside the quadratic model's validity. The 3 shrink(s) this ladder took STAND.
[INFO] [joint-newton-tr] phase=gradient_reload cycle=39 attempts=3 r=7.944e-2
[INFO] [PIRLS/joint-Newton convergence] cycle  39 | step_inf=4.634e-1 (tol=6.545e-11) | accepted_step_inf=2.209e-4 | residual=6.005e3 (tol=1.131e-7) | relative_stationarity=5.312e-1 (scale=1.130e4, inner_tol=1.000e-11) | per_block_resid=[1.957e1,1.348e3,4.360e0] | obj_change=4.402e-1 (tol=4.002e-9) | beta_inf=5.545e0 | per_block_beta_inf=[2.933e-1,2.893e-3,5.545e0]
[INFO] [PIRLS/JN] cyc= 39/200 obj=3.991932e2 Δobj=-4.402e-1 |δ|∞=2.209e-4 resid=6.005e3 attempts=3 t=0.222s
[INFO] [joint-newton-tr] phase=hessian_qp cycle=40 r=7.944e-2
[INFO] [979-PROBE] cyc= 40 firth_armed=true skippable=false |gradPhi|inf=5.441e3 kkt=6.005e3 |beta|inf=5.545e0 endgame=true
[WARN] [gam#979 constrained-QP] cycle=40 path=linear warm_rows=0 active_set_rows=0 beta_inf=5.6942e0
[INFO] [joint-newton-tr] phase=line_search cycle=40 r=7.944e-2 hessian_qp_elapsed=0.201s
[INFO] [PIRLS/joint-Newton/TR cycle=40 attempt=1] accepted   ρ=+1.141e0  Δobj=+4.965e-1  pred=+4.352e-1  r=7.944e-2->1.589e-1  decision=grow_at_boundary        |δ|=7.944e-2  |δ|∞=9.431e-4  |prop|∞=1.492e-1
[INFO] [joint-newton-tr] phase=gradient_reload cycle=40 attempts=1 r=1.589e-1
[INFO] [PIRLS/joint-Newton convergence] cycle  40 | step_inf=1.492e-1 (tol=6.546e-11) | accepted_step_inf=9.431e-4 | residual=3.115e3 (tol=5.442e-8) | relative_stationarity=5.723e-1 (scale=5.441e3, inner_tol=1.000e-11) | per_block_resid=[1.941e1,1.302e3,4.043e0] | obj_change=4.965e-1 (tol=4.000e-9) | beta_inf=5.546e0 | per_block_beta_inf=[2.932e-1,2.931e-3,5.546e0]
[INFO] [PIRLS/JN] cyc= 40/200 obj=3.989797e2 Δobj=-4.965e-1 |δ|∞=9.431e-4 resid=3.115e3 attempts=1 t=0.230s
[INFO] [joint-newton-tr] phase=hessian_qp cycle=41 r=1.589e-1
[INFO] [979-PROBE] cyc= 41 firth_armed=true skippable=false |gradPhi|inf=2.688e3 kkt=3.115e3 |beta|inf=5.546e0 endgame=true
[WARN] [gam#979 constrained-QP] cycle=41 path=linear warm_rows=0 active_set_rows=0 beta_inf=5.6131e0
[INFO] [joint-newton-tr] phase=line_search cycle=41 r=1.589e-1 hessian_qp_elapsed=0.202s
[INFO] [PIRLS/joint-Newton/TR cycle=41 attempt=1] accepted   ρ=+1.138e0  Δobj=+5.598e-1  pred=+4.918e-1  r=1.589e-1->3.178e-1  decision=grow_at_boundary        |δ|=1.589e-1  |δ|∞=4.892e-3  |prop|∞=6.715e-2
[INFO] [joint-newton-tr] phase=gradient_reload cycle=41 attempts=1 r=3.178e-1
[INFO] [PIRLS/joint-Newton convergence] cycle  41 | step_inf=6.715e-2 (tol=6.551e-11) | accepted_step_inf=4.892e-3 | residual=1.650e3 (tol=2.689e-8) | relative_stationarity=6.133e-1 (scale=2.688e3, inner_tol=1.000e-11) | per_block_resid=[1.938e1,1.230e3,3.590e0] | obj_change=5.598e-1 (tol=3.996e-9) | beta_inf=5.551e0 | per_block_beta_inf=[2.932e-1,2.956e-3,5.551e0]
[INFO] [PIRLS/JN] cyc= 41/200 obj=3.986407e2 Δobj=-5.598e-1 |δ|∞=4.892e-3 resid=1.650e3 attempts=1 t=0.232s
[INFO] [joint-newton-tr] phase=hessian_qp cycle=42 r=3.178e-1
[INFO] [979-PROBE] cyc= 42 firth_armed=true skippable=false |gradPhi|inf=1.677e3 kkt=1.650e3 |beta|inf=5.551e0 endgame=true
[WARN] [gam#979 constrained-QP] cycle=42 path=linear warm_rows=0 active_set_rows=0 beta_inf=5.6337e0
[INFO] [joint-newton-tr] phase=line_search cycle=42 r=3.178e-1 hessian_qp_elapsed=0.203s
[INFO] [PIRLS/joint-Newton/TR cycle=42 attempt=1] accepted   ρ=+1.095e0  Δobj=+6.277e-1  pred=+5.732e-1  r=3.178e-1->6.355e-1  decision=grow_at_boundary        |δ|=3.178e-1  |δ|∞=1.563e-2  |prop|∞=8.289e-2
[INFO] [joint-newton-tr] phase=gradient_reload cycle=42 attempts=1 r=6.355e-1
[INFO] [PIRLS/joint-Newton convergence] cycle  42 | step_inf=8.289e-2 (tol=6.566e-11) | accepted_step_inf=1.563e-2 | residual=8.771e2 (tol=1.678e-8) | relative_stationarity=5.228e-1 (scale=1.677e3, inner_tol=1.000e-11) | per_block_resid=[1.933e1,1.152e3,3.173e0] | obj_change=6.277e-1 (tol=3.992e-9) | beta_inf=5.566e0 | per_block_beta_inf=[2.931e-1,2.919e-3,5.566e0]
[INFO] [PIRLS/JN] cyc= 42/200 obj=3.982380e2 Δobj=-6.277e-1 |δ|∞=1.563e-2 resid=8.771e2 attempts=1 t=0.231s
[INFO] [joint-newton-tr] phase=hessian_qp cycle=43 r=6.355e-1
[INFO] [979-PROBE] cyc= 43 firth_armed=true skippable=false |gradPhi|inf=1.216e3 kkt=8.771e2 |beta|inf=5.566e0 endgame=true
[WARN] [gam#979 constrained-QP] cycle=43 path=linear warm_rows=0 active_set_rows=0 beta_inf=5.6493e0
[INFO] [joint-newton-tr] phase=line_search cycle=43 r=6.355e-1 hessian_qp_elapsed=0.201s
[INFO] [PIRLS/joint-Newton/TR cycle=43 attempt=1] accepted   ρ=+8.197e-1  Δobj=+7.814e-1  pred=+9.532e-1  r=6.355e-1->1.271e0  decision=grow_at_boundary        |δ|=6.355e-1  |δ|∞=3.229e-2  |prop|∞=8.282e-2
[INFO] [joint-newton-tr] phase=gradient_reload cycle=43 attempts=1 r=1.271e0
[INFO] [PIRLS/joint-Newton convergence] cycle  43 | step_inf=8.282e-2 (tol=6.599e-11) | accepted_step_inf=3.229e-2 | residual=6.856e2 (tol=1.217e-8) | relative_stationarity=5.633e-1 (scale=1.216e3, inner_tol=1.000e-11) | per_block_resid=[1.898e1,1.166e3,3.935e0] | obj_change=7.814e-1 (tol=3.993e-9) | beta_inf=5.599e0 | per_block_beta_inf=[2.928e-1,2.792e-3,5.599e0]
[INFO] [PIRLS/JN] cyc= 43/200 obj=3.982747e2 Δobj=-7.814e-1 |δ|∞=3.229e-2 resid=6.856e2 attempts=1 t=0.229s
[INFO] [joint-newton-tr] phase=hessian_qp cycle=44 r=1.271e0
[INFO] [979-PROBE] cyc= 44 firth_armed=true skippable=false |gradPhi|inf=6.615e2 kkt=6.856e2 |beta|inf=5.599e0 endgame=true
[WARN] [gam#979 constrained-QP] cycle=44 path=linear warm_rows=0 active_set_rows=0 beta_inf=5.6830e0
[INFO] [joint-newton-tr] phase=line_search cycle=44 r=1.271e0 hessian_qp_elapsed=0.200s
[INFO] [PIRLS/joint-Newton/TR cycle=44 attempt=1] accepted   ρ=+9.579e-1  Δobj=+1.172e0  pred=+1.223e0  r=1.271e0->2.542e0  decision=grow_at_boundary        |δ|=1.271e0  |δ|∞=9.921e-2  |prop|∞=8.425e-2
[INFO] [joint-newton-tr] phase=gradient_reload cycle=44 attempts=1 r=2.542e0
[INFO] [PIRLS/joint-Newton convergence] cycle  44 | step_inf=8.425e-2 (tol=6.698e-11) | accepted_step_inf=9.921e-2 | residual=3.016e2 (tol=9.424e-9) | relative_stationarity=3.200e-1 (scale=9.414e2, inner_tol=1.000e-11) | per_block_resid=[1.698e1,9.025e2,3.271e0] | obj_change=1.172e0 (tol=3.985e-9) | beta_inf=5.698e0 | per_block_beta_inf=[2.923e-1,2.946e-3,5.698e0]
[INFO] [PIRLS/JN] cyc= 44/200 obj=3.974714e2 Δobj=-1.172e0 |δ|∞=9.921e-2 resid=3.016e2 attempts=1 t=0.230s
[INFO] [joint-newton-tr] phase=hessian_qp cycle=45 r=2.542e0
[INFO] [979-PROBE] cyc= 45 firth_armed=true skippable=false |gradPhi|inf=7.705e2 kkt=3.016e2 |beta|inf=5.698e0 endgame=true
[WARN] [gam#979 constrained-QP] cycle=45 path=linear warm_rows=0 active_set_rows=0 beta_inf=5.7379e0
[INFO] [joint-newton-tr] phase=line_search cycle=45 r=2.542e0 hessian_qp_elapsed=0.201s
[INFO] [PIRLS/joint-Newton/TR cycle=45 attempt=1] accepted   ρ=+4.912e-1  Δobj=+9.255e-1  pred=+1.884e0  r=2.542e0 (held)  decision=hold_moderate           |δ|=2.542e0  |δ|∞=1.778e-1  |prop|∞=3.990e-2
[INFO] [joint-newton-tr] phase=gradient_reload cycle=45 attempts=1 r=2.542e0
[INFO] [PIRLS/joint-Newton convergence] cycle  45 | step_inf=3.990e-2 (tol=6.876e-11) | accepted_step_inf=1.778e-1 | residual=2.589e2 (tol=7.715e-9) | relative_stationarity=3.355e-1 (scale=7.705e2, inner_tol=1.000e-11) | per_block_resid=[1.464e1,6.535e2,4.983e0] | obj_change=9.255e-1 (tol=3.990e-9) | beta_inf=5.876e0 | per_block_beta_inf=[2.911e-1,3.590e-3,5.876e0]
[INFO] [PIRLS/JN] cyc= 45/200 obj=3.979543e2 Δobj=-9.255e-1 |δ|∞=1.778e-1 resid=2.589e2 attempts=1 t=0.230s
[INFO] [joint-newton-tr] phase=hessian_qp cycle=46 r=2.542e0
[INFO] [979-PROBE] cyc= 46 firth_armed=true skippable=false |gradPhi|inf=9.123e2 kkt=2.589e2 |beta|inf=5.876e0 endgame=true
[WARN] [gam#979 constrained-QP] cycle=46 path=linear warm_rows=0 active_set_rows=0 beta_inf=5.9259e0
[INFO] [joint-newton-tr] phase=line_search cycle=46 r=2.542e0 hessian_qp_elapsed=0.201s
[INFO] [PIRLS/joint-Newton/TR cycle=46 attempt=1] accepted   ρ=+3.268e-1  Δobj=+4.978e-1  pred=+1.523e0  r=2.542e0 (held)  decision=hold_moderate           |δ|=2.542e0  |δ|∞=1.327e-1  |prop|∞=5.014e-2
[INFO] [joint-newton-tr] phase=gradient_reload cycle=46 attempts=1 r=2.542e0
[INFO] [PIRLS/joint-Newton convergence] cycle  46 | step_inf=5.014e-2 (tol=7.009e-11) | accepted_step_inf=1.327e-1 | residual=1.173e3 (tol=1.230e-8) | relative_stationarity=9.536e-1 (scale=1.229e3, inner_tol=1.000e-11) | per_block_resid=[1.071e1,1.331e3,7.166e0] | obj_change=4.978e-1 (tol=3.999e-9) | beta_inf=6.009e0 | per_block_beta_inf=[2.900e-1,3.091e-3,6.009e0]
[INFO] [PIRLS/JN] cyc= 46/200 obj=3.988694e2 Δobj=-4.978e-1 |δ|∞=1.327e-1 resid=1.173e3 attempts=1 t=0.229s
[INFO] [joint-newton-tr] phase=hessian_qp cycle=47 r=2.542e0
[INFO] [979-PROBE] cyc= 47 firth_armed=true skippable=false |gradPhi|inf=8.876e2 kkt=1.173e3 |beta|inf=6.009e0 endgame=true
[WARN] [gam#979 constrained-QP] cycle=47 path=linear warm_rows=0 active_set_rows=0 beta_inf=6.0562e0
[INFO] [joint-newton-tr] phase=line_search cycle=47 r=2.542e0 hessian_qp_elapsed=0.199s
[INFO] [PIRLS/joint-Newton/TR cycle=47 attempt=1] accepted   ρ=+9.150e-1  Δobj=+1.699e0  pred=+1.856e0  r=2.542e0->5.084e0  decision=grow_at_boundary        |δ|=2.542e0  |δ|∞=1.360e-1  |prop|∞=4.769e-2
[INFO] [joint-newton-tr] phase=gradient_reload cycle=47 attempts=1 r=5.084e0
[INFO] [PIRLS/joint-Newton convergence] cycle  47 | step_inf=4.769e-2 (tol=7.145e-11) | accepted_step_inf=1.360e-1 | residual=1.811e2 (tol=8.886e-9) | relative_stationarity=2.038e-1 (scale=8.876e2, inner_tol=1.000e-11) | per_block_resid=[8.070e0,9.562e2,3.890e0] | obj_change=1.699e0 (tol=3.982e-9) | beta_inf=6.145e0 | per_block_beta_inf=[2.893e-1,2.033e-3,6.145e0]
[INFO] [PIRLS/JN] cyc= 47/200 obj=3.971644e2 Δobj=-1.699e0 |δ|∞=1.360e-1 resid=1.811e2 attempts=1 t=0.227s
[INFO] [joint-newton-tr] phase=hessian_qp cycle=48 r=5.084e0
[INFO] [979-PROBE] cyc= 48 firth_armed=true skippable=false |gradPhi|inf=1.001e3 kkt=1.811e2 |beta|inf=6.145e0 endgame=true
[WARN] [gam#979 constrained-QP] cycle=48 path=linear warm_rows=0 active_set_rows=0 beta_inf=6.1696e0
[INFO] [joint-newton-tr] phase=line_search cycle=48 r=5.084e0 hessian_qp_elapsed=0.191s
[INFO] [PIRLS/joint-Newton/TR cycle=48 attempt=1] accepted   ρ=+9.633e-1  Δobj=+2.547e-1  pred=+2.644e-1  r=5.084e0 (held)  decision=hold_inside             |δ|=1.686e0  |δ|∞=2.504e-2  |prop|∞=2.504e-2
[INFO] [joint-newton-tr] phase=gradient_reload cycle=48 attempts=1 r=5.084e0
[INFO] [PIRLS/joint-Newton convergence] cycle  48 | step_inf=2.504e-2 (tol=7.170e-11) | accepted_step_inf=2.504e-2 | residual=7.707e1 (tol=1.002e-8) | relative_stationarity=7.693e-2 (scale=1.001e3, inner_tol=1.000e-11) | per_block_resid=[8.784e0,1.042e3,3.640e0] | obj_change=2.547e-1 (tol=3.981e-9) | beta_inf=6.170e0 | per_block_beta_inf=[2.866e-1,2.155e-3,6.170e0]
[INFO] [PIRLS/JN] cyc= 48/200 obj=3.970920e2 Δobj=-2.547e-1 |δ|∞=2.504e-2 resid=7.707e1 attempts=1 t=0.219s
[INFO] [joint-newton-tr] phase=hessian_qp cycle=49 r=5.084e0
[INFO] [979-PROBE] cyc= 49 firth_armed=true skippable=false |gradPhi|inf=1.057e3 kkt=7.707e1 |beta|inf=6.170e0 endgame=true
[WARN] [gam#979 constrained-QP] cycle=49 path=linear warm_rows=0 active_set_rows=0 beta_inf=6.1922e0
[INFO] [joint-newton-tr] phase=line_search cycle=49 r=5.084e0 hessian_qp_elapsed=0.193s
[INFO] [PIRLS/joint-Newton/TR cycle=49 attempt=1] accepted   ρ=+9.979e-1  Δobj=+1.257e-1  pred=+1.260e-1  r=5.084e0 (held)  decision=hold_inside             |δ|=4.439e-1  |δ|∞=2.264e-2  |prop|∞=2.264e-2
[INFO] [joint-newton-tr] phase=gradient_reload cycle=49 attempts=1 r=5.084e0
[INFO] [PIRLS/joint-Newton convergence] cycle  49 | step_inf=2.264e-2 (tol=7.192e-11) | accepted_step_inf=2.264e-2 | residual=5.530e0 (tol=1.058e-8) | relative_stationarity=5.226e-3 (scale=1.057e3, inner_tol=1.000e-11) | per_block_resid=[8.983e0,1.061e3,3.565e0] | obj_change=1.257e-1 (tol=3.980e-9) | beta_inf=6.192e0 | per_block_beta_inf=[2.861e-1,2.093e-3,6.192e0]
[INFO] [PIRLS/JN] cyc= 49/200 obj=3.970421e2 -loglik=3.759009e2 pen=2.114e1 Δobj=-1.257e-1 |δ|∞=2.264e-2 accepted_|δ|∞=2.264e-2 resid=5.530e0 (tol=1.058e-8) rel_stat=5.226e-3 (scale=1.057e3) obj_tol=3.980e-9 step_tol=7.192e-11 |β|∞=6.192e0 attempts=1 t=0.221s
[INFO] [joint-newton-tr] phase=hessian_qp cycle=50 r=5.084e0
[INFO] [979-PROBE] cyc= 50 firth_armed=true skippable=false |gradPhi|inf=1.061e3 kkt=5.530e0 |beta|inf=6.192e0 endgame=true
[WARN] [gam#979 constrained-QP] cycle=50 path=linear warm_rows=0 active_set_rows=0 beta_inf=6.2137e0
[INFO] [joint-newton-tr] phase=line_search cycle=50 r=5.084e0 hessian_qp_elapsed=0.196s
[INFO] [PIRLS/joint-Newton/TR cycle=50 attempt=1] accepted   ρ=+9.998e-1  Δobj=+1.147e-1  pred=+1.147e-1  r=5.084e0 (held)  decision=hold_inside             |δ|=3.605e-1  |δ|∞=2.147e-2  |prop|∞=2.147e-2
[INFO] [joint-newton-tr] phase=gradient_reload cycle=50 attempts=1 r=5.084e0
[INFO] [PIRLS/joint-Newton convergence] cycle  50 | step_inf=2.147e-2 (tol=7.214e-11) | accepted_step_inf=2.147e-2 | residual=5.328e0 (tol=1.062e-8) | relative_stationarity=5.016e-3 (scale=1.061e3, inner_tol=1.000e-11) | per_block_resid=[8.942e0,1.078e3,3.596e0] | obj_change=1.147e-1 (tol=3.980e-9) | beta_inf=6.214e0 | per_block_beta_inf=[2.860e-1,2.065e-3,6.214e0]
[INFO] [PIRLS/JN] cyc= 50/200 obj=3.970323e2 Δobj=-1.147e-1 |δ|∞=2.147e-2 resid=5.328e0 attempts=1 t=0.223s
[INFO] [joint-newton-tr] phase=hessian_qp cycle=51 r=5.084e0
[INFO] [979-PROBE] cyc= 51 firth_armed=true skippable=false |gradPhi|inf=1.079e3 kkt=5.328e0 |beta|inf=6.214e0 endgame=true
[WARN] [gam#979 constrained-QP] cycle=51 path=linear warm_rows=0 active_set_rows=0 beta_inf=6.2341e0
[INFO] [joint-newton-tr] phase=line_search cycle=51 r=5.084e0 hessian_qp_elapsed=0.181s
[INFO] [PIRLS/joint-Newton/TR cycle=51 attempt=1] accepted   ρ=+9.997e-1  Δobj=+1.084e-1  pred=+1.085e-1  r=5.084e0 (held)  decision=hold_inside             |δ|=3.463e-1  |δ|∞=2.045e-2  |prop|∞=2.045e-2
[INFO] [joint-newton-tr] phase=gradient_reload cycle=51 attempts=1 r=5.084e0
[INFO] [PIRLS/joint-Newton convergence] cycle  51 | step_inf=2.045e-2 (tol=7.234e-11) | accepted_step_inf=2.045e-2 | residual=5.293e0 (tol=1.080e-8) | relative_stationarity=4.903e-3 (scale=1.079e3, inner_tol=1.000e-11) | per_block_resid=[8.883e0,1.095e3,3.617e0] | obj_change=1.084e-1 (tol=3.980e-9) | beta_inf=6.234e0 | per_block_beta_inf=[2.860e-1,2.037e-3,6.234e0]
[INFO] [PIRLS/JN] cyc= 51/200 obj=3.970202e2 Δobj=-1.084e-1 |δ|∞=2.045e-2 resid=5.293e0 attempts=1 t=0.206s
[INFO] [joint-newton-tr] phase=hessian_qp cycle=52 r=5.084e0
[INFO] [979-PROBE] cyc= 52 firth_armed=true skippable=false |gradPhi|inf=1.095e3 kkt=5.293e0 |beta|inf=6.234e0 endgame=true
[WARN] [gam#979 constrained-QP] cycle=52 path=linear warm_rows=0 active_set_rows=0 beta_inf=6.2536e0
[INFO] [joint-newton-tr] phase=line_search cycle=52 r=5.084e0 hessian_qp_elapsed=0.170s
[INFO] [PIRLS/joint-Newton/TR cycle=52 attempt=1] accepted   ρ=+9.998e-1  Δobj=+1.028e-1  pred=+1.029e-1  r=5.084e0 (held)  decision=hold_inside             |δ|=3.362e-1  |δ|∞=1.951e-2  |prop|∞=1.951e-2
[INFO] [joint-newton-tr] phase=gradient_reload cycle=52 attempts=1 r=5.084e0
[INFO] [PIRLS/joint-Newton convergence] cycle  52 | step_inf=1.951e-2 (tol=7.254e-11) | accepted_step_inf=1.951e-2 | residual=5.261e0 (tol=1.096e-8) | relative_stationarity=4.799e-3 (scale=1.095e3, inner_tol=1.000e-11) | per_block_resid=[8.823e0,1.111e3,3.637e0] | obj_change=1.028e-1 (tol=3.980e-9) | beta_inf=6.254e0 | per_block_beta_inf=[2.860e-1,2.012e-3,6.254e0]
[INFO] [PIRLS/JN] cyc= 52/200 obj=3.970090e2 Δobj=-1.028e-1 |δ|∞=1.951e-2 resid=5.261e0 attempts=1 t=0.196s
[INFO] [joint-newton-tr] phase=hessian_qp cycle=53 r=5.084e0
[INFO] [979-PROBE] cyc= 53 firth_armed=true skippable=false |gradPhi|inf=1.111e3 kkt=5.261e0 |beta|inf=6.254e0 endgame=true
[WARN] [gam#979 constrained-QP] cycle=53 path=linear warm_rows=0 active_set_rows=0 beta_inf=6.2723e0
[INFO] [joint-newton-tr] phase=line_search cycle=53 r=5.084e0 hessian_qp_elapsed=0.162s
[INFO] [PIRLS/joint-Newton/TR cycle=53 attempt=1] accepted   ρ=+9.998e-1  Δobj=+9.775e-2  pred=+9.777e-2  r=5.084e0 (held)  decision=hold_inside             |δ|=3.271e-1  |δ|∞=1.866e-2  |prop|∞=1.866e-2
[INFO] [joint-newton-tr] phase=gradient_reload cycle=53 attempts=1 r=5.084e0
[INFO] [PIRLS/joint-Newton convergence] cycle  53 | step_inf=1.866e-2 (tol=7.272e-11) | accepted_step_inf=1.866e-2 | residual=5.230e0 (tol=1.112e-8) | relative_stationarity=4.701e-3 (scale=1.111e3, inner_tol=1.000e-11) | per_block_resid=[8.767e0,1.127e3,3.656e0] | obj_change=9.775e-2 (tol=3.980e-9) | beta_inf=6.272e0 | per_block_beta_inf=[2.860e-1,1.987e-3,6.272e0]
[INFO] [PIRLS/JN] cyc= 53/200 obj=3.969986e2 Δobj=-9.775e-2 |δ|∞=1.866e-2 resid=5.230e0 attempts=1 t=0.187s
[INFO] [joint-newton-tr] phase=hessian_qp cycle=54 r=5.084e0
[INFO] [979-PROBE] cyc= 54 firth_armed=true skippable=false |gradPhi|inf=1.127e3 kkt=5.230e0 |beta|inf=6.272e0 endgame=true
[WARN] [gam#979 constrained-QP] cycle=54 path=linear warm_rows=0 active_set_rows=0 beta_inf=6.2902e0
[INFO] [joint-newton-tr] phase=line_search cycle=54 r=5.084e0 hessian_qp_elapsed=0.156s
[INFO] [PIRLS/joint-Newton/TR cycle=54 attempt=1] accepted   ρ=+9.998e-1  Δobj=+9.313e-2  pred=+9.315e-2  r=5.084e0 (held)  decision=hold_inside             |δ|=3.188e-1  |δ|∞=1.788e-2  |prop|∞=1.788e-2
[INFO] [joint-newton-tr] phase=gradient_reload cycle=54 attempts=1 r=5.084e0
[INFO] [PIRLS/joint-Newton convergence] cycle  54 | step_inf=1.788e-2 (tol=7.290e-11) | accepted_step_inf=1.788e-2 | residual=5.201e0 (tol=1.128e-8) | relative_stationarity=4.610e-3 (scale=1.127e3, inner_tol=1.000e-11) | per_block_resid=[8.714e0,1.142e3,3.674e0] | obj_change=9.313e-2 (tol=3.980e-9) | beta_inf=6.290e0 | per_block_beta_inf=[2.860e-1,1.963e-3,6.290e0]
[INFO] [PIRLS/JN] cyc= 54/200 obj=3.969888e2 Δobj=-9.313e-2 |δ|∞=1.788e-2 resid=5.201e0 attempts=1 t=0.180s
[INFO] [joint-newton-tr] phase=hessian_qp cycle=55 r=5.084e0
[INFO] [979-PROBE] cyc= 55 firth_armed=true skippable=false |gradPhi|inf=1.143e3 kkt=5.201e0 |beta|inf=6.290e0 endgame=true
[WARN] [gam#979 constrained-QP] cycle=55 path=linear warm_rows=0 active_set_rows=0 beta_inf=6.3073e0
[INFO] [joint-newton-tr] phase=line_search cycle=55 r=5.084e0 hessian_qp_elapsed=0.150s
[INFO] [PIRLS/joint-Newton/TR cycle=55 attempt=1] accepted   ρ=+9.998e-1  Δobj=+8.892e-2  pred=+8.894e-2  r=5.084e0 (held)  decision=hold_inside             |δ|=3.110e-1  |δ|∞=1.716e-2  |prop|∞=1.716e-2
[INFO] [joint-newton-tr] phase=gradient_reload cycle=55 attempts=1 r=5.084e0
[INFO] [PIRLS/joint-Newton convergence] cycle  55 | step_inf=1.716e-2 (tol=7.307e-11) | accepted_step_inf=1.716e-2 | residual=5.173e0 (tol=1.144e-8) | relative_stationarity=4.523e-3 (scale=1.143e3, inner_tol=1.000e-11) | per_block_resid=[8.664e0,1.157e3,3.691e0] | obj_change=8.892e-2 (tol=3.980e-9) | beta_inf=6.307e0 | per_block_beta_inf=[2.860e-1,1.941e-3,6.307e0]
[INFO] [PIRLS/JN] cyc= 55/200 obj=3.969797e2 Δobj=-8.892e-2 |δ|∞=1.716e-2 resid=5.173e0 attempts=1 t=0.173s
[INFO] [joint-newton-tr] phase=hessian_qp cycle=56 r=5.084e0
[INFO] [979-PROBE] cyc= 56 firth_armed=true skippable=false |gradPhi|inf=1.158e3 kkt=5.173e0 |beta|inf=6.307e0 endgame=true
[WARN] [gam#979 constrained-QP] cycle=56 path=linear warm_rows=0 active_set_rows=0 beta_inf=6.3238e0
[INFO] [joint-newton-tr] phase=line_search cycle=56 r=5.084e0 hessian_qp_elapsed=0.150s
[INFO] [PIRLS/joint-Newton/TR cycle=56 attempt=1] accepted   ρ=+9.998e-1  Δobj=+8.507e-2  pred=+8.509e-2  r=5.084e0 (held)  decision=hold_inside             |δ|=3.038e-1  |δ|∞=1.650e-2  |prop|∞=1.650e-2
[INFO] [joint-newton-tr] phase=gradient_reload cycle=56 attempts=1 r=5.084e0
[INFO] [PIRLS/joint-Newton convergence] cycle  56 | step_inf=1.650e-2 (tol=7.324e-11) | accepted_step_inf=1.650e-2 | residual=5.147e0 (tol=1.159e-8) | relative_stationarity=4.442e-3 (scale=1.158e3, inner_tol=1.000e-11) | per_block_resid=[8.617e0,1.172e3,3.707e0] | obj_change=8.507e-2 (tol=3.980e-9) | beta_inf=6.324e0 | per_block_beta_inf=[2.860e-1,1.919e-3,6.324e0]
[INFO] [PIRLS/JN] cyc= 56/200 obj=3.969711e2 Δobj=-8.507e-2 |δ|∞=1.650e-2 resid=5.147e0 attempts=1 t=0.174s
[INFO] [joint-newton-tr] phase=hessian_qp cycle=57 r=5.084e0
[INFO] [979-PROBE] cyc= 57 firth_armed=true skippable=false |gradPhi|inf=1.173e3 kkt=5.147e0 |beta|inf=6.324e0 endgame=true
[WARN] [gam#979 constrained-QP] cycle=57 path=linear warm_rows=0 active_set_rows=0 beta_inf=6.3397e0
[INFO] [joint-newton-tr] phase=line_search cycle=57 r=5.084e0 hessian_qp_elapsed=0.146s
[INFO] [PIRLS/joint-Newton/TR cycle=57 attempt=1] accepted   ρ=+9.998e-1  Δobj=+8.152e-2  pred=+8.154e-2  r=5.084e0 (held)  decision=hold_inside             |δ|=2.970e-1  |δ|∞=1.589e-2  |prop|∞=1.589e-2
[INFO] [joint-newton-tr] phase=gradient_reload cycle=57 attempts=1 r=5.084e0
[INFO] [PIRLS/joint-Newton convergence] cycle  57 | step_inf=1.589e-2 (tol=7.340e-11) | accepted_step_inf=1.589e-2 | residual=5.122e0 (tol=1.174e-8) | relative_stationarity=4.365e-3 (scale=1.173e3, inner_tol=1.000e-11) | per_block_resid=[8.574e0,1.187e3,3.723e0] | obj_change=8.152e-2 (tol=3.980e-9) | beta_inf=6.340e0 | per_block_beta_inf=[2.860e-1,1.898e-3,6.340e0]
[INFO] [PIRLS/JN] cyc= 57/200 obj=3.969630e2 Δobj=-8.152e-2 |δ|∞=1.589e-2 resid=5.122e0 attempts=1 t=0.169s
[INFO] [joint-newton-tr] phase=hessian_qp cycle=58 r=5.084e0
[INFO] [979-PROBE] cyc= 58 firth_armed=true skippable=false |gradPhi|inf=1.187e3 kkt=5.122e0 |beta|inf=6.340e0 endgame=true
[WARN] [gam#979 constrained-QP] cycle=58 path=linear warm_rows=0 active_set_rows=0 beta_inf=6.3551e0
[INFO] [joint-newton-tr] phase=line_search cycle=58 r=5.084e0 hessian_qp_elapsed=0.145s
[INFO] [PIRLS/joint-Newton/TR cycle=58 attempt=1] accepted   ρ=+9.998e-1  Δobj=+7.826e-2  pred=+7.827e-2  r=5.084e0 (held)  decision=hold_inside             |δ|=2.906e-1  |δ|∞=1.533e-2  |prop|∞=1.533e-2
[INFO] [joint-newton-tr] phase=gradient_reload cycle=58 attempts=1 r=5.084e0
[INFO] [PIRLS/joint-Newton convergence] cycle  58 | step_inf=1.533e-2 (tol=7.355e-11) | accepted_step_inf=1.533e-2 | residual=5.099e0 (tol=1.188e-8) | relative_stationarity=4.292e-3 (scale=1.187e3, inner_tol=1.000e-11) | per_block_resid=[8.532e0,1.201e3,3.738e0] | obj_change=7.826e-2 (tol=3.980e-9) | beta_inf=6.355e0 | per_block_beta_inf=[2.859e-1,1.878e-3,6.355e0]
[INFO] [PIRLS/JN] cyc= 58/200 obj=3.969553e2 Δobj=-7.826e-2 |δ|∞=1.533e-2 resid=5.099e0 attempts=1 t=0.168s
[INFO] [joint-newton-tr] phase=hessian_qp cycle=59 r=5.084e0
[INFO] [979-PROBE] cyc= 59 firth_armed=true skippable=false |gradPhi|inf=1.201e3 kkt=5.099e0 |beta|inf=6.355e0 endgame=true
[WARN] [gam#979 constrained-QP] cycle=59 path=linear warm_rows=0 active_set_rows=0 beta_inf=6.3699e0
[INFO] [joint-newton-tr] phase=line_search cycle=59 r=5.084e0 hessian_qp_elapsed=0.146s
[INFO] [PIRLS/joint-Newton/TR cycle=59 attempt=1] accepted   ρ=+9.998e-1  Δobj=+7.524e-2  pred=+7.525e-2  r=5.084e0 (held)  decision=hold_inside             |δ|=2.846e-1  |δ|∞=1.480e-2  |prop|∞=1.480e-2
[INFO] [joint-newton-tr] phase=gradient_reload cycle=59 attempts=1 r=5.084e0
[INFO] [PIRLS/joint-Newton convergence] cycle  59 | step_inf=1.480e-2 (tol=7.370e-11) | accepted_step_inf=1.480e-2 | residual=5.077e0 (tol=1.202e-8) | relative_stationarity=4.222e-3 (scale=1.201e3, inner_tol=1.000e-11) | per_block_resid=[8.494e0,1.215e3,3.752e0] | obj_change=7.524e-2 (tol=3.979e-9) | beta_inf=6.370e0 | per_block_beta_inf=[2.859e-1,1.858e-3,6.370e0]
[INFO] [PIRLS/JN] cyc= 59/200 obj=3.969480e2 Δobj=-7.524e-2 |δ|∞=1.480e-2 resid=5.077e0 attempts=1 t=0.167s
[INFO] [joint-newton-tr] phase=hessian_qp cycle=60 r=5.084e0
[INFO] [979-PROBE] cyc= 60 firth_armed=true skippable=false |gradPhi|inf=1.215e3 kkt=5.077e0 |beta|inf=6.370e0 endgame=true
[WARN] [gam#979 constrained-QP] cycle=60 path=linear warm_rows=0 active_set_rows=0 beta_inf=6.3842e0
[INFO] [joint-newton-tr] phase=line_search cycle=60 r=5.084e0 hessian_qp_elapsed=0.145s
[INFO] [PIRLS/joint-Newton/TR cycle=60 attempt=1] accepted   ρ=+9.998e-1  Δobj=+7.244e-2  pred=+7.245e-2  r=5.084e0 (held)  decision=hold_inside             |δ|=2.790e-1  |δ|∞=1.431e-2  |prop|∞=1.431e-2
[INFO] [joint-newton-tr] phase=gradient_reload cycle=60 attempts=1 r=5.084e0
[INFO] [PIRLS/joint-Newton convergence] cycle  60 | step_inf=1.431e-2 (tol=7.384e-11) | accepted_step_inf=1.431e-2 | residual=5.055e0 (tol=1.216e-8) | relative_stationarity=4.156e-3 (scale=1.215e3, inner_tol=1.000e-11) | per_block_resid=[8.457e0,1.229e3,3.766e0] | obj_change=7.244e-2 (tol=3.979e-9) | beta_inf=6.384e0 | per_block_beta_inf=[2.859e-1,1.840e-3,6.384e0]
[INFO] [PIRLS/JN] cyc= 60/200 obj=3.969411e2 Δobj=-7.244e-2 |δ|∞=1.431e-2 resid=5.055e0 attempts=1 t=0.166s
[INFO] [joint-newton-tr] phase=hessian_qp cycle=61 r=5.084e0
[INFO] [979-PROBE] cyc= 61 firth_armed=true skippable=false |gradPhi|inf=1.229e3 kkt=5.055e0 |beta|inf=6.384e0 endgame=true
[WARN] [gam#979 constrained-QP] cycle=61 path=linear warm_rows=0 active_set_rows=0 beta_inf=6.3980e0
[INFO] [joint-newton-tr] phase=line_search cycle=61 r=5.084e0 hessian_qp_elapsed=0.146s
[INFO] [PIRLS/joint-Newton/TR cycle=61 attempt=1] accepted   ρ=+9.998e-1  Δobj=+6.983e-2  pred=+6.985e-2  r=5.084e0 (held)  decision=hold_inside             |δ|=2.737e-1  |δ|∞=1.385e-2  |prop|∞=1.385e-2
[INFO] [joint-newton-tr] phase=gradient_reload cycle=61 attempts=1 r=5.084e0
[INFO] [PIRLS/joint-Newton convergence] cycle  61 | step_inf=1.385e-2 (tol=7.398e-11) | accepted_step_inf=1.385e-2 | residual=5.035e0 (tol=1.230e-8) | relative_stationarity=4.093e-3 (scale=1.229e3, inner_tol=1.000e-11) | per_block_resid=[8.422e0,1.242e3,3.779e0] | obj_change=6.983e-2 (tol=3.979e-9) | beta_inf=6.398e0 | per_block_beta_inf=[2.859e-1,1.822e-3,6.398e0]
[INFO] [PIRLS/JN] cyc= 61/200 obj=3.969346e2 Δobj=-6.983e-2 |δ|∞=1.385e-2 resid=5.035e0 attempts=1 t=0.168s
[INFO] [joint-newton-tr] phase=hessian_qp cycle=62 r=5.084e0
[INFO] [979-PROBE] cyc= 62 firth_armed=true skippable=false |gradPhi|inf=1.243e3 kkt=5.035e0 |beta|inf=6.398e0 endgame=true
[WARN] [gam#979 constrained-QP] cycle=62 path=linear warm_rows=0 active_set_rows=0 beta_inf=6.4114e0
[INFO] [joint-newton-tr] phase=line_search cycle=62 r=5.084e0 hessian_qp_elapsed=0.144s
[INFO] [PIRLS/joint-Newton/TR cycle=62 attempt=1] accepted   ρ=+9.998e-1  Δobj=+6.741e-2  pred=+6.742e-2  r=5.084e0 (held)  decision=hold_inside             |δ|=2.686e-1  |δ|∞=1.342e-2  |prop|∞=1.342e-2
[INFO] [joint-newton-tr] phase=gradient_reload cycle=62 attempts=1 r=5.084e0
[INFO] [PIRLS/joint-Newton convergence] cycle  62 | step_inf=1.342e-2 (tol=7.411e-11) | accepted_step_inf=1.342e-2 | residual=5.016e0 (tol=1.244e-8) | relative_stationarity=4.033e-3 (scale=1.243e3, inner_tol=1.000e-11) | per_block_resid=[8.389e0,1.256e3,3.792e0] | obj_change=6.741e-2 (tol=3.979e-9) | beta_inf=6.411e0 | per_block_beta_inf=[2.859e-1,1.804e-3,6.411e0]
[INFO] [PIRLS/JN] cyc= 62/200 obj=3.969284e2 Δobj=-6.741e-2 |δ|∞=1.342e-2 resid=5.016e0 attempts=1 t=0.166s
[INFO] [joint-newton-tr] phase=hessian_qp cycle=63 r=5.084e0
[INFO] [979-PROBE] cyc= 63 firth_armed=true skippable=false |gradPhi|inf=1.256e3 kkt=5.016e0 |beta|inf=6.411e0 endgame=true
[WARN] [gam#979 constrained-QP] cycle=63 path=linear warm_rows=0 active_set_rows=0 beta_inf=6.4245e0
[INFO] [joint-newton-tr] phase=line_search cycle=63 r=5.084e0 hessian_qp_elapsed=0.145s
[INFO] [PIRLS/joint-Newton/TR cycle=63 attempt=1] accepted   ρ=+9.998e-1  Δobj=+6.513e-2  pred=+6.514e-2  r=5.084e0 (held)  decision=hold_inside             |δ|=2.638e-1  |δ|∞=1.302e-2  |prop|∞=1.302e-2
[INFO] [joint-newton-tr] phase=gradient_reload cycle=63 attempts=1 r=5.084e0
[INFO] [PIRLS/joint-Newton convergence] cycle  63 | step_inf=1.302e-2 (tol=7.424e-11) | accepted_step_inf=1.302e-2 | residual=4.997e0 (tol=1.257e-8) | relative_stationarity=3.976e-3 (scale=1.256e3, inner_tol=1.000e-11) | per_block_resid=[8.358e0,1.269e3,3.804e0] | obj_change=6.513e-2 (tol=3.979e-9) | beta_inf=6.424e0 | per_block_beta_inf=[2.859e-1,1.787e-3,6.424e0]
[INFO] [PIRLS/JN] cyc= 63/200 obj=3.969225e2 Δobj=-6.513e-2 |δ|∞=1.302e-2 resid=4.997e0 attempts=1 t=0.167s
[INFO] [joint-newton-tr] phase=hessian_qp cycle=64 r=5.084e0
[INFO] [979-PROBE] cyc= 64 firth_armed=true skippable=false |gradPhi|inf=1.269e3 kkt=4.997e0 |beta|inf=6.424e0 endgame=true
[WARN] [gam#979 constrained-QP] cycle=64 path=linear warm_rows=0 active_set_rows=0 beta_inf=6.4371e0
[INFO] [joint-newton-tr] phase=line_search cycle=64 r=5.084e0 hessian_qp_elapsed=0.145s
[INFO] [PIRLS/joint-Newton/TR cycle=64 attempt=1] accepted   ρ=+9.998e-1  Δobj=+6.299e-2  pred=+6.300e-2  r=5.084e0 (held)  decision=hold_inside             |δ|=2.592e-1  |δ|∞=1.264e-2  |prop|∞=1.264e-2
[INFO] [joint-newton-tr] phase=gradient_reload cycle=64 attempts=1 r=5.084e0
[INFO] [PIRLS/joint-Newton convergence] cycle  64 | step_inf=1.264e-2 (tol=7.437e-11) | accepted_step_inf=1.264e-2 | residual=4.980e0 (tol=1.270e-8) | relative_stationarity=3.921e-3 (scale=1.269e3, inner_tol=1.000e-11) | per_block_resid=[8.334e0,1.281e3,3.816e0] | obj_change=6.299e-2 (tol=3.979e-9) | beta_inf=6.437e0 | per_block_beta_inf=[2.859e-1,1.771e-3,6.437e0]
[INFO] [PIRLS/JN] cyc= 64/200 obj=3.969168e2 Δobj=-6.299e-2 |δ|∞=1.264e-2 resid=4.980e0 attempts=1 t=0.167s
[INFO] [joint-newton-tr] phase=hessian_qp cycle=65 r=5.084e0
[INFO] [979-PROBE] cyc= 65 firth_armed=true skippable=false |gradPhi|inf=1.282e3 kkt=4.980e0 |beta|inf=6.437e0 endgame=true
[WARN] [gam#979 constrained-QP] cycle=65 path=linear warm_rows=0 active_set_rows=0 beta_inf=6.4494e0
[INFO] [joint-newton-tr] phase=line_search cycle=65 r=5.084e0 hessian_qp_elapsed=0.144s
[INFO] [PIRLS/joint-Newton/TR cycle=65 attempt=1] accepted   ρ=+9.998e-1  Δobj=+6.099e-2  pred=+6.100e-2  r=5.084e0 (held)  decision=hold_inside             |δ|=2.549e-1  |δ|∞=1.228e-2  |prop|∞=1.228e-2
[INFO] [joint-newton-tr] phase=gradient_reload cycle=65 attempts=1 r=5.084e0
[INFO] [PIRLS/joint-Newton convergence] cycle  65 | step_inf=1.228e-2 (tol=7.449e-11) | accepted_step_inf=1.228e-2 | residual=4.963e0 (tol=1.283e-8) | relative_stationarity=3.869e-3 (scale=1.282e3, inner_tol=1.000e-11) | per_block_resid=[8.311e0,1.294e3,3.827e0] | obj_change=6.099e-2 (tol=3.979e-9) | beta_inf=6.449e0 | per_block_beta_inf=[2.859e-1,1.755e-3,6.449e0]
[INFO] [PIRLS/JN] cyc= 65/200 obj=3.969115e2 Δobj=-6.099e-2 |δ|∞=1.228e-2 resid=4.963e0 attempts=1 t=0.166s
[INFO] [joint-newton-tr] phase=hessian_qp cycle=66 r=5.084e0
[INFO] [979-PROBE] cyc= 66 firth_armed=true skippable=false |gradPhi|inf=1.294e3 kkt=4.963e0 |beta|inf=6.449e0 endgame=true
[WARN] [gam#979 constrained-QP] cycle=66 path=linear warm_rows=0 active_set_rows=0 beta_inf=6.4613e0
[INFO] [joint-newton-tr] phase=line_search cycle=66 r=5.084e0 hessian_qp_elapsed=0.154s
[INFO] [PIRLS/joint-Newton/TR cycle=66 attempt=1] accepted   ρ=+9.998e-1  Δobj=+5.911e-2  pred=+5.911e-2  r=5.084e0 (held)  decision=hold_inside             |δ|=2.507e-1  |δ|∞=1.194e-2  |prop|∞=1.194e-2
[INFO] [joint-newton-tr] phase=gradient_reload cycle=66 attempts=1 r=5.084e0
[INFO] [PIRLS/joint-Newton convergence] cycle  66 | step_inf=1.194e-2 (tol=7.461e-11) | accepted_step_inf=1.194e-2 | residual=4.946e0 (tol=1.295e-8) | relative_stationarity=3.818e-3 (scale=1.294e3, inner_tol=1.000e-11) | per_block_resid=[8.290e0,1.307e3,3.838e0] | obj_change=5.911e-2 (tol=3.979e-9) | beta_inf=6.461e0 | per_block_beta_inf=[2.859e-1,1.740e-3,6.461e0]
[INFO] [PIRLS/JN] cyc= 66/200 obj=3.969063e2 Δobj=-5.911e-2 |δ|∞=1.194e-2 resid=4.946e0 attempts=1 t=0.176s
[INFO] [joint-newton-tr] phase=hessian_qp cycle=67 r=5.084e0
[INFO] [979-PROBE] cyc= 67 firth_armed=true skippable=false |gradPhi|inf=1.307e3 kkt=4.946e0 |beta|inf=6.461e0 endgame=true
[WARN] [gam#979 constrained-QP] cycle=67 path=linear warm_rows=0 active_set_rows=0 beta_inf=6.4729e0
[INFO] [joint-newton-tr] phase=line_search cycle=67 r=5.084e0 hessian_qp_elapsed=0.151s
[INFO] [PIRLS/joint-Newton/TR cycle=67 attempt=1] accepted   ρ=+9.998e-1  Δobj=+5.733e-2  pred=+5.734e-2  r=5.084e0 (held)  decision=hold_inside             |δ|=2.468e-1  |δ|∞=1.162e-2  |prop|∞=1.162e-2
[INFO] [joint-newton-tr] phase=gradient_reload cycle=67 attempts=1 r=5.084e0
[INFO] [PIRLS/joint-Newton convergence] cycle  67 | step_inf=1.162e-2 (tol=7.473e-11) | accepted_step_inf=1.162e-2 | residual=4.931e0 (tol=1.308e-8) | relative_stationarity=3.770e-3 (scale=1.307e3, inner_tol=1.000e-11) | per_block_resid=[8.269e0,1.319e3,3.849e0] | obj_change=5.733e-2 (tol=3.979e-9) | beta_inf=6.473e0 | per_block_beta_inf=[2.859e-1,1.725e-3,6.473e0]
[INFO] [PIRLS/JN] cyc= 67/200 obj=3.969014e2 Δobj=-5.733e-2 |δ|∞=1.162e-2 resid=4.931e0 attempts=1 t=0.174s
[INFO] [joint-newton-tr] phase=hessian_qp cycle=68 r=5.084e0
[INFO] [979-PROBE] cyc= 68 firth_armed=true skippable=false |gradPhi|inf=1.319e3 kkt=4.931e0 |beta|inf=6.473e0 endgame=true
[WARN] [gam#979 constrained-QP] cycle=68 path=linear warm_rows=0 active_set_rows=0 beta_inf=6.4842e0
[INFO] [joint-newton-tr] phase=line_search cycle=68 r=5.084e0 hessian_qp_elapsed=0.154s
[INFO] [PIRLS/joint-Newton/TR cycle=68 attempt=1] accepted   ρ=+9.998e-1  Δobj=+5.566e-2  pred=+5.567e-2  r=5.084e0 (held)  decision=hold_inside             |δ|=2.430e-1  |δ|∞=1.131e-2  |prop|∞=1.131e-2
[INFO] [joint-newton-tr] phase=gradient_reload cycle=68 attempts=1 r=5.084e0
[INFO] [PIRLS/joint-Newton convergence] cycle  68 | step_inf=1.131e-2 (tol=7.484e-11) | accepted_step_inf=1.131e-2 | residual=4.915e0 (tol=1.320e-8) | relative_stationarity=3.723e-3 (scale=1.319e3, inner_tol=1.000e-11) | per_block_resid=[8.249e0,1.331e3,3.859e0] | obj_change=5.566e-2 (tol=3.979e-9) | beta_inf=6.484e0 | per_block_beta_inf=[2.859e-1,1.711e-3,6.484e0]
[INFO] [PIRLS/JN] cyc= 68/200 obj=3.968967e2 Δobj=-5.566e-2 |δ|∞=1.131e-2 resid=4.915e0 attempts=1 t=0.178s
[INFO] [joint-newton-tr] phase=hessian_qp cycle=69 r=5.084e0
[INFO] [979-PROBE] cyc= 69 firth_armed=true skippable=false |gradPhi|inf=1.331e3 kkt=4.915e0 |beta|inf=6.484e0 endgame=true
[WARN] [gam#979 constrained-QP] cycle=69 path=linear warm_rows=0 active_set_rows=0 beta_inf=6.4953e0
[INFO] [joint-newton-tr] phase=line_search cycle=69 r=5.084e0 hessian_qp_elapsed=0.155s
[INFO] [PIRLS/joint-Newton/TR cycle=69 attempt=1] accepted   ρ=+9.998e-1  Δobj=+5.409e-2  pred=+5.410e-2  r=5.084e0 (held)  decision=hold_inside             |δ|=2.394e-1  |δ|∞=1.103e-2  |prop|∞=1.103e-2
[INFO] [joint-newton-tr] phase=gradient_reload cycle=69 attempts=1 r=5.084e0
[INFO] [PIRLS/joint-Newton convergence] cycle  69 | step_inf=1.103e-2 (tol=7.495e-11) | accepted_step_inf=1.103e-2 | residual=4.901e0 (tol=1.332e-8) | relative_stationarity=3.678e-3 (scale=1.331e3, inner_tol=1.000e-11) | per_block_resid=[8.230e0,1.343e3,3.869e0] | obj_change=5.409e-2 (tol=3.979e-9) | beta_inf=6.495e0 | per_block_beta_inf=[2.859e-1,1.697e-3,6.495e0]
[INFO] [PIRLS/JN] cyc= 69/200 obj=3.968922e2 Δobj=-5.409e-2 |δ|∞=1.103e-2 resid=4.901e0 attempts=1 t=0.179s
[INFO] [joint-newton-tr] phase=hessian_qp cycle=70 r=5.084e0
[INFO] [979-PROBE] cyc= 70 firth_armed=true skippable=false |gradPhi|inf=1.343e3 kkt=4.901e0 |beta|inf=6.495e0 endgame=true
[WARN] [gam#979 constrained-QP] cycle=70 path=linear warm_rows=0 active_set_rows=0 beta_inf=6.5060e0
[INFO] [joint-newton-tr] phase=line_search cycle=70 r=5.084e0 hessian_qp_elapsed=0.156s
[INFO] [PIRLS/joint-Newton/TR cycle=70 attempt=1] accepted   ρ=+9.999e-1  Δobj=+5.260e-2  pred=+5.261e-2  r=5.084e0 (held)  decision=hold_inside             |δ|=2.359e-1  |δ|∞=1.075e-2  |prop|∞=1.075e-2
[INFO] [joint-newton-tr] phase=gradient_reload cycle=70 attempts=1 r=5.084e0
[INFO] [PIRLS/joint-Newton convergence] cycle  70 | step_inf=1.075e-2 (tol=7.506e-11) | accepted_step_inf=1.075e-2 | residual=4.887e0 (tol=1.344e-8) | relative_stationarity=3.635e-3 (scale=1.343e3, inner_tol=1.000e-11) | per_block_resid=[8.212e0,1.355e3,3.879e0] | obj_change=5.260e-2 (tol=3.979e-9) | beta_inf=6.506e0 | per_block_beta_inf=[2.859e-1,1.683e-3,6.506e0]
[INFO] [PIRLS/JN] cyc= 70/200 obj=3.968878e2 Δobj=-5.260e-2 |δ|∞=1.075e-2 resid=4.887e0 attempts=1 t=0.180s
[INFO] [joint-newton-tr] phase=hessian_qp cycle=71 r=5.084e0
[INFO] [979-PROBE] cyc= 71 firth_armed=true skippable=false |gradPhi|inf=1.355e3 kkt=4.887e0 |beta|inf=6.506e0 endgame=true
[WARN] [gam#979 constrained-QP] cycle=71 path=linear warm_rows=0 active_set_rows=0 beta_inf=6.5165e0
[INFO] [joint-newton-tr] phase=line_search cycle=71 r=5.084e0 hessian_qp_elapsed=0.157s
[INFO] [PIRLS/joint-Newton/TR cycle=71 attempt=1] accepted   ρ=+9.999e-1  Δobj=+5.119e-2  pred=+5.119e-2  r=5.084e0 (held)  decision=hold_inside             |δ|=2.326e-1  |δ|∞=1.049e-2  |prop|∞=1.049e-2
[INFO] [joint-newton-tr] phase=gradient_reload cycle=71 attempts=1 r=5.084e0
[INFO] [PIRLS/joint-Newton convergence] cycle  71 | step_inf=1.049e-2 (tol=7.517e-11) | accepted_step_inf=1.049e-2 | residual=4.873e0 (tol=1.356e-8) | relative_stationarity=3.594e-3 (scale=1.355e3, inner_tol=1.000e-11) | per_block_resid=[8.195e0,1.366e3,3.888e0] | obj_change=5.119e-2 (tol=3.979e-9) | beta_inf=6.517e0 | per_block_beta_inf=[2.859e-1,1.670e-3,6.517e0]
[INFO] [PIRLS/JN] cyc= 71/200 obj=3.968837e2 Δobj=-5.119e-2 |δ|∞=1.049e-2 resid=4.873e0 attempts=1 t=0.182s
[INFO] [joint-newton-tr] phase=hessian_qp cycle=72 r=5.084e0
[INFO] [979-PROBE] cyc= 72 firth_armed=true skippable=false |gradPhi|inf=1.367e3 kkt=4.873e0 |beta|inf=6.517e0 endgame=true
[WARN] [gam#979 constrained-QP] cycle=72 path=linear warm_rows=0 active_set_rows=0 beta_inf=6.5268e0
[INFO] [joint-newton-tr] phase=line_search cycle=72 r=5.084e0 hessian_qp_elapsed=0.154s
[INFO] [PIRLS/joint-Newton/TR cycle=72 attempt=1] accepted   ρ=+9.999e-1  Δobj=+4.985e-2  pred=+4.986e-2  r=5.084e0 (held)  decision=hold_inside             |δ|=2.294e-1  |δ|∞=1.025e-2  |prop|∞=1.025e-2
[INFO] [joint-newton-tr] phase=gradient_reload cycle=72 attempts=1 r=5.084e0
[INFO] [PIRLS/joint-Newton convergence] cycle  72 | step_inf=1.025e-2 (tol=7.527e-11) | accepted_step_inf=1.025e-2 | residual=4.860e0 (tol=1.368e-8) | relative_stationarity=3.554e-3 (scale=1.367e3, inner_tol=1.000e-11) | per_block_resid=[8.179e0,1.378e3,3.898e0] | obj_change=4.985e-2 (tol=3.979e-9) | beta_inf=6.527e0 | per_block_beta_inf=[2.859e-1,1.657e-3,6.527e0]
[INFO] [PIRLS/JN] cyc= 72/200 obj=3.968797e2 Δobj=-4.985e-2 |δ|∞=1.025e-2 resid=4.860e0 attempts=1 t=0.178s
[INFO] [joint-newton-tr] phase=hessian_qp cycle=73 r=5.084e0
[INFO] [979-PROBE] cyc= 73 firth_armed=true skippable=false |gradPhi|inf=1.378e3 kkt=4.860e0 |beta|inf=6.527e0 endgame=true
[WARN] [gam#979 constrained-QP] cycle=73 path=linear warm_rows=0 active_set_rows=0 beta_inf=6.5368e0
[INFO] [joint-newton-tr] phase=line_search cycle=73 r=5.084e0 hessian_qp_elapsed=0.157s
[INFO] [PIRLS/joint-Newton/TR cycle=73 attempt=1] accepted   ρ=+9.999e-1  Δobj=+4.858e-2  pred=+4.858e-2  r=5.084e0 (held)  decision=hold_inside             |δ|=2.263e-1  |δ|∞=1.001e-2  |prop|∞=1.001e-2
[INFO] [joint-newton-tr] phase=gradient_reload cycle=73 attempts=1 r=5.084e0
[INFO] [PIRLS/joint-Newton convergence] cycle  73 | step_inf=1.001e-2 (tol=7.537e-11) | accepted_step_inf=1.001e-2 | residual=4.848e0 (tol=1.379e-8) | relative_stationarity=3.515e-3 (scale=1.378e3, inner_tol=1.000e-11) | per_block_resid=[8.163e0,1.389e3,3.906e0] | obj_change=4.858e-2 (tol=3.979e-9) | beta_inf=6.537e0 | per_block_beta_inf=[2.859e-1,1.644e-3,6.537e0]
[INFO] [PIRLS/JN] cyc= 73/200 obj=3.968758e2 Δobj=-4.858e-2 |δ|∞=1.001e-2 resid=4.848e0 attempts=1 t=0.180s
[INFO] [joint-newton-tr] phase=hessian_qp cycle=74 r=5.084e0
[INFO] [979-PROBE] cyc= 74 firth_armed=true skippable=false |gradPhi|inf=1.390e3 kkt=4.848e0 |beta|inf=6.537e0 endgame=true
[WARN] [gam#979 constrained-QP] cycle=74 path=linear warm_rows=0 active_set_rows=0 beta_inf=6.5466e0
[INFO] [joint-newton-tr] phase=line_search cycle=74 r=5.084e0 hessian_qp_elapsed=0.156s
[INFO] [PIRLS/joint-Newton/TR cycle=74 attempt=1] accepted   ρ=+9.999e-1  Δobj=+4.737e-2  pred=+4.737e-2  r=5.084e0 (held)  decision=hold_inside             |δ|=2.234e-1  |δ|∞=9.788e-3  |prop|∞=9.788e-3
[INFO] [joint-newton-tr] phase=gradient_reload cycle=74 attempts=1 r=5.084e0
[INFO] [PIRLS/joint-Newton convergence] cycle  74 | step_inf=9.788e-3 (tol=7.547e-11) | accepted_step_inf=9.788e-3 | residual=4.836e0 (tol=1.391e-8) | relative_stationarity=3.477e-3 (scale=1.390e3, inner_tol=1.000e-11) | per_block_resid=[8.147e0,1.401e3,3.915e0] | obj_change=4.737e-2 (tol=3.979e-9) | beta_inf=6.547e0 | per_block_beta_inf=[2.859e-1,1.632e-3,6.547e0]
[INFO] [PIRLS/JN] cyc= 74/200 obj=3.968721e2 Δobj=-4.737e-2 |δ|∞=9.788e-3 resid=4.836e0 attempts=1 t=0.179s
[INFO] [joint-newton-tr] phase=hessian_qp cycle=75 r=5.084e0
[INFO] [979-PROBE] cyc= 75 firth_armed=true skippable=false |gradPhi|inf=1.401e3 kkt=4.836e0 |beta|inf=6.547e0 endgame=true
[WARN] [gam#979 constrained-QP] cycle=75 path=linear warm_rows=0 active_set_rows=0 beta_inf=6.5561e0
[INFO] [joint-newton-tr] phase=line_search cycle=75 r=5.084e0 hessian_qp_elapsed=0.156s
[INFO] [PIRLS/joint-Newton/TR cycle=75 attempt=1] accepted   ρ=+9.999e-1  Δobj=+4.622e-2  pred=+4.622e-2  r=5.084e0 (held)  decision=hold_inside             |δ|=2.206e-1  |δ|∞=9.574e-3  |prop|∞=9.574e-3
[INFO] [joint-newton-tr] phase=gradient_reload cycle=75 attempts=1 r=5.084e0
[INFO] [PIRLS/joint-Newton convergence] cycle  75 | step_inf=9.574e-3 (tol=7.556e-11) | accepted_step_inf=9.574e-3 | residual=4.824e0 (tol=1.402e-8) | relative_stationarity=3.441e-3 (scale=1.401e3, inner_tol=1.000e-11) | per_block_resid=[8.132e0,1.412e3,3.923e0] | obj_change=4.622e-2 (tol=3.979e-9) | beta_inf=6.556e0 | per_block_beta_inf=[2.859e-1,1.620e-3,6.556e0]
[INFO] [PIRLS/JN] cyc= 75/200 obj=3.968686e2 Δobj=-4.622e-2 |δ|∞=9.574e-3 resid=4.824e0 attempts=1 t=0.180s
[INFO] [joint-newton-tr] phase=hessian_qp cycle=76 r=5.084e0
[INFO] [979-PROBE] cyc= 76 firth_armed=true skippable=false |gradPhi|inf=1.412e3 kkt=4.824e0 |beta|inf=6.556e0 endgame=true
[WARN] [gam#979 constrained-QP] cycle=76 path=linear warm_rows=0 active_set_rows=0 beta_inf=6.5655e0
[INFO] [joint-newton-tr] phase=line_search cycle=76 r=5.084e0 hessian_qp_elapsed=0.157s
[INFO] [PIRLS/joint-Newton/TR cycle=76 attempt=1] accepted   ρ=+9.999e-1  Δobj=+4.512e-2  pred=+4.513e-2  r=5.084e0 (held)  decision=hold_inside             |δ|=2.178e-1  |δ|∞=9.369e-3  |prop|∞=9.369e-3
[INFO] [joint-newton-tr] phase=gradient_reload cycle=76 attempts=1 r=5.084e0
[INFO] [PIRLS/joint-Newton convergence] cycle  76 | step_inf=9.369e-3 (tol=7.566e-11) | accepted_step_inf=9.369e-3 | residual=4.813e0 (tol=1.413e-8) | relative_stationarity=3.406e-3 (scale=1.412e3, inner_tol=1.000e-11) | per_block_resid=[8.118e0,1.423e3,3.931e0] | obj_change=4.512e-2 (tol=3.979e-9) | beta_inf=6.566e0 | per_block_beta_inf=[2.859e-1,1.609e-3,6.566e0]
[INFO] [PIRLS/JN] cyc= 76/200 obj=3.968651e2 Δobj=-4.512e-2 |δ|∞=9.369e-3 resid=4.813e0 attempts=1 t=0.180s
[INFO] [joint-newton-tr] phase=hessian_qp cycle=77 r=5.084e0
[INFO] [979-PROBE] cyc= 77 firth_armed=true skippable=false |gradPhi|inf=1.423e3 kkt=4.813e0 |beta|inf=6.566e0 endgame=true
[WARN] [gam#979 constrained-QP] cycle=77 path=linear warm_rows=0 active_set_rows=0 beta_inf=6.5747e0
[INFO] [joint-newton-tr] phase=line_search cycle=77 r=5.084e0 hessian_qp_elapsed=0.157s
[INFO] [PIRLS/joint-Newton/TR cycle=77 attempt=1] accepted   ρ=+9.999e-1  Δobj=+4.408e-2  pred=+4.408e-2  r=5.084e0 (held)  decision=hold_inside             |δ|=2.152e-1  |δ|∞=9.173e-3  |prop|∞=9.173e-3
[INFO] [joint-newton-tr] phase=gradient_reload cycle=77 attempts=1 r=5.084e0
[INFO] [PIRLS/joint-Newton convergence] cycle  77 | step_inf=9.173e-3 (tol=7.575e-11) | accepted_step_inf=9.173e-3 | residual=4.802e0 (tol=1.424e-8) | relative_stationarity=3.372e-3 (scale=1.423e3, inner_tol=1.000e-11) | per_block_resid=[8.105e0,1.433e3,3.939e0] | obj_change=4.408e-2 (tol=3.979e-9) | beta_inf=6.575e0 | per_block_beta_inf=[2.859e-1,1.597e-3,6.575e0]
[INFO] [PIRLS/JN] cyc= 77/200 obj=3.968618e2 Δobj=-4.408e-2 |δ|∞=9.173e-3 resid=4.802e0 attempts=1 t=0.180s
[INFO] [joint-newton-tr] phase=hessian_qp cycle=78 r=5.084e0
[INFO] [979-PROBE] cyc= 78 firth_armed=true skippable=false |gradPhi|inf=1.434e3 kkt=4.802e0 |beta|inf=6.575e0 endgame=true
[WARN] [gam#979 constrained-QP] cycle=78 path=linear warm_rows=0 active_set_rows=0 beta_inf=6.5837e0
[INFO] [joint-newton-tr] phase=line_search cycle=78 r=5.084e0 hessian_qp_elapsed=0.155s
[INFO] [PIRLS/joint-Newton/TR cycle=78 attempt=1] accepted   ρ=+9.999e-1  Δobj=+4.308e-2  pred=+4.308e-2  r=5.084e0 (held)  decision=hold_inside             |δ|=2.127e-1  |δ|∞=8.986e-3  |prop|∞=8.986e-3
[INFO] [joint-newton-tr] phase=gradient_reload cycle=78 attempts=1 r=5.084e0
[INFO] [PIRLS/joint-Newton convergence] cycle  78 | step_inf=8.986e-3 (tol=7.584e-11) | accepted_step_inf=8.986e-3 | residual=4.791e0 (tol=1.435e-8) | relative_stationarity=3.339e-3 (scale=1.434e3, inner_tol=1.000e-11) | per_block_resid=[8.091e0,1.444e3,3.947e0] | obj_change=4.308e-2 (tol=3.979e-9) | beta_inf=6.584e0 | per_block_beta_inf=[2.859e-1,1.586e-3,6.584e0]
[INFO] [PIRLS/JN] cyc= 78/200 obj=3.968586e2 Δobj=-4.308e-2 |δ|∞=8.986e-3 resid=4.791e0 attempts=1 t=0.179s
[INFO] [joint-newton-tr] phase=hessian_qp cycle=79 r=5.084e0
[INFO] [979-PROBE] cyc= 79 firth_armed=true skippable=false |gradPhi|inf=1.444e3 kkt=4.791e0 |beta|inf=6.584e0 endgame=true
[WARN] [gam#979 constrained-QP] cycle=79 path=linear warm_rows=0 active_set_rows=0 beta_inf=6.5925e0
[INFO] [joint-newton-tr] phase=line_search cycle=79 r=5.084e0 hessian_qp_elapsed=0.157s
[INFO] [PIRLS/joint-Newton/TR cycle=79 attempt=1] accepted   ρ=+9.999e-1  Δobj=+4.212e-2  pred=+4.213e-2  r=5.084e0 (held)  decision=hold_inside             |δ|=2.102e-1  |δ|∞=8.806e-3  |prop|∞=8.806e-3
[INFO] [joint-newton-tr] phase=gradient_reload cycle=79 attempts=1 r=5.084e0
[INFO] [PIRLS/joint-Newton convergence] cycle  79 | step_inf=8.806e-3 (tol=7.592e-11) | accepted_step_inf=8.806e-3 | residual=4.781e0 (tol=1.445e-8) | relative_stationarity=3.307e-3 (scale=1.444e3, inner_tol=1.000e-11) | per_block_resid=[8.079e0,1.455e3,3.955e0] | obj_change=4.212e-2 (tol=3.979e-9) | beta_inf=6.592e0 | per_block_beta_inf=[2.859e-1,1.576e-3,6.592e0]
[INFO] [PIRLS/JN] cyc= 79/200 obj=3.968555e2 Δobj=-4.212e-2 |δ|∞=8.806e-3 resid=4.781e0 attempts=1 t=0.181s
[INFO] [joint-newton-tr] phase=hessian_qp cycle=80 r=5.084e0
[INFO] [979-PROBE] cyc= 80 firth_armed=true skippable=false |gradPhi|inf=1.455e3 kkt=4.781e0 |beta|inf=6.592e0 endgame=true
[WARN] [gam#979 constrained-QP] cycle=80 path=linear warm_rows=0 active_set_rows=0 beta_inf=6.6011e0
[INFO] [joint-newton-tr] phase=line_search cycle=80 r=5.084e0 hessian_qp_elapsed=0.156s
[INFO] [PIRLS/joint-Newton/TR cycle=80 attempt=1] accepted   ρ=+9.999e-1  Δobj=+4.121e-2  pred=+4.121e-2  r=5.084e0 (held)  decision=hold_inside             |δ|=2.078e-1  |δ|∞=8.633e-3  |prop|∞=8.633e-3
[INFO] [joint-newton-tr] phase=gradient_reload cycle=80 attempts=1 r=5.084e0
[INFO] [PIRLS/joint-Newton convergence] cycle  80 | step_inf=8.633e-3 (tol=7.601e-11) | accepted_step_inf=8.633e-3 | residual=4.770e0 (tol=1.456e-8) | relative_stationarity=3.276e-3 (scale=1.455e3, inner_tol=1.000e-11) | per_block_resid=[8.066e0,1.465e3,3.962e0] | obj_change=4.121e-2 (tol=3.979e-9) | beta_inf=6.601e0 | per_block_beta_inf=[2.859e-1,1.565e-3,6.601e0]
[INFO] [PIRLS/JN] cyc= 80/200 obj=3.968525e2 Δobj=-4.121e-2 |δ|∞=8.633e-3 resid=4.770e0 attempts=1 t=0.179s
[INFO] [joint-newton-tr] phase=hessian_qp cycle=81 r=5.084e0
[INFO] [979-PROBE] cyc= 81 firth_armed=true skippable=false |gradPhi|inf=1.466e3 kkt=4.770e0 |beta|inf=6.601e0 endgame=true
[WARN] [gam#979 constrained-QP] cycle=81 path=linear warm_rows=0 active_set_rows=0 beta_inf=6.6096e0
[INFO] [joint-newton-tr] phase=line_search cycle=81 r=5.084e0 hessian_qp_elapsed=0.148s
[INFO] [PIRLS/joint-Newton/TR cycle=81 attempt=1] accepted   ρ=+9.999e-1  Δobj=+4.033e-2  pred=+4.034e-2  r=5.084e0 (held)  decision=hold_inside             |δ|=2.055e-1  |δ|∞=8.467e-3  |prop|∞=8.467e-3
[INFO] [joint-newton-tr] phase=gradient_reload cycle=81 attempts=1 r=5.084e0
[INFO] [PIRLS/joint-Newton convergence] cycle  81 | step_inf=8.467e-3 (tol=7.610e-11) | accepted_step_inf=8.467e-3 | residual=4.761e0 (tol=1.467e-8) | relative_stationarity=3.246e-3 (scale=1.466e3, inner_tol=1.000e-11) | per_block_resid=[8.054e0,1.476e3,3.969e0] | obj_change=4.033e-2 (tol=3.978e-9) | beta_inf=6.610e0 | per_block_beta_inf=[2.859e-1,1.555e-3,6.610e0]
[INFO] [PIRLS/JN] cyc= 81/200 obj=3.968496e2 Δobj=-4.033e-2 |δ|∞=8.467e-3 resid=4.761e0 attempts=1 t=0.171s
[INFO] [joint-newton-tr] phase=hessian_qp cycle=82 r=5.084e0
[INFO] [979-PROBE] cyc= 82 firth_armed=true skippable=false |gradPhi|inf=1.476e3 kkt=4.761e0 |beta|inf=6.610e0 endgame=true
[WARN] [gam#979 constrained-QP] cycle=82 path=linear warm_rows=0 active_set_rows=0 beta_inf=6.6179e0
[INFO] [joint-newton-tr] phase=line_search cycle=82 r=5.084e0 hessian_qp_elapsed=0.145s
[INFO] [PIRLS/joint-Newton/TR cycle=82 attempt=1] accepted   ρ=+9.999e-1  Δobj=+3.949e-2  pred=+3.950e-2  r=5.084e0 (held)  decision=hold_inside             |δ|=2.033e-1  |δ|∞=8.308e-3  |prop|∞=8.308e-3
[INFO] [joint-newton-tr] phase=gradient_reload cycle=82 attempts=1 r=5.084e0
[INFO] [PIRLS/joint-Newton convergence] cycle  82 | step_inf=8.308e-3 (tol=7.618e-11) | accepted_step_inf=8.308e-3 | residual=4.751e0 (tol=1.477e-8) | relative_stationarity=3.217e-3 (scale=1.476e3, inner_tol=1.000e-11) | per_block_resid=[8.043e0,1.486e3,3.976e0] | obj_change=3.949e-2 (tol=3.978e-9) | beta_inf=6.618e0 | per_block_beta_inf=[2.859e-1,1.545e-3,6.618e0]
[INFO] [PIRLS/JN] cyc= 82/200 obj=3.968468e2 Δobj=-3.949e-2 |δ|∞=8.308e-3 resid=4.751e0 attempts=1 t=0.169s
[INFO] [joint-newton-tr] phase=hessian_qp cycle=83 r=5.084e0
[INFO] [979-PROBE] cyc= 83 firth_armed=true skippable=false |gradPhi|inf=1.486e3 kkt=4.751e0 |beta|inf=6.618e0 endgame=true
[WARN] [gam#979 constrained-QP] cycle=83 path=linear warm_rows=0 active_set_rows=0 beta_inf=6.6260e0
[INFO] [joint-newton-tr] phase=line_search cycle=83 r=5.084e0 hessian_qp_elapsed=0.147s
[INFO] [PIRLS/joint-Newton/TR cycle=83 attempt=1] accepted   ρ=+9.999e-1  Δobj=+3.869e-2  pred=+3.869e-2  r=5.084e0 (held)  decision=hold_inside             |δ|=2.012e-1  |δ|∞=8.154e-3  |prop|∞=8.154e-3
[INFO] [joint-newton-tr] phase=gradient_reload cycle=83 attempts=1 r=5.084e0
[INFO] [PIRLS/joint-Newton convergence] cycle  83 | step_inf=8.154e-3 (tol=7.626e-11) | accepted_step_inf=8.154e-3 | residual=4.742e0 (tol=1.487e-8) | relative_stationarity=3.189e-3 (scale=1.486e3, inner_tol=1.000e-11) | per_block_resid=[8.031e0,1.496e3,3.983e0] | obj_change=3.869e-2 (tol=3.978e-9) | beta_inf=6.626e0 | per_block_beta_inf=[2.859e-1,1.535e-3,6.626e0]
[INFO] [PIRLS/JN] cyc= 83/200 obj=3.968441e2 Δobj=-3.869e-2 |δ|∞=8.154e-3 resid=4.742e0 attempts=1 t=0.170s
[INFO] [joint-newton-tr] phase=hessian_qp cycle=84 r=5.084e0
[INFO] [979-PROBE] cyc= 84 firth_armed=true skippable=false |gradPhi|inf=1.496e3 kkt=4.742e0 |beta|inf=6.626e0 endgame=true
[WARN] [gam#979 constrained-QP] cycle=84 path=linear warm_rows=0 active_set_rows=0 beta_inf=6.6340e0
[INFO] [joint-newton-tr] phase=line_search cycle=84 r=5.084e0 hessian_qp_elapsed=0.149s
[INFO] [PIRLS/joint-Newton/TR cycle=84 attempt=1] accepted   ρ=+9.999e-1  Δobj=+3.792e-2  pred=+3.792e-2  r=5.084e0 (held)  decision=hold_inside             |δ|=1.991e-1  |δ|∞=8.006e-3  |prop|∞=8.006e-3
[INFO] [joint-newton-tr] phase=gradient_reload cycle=84 attempts=1 r=5.084e0
[INFO] [PIRLS/joint-Newton convergence] cycle  84 | step_inf=8.006e-3 (tol=7.634e-11) | accepted_step_inf=8.006e-3 | residual=4.733e0 (tol=1.497e-8) | relative_stationarity=3.161e-3 (scale=1.496e3, inner_tol=1.000e-11) | per_block_resid=[8.021e0,1.506e3,3.989e0] | obj_change=3.792e-2 (tol=3.978e-9) | beta_inf=6.634e0 | per_block_beta_inf=[2.859e-1,1.525e-3,6.634e0]
[INFO] [PIRLS/JN] cyc= 84/200 obj=3.968415e2 Δobj=-3.792e-2 |δ|∞=8.006e-3 resid=4.733e0 attempts=1 t=0.172s
[INFO] [joint-newton-tr] phase=hessian_qp cycle=85 r=5.084e0
[INFO] [979-PROBE] cyc= 85 firth_armed=true skippable=false |gradPhi|inf=1.507e3 kkt=4.733e0 |beta|inf=6.634e0 endgame=true
[WARN] [gam#979 constrained-QP] cycle=85 path=linear warm_rows=0 active_set_rows=0 beta_inf=6.6419e0
[INFO] [joint-newton-tr] phase=line_search cycle=85 r=5.084e0 hessian_qp_elapsed=0.149s
[INFO] [PIRLS/joint-Newton/TR cycle=85 attempt=1] accepted   ρ=+9.999e-1  Δobj=+3.717e-2  pred=+3.718e-2  r=5.084e0 (held)  decision=hold_inside             |δ|=1.971e-1  |δ|∞=7.864e-3  |prop|∞=7.864e-3
[INFO] [joint-newton-tr] phase=gradient_reload cycle=85 attempts=1 r=5.084e0
[INFO] [PIRLS/joint-Newton convergence] cycle  85 | step_inf=7.864e-3 (tol=7.642e-11) | accepted_step_inf=7.864e-3 | residual=4.724e0 (tol=1.508e-8) | relative_stationarity=3.134e-3 (scale=1.507e3, inner_tol=1.000e-11) | per_block_resid=[8.010e0,1.516e3,3.996e0] | obj_change=3.717e-2 (tol=3.978e-9) | beta_inf=6.642e0 | per_block_beta_inf=[2.859e-1,1.516e-3,6.642e0]
[INFO] [PIRLS/JN] cyc= 85/200 obj=3.968389e2 Δobj=-3.717e-2 |δ|∞=7.864e-3 resid=4.724e0 attempts=1 t=0.172s
[INFO] [joint-newton-tr] phase=hessian_qp cycle=86 r=5.084e0
[INFO] [979-PROBE] cyc= 86 firth_armed=true skippable=false |gradPhi|inf=1.517e3 kkt=4.724e0 |beta|inf=6.642e0 endgame=true
[WARN] [gam#979 constrained-QP] cycle=86 path=linear warm_rows=0 active_set_rows=0 beta_inf=6.6496e0
[INFO] [joint-newton-tr] phase=line_search cycle=86 r=5.084e0 hessian_qp_elapsed=0.155s
[INFO] [PIRLS/joint-Newton/TR cycle=86 attempt=1] accepted   ρ=+9.999e-1  Δobj=+3.646e-2  pred=+3.646e-2  r=5.084e0 (held)  decision=hold_inside             |δ|=1.951e-1  |δ|∞=7.727e-3  |prop|∞=7.727e-3
[INFO] [joint-newton-tr] phase=gradient_reload cycle=86 attempts=1 r=5.084e0
[INFO] [PIRLS/joint-Newton convergence] cycle  86 | step_inf=7.727e-3 (tol=7.650e-11) | accepted_step_inf=7.727e-3 | residual=4.716e0 (tol=1.518e-8) | relative_stationarity=3.108e-3 (scale=1.517e3, inner_tol=1.000e-11) | per_block_resid=[8.000e0,1.526e3,4.002e0] | obj_change=3.646e-2 (tol=3.978e-9) | beta_inf=6.650e0 | per_block_beta_inf=[2.859e-1,1.506e-3,6.650e0]
[INFO] [PIRLS/JN] cyc= 86/200 obj=3.968364e2 Δobj=-3.646e-2 |δ|∞=7.727e-3 resid=4.716e0 attempts=1 t=0.179s
[INFO] [joint-newton-tr] phase=hessian_qp cycle=87 r=5.084e0
[INFO] [979-PROBE] cyc= 87 firth_armed=true skippable=false |gradPhi|inf=1.526e3 kkt=4.716e0 |beta|inf=6.650e0 endgame=true
[WARN] [gam#979 constrained-QP] cycle=87 path=linear warm_rows=0 active_set_rows=0 beta_inf=6.6572e0
[INFO] [joint-newton-tr] phase=line_search cycle=87 r=5.084e0 hessian_qp_elapsed=0.151s
[INFO] [PIRLS/joint-Newton/TR cycle=87 attempt=1] accepted   ρ=+9.999e-1  Δobj=+3.577e-2  pred=+3.578e-2  r=5.084e0 (held)  decision=hold_inside             |δ|=1.932e-1  |δ|∞=7.595e-3  |prop|∞=7.595e-3
[INFO] [joint-newton-tr] phase=gradient_reload cycle=87 attempts=1 r=5.084e0
[INFO] [PIRLS/joint-Newton convergence] cycle  87 | step_inf=7.595e-3 (tol=7.657e-11) | accepted_step_inf=7.595e-3 | residual=4.708e0 (tol=1.527e-8) | relative_stationarity=3.082e-3 (scale=1.526e3, inner_tol=1.000e-11) | per_block_resid=[7.990e0,1.536e3,4.008e0] | obj_change=3.577e-2 (tol=3.978e-9) | beta_inf=6.657e0 | per_block_beta_inf=[2.859e-1,1.497e-3,6.657e0]
[INFO] [PIRLS/JN] cyc= 87/200 obj=3.968340e2 Δobj=-3.577e-2 |δ|∞=7.595e-3 resid=4.708e0 attempts=1 t=0.174s
[INFO] [joint-newton-tr] phase=hessian_qp cycle=88 r=5.084e0
[INFO] [979-PROBE] cyc= 88 firth_armed=true skippable=false |gradPhi|inf=1.536e3 kkt=4.708e0 |beta|inf=6.657e0 endgame=true
[WARN] [gam#979 constrained-QP] cycle=88 path=linear warm_rows=0 active_set_rows=0 beta_inf=6.6647e0
[INFO] [joint-newton-tr] phase=line_search cycle=88 r=5.084e0 hessian_qp_elapsed=0.146s
[INFO] [PIRLS/joint-Newton/TR cycle=88 attempt=1] accepted   ρ=+9.999e-1  Δobj=+3.511e-2  pred=+3.511e-2  r=5.084e0 (held)  decision=hold_inside             |δ|=1.913e-1  |δ|∞=7.467e-3  |prop|∞=7.467e-3
[INFO] [joint-newton-tr] phase=gradient_reload cycle=88 attempts=1 r=5.084e0
[INFO] [PIRLS/joint-Newton convergence] cycle  88 | step_inf=7.467e-3 (tol=7.665e-11) | accepted_step_inf=7.467e-3 | residual=4.700e0 (tol=1.537e-8) | relative_stationarity=3.057e-3 (scale=1.536e3, inner_tol=1.000e-11) | per_block_resid=[7.980e0,1.546e3,4.014e0] | obj_change=3.511e-2 (tol=3.978e-9) | beta_inf=6.665e0 | per_block_beta_inf=[2.859e-1,1.488e-3,6.665e0]
[INFO] [PIRLS/JN] cyc= 88/200 obj=3.968317e2 Δobj=-3.511e-2 |δ|∞=7.467e-3 resid=4.700e0 attempts=1 t=0.169s
[INFO] [joint-newton-tr] phase=hessian_qp cycle=89 r=5.084e0
[INFO] [979-PROBE] cyc= 89 firth_armed=true skippable=false |gradPhi|inf=1.546e3 kkt=4.700e0 |beta|inf=6.665e0 endgame=true
[WARN] [gam#979 constrained-QP] cycle=89 path=linear warm_rows=0 active_set_rows=0 beta_inf=6.6720e0
[INFO] [joint-newton-tr] phase=line_search cycle=89 r=5.084e0 hessian_qp_elapsed=0.151s
[INFO] [PIRLS/joint-Newton/TR cycle=89 attempt=1] accepted   ρ=+9.999e-1  Δobj=+3.447e-2  pred=+3.447e-2  r=5.084e0 (held)  decision=hold_inside             |δ|=1.895e-1  |δ|∞=7.343e-3  |prop|∞=7.343e-3
[INFO] [joint-newton-tr] phase=gradient_reload cycle=89 attempts=1 r=5.084e0
[INFO] [PIRLS/joint-Newton convergence] cycle  89 | step_inf=7.343e-3 (tol=7.672e-11) | accepted_step_inf=7.343e-3 | residual=4.692e0 (tol=1.547e-8) | relative_stationarity=3.033e-3 (scale=1.546e3, inner_tol=1.000e-11) | per_block_resid=[7.971e0,1.555e3,4.020e0] | obj_change=3.447e-2 (tol=3.978e-9) | beta_inf=6.672e0 | per_block_beta_inf=[2.859e-1,1.480e-3,6.672e0]
[INFO] [PIRLS/JN] cyc= 89/200 obj=3.968294e2 Δobj=-3.447e-2 |δ|∞=7.343e-3 resid=4.692e0 attempts=1 t=0.175s
[INFO] [joint-newton-tr] phase=hessian_qp cycle=90 r=5.084e0
[INFO] [979-PROBE] cyc= 90 firth_armed=true skippable=false |gradPhi|inf=1.556e3 kkt=4.692e0 |beta|inf=6.672e0 endgame=true
[WARN] [gam#979 constrained-QP] cycle=90 path=linear warm_rows=0 active_set_rows=0 beta_inf=6.6793e0
[INFO] [joint-newton-tr] phase=line_search cycle=90 r=5.084e0 hessian_qp_elapsed=0.148s
[INFO] [PIRLS/joint-Newton/TR cycle=90 attempt=1] accepted   ρ=+9.999e-1  Δobj=+3.386e-2  pred=+3.386e-2  r=5.084e0 (held)  decision=hold_inside             |δ|=1.878e-1  |δ|∞=7.224e-3  |prop|∞=7.224e-3
[INFO] [joint-newton-tr] phase=gradient_reload cycle=90 attempts=1 r=5.084e0
[INFO] [PIRLS/joint-Newton convergence] cycle  90 | step_inf=7.224e-3 (tol=7.679e-11) | accepted_step_inf=7.224e-3 | residual=4.684e0 (tol=1.557e-8) | relative_stationarity=3.009e-3 (scale=1.556e3, inner_tol=1.000e-11) | per_block_resid=[7.962e0,1.565e3,4.026e0] | obj_change=3.386e-2 (tol=3.978e-9) | beta_inf=6.679e0 | per_block_beta_inf=[2.859e-1,1.471e-3,6.679e0]
[INFO] [PIRLS/JN] cyc= 90/200 obj=3.968272e2 Δobj=-3.386e-2 |δ|∞=7.224e-3 resid=4.684e0 attempts=1 t=0.171s
[INFO] [joint-newton-tr] phase=hessian_qp cycle=91 r=5.084e0
[INFO] [979-PROBE] cyc= 91 firth_armed=true skippable=false |gradPhi|inf=1.565e3 kkt=4.684e0 |beta|inf=6.679e0 endgame=true
[WARN] [gam#979 constrained-QP] cycle=91 path=linear warm_rows=0 active_set_rows=0 beta_inf=6.6864e0
[INFO] [joint-newton-tr] phase=line_search cycle=91 r=5.084e0 hessian_qp_elapsed=0.154s
[INFO] [PIRLS/joint-Newton/TR cycle=91 attempt=1] accepted   ρ=+9.999e-1  Δobj=+3.326e-2  pred=+3.327e-2  r=5.084e0 (held)  decision=hold_inside             |δ|=1.861e-1  |δ|∞=7.109e-3  |prop|∞=7.109e-3
[INFO] [joint-newton-tr] phase=gradient_reload cycle=91 attempts=1 r=5.084e0
[INFO] [PIRLS/joint-Newton convergence] cycle  91 | step_inf=7.109e-3 (tol=7.686e-11) | accepted_step_inf=7.109e-3 | residual=4.677e0 (tol=1.566e-8) | relative_stationarity=2.986e-3 (scale=1.565e3, inner_tol=1.000e-11) | per_block_resid=[7.953e0,1.574e3,4.031e0] | obj_change=3.326e-2 (tol=3.978e-9) | beta_inf=6.686e0 | per_block_beta_inf=[2.859e-1,1.463e-3,6.686e0]
[INFO] [PIRLS/JN] cyc= 91/200 obj=3.968251e2 Δobj=-3.326e-2 |δ|∞=7.109e-3 resid=4.677e0 attempts=1 t=0.177s
[INFO] [joint-newton-tr] phase=hessian_qp cycle=92 r=5.084e0
[INFO] [979-PROBE] cyc= 92 firth_armed=true skippable=false |gradPhi|inf=1.575e3 kkt=4.677e0 |beta|inf=6.686e0 endgame=true
[WARN] [gam#979 constrained-QP] cycle=92 path=linear warm_rows=0 active_set_rows=0 beta_inf=6.6934e0
[INFO] [joint-newton-tr] phase=line_search cycle=92 r=5.084e0 hessian_qp_elapsed=0.154s
[INFO] [PIRLS/joint-Newton/TR cycle=92 attempt=1] accepted   ρ=+9.999e-1  Δobj=+3.269e-2  pred=+3.269e-2  r=5.084e0 (held)  decision=hold_inside             |δ|=1.844e-1  |δ|∞=6.997e-3  |prop|∞=6.997e-3
[INFO] [joint-newton-tr] phase=gradient_reload cycle=92 attempts=1 r=5.084e0
[INFO] [PIRLS/joint-Newton convergence] cycle  92 | step_inf=6.997e-3 (tol=7.693e-11) | accepted_step_inf=6.997e-3 | residual=4.670e0 (tol=1.576e-8) | relative_stationarity=2.964e-3 (scale=1.575e3, inner_tol=1.000e-11) | per_block_resid=[7.944e0,1.584e3,4.037e0] | obj_change=3.269e-2 (tol=3.978e-9) | beta_inf=6.693e0 | per_block_beta_inf=[2.859e-1,1.455e-3,6.693e0]
[INFO] [PIRLS/JN] cyc= 92/200 obj=3.968230e2 Δobj=-3.269e-2 |δ|∞=6.997e-3 resid=4.670e0 attempts=1 t=0.177s
[INFO] [joint-newton-tr] phase=hessian_qp cycle=93 r=5.084e0
[INFO] [979-PROBE] cyc= 93 firth_armed=true skippable=false |gradPhi|inf=1.584e3 kkt=4.670e0 |beta|inf=6.693e0 endgame=true
[WARN] [gam#979 constrained-QP] cycle=93 path=linear warm_rows=0 active_set_rows=0 beta_inf=6.7003e0
[INFO] [joint-newton-tr] phase=line_search cycle=93 r=5.084e0 hessian_qp_elapsed=0.155s
[INFO] [PIRLS/joint-Newton/TR cycle=93 attempt=1] accepted   ρ=+9.999e-1  Δobj=+3.213e-2  pred=+3.214e-2  r=5.084e0 (held)  decision=hold_inside             |δ|=1.828e-1  |δ|∞=6.889e-3  |prop|∞=6.889e-3
[INFO] [joint-newton-tr] phase=gradient_reload cycle=93 attempts=1 r=5.084e0
[INFO] [PIRLS/joint-Newton convergence] cycle  93 | step_inf=6.889e-3 (tol=7.700e-11) | accepted_step_inf=6.889e-3 | residual=4.663e0 (tol=1.585e-8) | relative_stationarity=2.942e-3 (scale=1.584e3, inner_tol=1.000e-11) | per_block_resid=[7.936e0,1.593e3,4.042e0] | obj_change=3.213e-2 (tol=3.978e-9) | beta_inf=6.700e0 | per_block_beta_inf=[2.859e-1,1.446e-3,6.700e0]
[INFO] [PIRLS/JN] cyc= 93/200 obj=3.968210e2 Δobj=-3.213e-2 |δ|∞=6.889e-3 resid=4.663e0 attempts=1 t=0.178s
[INFO] [joint-newton-tr] phase=hessian_qp cycle=94 r=5.084e0
[INFO] [979-PROBE] cyc= 94 firth_armed=true skippable=false |gradPhi|inf=1.593e3 kkt=4.663e0 |beta|inf=6.700e0 endgame=true
[WARN] [gam#979 constrained-QP] cycle=94 path=linear warm_rows=0 active_set_rows=0 beta_inf=6.7070e0
[INFO] [joint-newton-tr] phase=line_search cycle=94 r=5.084e0 hessian_qp_elapsed=0.149s
[INFO] [PIRLS/joint-Newton/TR cycle=94 attempt=1] accepted   ρ=+9.999e-1  Δobj=+3.160e-2  pred=+3.160e-2  r=5.084e0 (held)  decision=hold_inside             |δ|=1.812e-1  |δ|∞=6.784e-3  |prop|∞=6.784e-3
[INFO] [joint-newton-tr] phase=gradient_reload cycle=94 attempts=1 r=5.084e0
[INFO] [PIRLS/joint-Newton convergence] cycle  94 | step_inf=6.784e-3 (tol=7.707e-11) | accepted_step_inf=6.784e-3 | residual=4.656e0 (tol=1.594e-8) | relative_stationarity=2.920e-3 (scale=1.593e3, inner_tol=1.000e-11) | per_block_resid=[7.927e0,1.602e3,4.048e0] | obj_change=3.160e-2 (tol=3.978e-9) | beta_inf=6.707e0 | per_block_beta_inf=[2.859e-1,1.439e-3,6.707e0]
[INFO] [PIRLS/JN] cyc= 94/200 obj=3.968190e2 Δobj=-3.160e-2 |δ|∞=6.784e-3 resid=4.656e0 attempts=1 t=0.171s
[INFO] [joint-newton-tr] phase=hessian_qp cycle=95 r=5.084e0
[INFO] [979-PROBE] cyc= 95 firth_armed=true skippable=false |gradPhi|inf=1.603e3 kkt=4.656e0 |beta|inf=6.707e0 endgame=true
[WARN] [gam#979 constrained-QP] cycle=95 path=linear warm_rows=0 active_set_rows=0 beta_inf=6.7137e0
[INFO] [joint-newton-tr] phase=line_search cycle=95 r=5.084e0 hessian_qp_elapsed=0.145s
[INFO] [PIRLS/joint-Newton/TR cycle=95 attempt=1] accepted   ρ=+9.999e-1  Δobj=+3.108e-2  pred=+3.108e-2  r=5.084e0 (held)  decision=hold_inside             |δ|=1.797e-1  |δ|∞=6.683e-3  |prop|∞=6.683e-3
[INFO] [joint-newton-tr] phase=gradient_reload cycle=95 attempts=1 r=5.084e0
[INFO] [PIRLS/joint-Newton convergence] cycle  95 | step_inf=6.683e-3 (tol=7.714e-11) | accepted_step_inf=6.683e-3 | residual=4.649e0 (tol=1.604e-8) | relative_stationarity=2.899e-3 (scale=1.603e3, inner_tol=1.000e-11) | per_block_resid=[7.919e0,1.611e3,4.053e0] | obj_change=3.108e-2 (tol=3.978e-9) | beta_inf=6.714e0 | per_block_beta_inf=[2.859e-1,1.431e-3,6.714e0]
[INFO] [PIRLS/JN] cyc= 95/200 obj=3.968171e2 Δobj=-3.108e-2 |δ|∞=6.683e-3 resid=4.649e0 attempts=1 t=0.166s
[INFO] [joint-newton-tr] phase=hessian_qp cycle=96 r=5.084e0
[INFO] [979-PROBE] cyc= 96 firth_armed=true skippable=false |gradPhi|inf=1.612e3 kkt=4.649e0 |beta|inf=6.714e0 endgame=true
[WARN] [gam#979 constrained-QP] cycle=96 path=linear warm_rows=0 active_set_rows=0 beta_inf=6.7203e0
[INFO] [joint-newton-tr] phase=line_search cycle=96 r=5.084e0 hessian_qp_elapsed=0.144s
[INFO] [PIRLS/joint-Newton/TR cycle=96 attempt=1] accepted   ρ=+9.999e-1  Δobj=+3.058e-2  pred=+3.058e-2  r=5.084e0 (held)  decision=hold_inside             |δ|=1.782e-1  |δ|∞=6.584e-3  |prop|∞=6.584e-3
[INFO] [joint-newton-tr] phase=gradient_reload cycle=96 attempts=1 r=5.084e0
[INFO] [PIRLS/joint-Newton convergence] cycle  96 | step_inf=6.584e-3 (tol=7.720e-11) | accepted_step_inf=6.584e-3 | residual=4.643e0 (tol=1.613e-8) | relative_stationarity=2.879e-3 (scale=1.612e3, inner_tol=1.000e-11) | per_block_resid=[7.911e0,1.621e3,4.058e0] | obj_change=3.058e-2 (tol=3.978e-9) | beta_inf=6.720e0 | per_block_beta_inf=[2.859e-1,1.423e-3,6.720e0]
[INFO] [PIRLS/JN] cyc= 96/200 obj=3.968152e2 Δobj=-3.058e-2 |δ|∞=6.584e-3 resid=4.643e0 attempts=1 t=0.166s
[INFO] [joint-newton-tr] phase=hessian_qp cycle=97 r=5.084e0
[INFO] [979-PROBE] cyc= 97 firth_armed=true skippable=false |gradPhi|inf=1.621e3 kkt=4.643e0 |beta|inf=6.720e0 endgame=true
[WARN] [gam#979 constrained-QP] cycle=97 path=linear warm_rows=0 active_set_rows=0 beta_inf=6.7268e0
[INFO] [joint-newton-tr] phase=line_search cycle=97 r=5.084e0 hessian_qp_elapsed=0.145s
[INFO] [PIRLS/joint-Newton/TR cycle=97 attempt=1] accepted   ρ=+9.999e-1  Δobj=+3.009e-2  pred=+3.010e-2  r=5.084e0 (held)  decision=hold_inside             |δ|=1.767e-1  |δ|∞=6.489e-3  |prop|∞=6.489e-3
[INFO] [joint-newton-tr] phase=gradient_reload cycle=97 attempts=1 r=5.084e0
[INFO] [PIRLS/joint-Newton convergence] cycle  97 | step_inf=6.489e-3 (tol=7.727e-11) | accepted_step_inf=6.489e-3 | residual=4.636e0 (tol=1.622e-8) | relative_stationarity=2.859e-3 (scale=1.621e3, inner_tol=1.000e-11) | per_block_resid=[7.904e0,1.630e3,4.063e0] | obj_change=3.009e-2 (tol=3.978e-9) | beta_inf=6.727e0 | per_block_beta_inf=[2.859e-1,1.416e-3,6.727e0]
[INFO] [PIRLS/JN] cyc= 97/200 obj=3.968134e2 Δobj=-3.009e-2 |δ|∞=6.489e-3 resid=4.636e0 attempts=1 t=0.167s
[INFO] [joint-newton-tr] phase=hessian_qp cycle=98 r=5.084e0
[INFO] [979-PROBE] cyc= 98 firth_armed=true skippable=false |gradPhi|inf=1.630e3 kkt=4.636e0 |beta|inf=6.727e0 endgame=true
[WARN] [gam#979 constrained-QP] cycle=98 path=linear warm_rows=0 active_set_rows=0 beta_inf=6.7332e0
[INFO] [joint-newton-tr] phase=line_search cycle=98 r=5.084e0 hessian_qp_elapsed=0.146s
[INFO] [PIRLS/joint-Newton/TR cycle=98 attempt=1] accepted   ρ=+9.999e-1  Δobj=+2.962e-2  pred=+2.963e-2  r=5.084e0 (held)  decision=hold_inside             |δ|=1.753e-1  |δ|∞=6.396e-3  |prop|∞=6.396e-3
[INFO] [joint-newton-tr] phase=gradient_reload cycle=98 attempts=1 r=5.084e0
[INFO] [PIRLS/joint-Newton convergence] cycle  98 | step_inf=6.396e-3 (tol=7.733e-11) | accepted_step_inf=6.396e-3 | residual=4.630e0 (tol=1.631e-8) | relative_stationarity=2.839e-3 (scale=1.630e3, inner_tol=1.000e-11) | per_block_resid=[7.896e0,1.639e3,4.068e0] | obj_change=2.962e-2 (tol=3.978e-9) | beta_inf=6.733e0 | per_block_beta_inf=[2.859e-1,1.408e-3,6.733e0]
[INFO] [PIRLS/JN] cyc= 98/200 obj=3.968116e2 Δobj=-2.962e-2 |δ|∞=6.396e-3 resid=4.630e0 attempts=1 t=0.169s
[INFO] [joint-newton-tr] phase=hessian_qp cycle=99 r=5.084e0
[INFO] [979-PROBE] cyc= 99 firth_armed=true skippable=false |gradPhi|inf=1.639e3 kkt=4.630e0 |beta|inf=6.733e0 endgame=true
[WARN] [gam#979 constrained-QP] cycle=99 path=linear warm_rows=0 active_set_rows=0 beta_inf=6.7395e0
[INFO] [joint-newton-tr] phase=line_search cycle=99 r=5.084e0 hessian_qp_elapsed=0.145s
[INFO] [PIRLS/joint-Newton/TR cycle=99 attempt=1] accepted   ρ=+9.999e-1  Δobj=+2.917e-2  pred=+2.917e-2  r=5.084e0 (held)  decision=hold_inside             |δ|=1.739e-1  |δ|∞=6.306e-3  |prop|∞=6.306e-3
[INFO] [joint-newton-tr] phase=gradient_reload cycle=99 attempts=1 r=5.084e0
[INFO] [PIRLS/joint-Newton convergence] cycle  99 | step_inf=6.306e-3 (tol=7.740e-11) | accepted_step_inf=6.306e-3 | residual=4.624e0 (tol=1.640e-8) | relative_stationarity=2.820e-3 (scale=1.639e3, inner_tol=1.000e-11) | per_block_resid=[7.889e0,1.647e3,4.072e0] | obj_change=2.917e-2 (tol=3.978e-9) | beta_inf=6.740e0 | per_block_beta_inf=[2.859e-1,1.401e-3,6.740e0]
[INFO] [PIRLS/JN] cyc= 99/200 obj=3.968098e2 -loglik=3.759332e2 pen=2.088e1 Δobj=-2.917e-2 |δ|∞=6.306e-3 accepted_|δ|∞=6.306e-3 resid=4.624e0 (tol=1.640e-8) rel_stat=2.820e-3 (scale=1.639e3) obj_tol=3.978e-9 step_tol=7.740e-11 |β|∞=6.740e0 attempts=1 t=0.168s
[INFO] [joint-newton-tr] phase=hessian_qp cycle=100 r=5.084e0
[INFO] [979-PROBE] cyc=100 firth_armed=true skippable=false |gradPhi|inf=1.648e3 kkt=4.624e0 |beta|inf=6.740e0 endgame=true
[WARN] [gam#979 constrained-QP] cycle=100 path=linear warm_rows=0 active_set_rows=0 beta_inf=6.7457e0
[INFO] [joint-newton-tr] phase=line_search cycle=100 r=5.084e0 hessian_qp_elapsed=0.145s
[INFO] [PIRLS/joint-Newton/TR cycle=100 attempt=1] accepted   ρ=+9.999e-1  Δobj=+2.873e-2  pred=+2.873e-2  r=5.084e0 (held)  decision=hold_inside             |δ|=1.726e-1  |δ|∞=6.219e-3  |prop|∞=6.219e-3
[INFO] [joint-newton-tr] phase=gradient_reload cycle=100 attempts=1 r=5.084e0
[INFO] [PIRLS/joint-Newton convergence] cycle 100 | step_inf=6.219e-3 (tol=7.746e-11) | accepted_step_inf=6.219e-3 | residual=4.618e0 (tol=1.649e-8) | relative_stationarity=2.801e-3 (scale=1.648e3, inner_tol=1.000e-11) | per_block_resid=[7.882e0,1.656e3,4.077e0] | obj_change=2.873e-2 (tol=3.978e-9) | beta_inf=6.746e0 | per_block_beta_inf=[2.859e-1,1.394e-3,6.746e0]
[INFO] [PIRLS/JN] cyc=100/200 obj=3.968082e2 Δobj=-2.873e-2 |δ|∞=6.219e-3 resid=4.618e0 attempts=1 t=0.168s
[INFO] [joint-newton-tr] phase=hessian_qp cycle=101 r=5.084e0
[INFO] [979-PROBE] cyc=101 firth_armed=true skippable=false |gradPhi|inf=1.656e3 kkt=4.618e0 |beta|inf=6.746e0 endgame=true
[WARN] [gam#979 constrained-QP] cycle=101 path=linear warm_rows=0 active_set_rows=0 beta_inf=6.7519e0
[INFO] [joint-newton-tr] phase=line_search cycle=101 r=5.084e0 hessian_qp_elapsed=0.146s
[INFO] [PIRLS/joint-Newton/TR cycle=101 attempt=1] accepted   ρ=+9.999e-1  Δobj=+2.830e-2  pred=+2.830e-2  r=5.084e0 (held)  decision=hold_inside             |δ|=1.712e-1  |δ|∞=6.134e-3  |prop|∞=6.134e-3
[INFO] [joint-newton-tr] phase=gradient_reload cycle=101 attempts=1 r=5.084e0
[INFO] [PIRLS/joint-Newton convergence] cycle 101 | step_inf=6.134e-3 (tol=7.752e-11) | accepted_step_inf=6.134e-3 | residual=4.612e0 (tol=1.657e-8) | relative_stationarity=2.783e-3 (scale=1.656e3, inner_tol=1.000e-11) | per_block_resid=[7.875e0,1.665e3,4.082e0] | obj_change=2.830e-2 (tol=3.978e-9) | beta_inf=6.752e0 | per_block_beta_inf=[2.859e-1,1.387e-3,6.752e0]
[INFO] [PIRLS/JN] cyc=101/200 obj=3.968065e2 Δobj=-2.830e-2 |δ|∞=6.134e-3 resid=4.612e0 attempts=1 t=0.169s
[INFO] [joint-newton-tr] phase=hessian_qp cycle=102 r=5.084e0
[INFO] [979-PROBE] cyc=102 firth_armed=true skippable=false |gradPhi|inf=1.665e3 kkt=4.612e0 |beta|inf=6.752e0 endgame=true
[WARN] [gam#979 constrained-QP] cycle=102 path=linear warm_rows=0 active_set_rows=0 beta_inf=6.7579e0
[INFO] [joint-newton-tr] phase=line_search cycle=102 r=5.084e0 hessian_qp_elapsed=0.145s
[INFO] [PIRLS/joint-Newton/TR cycle=102 attempt=1] accepted   ρ=+9.999e-1  Δobj=+2.788e-2  pred=+2.788e-2  r=5.084e0 (held)  decision=hold_inside             |δ|=1.699e-1  |δ|∞=6.051e-3  |prop|∞=6.051e-3
[INFO] [joint-newton-tr] phase=gradient_reload cycle=102 attempts=1 r=5.084e0
[INFO] [PIRLS/joint-Newton convergence] cycle 102 | step_inf=6.051e-3 (tol=7.758e-11) | accepted_step_inf=6.051e-3 | residual=4.606e0 (tol=1.666e-8) | relative_stationarity=2.764e-3 (scale=1.665e3, inner_tol=1.000e-11) | per_block_resid=[7.868e0,1.674e3,4.086e0] | obj_change=2.788e-2 (tol=3.978e-9) | beta_inf=6.758e0 | per_block_beta_inf=[2.859e-1,1.380e-3,6.758e0]
[INFO] [PIRLS/JN] cyc=102/200 obj=3.968049e2 Δobj=-2.788e-2 |δ|∞=6.051e-3 resid=4.606e0 attempts=1 t=0.168s
[INFO] [joint-newton-tr] phase=hessian_qp cycle=103 r=5.084e0
[INFO] [979-PROBE] cyc=103 firth_armed=true skippable=false |gradPhi|inf=1.674e3 kkt=4.606e0 |beta|inf=6.758e0 endgame=true
[WARN] [gam#979 constrained-QP] cycle=103 path=linear warm_rows=0 active_set_rows=0 beta_inf=6.7639e0
[INFO] [joint-newton-tr] phase=line_search cycle=103 r=5.084e0 hessian_qp_elapsed=0.145s
[INFO] [PIRLS/joint-Newton/TR cycle=103 attempt=1] accepted   ρ=+9.999e-1  Δobj=+2.748e-2  pred=+2.748e-2  r=5.084e0 (held)  decision=hold_inside             |δ|=1.687e-1  |δ|∞=5.971e-3  |prop|∞=5.971e-3
[INFO] [joint-newton-tr] phase=gradient_reload cycle=103 attempts=1 r=5.084e0
[INFO] [PIRLS/joint-Newton convergence] cycle 103 | step_inf=5.971e-3 (tol=7.764e-11) | accepted_step_inf=5.971e-3 | residual=4.601e0 (tol=1.675e-8) | relative_stationarity=2.747e-3 (scale=1.674e3, inner_tol=1.000e-11) | per_block_resid=[7.861e0,1.682e3,4.091e0] | obj_change=2.748e-2 (tol=3.978e-9) | beta_inf=6.764e0 | per_block_beta_inf=[2.859e-1,1.373e-3,6.764e0]
[INFO] [PIRLS/JN] cyc=103/200 obj=3.968033e2 Δobj=-2.748e-2 |δ|∞=5.971e-3 resid=4.601e0 attempts=1 t=0.168s
[INFO] [joint-newton-tr] phase=hessian_qp cycle=104 r=5.084e0
[INFO] [979-PROBE] cyc=104 firth_armed=true skippable=false |gradPhi|inf=1.683e3 kkt=4.601e0 |beta|inf=6.764e0 endgame=true
[WARN] [gam#979 constrained-QP] cycle=104 path=linear warm_rows=0 active_set_rows=0 beta_inf=6.7698e0
[INFO] [joint-newton-tr] phase=line_search cycle=104 r=5.084e0 hessian_qp_elapsed=0.151s
[INFO] [PIRLS/joint-Newton/TR cycle=104 attempt=1] accepted   ρ=+9.999e-1  Δobj=+2.709e-2  pred=+2.709e-2  r=5.084e0 (held)  decision=hold_inside             |δ|=1.674e-1  |δ|∞=5.892e-3  |prop|∞=5.892e-3
[INFO] [joint-newton-tr] phase=gradient_reload cycle=104 attempts=1 r=5.084e0
[INFO] [PIRLS/joint-Newton convergence] cycle 104 | step_inf=5.892e-3 (tol=7.770e-11) | accepted_step_inf=5.892e-3 | residual=4.595e0 (tol=1.684e-8) | relative_stationarity=2.729e-3 (scale=1.683e3, inner_tol=1.000e-11) | per_block_resid=[7.855e0,1.691e3,4.095e0] | obj_change=2.709e-2 (tol=3.978e-9) | beta_inf=6.770e0 | per_block_beta_inf=[2.859e-1,1.367e-3,6.770e0]
[INFO] [PIRLS/JN] cyc=104/200 obj=3.968018e2 Δobj=-2.709e-2 |δ|∞=5.892e-3 resid=4.595e0 attempts=1 t=0.174s
[INFO] [joint-newton-tr] phase=hessian_qp cycle=105 r=5.084e0
[INFO] [979-PROBE] cyc=105 firth_armed=true skippable=false |gradPhi|inf=1.691e3 kkt=4.595e0 |beta|inf=6.770e0 endgame=true
[WARN] [gam#979 constrained-QP] cycle=105 path=linear warm_rows=0 active_set_rows=0 beta_inf=6.7756e0
[INFO] [joint-newton-tr] phase=line_search cycle=105 r=5.084e0 hessian_qp_elapsed=0.150s
[INFO] [PIRLS/joint-Newton/TR cycle=105 attempt=1] accepted   ρ=+9.999e-1  Δobj=+2.670e-2  pred=+2.671e-2  r=5.084e0 (held)  decision=hold_inside             |δ|=1.662e-1  |δ|∞=5.816e-3  |prop|∞=5.816e-3
[INFO] [joint-newton-tr] phase=gradient_reload cycle=105 attempts=1 r=5.084e0
[INFO] [PIRLS/joint-Newton convergence] cycle 105 | step_inf=5.816e-3 (tol=7.776e-11) | accepted_step_inf=5.816e-3 | residual=4.590e0 (tol=1.692e-8) | relative_stationarity=2.712e-3 (scale=1.691e3, inner_tol=1.000e-11) | per_block_resid=[7.848e0,1.699e3,4.099e0] | obj_change=2.670e-2 (tol=3.978e-9) | beta_inf=6.776e0 | per_block_beta_inf=[2.859e-1,1.360e-3,6.776e0]
[INFO] [PIRLS/JN] cyc=105/200 obj=3.968003e2 Δobj=-2.670e-2 |δ|∞=5.816e-3 resid=4.590e0 attempts=1 t=0.173s
[INFO] [joint-newton-tr] phase=hessian_qp cycle=106 r=5.084e0
[INFO] [979-PROBE] cyc=106 firth_armed=true skippable=false |gradPhi|inf=1.700e3 kkt=4.590e0 |beta|inf=6.776e0 endgame=true
[WARN] [gam#979 constrained-QP] cycle=106 path=linear warm_rows=0 active_set_rows=0 beta_inf=6.7813e0
[INFO] [joint-newton-tr] phase=line_search cycle=106 r=5.084e0 hessian_qp_elapsed=0.153s
[INFO] [PIRLS/joint-Newton/TR cycle=106 attempt=1] accepted   ρ=+9.999e-1  Δobj=+2.633e-2  pred=+2.634e-2  r=5.084e0 (held)  decision=hold_inside             |δ|=1.650e-1  |δ|∞=5.742e-3  |prop|∞=5.742e-3
[INFO] [joint-newton-tr] phase=gradient_reload cycle=106 attempts=1 r=5.084e0
[INFO] [PIRLS/joint-Newton convergence] cycle 106 | step_inf=5.742e-3 (tol=7.781e-11) | accepted_step_inf=5.742e-3 | residual=4.585e0 (tol=1.701e-8) | relative_stationarity=2.696e-3 (scale=1.700e3, inner_tol=1.000e-11) | per_block_resid=[7.842e0,1.708e3,4.103e0] | obj_change=2.633e-2 (tol=3.978e-9) | beta_inf=6.781e0 | per_block_beta_inf=[2.859e-1,1.354e-3,6.781e0]
[INFO] [PIRLS/JN] cyc=106/200 obj=3.967988e2 Δobj=-2.633e-2 |δ|∞=5.742e-3 resid=4.585e0 attempts=1 t=0.176s
[INFO] [joint-newton-tr] phase=hessian_qp cycle=107 r=5.084e0
[INFO] [979-PROBE] cyc=107 firth_armed=true skippable=false |gradPhi|inf=1.708e3 kkt=4.585e0 |beta|inf=6.781e0 endgame=true
[WARN] [gam#979 constrained-QP] cycle=107 path=linear warm_rows=0 active_set_rows=0 beta_inf=6.7870e0
[INFO] [joint-newton-tr] phase=line_search cycle=107 r=5.084e0 hessian_qp_elapsed=0.152s
[INFO] [PIRLS/joint-Newton/TR cycle=107 attempt=1] accepted   ρ=+9.999e-1  Δobj=+2.597e-2  pred=+2.598e-2  r=5.084e0 (held)  decision=hold_inside             |δ|=1.639e-1  |δ|∞=5.670e-3  |prop|∞=5.670e-3
[INFO] [joint-newton-tr] phase=gradient_reload cycle=107 attempts=1 r=5.084e0
[INFO] [PIRLS/joint-Newton convergence] cycle 107 | step_inf=5.670e-3 (tol=7.787e-11) | accepted_step_inf=5.670e-3 | residual=4.580e0 (tol=1.709e-8) | relative_stationarity=2.679e-3 (scale=1.708e3, inner_tol=1.000e-11) | per_block_resid=[7.836e0,1.716e3,4.108e0] | obj_change=2.597e-2 (tol=3.978e-9) | beta_inf=6.787e0 | per_block_beta_inf=[2.859e-1,1.347e-3,6.787e0]
[INFO] [PIRLS/JN] cyc=107/200 obj=3.967974e2 Δobj=-2.597e-2 |δ|∞=5.670e-3 resid=4.580e0 attempts=1 t=0.174s
[INFO] [joint-newton-tr] phase=hessian_qp cycle=108 r=5.084e0
[INFO] [979-PROBE] cyc=108 firth_armed=true skippable=false |gradPhi|inf=1.717e3 kkt=4.580e0 |beta|inf=6.787e0 endgame=true
[WARN] [gam#979 constrained-QP] cycle=108 path=linear warm_rows=0 active_set_rows=0 beta_inf=6.7926e0
[INFO] [joint-newton-tr] phase=line_search cycle=108 r=5.084e0 hessian_qp_elapsed=0.145s
[INFO] [PIRLS/joint-Newton/TR cycle=108 attempt=1] accepted   ρ=+9.999e-1  Δobj=+2.562e-2  pred=+2.563e-2  r=5.084e0 (held)  decision=hold_inside             |δ|=1.627e-1  |δ|∞=5.600e-3  |prop|∞=5.600e-3
[INFO] [joint-newton-tr] phase=gradient_reload cycle=108 attempts=1 r=5.084e0
[INFO] [PIRLS/joint-Newton convergence] cycle 108 | step_inf=5.600e-3 (tol=7.793e-11) | accepted_step_inf=5.600e-3 | residual=4.575e0 (tol=1.718e-8) | relative_stationarity=2.663e-3 (scale=1.717e3, inner_tol=1.000e-11) | per_block_resid=[7.830e0,1.725e3,4.112e0] | obj_change=2.562e-2 (tol=3.978e-9) | beta_inf=6.793e0 | per_block_beta_inf=[2.859e-1,1.341e-3,6.793e0]
[INFO] [PIRLS/JN] cyc=108/200 obj=3.967960e2 Δobj=-2.562e-2 |δ|∞=5.600e-3 resid=4.575e0 attempts=1 t=0.167s
[INFO] [joint-newton-tr] phase=hessian_qp cycle=109 r=5.084e0
[INFO] [979-PROBE] cyc=109 firth_armed=true skippable=false |gradPhi|inf=1.725e3 kkt=4.575e0 |beta|inf=6.793e0 endgame=true
[WARN] [gam#979 constrained-QP] cycle=109 path=linear warm_rows=0 active_set_rows=0 beta_inf=6.7981e0
[INFO] [joint-newton-tr] phase=line_search cycle=109 r=5.084e0 hessian_qp_elapsed=0.145s
[INFO] [PIRLS/joint-Newton/TR cycle=109 attempt=1] accepted   ρ=+9.999e-1  Δobj=+2.528e-2  pred=+2.528e-2  r=5.084e0 (held)  decision=hold_inside             |δ|=1.616e-1  |δ|∞=5.531e-3  |prop|∞=5.531e-3
[INFO] [joint-newton-tr] phase=gradient_reload cycle=109 attempts=1 r=5.084e0
[INFO] [PIRLS/joint-Newton convergence] cycle 109 | step_inf=5.531e-3 (tol=7.798e-11) | accepted_step_inf=5.531e-3 | residual=4.570e0 (tol=1.726e-8) | relative_stationarity=2.648e-3 (scale=1.725e3, inner_tol=1.000e-11) | per_block_resid=[7.824e0,1.733e3,4.116e0] | obj_change=2.528e-2 (tol=3.978e-9) | beta_inf=6.798e0 | per_block_beta_inf=[2.859e-1,1.335e-3,6.798e0]
[INFO] [PIRLS/JN] cyc=109/200 obj=3.967946e2 Δobj=-2.528e-2 |δ|∞=5.531e-3 resid=4.570e0 attempts=1 t=0.167s
[INFO] [joint-newton-tr] phase=hessian_qp cycle=110 r=5.084e0
[INFO] [979-PROBE] cyc=110 firth_armed=true skippable=false |gradPhi|inf=1.733e3 kkt=4.570e0 |beta|inf=6.798e0 endgame=true
[WARN] [gam#979 constrained-QP] cycle=110 path=linear warm_rows=0 active_set_rows=0 beta_inf=6.8036e0
[INFO] [joint-newton-tr] phase=line_search cycle=110 r=5.084e0 hessian_qp_elapsed=0.145s
[INFO] [PIRLS/joint-Newton/TR cycle=110 attempt=1] accepted   ρ=+9.999e-1  Δobj=+2.495e-2  pred=+2.495e-2  r=5.084e0 (held)  decision=hold_inside             |δ|=1.605e-1  |δ|∞=5.464e-3  |prop|∞=5.464e-3
[INFO] [joint-newton-tr] phase=gradient_reload cycle=110 attempts=1 r=5.084e0
[INFO] [PIRLS/joint-Newton convergence] cycle 110 | step_inf=5.464e-3 (tol=7.804e-11) | accepted_step_inf=5.464e-3 | residual=4.565e0 (tol=1.734e-8) | relative_stationarity=2.632e-3 (scale=1.733e3, inner_tol=1.000e-11) | per_block_resid=[7.818e0,1.741e3,4.119e0] | obj_change=2.495e-2 (tol=3.978e-9) | beta_inf=6.804e0 | per_block_beta_inf=[2.859e-1,1.329e-3,6.804e0]
[INFO] [PIRLS/JN] cyc=110/200 obj=3.967932e2 Δobj=-2.495e-2 |δ|∞=5.464e-3 resid=4.565e0 attempts=1 t=0.167s
[INFO] [joint-newton-tr] phase=hessian_qp cycle=111 r=5.084e0
[INFO] [979-PROBE] cyc=111 firth_armed=true skippable=false |gradPhi|inf=1.741e3 kkt=4.565e0 |beta|inf=6.804e0 endgame=true
[WARN] [gam#979 constrained-QP] cycle=111 path=linear warm_rows=0 active_set_rows=0 beta_inf=6.8090e0
[INFO] [joint-newton-tr] phase=line_search cycle=111 r=5.084e0 hessian_qp_elapsed=0.145s
[INFO] [PIRLS/joint-Newton/TR cycle=111 attempt=1] accepted   ρ=+9.999e-1  Δobj=+2.463e-2  pred=+2.463e-2  r=5.084e0 (held)  decision=hold_inside             |δ|=1.595e-1  |δ|∞=5.399e-3  |prop|∞=5.399e-3
[INFO] [joint-newton-tr] phase=gradient_reload cycle=111 attempts=1 r=5.084e0
[INFO] [PIRLS/joint-Newton convergence] cycle 111 | step_inf=5.399e-3 (tol=7.809e-11) | accepted_step_inf=5.399e-3 | residual=4.560e0 (tol=1.742e-8) | relative_stationarity=2.617e-3 (scale=1.741e3, inner_tol=1.000e-11) | per_block_resid=[7.812e0,1.749e3,4.123e0] | obj_change=2.463e-2 (tol=3.978e-9) | beta_inf=6.809e0 | per_block_beta_inf=[2.859e-1,1.323e-3,6.809e0]
[INFO] [PIRLS/JN] cyc=111/200 obj=3.967919e2 Δobj=-2.463e-2 |δ|∞=5.399e-3 resid=4.560e0 attempts=1 t=0.167s
[INFO] [joint-newton-tr] phase=hessian_qp cycle=112 r=5.084e0
[INFO] [979-PROBE] cyc=112 firth_armed=true skippable=false |gradPhi|inf=1.750e3 kkt=4.560e0 |beta|inf=6.809e0 endgame=true
[WARN] [gam#979 constrained-QP] cycle=112 path=linear warm_rows=0 active_set_rows=0 beta_inf=6.8143e0
[INFO] [joint-newton-tr] phase=line_search cycle=112 r=5.084e0 hessian_qp_elapsed=0.148s
[INFO] [PIRLS/joint-Newton/TR cycle=112 attempt=1] accepted   ρ=+9.999e-1  Δobj=+2.431e-2  pred=+2.431e-2  r=5.084e0 (held)  decision=hold_inside             |δ|=1.584e-1  |δ|∞=5.335e-3  |prop|∞=5.335e-3
[INFO] [joint-newton-tr] phase=gradient_reload cycle=112 attempts=1 r=5.084e0
[INFO] [PIRLS/joint-Newton convergence] cycle 112 | step_inf=5.335e-3 (tol=7.814e-11) | accepted_step_inf=5.335e-3 | residual=4.555e0 (tol=1.751e-8) | relative_stationarity=2.602e-3 (scale=1.750e3, inner_tol=1.000e-11) | per_block_resid=[7.807e0,1.758e3,4.127e0] | obj_change=2.431e-2 (tol=3.978e-9) | beta_inf=6.814e0 | per_block_beta_inf=[2.859e-1,1.317e-3,6.814e0]
[INFO] [PIRLS/JN] cyc=112/200 obj=3.967906e2 Δobj=-2.431e-2 |δ|∞=5.335e-3 resid=4.555e0 attempts=1 t=0.170s
[INFO] [joint-newton-tr] phase=hessian_qp cycle=113 r=5.084e0
[INFO] [979-PROBE] cyc=113 firth_armed=true skippable=false |gradPhi|inf=1.758e3 kkt=4.555e0 |beta|inf=6.814e0 endgame=true
[WARN] [gam#979 constrained-QP] cycle=113 path=linear warm_rows=0 active_set_rows=0 beta_inf=6.8196e0
[INFO] [joint-newton-tr] phase=line_search cycle=113 r=5.084e0 hessian_qp_elapsed=0.147s
[INFO] [PIRLS/joint-Newton/TR cycle=113 attempt=1] accepted   ρ=+9.999e-1  Δobj=+2.400e-2  pred=+2.401e-2  r=5.084e0 (held)  decision=hold_inside             |δ|=1.574e-1  |δ|∞=5.273e-3  |prop|∞=5.273e-3
[INFO] [joint-newton-tr] phase=gradient_reload cycle=113 attempts=1 r=5.084e0
[INFO] [PIRLS/joint-Newton convergence] cycle 113 | step_inf=5.273e-3 (tol=7.820e-11) | accepted_step_inf=5.273e-3 | residual=4.551e0 (tol=1.759e-8) | relative_stationarity=2.587e-3 (scale=1.758e3, inner_tol=1.000e-11) | per_block_resid=[7.801e0,1.766e3,4.131e0] | obj_change=2.400e-2 (tol=3.978e-9) | beta_inf=6.820e0 | per_block_beta_inf=[2.859e-1,1.311e-3,6.820e0]
[INFO] [PIRLS/JN] cyc=113/200 obj=3.967894e2 Δobj=-2.400e-2 |δ|∞=5.273e-3 resid=4.551e0 attempts=1 t=0.169s
[INFO] [joint-newton-tr] phase=hessian_qp cycle=114 r=5.084e0
[INFO] [979-PROBE] cyc=114 firth_armed=true skippable=false |gradPhi|inf=1.766e3 kkt=4.551e0 |beta|inf=6.820e0 endgame=true
[WARN] [gam#979 constrained-QP] cycle=114 path=linear warm_rows=0 active_set_rows=0 beta_inf=6.8248e0
[INFO] [joint-newton-tr] phase=line_search cycle=114 r=5.084e0 hessian_qp_elapsed=0.145s
[INFO] [PIRLS/joint-Newton/TR cycle=114 attempt=1] accepted   ρ=+9.999e-1  Δobj=+2.370e-2  pred=+2.371e-2  r=5.084e0 (held)  decision=hold_inside             |δ|=1.564e-1  |δ|∞=5.212e-3  |prop|∞=5.212e-3
[INFO] [joint-newton-tr] phase=gradient_reload cycle=114 attempts=1 r=5.084e0
[INFO] [PIRLS/joint-Newton convergence] cycle 114 | step_inf=5.212e-3 (tol=7.825e-11) | accepted_step_inf=5.212e-3 | residual=4.546e0 (tol=1.767e-8) | relative_stationarity=2.573e-3 (scale=1.766e3, inner_tol=1.000e-11) | per_block_resid=[7.796e0,1.774e3,4.134e0] | obj_change=2.370e-2 (tol=3.978e-9) | beta_inf=6.825e0 | per_block_beta_inf=[2.859e-1,1.305e-3,6.825e0]
[INFO] [PIRLS/JN] cyc=114/200 obj=3.967882e2 Δobj=-2.370e-2 |δ|∞=5.212e-3 resid=4.546e0 attempts=1 t=0.167s
[INFO] [joint-newton-tr] phase=hessian_qp cycle=115 r=5.084e0
[INFO] [979-PROBE] cyc=115 firth_armed=true skippable=false |gradPhi|inf=1.774e3 kkt=4.546e0 |beta|inf=6.825e0 endgame=true
[WARN] [gam#979 constrained-QP] cycle=115 path=linear warm_rows=0 active_set_rows=0 beta_inf=6.8300e0
[INFO] [joint-newton-tr] phase=line_search cycle=115 r=5.084e0 hessian_qp_elapsed=0.145s
[INFO] [PIRLS/joint-Newton/TR cycle=115 attempt=1] accepted   ρ=+9.999e-1  Δobj=+2.341e-2  pred=+2.341e-2  r=5.084e0 (held)  decision=hold_inside             |δ|=1.554e-1  |δ|∞=5.153e-3  |prop|∞=5.153e-3
[INFO] [joint-newton-tr] phase=gradient_reload cycle=115 attempts=1 r=5.084e0
[INFO] [PIRLS/joint-Newton convergence] cycle 115 | step_inf=5.153e-3 (tol=7.830e-11) | accepted_step_inf=5.153e-3 | residual=4.542e0 (tol=1.775e-8) | relative_stationarity=2.559e-3 (scale=1.774e3, inner_tol=1.000e-11) | per_block_resid=[7.790e0,1.782e3,4.138e0] | obj_change=2.341e-2 (tol=3.978e-9) | beta_inf=6.830e0 | per_block_beta_inf=[2.859e-1,1.300e-3,6.830e0]
[INFO] [PIRLS/JN] cyc=115/200 obj=3.967869e2 Δobj=-2.341e-2 |δ|∞=5.153e-3 resid=4.542e0 attempts=1 t=0.166s
[INFO] [joint-newton-tr] phase=hessian_qp cycle=116 r=5.084e0
[INFO] [979-PROBE] cyc=116 firth_armed=true skippable=false |gradPhi|inf=1.782e3 kkt=4.542e0 |beta|inf=6.830e0 endgame=true
[WARN] [gam#979 constrained-QP] cycle=116 path=linear warm_rows=0 active_set_rows=0 beta_inf=6.8351e0
[INFO] [joint-newton-tr] phase=line_search cycle=116 r=5.084e0 hessian_qp_elapsed=0.144s
[INFO] [PIRLS/joint-Newton/TR cycle=116 attempt=1] accepted   ρ=+9.999e-1  Δobj=+2.313e-2  pred=+2.313e-2  r=5.084e0 (held)  decision=hold_inside             |δ|=1.544e-1  |δ|∞=5.095e-3  |prop|∞=5.095e-3
[INFO] [joint-newton-tr] phase=gradient_reload cycle=116 attempts=1 r=5.084e0
[INFO] [PIRLS/joint-Newton convergence] cycle 116 | step_inf=5.095e-3 (tol=7.835e-11) | accepted_step_inf=5.095e-3 | residual=4.538e0 (tol=1.783e-8) | relative_stationarity=2.545e-3 (scale=1.782e3, inner_tol=1.000e-11) | per_block_resid=[7.785e0,1.790e3,4.142e0] | obj_change=2.313e-2 (tol=3.978e-9) | beta_inf=6.835e0 | per_block_beta_inf=[2.859e-1,1.294e-3,6.835e0]
[INFO] [PIRLS/JN] cyc=116/200 obj=3.967858e2 Δobj=-2.313e-2 |δ|∞=5.095e-3 resid=4.538e0 attempts=1 t=0.166s
[INFO] [joint-newton-tr] phase=hessian_qp cycle=117 r=5.084e0
[INFO] [979-PROBE] cyc=117 firth_armed=true skippable=false |gradPhi|inf=1.790e3 kkt=4.538e0 |beta|inf=6.835e0 endgame=true
[WARN] [gam#979 constrained-QP] cycle=117 path=linear warm_rows=0 active_set_rows=0 beta_inf=6.8401e0
[INFO] [joint-newton-tr] phase=line_search cycle=117 r=5.084e0 hessian_qp_elapsed=0.146s
[INFO] [PIRLS/joint-Newton/TR cycle=117 attempt=1] accepted   ρ=+9.999e-1  Δobj=+2.285e-2  pred=+2.285e-2  r=5.084e0 (held)  decision=hold_inside             |δ|=1.535e-1  |δ|∞=5.039e-3  |prop|∞=5.039e-3
[INFO] [joint-newton-tr] phase=gradient_reload cycle=117 attempts=1 r=5.084e0
[INFO] [PIRLS/joint-Newton convergence] cycle 117 | step_inf=5.039e-3 (tol=7.840e-11) | accepted_step_inf=5.039e-3 | residual=4.533e0 (tol=1.791e-8) | relative_stationarity=2.531e-3 (scale=1.790e3, inner_tol=1.000e-11) | per_block_resid=[7.780e0,1.798e3,4.145e0] | obj_change=2.285e-2 (tol=3.978e-9) | beta_inf=6.840e0 | per_block_beta_inf=[2.859e-1,1.289e-3,6.840e0]
[INFO] [PIRLS/JN] cyc=117/200 obj=3.967846e2 Δobj=-2.285e-2 |δ|∞=5.039e-3 resid=4.533e0 attempts=1 t=0.168s
[INFO] [joint-newton-tr] phase=hessian_qp cycle=118 r=5.084e0
[INFO] [979-PROBE] cyc=118 firth_armed=true skippable=false |gradPhi|inf=1.798e3 kkt=4.533e0 |beta|inf=6.840e0 endgame=true
[WARN] [gam#979 constrained-QP] cycle=118 path=linear warm_rows=0 active_set_rows=0 beta_inf=6.8451e0
[INFO] [joint-newton-tr] phase=line_search cycle=118 r=5.084e0 hessian_qp_elapsed=0.145s
[INFO] [PIRLS/joint-Newton/TR cycle=118 attempt=1] accepted   ρ=+9.999e-1  Δobj=+2.258e-2  pred=+2.258e-2  r=5.084e0 (held)  decision=hold_inside             |δ|=1.525e-1  |δ|∞=4.984e-3  |prop|∞=4.984e-3
[INFO] [joint-newton-tr] phase=gradient_reload cycle=118 attempts=1 r=5.084e0
[INFO] [PIRLS/joint-Newton convergence] cycle 118 | step_inf=4.984e-3 (tol=7.845e-11) | accepted_step_inf=4.984e-3 | residual=4.529e0 (tol=1.799e-8) | relative_stationarity=2.518e-3 (scale=1.798e3, inner_tol=1.000e-11) | per_block_resid=[7.775e0,1.805e3,4.148e0] | obj_change=2.258e-2 (tol=3.978e-9) | beta_inf=6.845e0 | per_block_beta_inf=[2.859e-1,1.283e-3,6.845e0]
[INFO] [PIRLS/JN] cyc=118/200 obj=3.967835e2 Δobj=-2.258e-2 |δ|∞=4.984e-3 resid=4.529e0 attempts=1 t=0.168s
[INFO] [joint-newton-tr] phase=hessian_qp cycle=119 r=5.084e0
[INFO] [979-PROBE] cyc=119 firth_armed=true skippable=false |gradPhi|inf=1.806e3 kkt=4.529e0 |beta|inf=6.845e0 endgame=true
[WARN] [gam#979 constrained-QP] cycle=119 path=linear warm_rows=0 active_set_rows=0 beta_inf=6.8500e0
[INFO] [joint-newton-tr] phase=line_search cycle=119 r=5.084e0 hessian_qp_elapsed=0.150s
[INFO] [PIRLS/joint-Newton/TR cycle=119 attempt=1] accepted   ρ=+9.999e-1  Δobj=+2.231e-2  pred=+2.231e-2  r=5.084e0 (held)  decision=hold_inside             |δ|=1.516e-1  |δ|∞=4.929e-3  |prop|∞=4.929e-3
[INFO] [joint-newton-tr] phase=gradient_reload cycle=119 attempts=1 r=5.084e0
[INFO] [PIRLS/joint-Newton convergence] cycle 119 | step_inf=4.929e-3 (tol=7.850e-11) | accepted_step_inf=4.929e-3 | residual=4.525e0 (tol=1.807e-8) | relative_stationarity=2.505e-3 (scale=1.806e3, inner_tol=1.000e-11) | per_block_resid=[7.770e0,1.813e3,4.152e0] | obj_change=2.231e-2 (tol=3.978e-9) | beta_inf=6.850e0 | per_block_beta_inf=[2.859e-1,1.278e-3,6.850e0]
[INFO] [PIRLS/JN] cyc=119/200 obj=3.967823e2 Δobj=-2.231e-2 |δ|∞=4.929e-3 resid=4.525e0 attempts=1 t=0.172s
[WARN] [PIRLS/joint-Newton convergence] cycle 119 | slow-geometric-rate stall early-exit (gam#979): residual=4.525e0 (tol=1.807e-8) descending at ~0.9990×/cycle over the last 16 cycles — projected >100 more cycles to reach tol; the residual is converging but far too slowly to finish in a practical budget (the survival marginal-slope oversmoothed-ρ endgame), so returning unconverged with finite β instead of grinding to inner_max_cycles=200.
[WARN] [PIRLS/joint-Newton terminal] converged=false terminator=early-exit non-converged (divergence/stall guard) cycles=120/200 jeffreys_completion_calls=115 solve_wall=21.264s best_residual_inf=4.525e0 (tol=1.694e-8) last_residual_below_tol=false last_obj_change_below_tol=false objective=3.967823e2; this is the status the inner solve reports to the outer REML/LAML evaluation — a non-converged exit (residual ≫ tol with only the objective stalled) is rejected, not accepted
[WARN] coupled exact-joint inner solve exited the joint Newton path before convergence — structured KKT refusal report unavailable: no joint Newton math snapshot; returning a non-converged inner mode for outer-rho rejection
[WARN] [OUTER] custom family: seed 2 is under-penalized, not failed — block 0 is under-penalized along the accepted step (likelihood slope -8.690e-4, penalty slope 7.907e-4, block step 3.343e-6): the ray closes at 1.0989x its penalty strength, i.e. rho[0..1] += 0.0944; restoring rho[0..1] from [12.082532111616322] to [12.176886330166587] and re-evaluating
[INFO] [joint-newton-tr] phase=hessian_qp cycle=0 r=1.000e0
[INFO] [979-PROBE] cyc=  0 firth_armed=true skippable=false |gradPhi|inf=1.738e7 kkt=1.738e7 |beta|inf=6.717e-1 endgame=false
[INFO] [JN-BRANCH-DIAG #1040] cycle=0 joint_constraints_is_some=true matrix_free_joint_requested=false joint_hessian_is_dense=true solve_joint_constraints_dense=true -> branch=CONSTRAINED_QP total_p=27 levenberg_on_ill_cond=false
[WARN] [joint-newton spectrum gam#979] λ_max=2.356717e10 null_cutoff=2.356717e0 numerical_floor=2.719127e-5 band_modes=13 cert_null_modes=13 (band now resolved by the step; cert still classifies on null_cutoff)
[INFO] [JN-REFLECT-DIAG #1040] cycle=0 CONSTRAINED_QP lambda_min_signed_raw=-2.762e15 lambda_min_signed_reflected=1.738e4 nullity=14 condition=1.508e8 (reflection CHANGED the spectrum)
[WARN] [gam#979 constrained-QP] cycle=0 path=linear warm_rows=0 active_set_rows=0 beta_inf=6.3871e-1
[INFO] [joint-newton-tr] phase=line_search cycle=0 r=1.000e0 hessian_qp_elapsed=0.020s
[INFO] [PIRLS/joint-Newton/TR cycle=0 attempt=1] reject     ρ=-1.117e-12  Δobj=-2.234e0  pred=+2.001e12  r=1.303e1->2.303e0  decision=shrink_reject           |δ|=1.303e1  |δ|∞=3.555e-2  |prop|∞=3.860e-2
[INFO] [PIRLS/joint-Newton/TR cycle=0 attempt=2] accepted   ρ=+1.060e-10  Δobj=+6.619e0  pred=+6.248e10  r=2.303e0->5.756e-1  decision=shrink_marginal_accept  |δ|=2.303e0  |δ|∞=6.282e-3  |prop|∞=3.860e-2
[INFO] [joint-newton-tr] phase=gradient_reload cycle=0 attempts=2 r=5.756e-1
[INFO] [PIRLS/joint-Newton convergence] cycle   0 | step_inf=3.860e-2 (tol=1.672e-11) | accepted_step_inf=6.282e-3 | residual=6.709e2 (tol=1.738e-4) | relative_stationarity=3.861e-5 (scale=1.738e7, inner_tol=1.000e-11) | per_block_resid=[6.705e2,1.005e2,1.812e-1] | obj_change=6.619e0 (tol=1.146e-8) | beta_inf=6.717e-1 | per_block_beta_inf=[6.717e-1,6.282e-3,6.190e-10]
[INFO] [PIRLS/JN] cyc=  0/200 obj=1.144822e3 -loglik=1.144385e3 pen=4.372e-1 Δobj=-6.619e0 |δ|∞=3.860e-2 accepted_|δ|∞=6.282e-3 resid=6.709e2 (tol=1.738e-4) rel_stat=3.861e-5 (scale=1.738e7) obj_tol=1.146e-8 step_tol=1.672e-11 |β|∞=6.717e-1 attempts=2 t=0.043s
[INFO] [joint-newton-tr] phase=hessian_qp cycle=1 r=5.756e-1
[INFO] [979-PROBE] cyc=  1 firth_armed=true skippable=false |gradPhi|inf=4.865e1 kkt=6.709e2 |beta|inf=6.717e-1 endgame=false
[INFO] [JN-REFLECT-DIAG #1040] cycle=1 CONSTRAINED_QP lambda_min_signed_raw=4.595e0 lambda_min_signed_reflected=4.595e0 nullity=0 condition=3.586e4 (reflection NO-OP (already PSD))
[WARN] [gam#979 constrained-QP] cycle=1 path=linear warm_rows=0 active_set_rows=0 beta_inf=1.5027e0
[INFO] [joint-newton-tr] phase=line_search cycle=1 r=5.756e-1 hessian_qp_elapsed=0.002s
[INFO] [PIRLS/joint-Newton/TR cycle=1 attempt=1] accepted   ρ=+1.000e0  Δobj=+5.314e-7  pred=+5.314e-7  r=5.756e-1 (held)  decision=hold_inside             |δ|=5.723e-8  |δ|∞=4.964e-10  |prop|∞=1.503e0
[INFO] [joint-newton-tr] phase=gradient_reload cycle=1 attempts=1 r=5.756e-1
[INFO] [PIRLS/joint-Newton convergence] cycle   1 | step_inf=1.503e0 (tol=1.672e-11) | accepted_step_inf=4.964e-10 | residual=6.709e2 (tol=6.715e-9) | relative_stationarity=9.992e-1 (scale=6.705e2, inner_tol=1.000e-11) | per_block_resid=[6.705e2,1.005e2,1.812e-1] | obj_change=5.314e-7 (tol=1.146e-8) | beta_inf=6.717e-1 | per_block_beta_inf=[6.717e-1,6.282e-3,9.914e-10]
[INFO] [PIRLS/JN] cyc=  1/200 obj=1.144822e3 Δobj=-5.314e-7 |δ|∞=4.964e-10 resid=6.709e2 attempts=1 t=0.025s
[INFO] [joint-newton-tr] phase=hessian_qp cycle=2 r=5.756e-1
[INFO] [979-PROBE] cyc=  2 firth_armed=true skippable=false |gradPhi|inf=4.865e1 kkt=6.709e2 |beta|inf=6.717e-1 endgame=false
[INFO] [JN-REFLECT-DIAG #1040] cycle=2 CONSTRAINED_QP lambda_min_signed_raw=4.595e0 lambda_min_signed_reflected=4.595e0 nullity=0 condition=3.586e4 (reflection NO-OP (already PSD))
[WARN] [gam#979 constrained-QP] cycle=2 path=linear warm_rows=0 active_set_rows=0 beta_inf=1.5027e0
[INFO] [joint-newton-tr] phase=line_search cycle=2 r=5.756e-1 hessian_qp_elapsed=0.002s
[INFO] [PIRLS/joint-Newton/TR cycle=2 attempt=1] accepted   ρ=+1.000e0  Δobj=+1.063e-6  pred=+1.063e-6  r=5.756e-1 (held)  decision=hold_inside             |δ|=1.145e-7  |δ|∞=9.929e-10  |prop|∞=1.503e0
[INFO] [joint-newton-tr] phase=gradient_reload cycle=2 attempts=1 r=5.756e-1
[INFO] [PIRLS/joint-Newton convergence] cycle   2 | step_inf=1.503e0 (tol=1.672e-11) | accepted_step_inf=9.929e-10 | residual=6.709e2 (tol=6.715e-9) | relative_stationarity=9.992e-1 (scale=6.705e2, inner_tol=1.000e-11) | per_block_resid=[6.705e2,1.005e2,1.812e-1] | obj_change=1.063e-6 (tol=1.146e-8) | beta_inf=6.717e-1 | per_block_beta_inf=[6.717e-1,6.282e-3,1.984e-9]
[INFO] [PIRLS/JN] cyc=  2/200 obj=1.144822e3 Δobj=-1.063e-6 |δ|∞=9.929e-10 resid=6.709e2 attempts=1 t=0.026s
[INFO] [joint-newton-tr] phase=hessian_qp cycle=3 r=5.756e-1
[INFO] [979-PROBE] cyc=  3 firth_armed=true skippable=false |gradPhi|inf=4.865e1 kkt=6.709e2 |beta|inf=6.717e-1 endgame=false
[WARN] [gam#979 constrained-QP] cycle=3 path=linear warm_rows=0 active_set_rows=0 beta_inf=1.5027e0
[INFO] [joint-newton-tr] phase=line_search cycle=3 r=5.756e-1 hessian_qp_elapsed=0.002s
[INFO] [PIRLS/joint-Newton/TR cycle=3 attempt=1] accepted   ρ=+1.000e0  Δobj=+2.126e-6  pred=+2.126e-6  r=5.756e-1 (held)  decision=hold_inside             |δ|=2.289e-7  |δ|∞=1.986e-9  |prop|∞=1.503e0
[INFO] [joint-newton-tr] phase=gradient_reload cycle=3 attempts=1 r=5.756e-1
[INFO] [PIRLS/joint-Newton convergence] cycle   3 | step_inf=1.503e0 (tol=1.672e-11) | accepted_step_inf=1.986e-9 | residual=6.709e2 (tol=6.715e-9) | relative_stationarity=9.992e-1 (scale=6.705e2, inner_tol=1.000e-11) | per_block_resid=[6.705e2,1.005e2,1.812e-1] | obj_change=2.126e-6 (tol=1.146e-8) | beta_inf=6.717e-1 | per_block_beta_inf=[6.717e-1,6.282e-3,3.970e-9]
[INFO] [PIRLS/JN] cyc=  3/200 obj=1.144822e3 Δobj=-2.126e-6 |δ|∞=1.986e-9 resid=6.709e2 attempts=1 t=0.025s
[INFO] [joint-newton-tr] phase=hessian_qp cycle=4 r=5.756e-1
[INFO] [979-PROBE] cyc=  4 firth_armed=true skippable=false |gradPhi|inf=4.865e1 kkt=6.709e2 |beta|inf=6.717e-1 endgame=false
[WARN] [gam#979 constrained-QP] cycle=4 path=linear warm_rows=0 active_set_rows=0 beta_inf=1.5027e0
[INFO] [joint-newton-tr] phase=line_search cycle=4 r=5.756e-1 hessian_qp_elapsed=0.002s
[INFO] [PIRLS/joint-Newton/TR cycle=4 attempt=1] accepted   ρ=+1.000e0  Δobj=+4.251e-6  pred=+4.251e-6  r=5.756e-1 (held)  decision=hold_inside             |δ|=4.578e-7  |δ|∞=3.972e-9  |prop|∞=1.503e0
[INFO] [joint-newton-tr] phase=gradient_reload cycle=4 attempts=1 r=5.756e-1
[INFO] [PIRLS/joint-Newton convergence] cycle   4 | step_inf=1.503e0 (tol=1.672e-11) | accepted_step_inf=3.972e-9 | residual=6.709e2 (tol=6.715e-9) | relative_stationarity=9.992e-1 (scale=6.705e2, inner_tol=1.000e-11) | per_block_resid=[6.705e2,1.005e2,1.812e-1] | obj_change=4.251e-6 (tol=1.146e-8) | beta_inf=6.717e-1 | per_block_beta_inf=[6.717e-1,6.282e-3,7.942e-9]
[INFO] [PIRLS/JN] cyc=  4/200 obj=1.144822e3 Δobj=-4.251e-6 |δ|∞=3.972e-9 resid=6.709e2 attempts=1 t=0.025s
[INFO] [PIRLS/joint-Newton model] cycle   4 | the decrement certificate would fire on a step model that is not the objective's Hessian (residual=6.709e2 against tol=6.715e-9, |Δobj|=4.251e-6 against 1.146e-8); arming the exact Jeffreys second-order completion before any certificate is taken
[INFO] [joint-newton-tr] phase=hessian_qp cycle=5 r=5.756e-1
[INFO] [979-PROBE] cyc=  5 firth_armed=true skippable=false |gradPhi|inf=4.865e1 kkt=6.709e2 |beta|inf=6.717e-1 endgame=true
[WARN] [gam#979 constrained-QP] cycle=5 path=linear warm_rows=0 active_set_rows=0 beta_inf=3.8886e0
[INFO] [joint-newton-tr] phase=line_search cycle=5 r=5.756e-1 hessian_qp_elapsed=0.147s
[INFO] [PIRLS/joint-Newton/TR cycle=5 attempt=1] accepted   ρ=+1.000e0  Δobj=+8.524e-6  pred=+8.524e-6  r=5.756e-1 (held)  decision=hold_inside             |δ|=9.158e-7  |δ|∞=2.041e-8  |prop|∞=3.889e0
[INFO] [joint-newton-tr] phase=gradient_reload cycle=5 attempts=1 r=5.756e-1
[INFO] [PIRLS/joint-Newton convergence] cycle   5 | step_inf=3.889e0 (tol=1.672e-11) | accepted_step_inf=2.041e-8 | residual=6.709e2 (tol=6.715e-9) | relative_stationarity=9.992e-1 (scale=6.705e2, inner_tol=1.000e-11) | per_block_resid=[6.705e2,1.005e2,1.812e-1] | obj_change=8.524e-6 (tol=1.146e-8) | beta_inf=6.717e-1 | per_block_beta_inf=[6.717e-1,6.282e-3,2.835e-8]
[INFO] [PIRLS/JN] cyc=  5/200 obj=1.144822e3 Δobj=-8.524e-6 |δ|∞=2.041e-8 resid=6.709e2 attempts=1 t=0.170s
[INFO] [joint-newton-tr] phase=hessian_qp cycle=6 r=5.756e-1
[INFO] [979-PROBE] cyc=  6 firth_armed=true skippable=false |gradPhi|inf=4.865e1 kkt=6.709e2 |beta|inf=6.717e-1 endgame=true
[WARN] [gam#979 constrained-QP] cycle=6 path=linear warm_rows=0 active_set_rows=0 beta_inf=3.8886e0
[INFO] [joint-newton-tr] phase=line_search cycle=6 r=5.756e-1 hessian_qp_elapsed=0.146s
[INFO] [PIRLS/joint-Newton/TR cycle=6 attempt=1] accepted   ρ=+1.000e0  Δobj=+1.705e-5  pred=+1.705e-5  r=5.756e-1 (held)  decision=hold_inside             |δ|=1.832e-6  |δ|∞=4.081e-8  |prop|∞=3.889e0
[INFO] [joint-newton-tr] phase=gradient_reload cycle=6 attempts=1 r=5.756e-1
[INFO] [PIRLS/joint-Newton convergence] cycle   6 | step_inf=3.889e0 (tol=1.672e-11) | accepted_step_inf=4.081e-8 | residual=6.709e2 (tol=6.715e-9) | relative_stationarity=9.992e-1 (scale=6.705e2, inner_tol=1.000e-11) | per_block_resid=[6.705e2,1.005e2,1.812e-1] | obj_change=1.705e-5 (tol=1.146e-8) | beta_inf=6.717e-1 | per_block_beta_inf=[6.717e-1,6.282e-3,6.916e-8]
[INFO] [PIRLS/JN] cyc=  6/200 obj=1.144822e3 Δobj=-1.705e-5 |δ|∞=4.081e-8 resid=6.709e2 attempts=1 t=0.169s
[INFO] [joint-newton-tr] phase=hessian_qp cycle=7 r=5.756e-1
[INFO] [979-PROBE] cyc=  7 firth_armed=true skippable=false |gradPhi|inf=4.865e1 kkt=6.709e2 |beta|inf=6.717e-1 endgame=true
[WARN] [gam#979 constrained-QP] cycle=7 path=linear warm_rows=0 active_set_rows=0 beta_inf=3.8886e0
[INFO] [joint-newton-tr] phase=line_search cycle=7 r=5.756e-1 hessian_qp_elapsed=0.147s
[INFO] [PIRLS/joint-Newton/TR cycle=7 attempt=1] accepted   ρ=+1.000e0  Δobj=+3.409e-5  pred=+3.409e-5  r=5.756e-1 (held)  decision=hold_inside             |δ|=3.663e-6  |δ|∞=8.162e-8  |prop|∞=3.889e0
[INFO] [joint-newton-tr] phase=gradient_reload cycle=7 attempts=1 r=5.756e-1
[INFO] [PIRLS/joint-Newton convergence] cycle   7 | step_inf=3.889e0 (tol=1.672e-11) | accepted_step_inf=8.162e-8 | residual=6.709e2 (tol=6.715e-9) | relative_stationarity=9.992e-1 (scale=6.705e2, inner_tol=1.000e-11) | per_block_resid=[6.705e2,1.005e2,1.812e-1] | obj_change=3.409e-5 (tol=1.146e-8) | beta_inf=6.717e-1 | per_block_beta_inf=[6.717e-1,6.282e-3,1.508e-7]
[INFO] [PIRLS/JN] cyc=  7/200 obj=1.144822e3 Δobj=-3.409e-5 |δ|∞=8.162e-8 resid=6.709e2 attempts=1 t=0.169s
[INFO] [joint-newton-tr] phase=hessian_qp cycle=8 r=5.756e-1
[INFO] [979-PROBE] cyc=  8 firth_armed=true skippable=false |gradPhi|inf=4.865e1 kkt=6.709e2 |beta|inf=6.717e-1 endgame=true
[WARN] [gam#979 constrained-QP] cycle=8 path=linear warm_rows=0 active_set_rows=0 beta_inf=3.8886e0
[INFO] [joint-newton-tr] phase=line_search cycle=8 r=5.756e-1 hessian_qp_elapsed=0.148s
[INFO] [PIRLS/joint-Newton/TR cycle=8 attempt=1] accepted   ρ=+1.000e0  Δobj=+6.819e-5  pred=+6.819e-5  r=5.756e-1 (held)  decision=hold_inside             |δ|=7.327e-6  |δ|∞=1.632e-7  |prop|∞=3.889e0
[INFO] [joint-newton-tr] phase=gradient_reload cycle=8 attempts=1 r=5.756e-1
[INFO] [PIRLS/joint-Newton convergence] cycle   8 | step_inf=3.889e0 (tol=1.672e-11) | accepted_step_inf=1.632e-7 | residual=6.709e2 (tol=6.715e-9) | relative_stationarity=9.992e-1 (scale=6.705e2, inner_tol=1.000e-11) | per_block_resid=[6.705e2,1.005e2,1.812e-1] | obj_change=6.819e-5 (tol=1.146e-8) | beta_inf=6.717e-1 | per_block_beta_inf=[6.717e-1,6.282e-3,3.140e-7]
[INFO] [PIRLS/JN] cyc=  8/200 obj=1.144822e3 Δobj=-6.819e-5 |δ|∞=1.632e-7 resid=6.709e2 attempts=1 t=0.170s
[INFO] [joint-newton-tr] phase=hessian_qp cycle=9 r=5.756e-1
[INFO] [979-PROBE] cyc=  9 firth_armed=true skippable=false |gradPhi|inf=4.865e1 kkt=6.709e2 |beta|inf=6.717e-1 endgame=true
[WARN] [gam#979 constrained-QP] cycle=9 path=linear warm_rows=0 active_set_rows=0 beta_inf=3.8886e0
[INFO] [joint-newton-tr] phase=line_search cycle=9 r=5.756e-1 hessian_qp_elapsed=0.148s
[INFO] [PIRLS/joint-Newton/TR cycle=9 attempt=1] accepted   ρ=+1.000e0  Δobj=+1.364e-4  pred=+1.364e-4  r=5.756e-1 (held)  decision=hold_inside             |δ|=1.465e-5  |δ|∞=3.265e-7  |prop|∞=3.889e0
[INFO] [joint-newton-tr] phase=gradient_reload cycle=9 attempts=1 r=5.756e-1
[INFO] [PIRLS/joint-Newton convergence] cycle   9 | step_inf=3.889e0 (tol=1.672e-11) | accepted_step_inf=3.265e-7 | residual=6.709e2 (tol=6.715e-9) | relative_stationarity=9.992e-1 (scale=6.705e2, inner_tol=1.000e-11) | per_block_resid=[6.705e2,1.005e2,1.812e-1] | obj_change=1.364e-4 (tol=1.146e-8) | beta_inf=6.717e-1 | per_block_beta_inf=[6.717e-1,6.282e-3,6.405e-7]
[INFO] [PIRLS/JN] cyc=  9/200 obj=1.144822e3 Δobj=-1.364e-4 |δ|∞=3.265e-7 resid=6.709e2 attempts=1 t=0.171s
[INFO] [joint-newton-tr] phase=hessian_qp cycle=10 r=5.756e-1
[INFO] [979-PROBE] cyc= 10 firth_armed=true skippable=false |gradPhi|inf=4.865e1 kkt=6.709e2 |beta|inf=6.717e-1 endgame=true
[WARN] [gam#979 constrained-QP] cycle=10 path=linear warm_rows=0 active_set_rows=0 beta_inf=3.8886e0
[INFO] [joint-newton-tr] phase=line_search cycle=10 r=5.756e-1 hessian_qp_elapsed=0.150s
[INFO] [PIRLS/joint-Newton/TR cycle=10 attempt=1] accepted   ρ=+1.000e0  Δobj=+2.728e-4  pred=+2.728e-4  r=5.756e-1 (held)  decision=hold_inside             |δ|=2.931e-5  |δ|∞=6.530e-7  |prop|∞=3.889e0
[INFO] [joint-newton-tr] phase=gradient_reload cycle=10 attempts=1 r=5.756e-1
[INFO] [PIRLS/joint-Newton convergence] cycle  10 | step_inf=3.889e0 (tol=1.672e-11) | accepted_step_inf=6.530e-7 | residual=6.709e2 (tol=6.715e-9) | relative_stationarity=9.992e-1 (scale=6.705e2, inner_tol=1.000e-11) | per_block_resid=[6.705e2,1.005e2,1.812e-1] | obj_change=2.728e-4 (tol=1.146e-8) | beta_inf=6.717e-1 | per_block_beta_inf=[6.717e-1,6.282e-3,1.293e-6]
[INFO] [PIRLS/JN] cyc= 10/200 obj=1.144821e3 Δobj=-2.728e-4 |δ|∞=6.530e-7 resid=6.709e2 attempts=1 t=0.171s
[INFO] [joint-newton-tr] phase=hessian_qp cycle=11 r=5.756e-1
[INFO] [979-PROBE] cyc= 11 firth_armed=true skippable=false |gradPhi|inf=4.865e1 kkt=6.709e2 |beta|inf=6.717e-1 endgame=true
[WARN] [gam#979 constrained-QP] cycle=11 path=linear warm_rows=0 active_set_rows=0 beta_inf=3.8886e0
[INFO] [joint-newton-tr] phase=line_search cycle=11 r=5.756e-1 hessian_qp_elapsed=0.146s
[INFO] [PIRLS/joint-Newton/TR cycle=11 attempt=1] accepted   ρ=+1.000e0  Δobj=+5.455e-4  pred=+5.455e-4  r=5.756e-1 (held)  decision=hold_inside             |δ|=5.861e-5  |δ|∞=1.306e-6  |prop|∞=3.889e0
[INFO] [joint-newton-tr] phase=gradient_reload cycle=11 attempts=1 r=5.756e-1
[INFO] [PIRLS/joint-Newton convergence] cycle  11 | step_inf=3.889e0 (tol=1.672e-11) | accepted_step_inf=1.306e-6 | residual=6.709e2 (tol=6.715e-9) | relative_stationarity=9.992e-1 (scale=6.705e2, inner_tol=1.000e-11) | per_block_resid=[6.705e2,1.005e2,1.812e-1] | obj_change=5.455e-4 (tol=1.146e-8) | beta_inf=6.717e-1 | per_block_beta_inf=[6.717e-1,6.282e-3,2.599e-6]
[INFO] [PIRLS/JN] cyc= 11/200 obj=1.144821e3 Δobj=-5.455e-4 |δ|∞=1.306e-6 resid=6.709e2 attempts=1 t=0.168s
[INFO] [joint-newton-tr] phase=hessian_qp cycle=12 r=5.756e-1
[INFO] [979-PROBE] cyc= 12 firth_armed=true skippable=false |gradPhi|inf=4.865e1 kkt=6.709e2 |beta|inf=6.717e-1 endgame=true
[WARN] [gam#979 constrained-QP] cycle=12 path=linear warm_rows=0 active_set_rows=0 beta_inf=3.8886e0
[INFO] [joint-newton-tr] phase=line_search cycle=12 r=5.756e-1 hessian_qp_elapsed=0.149s
[INFO] [PIRLS/joint-Newton/TR cycle=12 attempt=1] accepted   ρ=+1.000e0  Δobj=+1.091e-3  pred=+1.091e-3  r=5.756e-1 (held)  decision=hold_inside             |δ|=1.172e-4  |δ|∞=2.612e-6  |prop|∞=3.889e0
[INFO] [joint-newton-tr] phase=gradient_reload cycle=12 attempts=1 r=5.756e-1
[INFO] [PIRLS/joint-Newton convergence] cycle  12 | step_inf=3.889e0 (tol=1.672e-11) | accepted_step_inf=2.612e-6 | residual=6.709e2 (tol=6.715e-9) | relative_stationarity=9.992e-1 (scale=6.705e2, inner_tol=1.000e-11) | per_block_resid=[6.705e2,1.005e2,1.812e-1] | obj_change=1.091e-3 (tol=1.146e-8) | beta_inf=6.717e-1 | per_block_beta_inf=[6.717e-1,6.282e-3,5.211e-6]
[INFO] [PIRLS/JN] cyc= 12/200 obj=1.144820e3 Δobj=-1.091e-3 |δ|∞=2.612e-6 resid=6.709e2 attempts=1 t=0.171s
[INFO] [joint-newton-tr] phase=hessian_qp cycle=13 r=5.756e-1
[INFO] [979-PROBE] cyc= 13 firth_armed=true skippable=false |gradPhi|inf=4.865e1 kkt=6.709e2 |beta|inf=6.717e-1 endgame=true
[WARN] [gam#979 constrained-QP] cycle=13 path=linear warm_rows=0 active_set_rows=0 beta_inf=3.8886e0
[INFO] [joint-newton-tr] phase=line_search cycle=13 r=5.756e-1 hessian_qp_elapsed=0.146s
[INFO] [PIRLS/joint-Newton/TR cycle=13 attempt=1] accepted   ρ=+1.000e0  Δobj=+2.182e-3  pred=+2.182e-3  r=5.756e-1 (held)  decision=hold_inside             |δ|=2.345e-4  |δ|∞=5.224e-6  |prop|∞=3.889e0
[INFO] [joint-newton-tr] phase=gradient_reload cycle=13 attempts=1 r=5.756e-1
[INFO] [PIRLS/joint-Newton convergence] cycle  13 | step_inf=3.889e0 (tol=1.672e-11) | accepted_step_inf=5.224e-6 | residual=6.709e2 (tol=6.715e-9) | relative_stationarity=9.992e-1 (scale=6.705e2, inner_tol=1.000e-11) | per_block_resid=[6.705e2,1.005e2,1.812e-1] | obj_change=2.182e-3 (tol=1.146e-8) | beta_inf=6.717e-1 | per_block_beta_inf=[6.717e-1,6.282e-3,1.044e-5]
[INFO] [PIRLS/JN] cyc= 13/200 obj=1.144818e3 Δobj=-2.182e-3 |δ|∞=5.224e-6 resid=6.709e2 attempts=1 t=0.168s
[INFO] [joint-newton-tr] phase=hessian_qp cycle=14 r=5.756e-1
[INFO] [979-PROBE] cyc= 14 firth_armed=true skippable=false |gradPhi|inf=4.865e1 kkt=6.709e2 |beta|inf=6.717e-1 endgame=true
[WARN] [gam#979 constrained-QP] cycle=14 path=linear warm_rows=0 active_set_rows=0 beta_inf=3.8886e0
[INFO] [joint-newton-tr] phase=line_search cycle=14 r=5.756e-1 hessian_qp_elapsed=0.147s
[INFO] [PIRLS/joint-Newton/TR cycle=14 attempt=1] accepted   ρ=+1.000e0  Δobj=+4.364e-3  pred=+4.364e-3  r=5.756e-1 (held)  decision=hold_inside             |δ|=4.689e-4  |δ|∞=1.045e-5  |prop|∞=3.889e0
[INFO] [joint-newton-tr] phase=gradient_reload cycle=14 attempts=1 r=5.756e-1
[INFO] [PIRLS/joint-Newton convergence] cycle  14 | step_inf=3.889e0 (tol=1.672e-11) | accepted_step_inf=1.045e-5 | residual=6.709e2 (tol=6.715e-9) | relative_stationarity=9.992e-1 (scale=6.705e2, inner_tol=1.000e-11) | per_block_resid=[6.705e2,1.005e2,1.812e-1] | obj_change=4.364e-3 (tol=1.146e-8) | beta_inf=6.717e-1 | per_block_beta_inf=[6.717e-1,6.282e-3,2.088e-5]
[INFO] [PIRLS/JN] cyc= 14/200 obj=1.144813e3 Δobj=-4.364e-3 |δ|∞=1.045e-5 resid=6.709e2 attempts=1 t=0.169s
[INFO] [joint-newton-tr] phase=hessian_qp cycle=15 r=5.756e-1
[INFO] [979-PROBE] cyc= 15 firth_armed=true skippable=false |gradPhi|inf=4.865e1 kkt=6.709e2 |beta|inf=6.717e-1 endgame=true
[WARN] [gam#979 constrained-QP] cycle=15 path=linear warm_rows=0 active_set_rows=0 beta_inf=3.8887e0
[INFO] [joint-newton-tr] phase=line_search cycle=15 r=5.756e-1 hessian_qp_elapsed=0.151s
[INFO] [PIRLS/joint-Newton/TR cycle=15 attempt=1] accepted   ρ=+1.000e0  Δobj=+8.728e-3  pred=+8.728e-3  r=5.756e-1 (held)  decision=hold_inside             |δ|=9.378e-4  |δ|∞=2.090e-5  |prop|∞=3.889e0
[INFO] [joint-newton-tr] phase=gradient_reload cycle=15 attempts=1 r=5.756e-1
[INFO] [PIRLS/joint-Newton convergence] cycle  15 | step_inf=3.889e0 (tol=1.672e-11) | accepted_step_inf=2.090e-5 | residual=6.709e2 (tol=6.715e-9) | relative_stationarity=9.992e-1 (scale=6.705e2, inner_tol=1.000e-11) | per_block_resid=[6.705e2,1.005e2,1.812e-1] | obj_change=8.728e-3 (tol=1.146e-8) | beta_inf=6.717e-1 | per_block_beta_inf=[6.717e-1,6.283e-3,4.178e-5]
[INFO] [PIRLS/JN] cyc= 15/200 obj=1.144805e3 Δobj=-8.728e-3 |δ|∞=2.090e-5 resid=6.709e2 attempts=1 t=0.173s
[INFO] [joint-newton-tr] phase=hessian_qp cycle=16 r=5.756e-1
[INFO] [979-PROBE] cyc= 16 firth_armed=true skippable=false |gradPhi|inf=4.865e1 kkt=6.709e2 |beta|inf=6.717e-1 endgame=true
[WARN] [gam#979 constrained-QP] cycle=16 path=linear warm_rows=0 active_set_rows=0 beta_inf=3.8887e0
[INFO] [joint-newton-tr] phase=line_search cycle=16 r=5.756e-1 hessian_qp_elapsed=0.147s
[INFO] [PIRLS/joint-Newton/TR cycle=16 attempt=1] accepted   ρ=+1.000e0  Δobj=+1.746e-2  pred=+1.746e-2  r=5.756e-1 (held)  decision=hold_inside             |δ|=1.876e-3  |δ|∞=4.179e-5  |prop|∞=3.889e0
[INFO] [joint-newton-tr] phase=gradient_reload cycle=16 attempts=1 r=5.756e-1
[INFO] [PIRLS/joint-Newton convergence] cycle  16 | step_inf=3.889e0 (tol=1.672e-11) | accepted_step_inf=4.179e-5 | residual=6.709e2 (tol=6.715e-9) | relative_stationarity=9.991e-1 (scale=6.705e2, inner_tol=1.000e-11) | per_block_resid=[6.705e2,1.005e2,1.812e-1] | obj_change=1.746e-2 (tol=1.146e-8) | beta_inf=6.717e-1 | per_block_beta_inf=[6.717e-1,6.283e-3,8.357e-5]
[INFO] [PIRLS/JN] cyc= 16/200 obj=1.144787e3 Δobj=-1.746e-2 |δ|∞=4.179e-5 resid=6.709e2 attempts=1 t=0.169s
[INFO] [joint-newton-tr] phase=hessian_qp cycle=17 r=5.756e-1
[INFO] [979-PROBE] cyc= 17 firth_armed=true skippable=false |gradPhi|inf=4.865e1 kkt=6.709e2 |beta|inf=6.717e-1 endgame=true
[WARN] [gam#979 constrained-QP] cycle=17 path=linear warm_rows=0 active_set_rows=0 beta_inf=3.8889e0
[INFO] [joint-newton-tr] phase=line_search cycle=17 r=5.756e-1 hessian_qp_elapsed=0.157s
[INFO] [PIRLS/joint-Newton/TR cycle=17 attempt=1] accepted   ρ=+1.000e0  Δobj=+3.491e-2  pred=+3.491e-2  r=5.756e-1 (held)  decision=hold_inside             |δ|=3.751e-3  |δ|∞=8.359e-5  |prop|∞=3.889e0
[INFO] [joint-newton-tr] phase=gradient_reload cycle=17 attempts=1 r=5.756e-1
[INFO] [PIRLS/joint-Newton convergence] cycle  17 | step_inf=3.889e0 (tol=1.672e-11) | accepted_step_inf=8.359e-5 | residual=6.709e2 (tol=6.714e-9) | relative_stationarity=9.991e-1 (scale=6.704e2, inner_tol=1.000e-11) | per_block_resid=[6.704e2,1.005e2,1.812e-1] | obj_change=3.491e-2 (tol=1.146e-8) | beta_inf=6.717e-1 | per_block_beta_inf=[6.717e-1,6.283e-3,1.672e-4]
[INFO] [PIRLS/JN] cyc= 17/200 obj=1.144753e3 Δobj=-3.491e-2 |δ|∞=8.359e-5 resid=6.709e2 attempts=1 t=0.180s
[INFO] [joint-newton-tr] phase=hessian_qp cycle=18 r=5.756e-1
[INFO] [979-PROBE] cyc= 18 firth_armed=true skippable=false |gradPhi|inf=4.865e1 kkt=6.709e2 |beta|inf=6.717e-1 endgame=true
[WARN] [gam#979 constrained-QP] cycle=18 path=linear warm_rows=0 active_set_rows=0 beta_inf=3.8891e0
[INFO] [joint-newton-tr] phase=line_search cycle=18 r=5.756e-1 hessian_qp_elapsed=0.154s
[INFO] [PIRLS/joint-Newton/TR cycle=18 attempt=1] accepted   ρ=+1.000e0  Δobj=+6.982e-2  pred=+6.982e-2  r=5.756e-1 (held)  decision=hold_inside             |δ|=7.502e-3  |δ|∞=1.672e-4  |prop|∞=3.889e0
[INFO] [joint-newton-tr] phase=gradient_reload cycle=18 attempts=1 r=5.756e-1
[INFO] [PIRLS/joint-Newton convergence] cycle  18 | step_inf=3.889e0 (tol=1.672e-11) | accepted_step_inf=1.672e-4 | residual=6.708e2 (tol=6.714e-9) | relative_stationarity=9.991e-1 (scale=6.704e2, inner_tol=1.000e-11) | per_block_resid=[6.704e2,1.005e2,1.811e-1] | obj_change=6.982e-2 (tol=1.146e-8) | beta_inf=6.717e-1 | per_block_beta_inf=[6.717e-1,6.283e-3,3.343e-4]
[INFO] [PIRLS/JN] cyc= 18/200 obj=1.144683e3 Δobj=-6.982e-2 |δ|∞=1.672e-4 resid=6.708e2 attempts=1 t=0.176s
[INFO] [joint-newton-tr] phase=hessian_qp cycle=19 r=5.756e-1
[INFO] [979-PROBE] cyc= 19 firth_armed=true skippable=false |gradPhi|inf=4.864e1 kkt=6.708e2 |beta|inf=6.717e-1 endgame=true
[WARN] [gam#979 constrained-QP] cycle=19 path=linear warm_rows=0 active_set_rows=0 beta_inf=3.8896e0
[INFO] [joint-newton-tr] phase=line_search cycle=19 r=5.756e-1 hessian_qp_elapsed=0.146s
[INFO] [PIRLS/joint-Newton/TR cycle=19 attempt=1] accepted   ρ=+1.000e0  Δobj=+1.396e-1  pred=+1.396e-1  r=5.756e-1 (held)  decision=hold_inside             |δ|=1.500e-2  |δ|∞=3.344e-4  |prop|∞=3.889e0
[INFO] [joint-newton-tr] phase=gradient_reload cycle=19 attempts=1 r=5.756e-1
[INFO] [PIRLS/joint-Newton convergence] cycle  19 | step_inf=3.889e0 (tol=1.672e-11) | accepted_step_inf=3.344e-4 | residual=6.708e2 (tol=6.714e-9) | relative_stationarity=9.991e-1 (scale=6.704e2, inner_tol=1.000e-11) | per_block_resid=[6.704e2,1.005e2,1.809e-1] | obj_change=1.396e-1 (tol=1.146e-8) | beta_inf=6.717e-1 | per_block_beta_inf=[6.717e-1,6.284e-3,6.688e-4]
[INFO] [PIRLS/JN] cyc= 19/200 obj=1.144545e3 Δobj=-1.396e-1 |δ|∞=3.344e-4 resid=6.708e2 attempts=1 t=0.168s
[INFO] [joint-newton-tr] phase=hessian_qp cycle=20 r=5.756e-1
[INFO] [979-PROBE] cyc= 20 firth_armed=true skippable=false |gradPhi|inf=4.864e1 kkt=6.708e2 |beta|inf=6.717e-1 endgame=true
[WARN] [gam#979 constrained-QP] cycle=20 path=linear warm_rows=0 active_set_rows=0 beta_inf=3.8907e0
[INFO] [joint-newton-tr] phase=line_search cycle=20 r=5.756e-1 hessian_qp_elapsed=0.147s
[INFO] [PIRLS/joint-Newton/TR cycle=20 attempt=1] accepted   ρ=+1.000e0  Δobj=+2.792e-1  pred=+2.792e-1  r=5.756e-1 (held)  decision=hold_inside             |δ|=3.001e-2  |δ|∞=6.690e-4  |prop|∞=3.890e0
[INFO] [joint-newton-tr] phase=gradient_reload cycle=20 attempts=1 r=5.756e-1
[INFO] [PIRLS/joint-Newton convergence] cycle  20 | step_inf=3.890e0 (tol=1.672e-11) | accepted_step_inf=6.690e-4 | residual=6.707e2 (tol=6.713e-9) | relative_stationarity=9.991e-1 (scale=6.703e2, inner_tol=1.000e-11) | per_block_resid=[6.702e2,1.005e2,1.806e-1] | obj_change=2.792e-1 (tol=1.145e-8) | beta_inf=6.716e-1 | per_block_beta_inf=[6.716e-1,6.285e-3,1.338e-3]
[INFO] [PIRLS/JN] cyc= 20/200 obj=1.144268e3 Δobj=-2.792e-1 |δ|∞=6.690e-4 resid=6.707e2 attempts=1 t=0.168s
[INFO] [joint-newton-tr] phase=hessian_qp cycle=21 r=5.756e-1
[INFO] [979-PROBE] cyc= 21 firth_armed=true skippable=false |gradPhi|inf=4.863e1 kkt=6.707e2 |beta|inf=6.716e-1 endgame=true
[WARN] [gam#979 constrained-QP] cycle=21 path=linear warm_rows=0 active_set_rows=0 beta_inf=3.8928e0
[INFO] [joint-newton-tr] phase=line_search cycle=21 r=5.756e-1 hessian_qp_elapsed=0.146s
[INFO] [PIRLS/joint-Newton/TR cycle=21 attempt=1] accepted   ρ=+1.000e0  Δobj=+5.583e-1  pred=+5.583e-1  r=5.756e-1 (held)  decision=hold_inside             |δ|=6.002e-2  |δ|∞=1.339e-3  |prop|∞=3.891e0
[INFO] [joint-newton-tr] phase=gradient_reload cycle=21 attempts=1 r=5.756e-1
[INFO] [PIRLS/joint-Newton convergence] cycle  21 | step_inf=3.891e0 (tol=1.671e-11) | accepted_step_inf=1.339e-3 | residual=6.704e2 (tol=6.711e-9) | relative_stationarity=9.990e-1 (scale=6.701e2, inner_tol=1.000e-11) | per_block_resid=[6.700e2,1.005e2,1.799e-1] | obj_change=5.583e-1 (tol=1.145e-8) | beta_inf=6.714e-1 | per_block_beta_inf=[6.714e-1,6.287e-3,2.677e-3]
[INFO] [PIRLS/JN] cyc= 21/200 obj=1.143715e3 Δobj=-5.583e-1 |δ|∞=1.339e-3 resid=6.704e2 attempts=1 t=0.169s
[INFO] [joint-newton-tr] phase=hessian_qp cycle=22 r=5.756e-1
[INFO] [979-PROBE] cyc= 22 firth_armed=true skippable=false |gradPhi|inf=4.861e1 kkt=6.704e2 |beta|inf=6.714e-1 endgame=true
[WARN] [gam#979 constrained-QP] cycle=22 path=linear warm_rows=0 active_set_rows=0 beta_inf=3.8970e0
[INFO] [joint-newton-tr] phase=line_search cycle=22 r=5.756e-1 hessian_qp_elapsed=0.159s
[INFO] [PIRLS/joint-Newton/TR cycle=22 attempt=1] accepted   ρ=+1.000e0  Δobj=+1.116e0  pred=+1.116e0  r=5.756e-1 (held)  decision=hold_inside             |δ|=1.200e-1  |δ|∞=2.681e-3  |prop|∞=3.894e0
[INFO] [joint-newton-tr] phase=gradient_reload cycle=22 attempts=1 r=5.756e-1
[INFO] [PIRLS/joint-Newton convergence] cycle  22 | step_inf=3.894e0 (tol=1.671e-11) | accepted_step_inf=2.681e-3 | residual=6.700e2 (tol=6.707e-9) | relative_stationarity=9.989e-1 (scale=6.697e2, inner_tol=1.000e-11) | per_block_resid=[6.695e2,1.004e2,1.786e-1] | obj_change=1.116e0 (tol=1.144e-8) | beta_inf=6.710e-1 | per_block_beta_inf=[6.710e-1,6.292e-3,5.357e-3]
[INFO] [PIRLS/JN] cyc= 22/200 obj=1.142609e3 Δobj=-1.116e0 |δ|∞=2.681e-3 resid=6.700e2 attempts=1 t=0.182s
[INFO] [joint-newton-tr] phase=hessian_qp cycle=23 r=5.756e-1
[INFO] [979-PROBE] cyc= 23 firth_armed=true skippable=false |gradPhi|inf=4.858e1 kkt=6.700e2 |beta|inf=6.710e-1 endgame=true
[WARN] [gam#979 constrained-QP] cycle=23 path=linear warm_rows=0 active_set_rows=0 beta_inf=3.9054e0
[INFO] [joint-newton-tr] phase=line_search cycle=23 r=5.756e-1 hessian_qp_elapsed=0.158s
[INFO] [PIRLS/joint-Newton/TR cycle=23 attempt=1] accepted   ρ=+1.000e0  Δobj=+2.230e0  pred=+2.230e0  r=5.756e-1 (held)  decision=hold_inside             |δ|=2.401e-1  |δ|∞=5.374e-3  |prop|∞=3.900e0
[INFO] [joint-newton-tr] phase=gradient_reload cycle=23 attempts=1 r=5.756e-1
[INFO] [PIRLS/joint-Newton convergence] cycle  23 | step_inf=3.900e0 (tol=1.670e-11) | accepted_step_inf=5.374e-3 | residual=6.691e2 (tol=6.699e-9) | relative_stationarity=9.987e-1 (scale=6.689e2, inner_tol=1.000e-11) | per_block_resid=[6.686e2,1.003e2,1.761e-1] | obj_change=2.230e0 (tol=1.141e-8) | beta_inf=6.703e-1 | per_block_beta_inf=[6.703e-1,6.302e-3,1.073e-2]
[INFO] [PIRLS/JN] cyc= 23/200 obj=1.140400e3 Δobj=-2.230e0 |δ|∞=5.374e-3 resid=6.691e2 attempts=1 t=0.181s
[INFO] [joint-newton-tr] phase=hessian_qp cycle=24 r=5.756e-1
[INFO] [979-PROBE] cyc= 24 firth_armed=true skippable=false |gradPhi|inf=4.851e1 kkt=6.691e2 |beta|inf=6.703e-1 endgame=true
[WARN] [gam#979 constrained-QP] cycle=24 path=linear warm_rows=0 active_set_rows=0 beta_inf=3.9225e0
[INFO] [joint-newton-tr] phase=line_search cycle=24 r=5.756e-1 hessian_qp_elapsed=0.157s
[INFO] [PIRLS/joint-Newton/TR cycle=24 attempt=1] accepted   ρ=+1.000e0  Δobj=+4.451e0  pred=+4.451e0  r=5.756e-1->9.594e-1  decision=hold_inside             |δ|=4.802e-1  |δ|∞=1.080e-2  |prop|∞=3.912e0
[INFO] [joint-newton-tr] phase=gradient_reload cycle=24 attempts=1 r=9.594e-1
[INFO] [PIRLS/joint-Newton convergence] cycle  24 | step_inf=3.912e0 (tol=1.669e-11) | accepted_step_inf=1.080e-2 | residual=6.672e2 (tol=6.684e-9) | relative_stationarity=9.983e-1 (scale=6.674e2, inner_tol=1.000e-11) | per_block_resid=[6.668e2,9.999e1,1.709e-1] | obj_change=4.451e0 (tol=1.137e-8) | beta_inf=6.688e-1 | per_block_beta_inf=[6.688e-1,6.322e-3,2.153e-2]
[INFO] [PIRLS/JN] cyc= 24/200 obj=1.135990e3 Δobj=-4.451e0 |δ|∞=1.080e-2 resid=6.672e2 attempts=1 t=0.180s
[INFO] [joint-newton-tr] phase=hessian_qp cycle=25 r=9.594e-1
[INFO] [979-PROBE] cyc= 25 firth_armed=true skippable=false |gradPhi|inf=4.837e1 kkt=6.672e2 |beta|inf=6.688e-1 endgame=true
[WARN] [gam#979 constrained-QP] cycle=25 path=linear warm_rows=0 active_set_rows=0 beta_inf=3.9570e0
[INFO] [joint-newton-tr] phase=line_search cycle=25 r=9.594e-1 hessian_qp_elapsed=0.157s
[INFO] [PIRLS/joint-Newton/TR cycle=25 attempt=1] accepted   ρ=+1.000e0  Δobj=+8.868e0  pred=+8.868e0  r=9.594e-1->1.919e0  decision=grow_at_boundary        |δ|=9.603e-1  |δ|∞=2.179e-2  |prop|∞=3.935e0
[INFO] [joint-newton-tr] phase=gradient_reload cycle=25 attempts=1 r=1.919e0
[INFO] [PIRLS/joint-Newton convergence] cycle  25 | step_inf=3.935e0 (tol=1.666e-11) | accepted_step_inf=2.179e-2 | residual=6.635e2 (tol=6.652e-9) | relative_stationarity=9.974e-1 (scale=6.642e2, inner_tol=1.000e-11) | per_block_resid=[6.631e2,9.944e1,1.606e-1] | obj_change=8.868e0 (tol=1.128e-8) | beta_inf=6.658e-1 | per_block_beta_inf=[6.658e-1,6.362e-3,4.332e-2]
[INFO] [PIRLS/JN] cyc= 25/200 obj=1.127205e3 Δobj=-8.868e0 |δ|∞=2.179e-2 resid=6.635e2 attempts=1 t=0.179s
[INFO] [joint-newton-tr] phase=hessian_qp cycle=26 r=1.919e0
[INFO] [979-PROBE] cyc= 26 firth_armed=true skippable=false |gradPhi|inf=4.808e1 kkt=6.635e2 |beta|inf=6.658e-1 endgame=true
[WARN] [gam#979 constrained-QP] cycle=26 path=linear warm_rows=0 active_set_rows=0 beta_inf=4.0282e0
[INFO] [joint-newton-tr] phase=line_search cycle=26 r=1.919e0 hessian_qp_elapsed=0.149s
[INFO] [PIRLS/joint-Newton/TR cycle=26 attempt=1] accepted   ρ=+1.000e0  Δobj=+1.760e1  pred=+1.760e1  r=1.919e0->3.838e0  decision=grow_at_boundary        |δ|=1.921e0  |δ|∞=4.442e-2  |prop|∞=3.985e0
[INFO] [joint-newton-tr] phase=gradient_reload cycle=26 attempts=1 r=3.838e0
[INFO] [PIRLS/joint-Newton convergence] cycle  26 | step_inf=3.985e0 (tol=1.660e-11) | accepted_step_inf=4.442e-2 | residual=6.561e2 (tol=6.590e-9) | relative_stationarity=9.956e-1 (scale=6.580e2, inner_tol=1.000e-11) | per_block_resid=[6.556e2,9.832e1,1.401e-1] | obj_change=1.760e1 (tol=1.111e-8) | beta_inf=6.599e-1 | per_block_beta_inf=[6.599e-1,6.443e-3,8.774e-2]
[INFO] [PIRLS/JN] cyc= 26/200 obj=1.109777e3 Δobj=-1.760e1 |δ|∞=4.442e-2 resid=6.561e2 attempts=1 t=0.172s
[INFO] [joint-newton-tr] phase=hessian_qp cycle=27 r=3.838e0
[INFO] [979-PROBE] cyc= 27 firth_armed=true skippable=false |gradPhi|inf=4.752e1 kkt=6.561e2 |beta|inf=6.599e-1 endgame=true
[WARN] [gam#979 constrained-QP] cycle=27 path=linear warm_rows=0 active_set_rows=0 beta_inf=4.1798e0
[INFO] [joint-newton-tr] phase=line_search cycle=27 r=3.838e0 hessian_qp_elapsed=0.149s
[INFO] [PIRLS/joint-Newton/TR cycle=27 attempt=1] accepted   ρ=+1.000e0  Δobj=+3.463e1  pred=+3.463e1  r=3.838e0->7.675e0  decision=grow_at_boundary        |δ|=3.842e0  |δ|∞=9.243e-2  |prop|∞=4.092e0
[INFO] [joint-newton-tr] phase=gradient_reload cycle=27 attempts=1 r=7.675e0
[INFO] [PIRLS/joint-Newton convergence] cycle  27 | step_inf=4.092e0 (tol=1.648e-11) | accepted_step_inf=9.243e-2 | residual=6.413e2 (tol=6.465e-9) | relative_stationarity=9.919e-1 (scale=6.455e2, inner_tol=1.000e-11) | per_block_resid=[6.408e2,9.606e1,1.626e-1] | obj_change=3.463e1 (tol=1.076e-8) | beta_inf=6.481e-1 | per_block_beta_inf=[6.481e-1,6.612e-3,1.802e-1]
[INFO] [PIRLS/JN] cyc= 27/200 obj=1.075490e3 Δobj=-3.463e1 |δ|∞=9.243e-2 resid=6.413e2 attempts=1 t=0.172s
[INFO] [joint-newton-tr] phase=hessian_qp cycle=28 r=7.675e0
[INFO] [979-PROBE] cyc= 28 firth_armed=true skippable=false |gradPhi|inf=4.636e1 kkt=6.413e2 |beta|inf=6.481e-1 endgame=true
[WARN] [gam#979 constrained-QP] cycle=28 path=linear warm_rows=0 active_set_rows=0 beta_inf=4.5281e0
[INFO] [joint-newton-tr] phase=line_search cycle=28 r=7.675e0 hessian_qp_elapsed=0.149s
[INFO] [PIRLS/joint-Newton/TR cycle=28 attempt=1] accepted   ρ=+9.999e-1  Δobj=+6.702e1  pred=+6.703e1  r=7.675e0->1.535e1  decision=grow_at_boundary        |δ|=7.684e0  |δ|∞=2.017e-1  |prop|∞=4.348e0
[INFO] [joint-newton-tr] phase=gradient_reload cycle=28 attempts=1 r=1.535e1
[INFO] [PIRLS/joint-Newton convergence] cycle  28 | step_inf=4.348e0 (tol=1.624e-11) | accepted_step_inf=2.017e-1 | residual=6.116e2 (tol=6.215e-9) | relative_stationarity=9.840e-1 (scale=6.205e2, inner_tol=1.000e-11) | per_block_resid=[6.109e2,9.140e1,2.143e-1] | obj_change=6.702e1 (tol=1.010e-8) | beta_inf=6.245e-1 | per_block_beta_inf=[6.245e-1,6.982e-3,3.819e-1]
[INFO] [PIRLS/JN] cyc= 28/200 obj=1.009201e3 Δobj=-6.702e1 |δ|∞=2.017e-1 resid=6.116e2 attempts=1 t=0.172s
[INFO] [joint-newton-tr] phase=hessian_qp cycle=29 r=1.535e1
[INFO] [979-PROBE] cyc= 29 firth_armed=true skippable=false |gradPhi|inf=4.400e1 kkt=6.116e2 |beta|inf=6.245e-1 endgame=true
[WARN] [gam#979 constrained-QP] cycle=29 path=linear warm_rows=0 active_set_rows=0 beta_inf=3.7542e0
[INFO] [joint-newton-tr] phase=line_search cycle=29 r=1.535e1 hessian_qp_elapsed=0.148s
[INFO] [PIRLS/joint-Newton/TR cycle=29 attempt=1] accepted   ρ=+9.999e-1  Δobj=+1.245e2  pred=+1.246e2  r=1.535e1->3.070e1  decision=grow_at_boundary        |δ|=1.537e1  |δ|∞=3.310e-1  |prop|∞=3.372e0
[INFO] [joint-newton-tr] phase=gradient_reload cycle=29 attempts=1 r=3.070e1
[INFO] [PIRLS/joint-Newton convergence] cycle  29 | step_inf=3.372e0 (tol=1.713e-11) | accepted_step_inf=3.310e-1 | residual=5.515e2 (tol=5.712e-9) | relative_stationarity=9.655e-1 (scale=5.702e2, inner_tol=1.000e-11) | per_block_resid=[5.506e2,8.224e1,4.518e-1] | obj_change=1.245e2 (tol=8.869e-9) | beta_inf=7.129e-1 | per_block_beta_inf=[5.771e-1,7.756e-3,7.129e-1]
[INFO] [PIRLS/JN] cyc= 29/200 obj=8.858805e2 Δobj=-1.245e2 |δ|∞=3.310e-1 resid=5.515e2 attempts=1 t=0.170s
[INFO] [joint-newton-tr] phase=hessian_qp cycle=30 r=3.070e1
[INFO] [979-PROBE] cyc= 30 firth_armed=true skippable=false |gradPhi|inf=3.967e1 kkt=5.515e2 |beta|inf=7.129e-1 endgame=true
[WARN] [gam#979 constrained-QP] cycle=30 path=linear warm_rows=0 active_set_rows=0 beta_inf=4.8419e0
[INFO] [joint-newton-tr] phase=line_search cycle=30 r=3.070e1 hessian_qp_elapsed=0.156s
[INFO] [PIRLS/joint-Newton/TR cycle=30 attempt=1] accepted   ρ=+9.986e-1  Δobj=+2.119e2  pred=+2.121e2  r=3.070e1->6.140e1  decision=grow_at_boundary        |δ|=3.076e1  |δ|∞=9.175e-1  |prop|∞=4.129e0
[INFO] [joint-newton-tr] phase=gradient_reload cycle=30 attempts=1 r=6.140e1
[INFO] [PIRLS/joint-Newton convergence] cycle  30 | step_inf=4.129e0 (tol=2.630e-11) | accepted_step_inf=9.175e-1 | residual=4.285e2 (tol=4.694e-9) | relative_stationarity=9.129e-1 (scale=4.684e2, inner_tol=1.000e-11) | per_block_resid=[4.269e2,6.024e1,7.634e-1] | obj_change=2.119e2 (tol=6.780e-9) | beta_inf=1.630e0 | per_block_beta_inf=[4.820e-1,1.002e-2,1.630e0]
[INFO] [PIRLS/JN] cyc= 30/200 obj=6.770242e2 Δobj=-2.119e2 |δ|∞=9.175e-1 resid=4.285e2 attempts=1 t=0.179s
[INFO] [joint-newton-tr] phase=hessian_qp cycle=31 r=6.140e1
[INFO] [979-PROBE] cyc= 31 firth_armed=true skippable=false |gradPhi|inf=2.960e1 kkt=4.285e2 |beta|inf=1.630e0 endgame=true
[WARN] [gam#979 constrained-QP] cycle=31 path=linear warm_rows=0 active_set_rows=0 beta_inf=2.9136e0
[INFO] [joint-newton-tr] phase=line_search cycle=31 r=6.140e1 hessian_qp_elapsed=0.158s
[INFO] [PIRLS/joint-Newton/TR cycle=31 attempt=1] accepted   ρ=+9.794e-1  Δobj=+2.542e2  pred=+2.596e2  r=6.140e1->1.228e2  decision=grow_at_boundary        |δ|=6.148e1  |δ|∞=7.817e-1  |prop|∞=1.283e0
[INFO] [joint-newton-tr] phase=gradient_reload cycle=31 attempts=1 r=1.228e2
[INFO] [PIRLS/joint-Newton convergence] cycle  31 | step_inf=1.283e0 (tol=3.412e-11) | accepted_step_inf=7.817e-1 | residual=1.611e2 (tol=2.558e-9) | relative_stationarity=6.299e-1 (scale=2.548e2, inner_tol=1.000e-11) | per_block_resid=[1.598e2,3.445e1,1.641e0] | obj_change=2.542e2 (tol=4.268e-9) | beta_inf=2.412e0 | per_block_beta_inf=[3.198e-1,1.425e-2,2.412e0]
[INFO] [PIRLS/JN] cyc= 31/200 obj=4.257784e2 Δobj=-2.542e2 |δ|∞=7.817e-1 resid=1.611e2 attempts=1 t=0.181s
[INFO] [joint-newton-tr] phase=hessian_qp cycle=32 r=1.228e2
[INFO] [979-PROBE] cyc= 32 firth_armed=true skippable=false |gradPhi|inf=4.399e1 kkt=1.611e2 |beta|inf=2.412e0 endgame=true
[WARN] [gam#979 constrained-QP] cycle=32 path=linear warm_rows=0 active_set_rows=0 beta_inf=3.4760e0
[INFO] [joint-newton-tr] phase=line_search cycle=32 r=1.228e2 hessian_qp_elapsed=0.151s
[INFO] [PIRLS/joint-Newton/TR cycle=32 attempt=1] accepted   ρ=+1.074e0  Δobj=+2.837e1  pred=+2.642e1  r=1.228e2 (held)  decision=hold_inside             |δ|=1.878e1  |δ|∞=6.848e-1  |prop|∞=1.064e0
[INFO] [joint-newton-tr] phase=gradient_reload cycle=32 attempts=1 r=1.228e2
[INFO] [PIRLS/joint-Newton convergence] cycle  32 | step_inf=1.064e0 (tol=4.097e-11) | accepted_step_inf=6.848e-1 | residual=1.570e2 (tol=1.847e-9) | relative_stationarity=8.502e-1 (scale=1.837e2, inner_tol=1.000e-11) | per_block_resid=[5.328e1,5.662e1,2.287e-1] | obj_change=2.837e1 (tol=4.022e-9) | beta_inf=3.097e0 | per_block_beta_inf=[2.878e-1,3.814e-3,3.097e0]
[INFO] [PIRLS/JN] cyc= 32/200 obj=4.011649e2 Δobj=-2.837e1 |δ|∞=6.848e-1 resid=1.570e2 attempts=1 t=0.174s
[INFO] [joint-newton-tr] phase=hessian_qp cycle=33 r=1.228e2
[INFO] [979-PROBE] cyc= 33 firth_armed=true skippable=false |gradPhi|inf=1.454e2 kkt=1.570e2 |beta|inf=3.097e0 endgame=true
[WARN] [gam#979 constrained-QP] cycle=33 path=linear warm_rows=0 active_set_rows=0 beta_inf=1.2258e1
[INFO] [joint-newton-tr] phase=line_search cycle=33 r=1.228e2 hessian_qp_elapsed=0.150s
[INFO] [PIRLS/joint-Newton/TR cycle=33 attempt=1] reject     ρ=-5.575e25  Δobj=-1.855e28  pred=+3.327e2  r=1.228e2->1.830e1  decision=shrink_reject           |δ|=4.640e1  |δ|∞=3.208e1  |prop|∞=9.161e0
[INFO] [PIRLS/joint-Newton/TR cycle=33 attempt=2] reject     ρ=-1.274e10  Δobj=-1.624e12  pred=+1.275e2  r=1.830e1->4.576e0  decision=shrink_reject           |δ|=1.830e1  |δ|∞=1.468e1  |prop|∞=9.161e0
[INFO] [PIRLS/joint-Newton/TR cycle=33 attempt=3] reject     ρ=-2.417e0  Δobj=-7.836e1  pred=+3.242e1  r=4.576e0->1.144e0  decision=shrink_reject           |δ|=4.576e0  |δ|∞=3.909e0  |prop|∞=9.161e0
[INFO] [PIRLS/joint-Newton/TR cycle=33 attempt=4] accepted   ρ=+9.898e-1  Δobj=+8.152e0  pred=+8.236e0  r=1.144e0->2.288e0  decision=grow_at_boundary        |δ|=1.144e0  |δ|∞=9.913e-1  |prop|∞=9.161e0
[INFO] [joint-newton-tr] phase=gradient_reload cycle=33 attempts=4 r=2.288e0
[INFO] [PIRLS/joint-Newton convergence] cycle  33 | step_inf=9.161e0 (tol=5.088e-11) | accepted_step_inf=9.913e-1 | residual=1.041e2 (tol=1.839e-9) | relative_stationarity=5.661e-1 (scale=1.829e2, inner_tol=1.000e-11) | per_block_resid=[5.305e1,7.315e1,3.021e-1] | obj_change=8.152e0 (tol=4.018e-9) | beta_inf=4.088e0 | per_block_beta_inf=[2.877e-1,3.852e-3,4.088e0]
[INFO] [PIRLS/JN] cyc= 33/200 obj=4.007544e2 Δobj=-8.152e0 |δ|∞=9.913e-1 resid=1.041e2 attempts=4 t=0.177s
[INFO] [joint-newton-tr] phase=hessian_qp cycle=34 r=2.288e0
[INFO] [979-PROBE] cyc= 34 firth_armed=true skippable=false |gradPhi|inf=7.732e1 kkt=1.041e2 |beta|inf=4.088e0 endgame=true
[WARN] [gam#979 constrained-QP] cycle=34 path=linear warm_rows=0 active_set_rows=0 beta_inf=6.4130e0
[INFO] [joint-newton-tr] phase=line_search cycle=34 r=2.288e0 hessian_qp_elapsed=0.145s
[INFO] [PIRLS/joint-Newton/TR cycle=34 attempt=1] accepted   ρ=+8.992e-1  Δobj=+7.049e0  pred=+7.839e0  r=2.288e0->4.576e0  decision=grow_at_boundary        |δ|=2.288e0  |δ|∞=1.034e0  |prop|∞=2.325e0
[INFO] [joint-newton-tr] phase=gradient_reload cycle=34 attempts=1 r=4.576e0
[INFO] [PIRLS/joint-Newton convergence] cycle  34 | step_inf=2.325e0 (tol=6.123e-11) | accepted_step_inf=1.034e0 | residual=3.432e2 (tol=3.521e-9) | relative_stationarity=9.749e-1 (scale=3.511e2, inner_tol=1.000e-11) | per_block_resid=[4.999e1,2.959e2,8.268e-1] | obj_change=7.049e0 (tol=4.011e-9) | beta_inf=5.123e0 | per_block_beta_inf=[2.875e-1,3.325e-3,5.123e0]
[INFO] [PIRLS/JN] cyc= 34/200 obj=4.000959e2 Δobj=-7.049e0 |δ|∞=1.034e0 resid=3.432e2 attempts=1 t=0.167s
[INFO] [joint-newton-tr] phase=hessian_qp cycle=35 r=4.576e0
[INFO] [979-PROBE] cyc= 35 firth_armed=true skippable=false |gradPhi|inf=5.092e2 kkt=3.432e2 |beta|inf=5.123e0 endgame=true
[WARN] [gam#979 constrained-QP] cycle=35 path=linear warm_rows=0 active_set_rows=0 beta_inf=5.4425e0
[INFO] [joint-newton-tr] phase=line_search cycle=35 r=4.576e0 hessian_qp_elapsed=0.147s
[INFO] [PIRLS/joint-Newton/TR cycle=35 attempt=1] accepted   ρ=+4.751e-1  Δobj=+1.056e1  pred=+2.223e1  r=4.576e0 (held)  decision=hold_moderate           |δ|=4.576e0  |δ|∞=2.755e-1  |prop|∞=3.198e-1
[INFO] [joint-newton-tr] phase=gradient_reload cycle=35 attempts=1 r=4.576e0
[INFO] [PIRLS/joint-Newton convergence] cycle  35 | step_inf=3.198e-1 (tol=6.398e-11) | accepted_step_inf=2.755e-1 | residual=1.583e3 (tol=9.733e-9) | relative_stationarity=1.626e0 (scale=9.723e2, inner_tol=1.000e-11) | per_block_resid=[4.549e1,1.330e3,1.317e1] | obj_change=1.056e1 (tol=4.082e-9) | beta_inf=5.398e0 | per_block_beta_inf=[2.867e-1,6.240e-3,5.398e0]
[INFO] [PIRLS/JN] cyc= 35/200 obj=4.071648e2 Δobj=-1.056e1 |δ|∞=2.755e-1 resid=1.583e3 attempts=1 t=0.170s
[INFO] [joint-newton-tr] phase=hessian_qp cycle=36 r=4.576e0
[INFO] [979-PROBE] cyc= 36 firth_armed=true skippable=false |gradPhi|inf=8.876e2 kkt=1.583e3 |beta|inf=5.398e0 endgame=true
[WARN] [gam#979 constrained-QP] cycle=36 path=linear warm_rows=0 active_set_rows=0 beta_inf=6.0470e0
[INFO] [joint-newton-tr] phase=line_search cycle=36 r=4.576e0 hessian_qp_elapsed=0.152s
[INFO] [PIRLS/joint-Newton/TR cycle=36 attempt=1] accepted   ρ=+2.630e-1  Δobj=+2.537e0  pred=+9.643e0  r=4.576e0 (held)  decision=hold_moderate           |δ|=4.576e0  |δ|∞=2.159e-1  |prop|∞=6.489e-1
[INFO] [joint-newton-tr] phase=gradient_reload cycle=36 attempts=1 r=4.576e0
[INFO] [PIRLS/joint-Newton convergence] cycle  36 | step_inf=6.489e-1 (tol=6.614e-11) | accepted_step_inf=2.159e-1 | residual=3.686e3 (tol=8.886e-9) | relative_stationarity=4.148e0 (scale=8.876e2, inner_tol=1.000e-11) | per_block_resid=[3.231e1,8.342e2,5.790e0] | obj_change=2.537e0 (tol=4.019e-9) | beta_inf=5.614e0 | per_block_beta_inf=[2.867e-1,5.534e-3,5.614e0]
[INFO] [PIRLS/JN] cyc= 36/200 obj=4.008550e2 Δobj=-2.537e0 |δ|∞=2.159e-1 resid=3.686e3 attempts=1 t=0.175s
[INFO] [joint-newton-tr] phase=hessian_qp cycle=37 r=4.576e0
[INFO] [979-PROBE] cyc= 37 firth_armed=true skippable=false |gradPhi|inf=3.798e3 kkt=3.686e3 |beta|inf=5.614e0 endgame=true
[WARN] [gam#979 constrained-QP] cycle=37 path=linear warm_rows=0 active_set_rows=0 beta_inf=5.7096e0
[INFO] [joint-newton-tr] phase=line_search cycle=37 r=4.576e0 hessian_qp_elapsed=0.155s
[INFO] [PIRLS/joint-Newton/TR cycle=37 attempt=1] reject     ρ=-1.201e-3  Δobj=-1.214e1  pred=+1.011e4  r=4.576e0->1.693e0  decision=shrink_reject           |δ|=4.576e0  |δ|∞=5.380e-2  |prop|∞=9.557e-2
[INFO] [PIRLS/joint-Newton/TR cycle=37 attempt=2] reject     ρ=-1.557e-3  Δobj=-2.164e0  pred=+1.390e3  r=1.693e0->2.731e-1  decision=shrink_reject           |δ|=1.693e0  |δ|∞=1.993e-2  |prop|∞=9.557e-2
[INFO] [PIRLS/joint-Newton/TR cycle=37 attempt=3] accepted   ρ=+8.576e-2  Δobj=+3.222e0  pred=+3.757e1  r=2.731e-1->6.827e-2  decision=shrink_marginal_accept  |δ|=2.731e-1  |δ|∞=3.252e-3  |prop|∞=9.557e-2
[INFO] [joint-newton-tr] phase=gradient_reload cycle=37 attempts=3 r=6.827e-2
[INFO] [PIRLS/joint-Newton convergence] cycle  37 | step_inf=9.557e-2 (tol=6.617e-11) | accepted_step_inf=3.252e-3 | residual=1.170e3 (tol=3.799e-8) | relative_stationarity=3.081e-1 (scale=3.798e3, inner_tol=1.000e-11) | per_block_resid=[3.199e1,9.387e2,5.988e0] | obj_change=3.222e0 (tol=4.020e-9) | beta_inf=5.617e0 | per_block_beta_inf=[2.867e-1,5.651e-3,5.617e0]
[INFO] [PIRLS/JN] cyc= 37/200 obj=4.010477e2 Δobj=-3.222e0 |δ|∞=3.252e-3 resid=1.170e3 attempts=3 t=0.181s
[INFO] [joint-newton-tr] phase=hessian_qp cycle=38 r=6.827e-2
[INFO] [979-PROBE] cyc= 38 firth_armed=true skippable=false |gradPhi|inf=1.187e3 kkt=1.170e3 |beta|inf=5.617e0 endgame=true
[WARN] [gam#979 constrained-QP] cycle=38 path=linear warm_rows=0 active_set_rows=0 beta_inf=5.6975e0
[INFO] [joint-newton-tr] phase=line_search cycle=38 r=6.827e-2 hessian_qp_elapsed=0.155s
[INFO] [PIRLS/joint-Newton/TR cycle=38 attempt=1] accepted   ρ=+1.007e0  Δobj=+1.739e-1  pred=+1.728e-1  r=6.827e-2->1.365e-1  decision=grow_at_boundary        |δ|=6.827e-2  |δ|∞=2.233e-3  |prop|∞=8.021e-2
[INFO] [joint-newton-tr] phase=gradient_reload cycle=38 attempts=1 r=1.365e-1
[INFO] [PIRLS/joint-Newton convergence] cycle  38 | step_inf=8.021e-2 (tol=6.620e-11) | accepted_step_inf=2.233e-3 | residual=9.517e2 (tol=1.188e-8) | relative_stationarity=8.008e-1 (scale=1.187e3, inner_tol=1.000e-11) | per_block_resid=[3.184e1,9.177e2,5.938e0] | obj_change=1.739e-1 (tol=4.020e-9) | beta_inf=5.620e0 | per_block_beta_inf=[2.867e-1,5.624e-3,5.620e0]
[INFO] [PIRLS/JN] cyc= 38/200 obj=4.010340e2 Δobj=-1.739e-1 |δ|∞=2.233e-3 resid=9.517e2 attempts=1 t=0.178s
[INFO] [joint-newton-tr] phase=hessian_qp cycle=39 r=1.365e-1
[INFO] [979-PROBE] cyc= 39 firth_armed=true skippable=false |gradPhi|inf=9.296e2 kkt=9.517e2 |beta|inf=5.620e0 endgame=true
[WARN] [gam#979 constrained-QP] cycle=39 path=linear warm_rows=0 active_set_rows=0 beta_inf=5.6990e0
[INFO] [joint-newton-tr] phase=line_search cycle=39 r=1.365e-1 hessian_qp_elapsed=0.155s
[INFO] [PIRLS/joint-Newton/TR cycle=39 attempt=1] accepted   ρ=+1.096e0  Δobj=+3.788e-1  pred=+3.457e-1  r=1.365e-1->2.731e-1  decision=grow_at_boundary        |δ|=1.365e-1  |δ|∞=3.950e-3  |prop|∞=7.947e-2
[INFO] [joint-newton-tr] phase=gradient_reload cycle=39 attempts=1 r=2.731e-1
[INFO] [PIRLS/joint-Newton convergence] cycle  39 | step_inf=7.947e-2 (tol=6.623e-11) | accepted_step_inf=3.950e-3 | residual=2.228e3 (tol=9.306e-9) | relative_stationarity=2.395e0 (scale=9.296e2, inner_tol=1.000e-11) | per_block_resid=[3.168e1,8.896e2,5.887e0] | obj_change=3.788e-1 (tol=4.020e-9) | beta_inf=5.623e0 | per_block_beta_inf=[2.867e-1,5.582e-3,5.623e0]
[INFO] [PIRLS/JN] cyc= 39/200 obj=4.010179e2 Δobj=-3.788e-1 |δ|∞=3.950e-3 resid=2.228e3 attempts=1 t=0.178s
[INFO] [joint-newton-tr] phase=hessian_qp cycle=40 r=2.731e-1
[INFO] [979-PROBE] cyc= 40 firth_armed=true skippable=false |gradPhi|inf=2.302e3 kkt=2.228e3 |beta|inf=5.623e0 endgame=true
[WARN] [gam#979 constrained-QP] cycle=40 path=linear warm_rows=0 active_set_rows=0 beta_inf=5.6957e0
[INFO] [joint-newton-tr] phase=line_search cycle=40 r=2.731e-1 hessian_qp_elapsed=0.150s
[INFO] [PIRLS/joint-Newton/TR cycle=40 attempt=1] accepted   ρ=+4.657e-1  Δobj=+9.704e-1  pred=+2.084e0  r=2.731e-1 (held)  decision=hold_moderate           |δ|=2.731e-1  |δ|∞=4.228e-3  |prop|∞=7.221e-2
[INFO] [joint-newton-tr] phase=gradient_reload cycle=40 attempts=1 r=2.731e-1
[INFO] [PIRLS/joint-Newton convergence] cycle  40 | step_inf=7.221e-2 (tol=6.628e-11) | accepted_step_inf=4.228e-3 | residual=9.393e2 (tol=2.303e-8) | relative_stationarity=4.078e-1 (scale=2.302e3, inner_tol=1.000e-11) | per_block_resid=[3.171e1,8.509e2,5.937e0] | obj_change=9.704e-1 (tol=4.020e-9) | beta_inf=5.628e0 | per_block_beta_inf=[2.866e-1,5.526e-3,5.628e0]
[INFO] [PIRLS/JN] cyc= 40/200 obj=4.010248e2 Δobj=-9.704e-1 |δ|∞=4.228e-3 resid=9.393e2 attempts=1 t=0.173s
[INFO] [joint-newton-tr] phase=hessian_qp cycle=41 r=2.731e-1
[INFO] [979-PROBE] cyc= 41 firth_armed=true skippable=false |gradPhi|inf=1.146e3 kkt=9.393e2 |beta|inf=5.628e0 endgame=true
[WARN] [gam#979 constrained-QP] cycle=41 path=linear warm_rows=0 active_set_rows=0 beta_inf=5.7048e0
[INFO] [joint-newton-tr] phase=line_search cycle=41 r=2.731e-1 hessian_qp_elapsed=0.155s
[INFO] [PIRLS/joint-Newton/TR cycle=41 attempt=1] accepted   ρ=+9.999e-1  Δobj=+9.858e-2  pred=+9.860e-2  r=2.731e-1 (held)  decision=hold_inside             |δ|=1.165e-1  |δ|∞=2.240e-3  |prop|∞=7.713e-2
[INFO] [joint-newton-tr] phase=gradient_reload cycle=41 attempts=1 r=2.731e-1
[INFO] [PIRLS/joint-Newton convergence] cycle  41 | step_inf=7.713e-2 (tol=6.630e-11) | accepted_step_inf=2.240e-3 | residual=9.113e2 (tol=1.147e-8) | relative_stationarity=7.946e-1 (scale=1.146e3, inner_tol=1.000e-11) | per_block_resid=[3.087e1,8.571e2,5.827e0] | obj_change=9.858e-2 (tol=4.019e-9) | beta_inf=5.630e0 | per_block_beta_inf=[2.864e-1,5.505e-3,5.630e0]
[INFO] [PIRLS/JN] cyc= 41/200 obj=4.009384e2 Δobj=-9.858e-2 |δ|∞=2.240e-3 resid=9.113e2 attempts=1 t=0.178s
[INFO] [joint-newton-tr] phase=hessian_qp cycle=42 r=2.731e-1
[INFO] [979-PROBE] cyc= 42 firth_armed=true skippable=false |gradPhi|inf=1.119e3 kkt=9.113e2 |beta|inf=5.630e0 endgame=true
[WARN] [gam#979 constrained-QP] cycle=42 path=linear warm_rows=0 active_set_rows=0 beta_inf=5.7055e0
[INFO] [joint-newton-tr] phase=line_search cycle=42 r=2.731e-1 hessian_qp_elapsed=0.156s
[INFO] [PIRLS/joint-Newton/TR cycle=42 attempt=1] accepted   ρ=+9.998e-1  Δobj=+1.008e-1  pred=+1.009e-1  r=2.731e-1 (held)  decision=hold_inside             |δ|=1.237e-1  |δ|∞=2.428e-3  |prop|∞=7.552e-2
[INFO] [joint-newton-tr] phase=gradient_reload cycle=42 attempts=1 r=2.731e-1
[INFO] [PIRLS/joint-Newton convergence] cycle  42 | step_inf=7.552e-2 (tol=6.632e-11) | accepted_step_inf=2.428e-3 | residual=8.814e2 (tol=1.120e-8) | relative_stationarity=7.868e-1 (scale=1.119e3, inner_tol=1.000e-11) | per_block_resid=[2.999e1,8.632e2,5.713e0] | obj_change=1.008e-1 (tol=4.018e-9) | beta_inf=5.632e0 | per_block_beta_inf=[2.862e-1,5.481e-3,5.632e0]
[INFO] [PIRLS/JN] cyc= 42/200 obj=4.008492e2 Δobj=-1.008e-1 |δ|∞=2.428e-3 resid=8.814e2 attempts=1 t=0.178s
[INFO] [joint-newton-tr] phase=hessian_qp cycle=43 r=2.731e-1
[INFO] [979-PROBE] cyc= 43 firth_armed=true skippable=false |gradPhi|inf=1.091e3 kkt=8.814e2 |beta|inf=5.632e0 endgame=true
[WARN] [gam#979 constrained-QP] cycle=43 path=linear warm_rows=0 active_set_rows=0 beta_inf=5.7063e0
[INFO] [joint-newton-tr] phase=line_search cycle=43 r=2.731e-1 hessian_qp_elapsed=0.153s
[INFO] [PIRLS/joint-Newton/TR cycle=43 attempt=1] accepted   ρ=+9.994e-1  Δobj=+1.865e-1  pred=+1.866e-1  r=2.731e-1 (held)  decision=hold_inside             |δ|=2.412e-1  |δ|∞=4.837e-3  |prop|∞=7.394e-2
[INFO] [joint-newton-tr] phase=gradient_reload cycle=43 attempts=1 r=2.731e-1
[INFO] [PIRLS/joint-Newton convergence] cycle  43 | step_inf=7.394e-2 (tol=6.637e-11) | accepted_step_inf=4.837e-3 | residual=8.220e2 (tol=1.092e-8) | relative_stationarity=7.531e-1 (scale=1.091e3, inner_tol=1.000e-11) | per_block_resid=[2.827e1,8.745e2,5.499e0] | obj_change=1.865e-1 (tol=4.017e-9) | beta_inf=5.637e0 | per_block_beta_inf=[2.858e-1,5.430e-3,5.637e0]
[INFO] [PIRLS/JN] cyc= 43/200 obj=4.006831e2 Δobj=-1.865e-1 |δ|∞=4.837e-3 resid=8.220e2 attempts=1 t=0.177s
[INFO] [joint-newton-tr] phase=hessian_qp cycle=44 r=2.731e-1
[INFO] [979-PROBE] cyc= 44 firth_armed=true skippable=false |gradPhi|inf=1.033e3 kkt=8.220e2 |beta|inf=5.637e0 endgame=true
[WARN] [gam#979 constrained-QP] cycle=44 path=linear warm_rows=0 active_set_rows=0 beta_inf=5.7084e0
[INFO] [joint-newton-tr] phase=line_search cycle=44 r=2.731e-1 hessian_qp_elapsed=0.154s
[INFO] [PIRLS/joint-Newton/TR cycle=44 attempt=1] accepted   ρ=+9.995e-1  Δobj=+1.738e-1  pred=+1.738e-1  r=2.731e-1->4.056e-1  decision=hold_inside             |δ|=2.442e-1  |δ|∞=5.090e-3  |prop|∞=7.117e-2
[INFO] [joint-newton-tr] phase=gradient_reload cycle=44 attempts=1 r=4.056e-1
[INFO] [PIRLS/joint-Newton convergence] cycle  44 | step_inf=7.117e-2 (tol=6.642e-11) | accepted_step_inf=5.090e-3 | residual=7.622e2 (tol=1.034e-8) | relative_stationarity=7.369e-1 (scale=1.033e3, inner_tol=1.000e-11) | per_block_resid=[2.653e1,8.851e2,5.295e0] | obj_change=1.738e-1 (tol=4.015e-9) | beta_inf=5.642e0 | per_block_beta_inf=[2.854e-1,5.375e-3,5.642e0]
[INFO] [PIRLS/JN] cyc= 44/200 obj=4.005258e2 Δobj=-1.738e-1 |δ|∞=5.090e-3 resid=7.622e2 attempts=1 t=0.177s
[INFO] [joint-newton-tr] phase=hessian_qp cycle=45 r=4.056e-1
[INFO] [979-PROBE] cyc= 45 firth_armed=true skippable=false |gradPhi|inf=9.755e2 kkt=7.622e2 |beta|inf=5.642e0 endgame=true
[WARN] [gam#979 constrained-QP] cycle=45 path=linear warm_rows=0 active_set_rows=0 beta_inf=5.7110e0
[INFO] [joint-newton-tr] phase=line_search cycle=45 r=4.056e-1 hessian_qp_elapsed=0.155s
[INFO] [PIRLS/joint-Newton/TR cycle=45 attempt=1] accepted   ρ=+9.982e-1  Δobj=+3.048e-1  pred=+3.053e-1  r=4.056e-1->8.112e-1  decision=grow_at_boundary        |δ|=4.842e-1  |δ|∞=1.042e-2  |prop|∞=6.867e-2
[INFO] [joint-newton-tr] phase=gradient_reload cycle=45 attempts=1 r=8.112e-1
[INFO] [PIRLS/joint-Newton convergence] cycle  45 | step_inf=6.867e-2 (tol=6.653e-11) | accepted_step_inf=1.042e-2 | residual=6.446e2 (tol=9.765e-9) | relative_stationarity=6.601e-1 (scale=9.755e2, inner_tol=1.000e-11) | per_block_resid=[2.309e1,9.067e2,4.928e0] | obj_change=3.048e-1 (tol=4.012e-9) | beta_inf=5.653e0 | per_block_beta_inf=[2.845e-1,5.263e-3,5.653e0]
[INFO] [PIRLS/JN] cyc= 45/200 obj=4.002468e2 Δobj=-3.048e-1 |δ|∞=1.042e-2 resid=6.446e2 attempts=1 t=0.177s
[INFO] [joint-newton-tr] phase=hessian_qp cycle=46 r=8.112e-1
[INFO] [979-PROBE] cyc= 46 firth_armed=true skippable=false |gradPhi|inf=8.613e2 kkt=6.446e2 |beta|inf=5.653e0 endgame=true
[WARN] [gam#979 constrained-QP] cycle=46 path=linear warm_rows=0 active_set_rows=0 beta_inf=5.7169e0
[INFO] [joint-newton-tr] phase=line_search cycle=46 r=8.112e-1 hessian_qp_elapsed=0.155s
[INFO] [PIRLS/joint-Newton/TR cycle=46 attempt=1] accepted   ρ=+9.962e-1  Δobj=+4.466e-1  pred=+4.484e-1  r=8.112e-1->1.622e0  decision=grow_at_boundary        |δ|=9.483e-1  |δ|∞=2.085e-2  |prop|∞=6.416e-2
[INFO] [joint-newton-tr] phase=gradient_reload cycle=46 attempts=1 r=1.622e0
[INFO] [PIRLS/joint-Newton convergence] cycle  46 | step_inf=6.416e-2 (tol=6.674e-11) | accepted_step_inf=2.085e-2 | residual=4.366e2 (tol=9.178e-9) | relative_stationarity=4.757e-1 (scale=9.168e2, inner_tol=1.000e-11) | per_block_resid=[1.632e1,9.629e2,4.366e0] | obj_change=4.466e-1 (tol=4.008e-9) | beta_inf=5.674e0 | per_block_beta_inf=[2.828e-1,5.065e-3,5.674e0]
[INFO] [PIRLS/JN] cyc= 46/200 obj=3.998364e2 Δobj=-4.466e-1 |δ|∞=2.085e-2 resid=4.366e2 attempts=1 t=0.178s
[INFO] [joint-newton-tr] phase=hessian_qp cycle=47 r=1.622e0
[INFO] [979-PROBE] cyc= 47 firth_armed=true skippable=false |gradPhi|inf=7.787e2 kkt=4.366e2 |beta|inf=5.674e0 endgame=true
[WARN] [gam#979 constrained-QP] cycle=47 path=linear warm_rows=0 active_set_rows=0 beta_inf=5.7291e0
[INFO] [joint-newton-tr] phase=line_search cycle=47 r=1.622e0 hessian_qp_elapsed=0.154s
[INFO] [PIRLS/joint-Newton/TR cycle=47 attempt=1] accepted   ρ=+8.069e-1  Δobj=+3.253e-1  pred=+4.032e-1  r=1.622e0->3.245e0  decision=grow_at_boundary        |δ|=1.862e0  |δ|∞=2.658e-2  |prop|∞=5.554e-2
[INFO] [joint-newton-tr] phase=gradient_reload cycle=47 attempts=1 r=3.245e0
[INFO] [PIRLS/joint-Newton convergence] cycle  47 | step_inf=5.554e-2 (tol=6.700e-11) | accepted_step_inf=2.658e-2 | residual=3.274e2 (tol=1.127e-8) | relative_stationarity=2.904e-1 (scale=1.126e3, inner_tol=1.000e-11) | per_block_resid=[5.439e0,1.167e3,4.026e0] | obj_change=3.253e-1 (tol=4.007e-9) | beta_inf=5.700e0 | per_block_beta_inf=[2.795e-1,4.901e-3,5.700e0]
[INFO] [PIRLS/JN] cyc= 47/200 obj=3.996574e2 Δobj=-3.253e-1 |δ|∞=2.658e-2 resid=3.274e2 attempts=1 t=0.177s
[INFO] [joint-newton-tr] phase=hessian_qp cycle=48 r=3.245e0
[INFO] [979-PROBE] cyc= 48 firth_armed=true skippable=false |gradPhi|inf=8.393e2 kkt=3.274e2 |beta|inf=5.700e0 endgame=true
[WARN] [gam#979 constrained-QP] cycle=48 path=linear warm_rows=0 active_set_rows=0 beta_inf=5.7557e0
[INFO] [joint-newton-tr] phase=line_search cycle=48 r=3.245e0 hessian_qp_elapsed=0.155s
[INFO] [PIRLS/joint-Newton/TR cycle=48 attempt=1] accepted   ρ=+9.555e-1  Δobj=+4.139e-1  pred=+4.332e-1  r=3.245e0 (held)  decision=hold_inside             |δ|=1.012e0  |δ|∞=5.559e-2  |prop|∞=5.559e-2
[INFO] [joint-newton-tr] phase=gradient_reload cycle=48 attempts=1 r=3.245e0
[INFO] [PIRLS/joint-Newton convergence] cycle  48 | step_inf=5.559e-2 (tol=6.756e-11) | accepted_step_inf=5.559e-2 | residual=9.729e1 (tol=1.013e-8) | relative_stationarity=9.602e-2 (scale=1.012e3, inner_tol=1.000e-11) | per_block_resid=[3.470e0,1.042e3,3.169e0] | obj_change=4.139e-1 (tol=4.001e-9) | beta_inf=5.756e0 | per_block_beta_inf=[2.784e-1,4.127e-3,5.756e0]
[INFO] [PIRLS/JN] cyc= 48/200 obj=3.990940e2 Δobj=-4.139e-1 |δ|∞=5.559e-2 resid=9.729e1 attempts=1 t=0.178s
[INFO] [joint-newton-tr] phase=hessian_qp cycle=49 r=3.245e0
[INFO] [979-PROBE] cyc= 49 firth_armed=true skippable=false |gradPhi|inf=1.137e3 kkt=9.729e1 |beta|inf=5.756e0 endgame=true
[WARN] [gam#979 constrained-QP] cycle=49 path=linear warm_rows=0 active_set_rows=0 beta_inf=5.8036e0
[INFO] [joint-newton-tr] phase=line_search cycle=49 r=3.245e0 hessian_qp_elapsed=0.155s
[INFO] [PIRLS/joint-Newton/TR cycle=49 attempt=1] accepted   ρ=+1.000e0  Δobj=+2.661e-1  pred=+2.660e-1  r=3.245e0 (held)  decision=hold_inside             |δ|=5.551e-1  |δ|∞=4.789e-2  |prop|∞=4.789e-2
[INFO] [joint-newton-tr] phase=gradient_reload cycle=49 attempts=1 r=3.245e0
[INFO] [PIRLS/joint-Newton convergence] cycle  49 | step_inf=4.789e-2 (tol=6.804e-11) | accepted_step_inf=4.789e-2 | residual=8.682e0 (tol=1.138e-8) | relative_stationarity=7.630e-3 (scale=1.137e3, inner_tol=1.000e-11) | per_block_resid=[3.658e0,1.120e3,3.317e0] | obj_change=2.661e-1 (tol=4.001e-9) | beta_inf=5.804e0 | per_block_beta_inf=[2.784e-1,3.988e-3,5.804e0]
[INFO] [PIRLS/JN] cyc= 49/200 obj=3.991246e2 -loglik=3.783274e2 pen=2.080e1 Δobj=-2.661e-1 |δ|∞=4.789e-2 accepted_|δ|∞=4.789e-2 resid=8.682e0 (tol=1.138e-8) rel_stat=7.630e-3 (scale=1.137e3) obj_tol=4.001e-9 step_tol=6.804e-11 |β|∞=5.804e0 attempts=1 t=0.178s
[INFO] [joint-newton-tr] phase=hessian_qp cycle=50 r=3.245e0
[INFO] [979-PROBE] cyc= 50 firth_armed=true skippable=false |gradPhi|inf=1.124e3 kkt=8.682e0 |beta|inf=5.804e0 endgame=true
[WARN] [gam#979 constrained-QP] cycle=50 path=linear warm_rows=0 active_set_rows=0 beta_inf=5.8463e0
[INFO] [joint-newton-tr] phase=line_search cycle=50 r=3.245e0 hessian_qp_elapsed=0.155s
[INFO] [PIRLS/joint-Newton/TR cycle=50 attempt=1] accepted   ρ=+9.998e-1  Δobj=+2.283e-1  pred=+2.283e-1  r=3.245e0 (held)  decision=hold_inside             |δ|=5.227e-1  |δ|∞=4.271e-2  |prop|∞=4.271e-2
[INFO] [joint-newton-tr] phase=gradient_reload cycle=50 attempts=1 r=3.245e0
[INFO] [PIRLS/joint-Newton convergence] cycle  50 | step_inf=4.271e-2 (tol=6.846e-11) | accepted_step_inf=4.271e-2 | residual=5.326e0 (tol=1.140e-8) | relative_stationarity=4.674e-3 (scale=1.139e3, inner_tol=1.000e-11) | per_block_resid=[3.866e0,1.165e3,3.343e0] | obj_change=2.283e-1 (tol=4.001e-9) | beta_inf=5.846e0 | per_block_beta_inf=[2.785e-1,3.822e-3,5.846e0]
[INFO] [PIRLS/JN] cyc= 50/200 obj=3.990847e2 Δobj=-2.283e-1 |δ|∞=4.271e-2 resid=5.326e0 attempts=1 t=0.176s
[INFO] [joint-newton-tr] phase=hessian_qp cycle=51 r=3.245e0
[INFO] [979-PROBE] cyc= 51 firth_armed=true skippable=false |gradPhi|inf=1.170e3 kkt=5.326e0 |beta|inf=5.846e0 endgame=true
[WARN] [gam#979 constrained-QP] cycle=51 path=linear warm_rows=0 active_set_rows=0 beta_inf=5.8850e0
[INFO] [joint-newton-tr] phase=line_search cycle=51 r=3.245e0 hessian_qp_elapsed=0.144s
[INFO] [PIRLS/joint-Newton/TR cycle=51 attempt=1] accepted   ρ=+9.997e-1  Δobj=+2.034e-1  pred=+2.035e-1  r=3.245e0 (held)  decision=hold_inside             |δ|=4.908e-1  |δ|∞=3.866e-2  |prop|∞=3.866e-2
[INFO] [joint-newton-tr] phase=gradient_reload cycle=51 attempts=1 r=3.245e0
[INFO] [PIRLS/joint-Newton convergence] cycle  51 | step_inf=3.866e-2 (tol=6.885e-11) | accepted_step_inf=3.866e-2 | residual=5.247e0 (tol=1.185e-8) | relative_stationarity=4.430e-3 (scale=1.184e3, inner_tol=1.000e-11) | per_block_resid=[4.002e0,1.209e3,3.362e0] | obj_change=2.034e-1 (tol=4.000e-9) | beta_inf=5.885e0 | per_block_beta_inf=[2.786e-1,3.675e-3,5.885e0]
[INFO] [PIRLS/JN] cyc= 51/200 obj=3.990497e2 Δobj=-2.034e-1 |δ|∞=3.866e-2 resid=5.247e0 attempts=1 t=0.167s
[INFO] [joint-newton-tr] phase=hessian_qp cycle=52 r=3.245e0
[INFO] [979-PROBE] cyc= 52 firth_armed=true skippable=false |gradPhi|inf=1.213e3 kkt=5.247e0 |beta|inf=5.885e0 endgame=true
[WARN] [gam#979 constrained-QP] cycle=52 path=linear warm_rows=0 active_set_rows=0 beta_inf=5.9203e0
[INFO] [joint-newton-tr] phase=line_search cycle=52 r=3.245e0 hessian_qp_elapsed=0.156s
[INFO] [PIRLS/joint-Newton/TR cycle=52 attempt=1] accepted   ρ=+9.997e-1  Δobj=+1.834e-1  pred=+1.835e-1  r=3.245e0 (held)  decision=hold_inside             |δ|=4.635e-1  |δ|∞=3.533e-2  |prop|∞=3.533e-2
[INFO] [joint-newton-tr] phase=gradient_reload cycle=52 attempts=1 r=3.245e0
[INFO] [PIRLS/joint-Newton convergence] cycle  52 | step_inf=3.533e-2 (tol=6.920e-11) | accepted_step_inf=3.533e-2 | residual=5.178e0 (tol=1.227e-8) | relative_stationarity=4.220e-3 (scale=1.226e3, inner_tol=1.000e-11) | per_block_resid=[4.123e0,1.251e3,3.379e0] | obj_change=1.834e-1 (tol=4.000e-9) | beta_inf=5.920e0 | per_block_beta_inf=[2.786e-1,3.546e-3,5.920e0]
[INFO] [PIRLS/JN] cyc= 52/200 obj=3.990194e2 Δobj=-1.834e-1 |δ|∞=3.533e-2 resid=5.178e0 attempts=1 t=0.178s
[INFO] [joint-newton-tr] phase=hessian_qp cycle=53 r=3.245e0
[INFO] [979-PROBE] cyc= 53 firth_armed=true skippable=false |gradPhi|inf=1.254e3 kkt=5.178e0 |beta|inf=5.920e0 endgame=true
[WARN] [gam#979 constrained-QP] cycle=53 path=linear warm_rows=0 active_set_rows=0 beta_inf=5.9529e0
[INFO] [joint-newton-tr] phase=line_search cycle=53 r=3.245e0 hessian_qp_elapsed=0.149s
[INFO] [PIRLS/joint-Newton/TR cycle=53 attempt=1] accepted   ρ=+9.997e-1  Δobj=+1.670e-1  pred=+1.671e-1  r=3.245e0 (held)  decision=hold_inside             |δ|=4.402e-1  |δ|∞=3.255e-2  |prop|∞=3.255e-2
[INFO] [joint-newton-tr] phase=gradient_reload cycle=53 attempts=1 r=3.245e0
[INFO] [PIRLS/joint-Newton convergence] cycle  53 | step_inf=3.255e-2 (tol=6.953e-11) | accepted_step_inf=3.255e-2 | residual=5.118e0 (tol=1.268e-8) | relative_stationarity=4.037e-3 (scale=1.267e3, inner_tol=1.000e-11) | per_block_resid=[4.234e0,1.290e3,3.394e0] | obj_change=1.670e-1 (tol=4.000e-9) | beta_inf=5.953e0 | per_block_beta_inf=[2.787e-1,3.431e-3,5.953e0]
[INFO] [PIRLS/JN] cyc= 53/200 obj=3.989928e2 Δobj=-1.670e-1 |δ|∞=3.255e-2 resid=5.118e0 attempts=1 t=0.174s
[INFO] [joint-newton-tr] phase=hessian_qp cycle=54 r=3.245e0
[INFO] [979-PROBE] cyc= 54 firth_armed=true skippable=false |gradPhi|inf=1.293e3 kkt=5.118e0 |beta|inf=5.953e0 endgame=true
[WARN] [gam#979 constrained-QP] cycle=54 path=linear warm_rows=0 active_set_rows=0 beta_inf=5.9831e0
[INFO] [joint-newton-tr] phase=line_search cycle=54 r=3.245e0 hessian_qp_elapsed=0.178s
[INFO] [PIRLS/joint-Newton/TR cycle=54 attempt=1] accepted   ρ=+9.997e-1  Δobj=+1.533e-1  pred=+1.533e-1  r=3.245e0 (held)  decision=hold_inside             |δ|=4.199e-1  |δ|∞=3.020e-2  |prop|∞=3.020e-2
[INFO] [joint-newton-tr] phase=gradient_reload cycle=54 attempts=1 r=3.245e0
[INFO] [PIRLS/joint-Newton convergence] cycle  54 | step_inf=3.020e-2 (tol=6.983e-11) | accepted_step_inf=3.020e-2 | residual=5.065e0 (tol=1.306e-8) | relative_stationarity=3.877e-3 (scale=1.305e3, inner_tol=1.000e-11) | per_block_resid=[4.338e0,1.328e3,3.408e0] | obj_change=1.533e-1 (tol=4.000e-9) | beta_inf=5.983e0 | per_block_beta_inf=[2.788e-1,3.327e-3,5.983e0]
[INFO] [PIRLS/JN] cyc= 54/200 obj=3.989694e2 Δobj=-1.533e-1 |δ|∞=3.020e-2 resid=5.065e0 attempts=1 t=0.203s
[INFO] [joint-newton-tr] phase=hessian_qp cycle=55 r=3.245e0
[INFO] [979-PROBE] cyc= 55 firth_armed=true skippable=false |gradPhi|inf=1.331e3 kkt=5.065e0 |beta|inf=5.983e0 endgame=true
[WARN] [gam#979 constrained-QP] cycle=55 path=linear warm_rows=0 active_set_rows=0 beta_inf=6.0113e0
[INFO] [joint-newton-tr] phase=line_search cycle=55 r=3.245e0 hessian_qp_elapsed=0.164s
[INFO] [PIRLS/joint-Newton/TR cycle=55 attempt=1] accepted   ρ=+9.998e-1  Δobj=+1.416e-1  pred=+1.417e-1  r=3.245e0 (held)  decision=hold_inside             |δ|=4.022e-1  |δ|∞=2.817e-2  |prop|∞=2.817e-2
[INFO] [joint-newton-tr] phase=gradient_reload cycle=55 attempts=1 r=3.245e0
[INFO] [PIRLS/joint-Newton convergence] cycle  55 | step_inf=2.817e-2 (tol=7.011e-11) | accepted_step_inf=2.817e-2 | residual=5.018e0 (tol=1.344e-8) | relative_stationarity=3.734e-3 (scale=1.343e3, inner_tol=1.000e-11) | per_block_resid=[4.435e0,1.365e3,3.420e0] | obj_change=1.416e-1 (tol=3.999e-9) | beta_inf=6.011e0 | per_block_beta_inf=[2.788e-1,3.233e-3,6.011e0]
[INFO] [PIRLS/JN] cyc= 55/200 obj=3.989485e2 Δobj=-1.416e-1 |δ|∞=2.817e-2 resid=5.018e0 attempts=1 t=0.189s
[INFO] [joint-newton-tr] phase=hessian_qp cycle=56 r=3.245e0
[INFO] [979-PROBE] cyc= 56 firth_armed=true skippable=false |gradPhi|inf=1.367e3 kkt=5.018e0 |beta|inf=6.011e0 endgame=true
[WARN] [gam#979 constrained-QP] cycle=56 path=linear warm_rows=0 active_set_rows=0 beta_inf=6.0377e0
[INFO] [joint-newton-tr] phase=line_search cycle=56 r=3.245e0 hessian_qp_elapsed=0.166s
[INFO] [PIRLS/joint-Newton/TR cycle=56 attempt=1] accepted   ρ=+9.998e-1  Δobj=+1.316e-1  pred=+1.316e-1  r=3.245e0 (held)  decision=hold_inside             |δ|=3.865e-1  |δ|∞=2.641e-2  |prop|∞=2.641e-2
[INFO] [joint-newton-tr] phase=gradient_reload cycle=56 attempts=1 r=3.245e0
[INFO] [PIRLS/joint-Newton convergence] cycle  56 | step_inf=2.641e-2 (tol=7.038e-11) | accepted_step_inf=2.641e-2 | residual=4.975e0 (tol=1.380e-8) | relative_stationarity=3.607e-3 (scale=1.379e3, inner_tol=1.000e-11) | per_block_resid=[4.526e0,1.400e3,3.432e0] | obj_change=1.316e-1 (tol=3.999e-9) | beta_inf=6.038e0 | per_block_beta_inf=[2.788e-1,3.148e-3,6.038e0]
[INFO] [PIRLS/JN] cyc= 56/200 obj=3.989297e2 Δobj=-1.316e-1 |δ|∞=2.641e-2 resid=4.975e0 attempts=1 t=0.191s
[INFO] [joint-newton-tr] phase=hessian_qp cycle=57 r=3.245e0
[INFO] [979-PROBE] cyc= 57 firth_armed=true skippable=false |gradPhi|inf=1.402e3 kkt=4.975e0 |beta|inf=6.038e0 endgame=true
[WARN] [gam#979 constrained-QP] cycle=57 path=linear warm_rows=0 active_set_rows=0 beta_inf=6.0625e0
[INFO] [joint-newton-tr] phase=line_search cycle=57 r=3.245e0 hessian_qp_elapsed=0.169s
[INFO] [PIRLS/joint-Newton/TR cycle=57 attempt=1] accepted   ρ=+9.998e-1  Δobj=+1.229e-1  pred=+1.230e-1  r=3.245e0 (held)  decision=hold_inside             |δ|=3.724e-1  |δ|∞=2.486e-2  |prop|∞=2.486e-2
[INFO] [joint-newton-tr] phase=gradient_reload cycle=57 attempts=1 r=3.245e0
[INFO] [PIRLS/joint-Newton convergence] cycle  57 | step_inf=2.486e-2 (tol=7.063e-11) | accepted_step_inf=2.486e-2 | residual=4.937e0 (tol=1.414e-8) | relative_stationarity=3.491e-3 (scale=1.413e3, inner_tol=1.000e-11) | per_block_resid=[4.612e0,1.434e3,3.443e0] | obj_change=1.229e-1 (tol=3.999e-9) | beta_inf=6.063e0 | per_block_beta_inf=[2.789e-1,3.069e-3,6.063e0]
[INFO] [PIRLS/JN] cyc= 57/200 obj=3.989129e2 Δobj=-1.229e-1 |δ|∞=2.486e-2 resid=4.937e0 attempts=1 t=0.194s
[INFO] [joint-newton-tr] phase=hessian_qp cycle=58 r=3.245e0
[INFO] [979-PROBE] cyc= 58 firth_armed=true skippable=false |gradPhi|inf=1.436e3 kkt=4.937e0 |beta|inf=6.063e0 endgame=true
[WARN] [gam#979 constrained-QP] cycle=58 path=linear warm_rows=0 active_set_rows=0 beta_inf=6.0860e0
[INFO] [joint-newton-tr] phase=line_search cycle=58 r=3.245e0 hessian_qp_elapsed=0.167s
[INFO] [PIRLS/joint-Newton/TR cycle=58 attempt=1] accepted   ρ=+9.998e-1  Δobj=+1.153e-1  pred=+1.154e-1  r=3.245e0 (held)  decision=hold_inside             |δ|=3.598e-1  |δ|∞=2.349e-2  |prop|∞=2.349e-2
[INFO] [joint-newton-tr] phase=gradient_reload cycle=58 attempts=1 r=3.245e0
[INFO] [PIRLS/joint-Newton convergence] cycle  58 | step_inf=2.349e-2 (tol=7.086e-11) | accepted_step_inf=2.349e-2 | residual=4.902e0 (tol=1.448e-8) | relative_stationarity=3.387e-3 (scale=1.447e3, inner_tol=1.000e-11) | per_block_resid=[4.695e0,1.467e3,3.453e0] | obj_change=1.153e-1 (tol=3.999e-9) | beta_inf=6.086e0 | per_block_beta_inf=[2.789e-1,2.997e-3,6.086e0]
[INFO] [PIRLS/JN] cyc= 58/200 obj=3.988976e2 Δobj=-1.153e-1 |δ|∞=2.349e-2 resid=4.902e0 attempts=1 t=0.192s
[INFO] [joint-newton-tr] phase=hessian_qp cycle=59 r=3.245e0
[INFO] [979-PROBE] cyc= 59 firth_armed=true skippable=false |gradPhi|inf=1.469e3 kkt=4.902e0 |beta|inf=6.086e0 endgame=true
[WARN] [gam#979 constrained-QP] cycle=59 path=linear warm_rows=0 active_set_rows=0 beta_inf=6.1083e0
[INFO] [joint-newton-tr] phase=line_search cycle=59 r=3.245e0 hessian_qp_elapsed=0.162s
[INFO] [PIRLS/joint-Newton/TR cycle=59 attempt=1] accepted   ρ=+9.998e-1  Δobj=+1.086e-1  pred=+1.086e-1  r=3.245e0 (held)  decision=hold_inside             |δ|=3.483e-1  |δ|∞=2.227e-2  |prop|∞=2.227e-2
[INFO] [joint-newton-tr] phase=gradient_reload cycle=59 attempts=1 r=3.245e0
[INFO] [PIRLS/joint-Newton convergence] cycle  59 | step_inf=2.227e-2 (tol=7.108e-11) | accepted_step_inf=2.227e-2 | residual=4.871e0 (tol=1.480e-8) | relative_stationarity=3.291e-3 (scale=1.479e3, inner_tol=1.000e-11) | per_block_resid=[4.773e0,1.499e3,3.462e0] | obj_change=1.086e-1 (tol=3.999e-9) | beta_inf=6.108e0 | per_block_beta_inf=[2.790e-1,2.930e-3,6.108e0]
[INFO] [PIRLS/JN] cyc= 59/200 obj=3.988837e2 Δobj=-1.086e-1 |δ|∞=2.227e-2 resid=4.871e0 attempts=1 t=0.187s
[INFO] [joint-newton-tr] phase=hessian_qp cycle=60 r=3.245e0
[INFO] [979-PROBE] cyc= 60 firth_armed=true skippable=false |gradPhi|inf=1.501e3 kkt=4.871e0 |beta|inf=6.108e0 endgame=true
[WARN] [gam#979 constrained-QP] cycle=60 path=linear warm_rows=0 active_set_rows=0 beta_inf=6.1295e0
[INFO] [joint-newton-tr] phase=line_search cycle=60 r=3.245e0 hessian_qp_elapsed=0.160s
[INFO] [PIRLS/joint-Newton/TR cycle=60 attempt=1] accepted   ρ=+9.998e-1  Δobj=+1.027e-1  pred=+1.027e-1  r=3.245e0 (held)  decision=hold_inside             |δ|=3.378e-1  |δ|∞=2.118e-2  |prop|∞=2.118e-2
[INFO] [joint-newton-tr] phase=gradient_reload cycle=60 attempts=1 r=3.245e0
[INFO] [PIRLS/joint-Newton convergence] cycle  60 | step_inf=2.118e-2 (tol=7.129e-11) | accepted_step_inf=2.118e-2 | residual=4.841e0 (tol=1.512e-8) | relative_stationarity=3.203e-3 (scale=1.511e3, inner_tol=1.000e-11) | per_block_resid=[4.848e0,1.530e3,3.471e0] | obj_change=1.027e-1 (tol=3.999e-9) | beta_inf=6.129e0 | per_block_beta_inf=[2.790e-1,2.868e-3,6.129e0]
[INFO] [PIRLS/JN] cyc= 60/200 obj=3.988710e2 Δobj=-1.027e-1 |δ|∞=2.118e-2 resid=4.841e0 attempts=1 t=0.184s
[INFO] [joint-newton-tr] phase=hessian_qp cycle=61 r=3.245e0
[INFO] [979-PROBE] cyc= 61 firth_armed=true skippable=false |gradPhi|inf=1.532e3 kkt=4.841e0 |beta|inf=6.129e0 endgame=true
[WARN] [gam#979 constrained-QP] cycle=61 path=linear warm_rows=0 active_set_rows=0 beta_inf=6.1497e0
[INFO] [joint-newton-tr] phase=line_search cycle=61 r=3.245e0 hessian_qp_elapsed=0.156s
[INFO] [PIRLS/joint-Newton/TR cycle=61 attempt=1] accepted   ρ=+9.998e-1  Δobj=+9.731e-2  pred=+9.733e-2  r=3.245e0 (held)  decision=hold_inside             |δ|=3.283e-1  |δ|∞=2.019e-2  |prop|∞=2.019e-2
[INFO] [joint-newton-tr] phase=gradient_reload cycle=61 attempts=1 r=3.245e0
[INFO] [PIRLS/joint-Newton convergence] cycle  61 | step_inf=2.019e-2 (tol=7.150e-11) | accepted_step_inf=2.019e-2 | residual=4.815e0 (tol=1.542e-8) | relative_stationarity=3.122e-3 (scale=1.541e3, inner_tol=1.000e-11) | per_block_resid=[4.921e0,1.560e3,3.480e0] | obj_change=9.731e-2 (tol=3.999e-9) | beta_inf=6.150e0 | per_block_beta_inf=[2.790e-1,2.809e-3,6.150e0]
[INFO] [PIRLS/JN] cyc= 61/200 obj=3.988594e2 Δobj=-9.731e-2 |δ|∞=2.019e-2 resid=4.815e0 attempts=1 t=0.179s
[INFO] [joint-newton-tr] phase=hessian_qp cycle=62 r=3.245e0
[INFO] [979-PROBE] cyc= 62 firth_armed=true skippable=false |gradPhi|inf=1.562e3 kkt=4.815e0 |beta|inf=6.150e0 endgame=true
[WARN] [gam#979 constrained-QP] cycle=62 path=linear warm_rows=0 active_set_rows=0 beta_inf=6.1690e0
[INFO] [joint-newton-tr] phase=line_search cycle=62 r=3.245e0 hessian_qp_elapsed=0.156s
[INFO] [PIRLS/joint-Newton/TR cycle=62 attempt=1] accepted   ρ=+9.998e-1  Δobj=+9.250e-2  pred=+9.252e-2  r=3.245e0 (held)  decision=hold_inside             |δ|=3.195e-1  |δ|∞=1.929e-2  |prop|∞=1.929e-2
[INFO] [joint-newton-tr] phase=gradient_reload cycle=62 attempts=1 r=3.245e0
[INFO] [PIRLS/joint-Newton convergence] cycle  62 | step_inf=1.929e-2 (tol=7.169e-11) | accepted_step_inf=1.929e-2 | residual=4.790e0 (tol=1.572e-8) | relative_stationarity=3.047e-3 (scale=1.571e3, inner_tol=1.000e-11) | per_block_resid=[4.991e0,1.590e3,3.488e0] | obj_change=9.250e-2 (tol=3.998e-9) | beta_inf=6.169e0 | per_block_beta_inf=[2.791e-1,2.755e-3,6.169e0]
[INFO] [PIRLS/JN] cyc= 62/200 obj=3.988488e2 Δobj=-9.250e-2 |δ|∞=1.929e-2 resid=4.790e0 attempts=1 t=0.179s
[INFO] [joint-newton-tr] phase=hessian_qp cycle=63 r=3.245e0
[INFO] [979-PROBE] cyc= 63 firth_armed=true skippable=false |gradPhi|inf=1.592e3 kkt=4.790e0 |beta|inf=6.169e0 endgame=true
[WARN] [gam#979 constrained-QP] cycle=63 path=linear warm_rows=0 active_set_rows=0 beta_inf=6.1874e0
[INFO] [joint-newton-tr] phase=line_search cycle=63 r=3.245e0 hessian_qp_elapsed=0.154s
[INFO] [PIRLS/joint-Newton/TR cycle=63 attempt=1] accepted   ρ=+9.998e-1  Δobj=+8.815e-2  pred=+8.817e-2  r=3.245e0 (held)  decision=hold_inside             |δ|=3.113e-1  |δ|∞=1.848e-2  |prop|∞=1.848e-2
[INFO] [joint-newton-tr] phase=gradient_reload cycle=63 attempts=1 r=3.245e0
[INFO] [PIRLS/joint-Newton convergence] cycle  63 | step_inf=1.848e-2 (tol=7.187e-11) | accepted_step_inf=1.848e-2 | residual=4.767e0 (tol=1.601e-8) | relative_stationarity=2.977e-3 (scale=1.600e3, inner_tol=1.000e-11) | per_block_resid=[5.059e0,1.618e3,3.495e0] | obj_change=8.815e-2 (tol=3.998e-9) | beta_inf=6.187e0 | per_block_beta_inf=[2.791e-1,2.704e-3,6.187e0]
[INFO] [PIRLS/JN] cyc= 63/200 obj=3.988390e2 Δobj=-8.815e-2 |δ|∞=1.848e-2 resid=4.767e0 attempts=1 t=0.177s
[INFO] [joint-newton-tr] phase=hessian_qp cycle=64 r=3.245e0
[INFO] [979-PROBE] cyc= 64 firth_armed=true skippable=false |gradPhi|inf=1.620e3 kkt=4.767e0 |beta|inf=6.187e0 endgame=true
[WARN] [gam#979 constrained-QP] cycle=64 path=linear warm_rows=0 active_set_rows=0 beta_inf=6.2052e0
[INFO] [joint-newton-tr] phase=line_search cycle=64 r=3.245e0 hessian_qp_elapsed=0.154s
[INFO] [PIRLS/joint-Newton/TR cycle=64 attempt=1] accepted   ρ=+9.999e-1  Δobj=+8.420e-2  pred=+8.421e-2  r=3.245e0 (held)  decision=hold_inside             |δ|=3.038e-1  |δ|∞=1.773e-2  |prop|∞=1.773e-2
[INFO] [joint-newton-tr] phase=gradient_reload cycle=64 attempts=1 r=3.245e0
[INFO] [PIRLS/joint-Newton convergence] cycle  64 | step_inf=1.773e-2 (tol=7.205e-11) | accepted_step_inf=1.773e-2 | residual=4.746e0 (tol=1.630e-8) | relative_stationarity=2.912e-3 (scale=1.629e3, inner_tol=1.000e-11) | per_block_resid=[5.125e0,1.647e3,3.503e0] | obj_change=8.420e-2 (tol=3.998e-9) | beta_inf=6.205e0 | per_block_beta_inf=[2.791e-1,2.656e-3,6.205e0]
[INFO] [PIRLS/JN] cyc= 64/200 obj=3.988300e2 Δobj=-8.420e-2 |δ|∞=1.773e-2 resid=4.746e0 attempts=1 t=0.177s
[INFO] [joint-newton-tr] phase=hessian_qp cycle=65 r=3.245e0
[INFO] [979-PROBE] cyc= 65 firth_armed=true skippable=false |gradPhi|inf=1.648e3 kkt=4.746e0 |beta|inf=6.205e0 endgame=true
[WARN] [gam#979 constrained-QP] cycle=65 path=linear warm_rows=0 active_set_rows=0 beta_inf=6.2222e0
[INFO] [joint-newton-tr] phase=line_search cycle=65 r=3.245e0 hessian_qp_elapsed=0.156s
[INFO] [PIRLS/joint-Newton/TR cycle=65 attempt=1] accepted   ρ=+9.999e-1  Δobj=+8.059e-2  pred=+8.060e-2  r=3.245e0 (held)  decision=hold_inside             |δ|=2.968e-1  |δ|∞=1.704e-2  |prop|∞=1.704e-2
[INFO] [joint-newton-tr] phase=gradient_reload cycle=65 attempts=1 r=3.245e0
[INFO] [PIRLS/joint-Newton convergence] cycle  65 | step_inf=1.704e-2 (tol=7.222e-11) | accepted_step_inf=1.704e-2 | residual=4.726e0 (tol=1.658e-8) | relative_stationarity=2.851e-3 (scale=1.657e3, inner_tol=1.000e-11) | per_block_resid=[5.190e0,1.674e3,3.510e0] | obj_change=8.059e-2 (tol=3.998e-9) | beta_inf=6.222e0 | per_block_beta_inf=[2.792e-1,2.610e-3,6.222e0]
[INFO] [PIRLS/JN] cyc= 65/200 obj=3.988218e2 Δobj=-8.059e-2 |δ|∞=1.704e-2 resid=4.726e0 attempts=1 t=0.178s
[INFO] [joint-newton-tr] phase=hessian_qp cycle=66 r=3.245e0
[INFO] [979-PROBE] cyc= 66 firth_armed=true skippable=false |gradPhi|inf=1.676e3 kkt=4.726e0 |beta|inf=6.222e0 endgame=true
[WARN] [gam#979 constrained-QP] cycle=66 path=linear warm_rows=0 active_set_rows=0 beta_inf=6.2386e0
[INFO] [joint-newton-tr] phase=line_search cycle=66 r=3.245e0 hessian_qp_elapsed=0.156s
[INFO] [PIRLS/joint-Newton/TR cycle=66 attempt=1] accepted   ρ=+9.999e-1  Δobj=+7.729e-2  pred=+7.730e-2  r=3.245e0 (held)  decision=hold_inside             |δ|=2.902e-1  |δ|∞=1.641e-2  |prop|∞=1.641e-2
[INFO] [joint-newton-tr] phase=gradient_reload cycle=66 attempts=1 r=3.245e0
[INFO] [PIRLS/joint-Newton convergence] cycle  66 | step_inf=1.641e-2 (tol=7.239e-11) | accepted_step_inf=1.641e-2 | residual=4.707e0 (tol=1.685e-8) | relative_stationarity=2.793e-3 (scale=1.684e3, inner_tol=1.000e-11) | per_block_resid=[5.254e0,1.701e3,3.517e0] | obj_change=7.729e-2 (tol=3.998e-9) | beta_inf=6.239e0 | per_block_beta_inf=[2.792e-1,2.567e-3,6.239e0]
[INFO] [PIRLS/JN] cyc= 66/200 obj=3.988141e2 Δobj=-7.729e-2 |δ|∞=1.641e-2 resid=4.707e0 attempts=1 t=0.179s
[INFO] [joint-newton-tr] phase=hessian_qp cycle=67 r=3.245e0
[INFO] [979-PROBE] cyc= 67 firth_armed=true skippable=false |gradPhi|inf=1.703e3 kkt=4.707e0 |beta|inf=6.239e0 endgame=true
[WARN] [gam#979 constrained-QP] cycle=67 path=linear warm_rows=0 active_set_rows=0 beta_inf=6.2544e0
[INFO] [joint-newton-tr] phase=line_search cycle=67 r=3.245e0 hessian_qp_elapsed=0.155s
[INFO] [PIRLS/joint-Newton/TR cycle=67 attempt=1] accepted   ρ=+9.999e-1  Δobj=+7.425e-2  pred=+7.426e-2  r=3.245e0 (held)  decision=hold_inside             |δ|=2.841e-1  |δ|∞=1.582e-2  |prop|∞=1.582e-2
[INFO] [joint-newton-tr] phase=gradient_reload cycle=67 attempts=1 r=3.245e0
[INFO] [PIRLS/joint-Newton convergence] cycle  67 | step_inf=1.582e-2 (tol=7.254e-11) | accepted_step_inf=1.582e-2 | residual=4.690e0 (tol=1.712e-8) | relative_stationarity=2.739e-3 (scale=1.711e3, inner_tol=1.000e-11) | per_block_resid=[5.317e0,1.728e3,3.524e0] | obj_change=7.425e-2 (tol=3.998e-9) | beta_inf=6.254e0 | per_block_beta_inf=[2.792e-1,2.527e-3,6.254e0]
[INFO] [PIRLS/JN] cyc= 67/200 obj=3.988071e2 Δobj=-7.425e-2 |δ|∞=1.582e-2 resid=4.690e0 attempts=1 t=0.178s
[INFO] [joint-newton-tr] phase=hessian_qp cycle=68 r=3.245e0
[INFO] [979-PROBE] cyc= 68 firth_armed=true skippable=false |gradPhi|inf=1.730e3 kkt=4.690e0 |beta|inf=6.254e0 endgame=true
[WARN] [gam#979 constrained-QP] cycle=68 path=linear warm_rows=0 active_set_rows=0 beta_inf=6.2697e0
[INFO] [joint-newton-tr] phase=line_search cycle=68 r=3.245e0 hessian_qp_elapsed=0.155s
[INFO] [PIRLS/joint-Newton/TR cycle=68 attempt=1] accepted   ρ=+9.999e-1  Δobj=+7.144e-2  pred=+7.145e-2  r=3.245e0 (held)  decision=hold_inside             |δ|=2.783e-1  |δ|∞=1.528e-2  |prop|∞=1.528e-2
[INFO] [joint-newton-tr] phase=gradient_reload cycle=68 attempts=1 r=3.245e0
[INFO] [PIRLS/joint-Newton convergence] cycle  68 | step_inf=1.528e-2 (tol=7.270e-11) | accepted_step_inf=1.528e-2 | residual=4.674e0 (tol=1.738e-8) | relative_stationarity=2.689e-3 (scale=1.737e3, inner_tol=1.000e-11) | per_block_resid=[5.380e0,1.754e3,3.531e0] | obj_change=7.144e-2 (tol=3.998e-9) | beta_inf=6.270e0 | per_block_beta_inf=[2.792e-1,2.488e-3,6.270e0]
[INFO] [PIRLS/JN] cyc= 68/200 obj=3.988006e2 Δobj=-7.144e-2 |δ|∞=1.528e-2 resid=4.674e0 attempts=1 t=0.178s
[INFO] [joint-newton-tr] phase=hessian_qp cycle=69 r=3.245e0
[INFO] [979-PROBE] cyc= 69 firth_armed=true skippable=false |gradPhi|inf=1.756e3 kkt=4.674e0 |beta|inf=6.270e0 endgame=true
[WARN] [gam#979 constrained-QP] cycle=69 path=linear warm_rows=0 active_set_rows=0 beta_inf=6.2845e0
[INFO] [joint-newton-tr] phase=line_search cycle=69 r=3.245e0 hessian_qp_elapsed=0.155s
[INFO] [PIRLS/joint-Newton/TR cycle=69 attempt=1] accepted   ρ=+9.999e-1  Δobj=+6.885e-2  pred=+6.885e-2  r=3.245e0 (held)  decision=hold_inside             |δ|=2.729e-1  |δ|∞=1.477e-2  |prop|∞=1.477e-2
[INFO] [joint-newton-tr] phase=gradient_reload cycle=69 attempts=1 r=3.245e0
[INFO] [PIRLS/joint-Newton convergence] cycle  69 | step_inf=1.477e-2 (tol=7.284e-11) | accepted_step_inf=1.477e-2 | residual=4.659e0 (tol=1.764e-8) | relative_stationarity=2.641e-3 (scale=1.763e3, inner_tol=1.000e-11) | per_block_resid=[5.442e0,1.780e3,3.538e0] | obj_change=6.885e-2 (tol=3.998e-9) | beta_inf=6.284e0 | per_block_beta_inf=[2.793e-1,2.451e-3,6.284e0]
[INFO] [PIRLS/JN] cyc= 69/200 obj=3.987946e2 Δobj=-6.885e-2 |δ|∞=1.477e-2 resid=4.659e0 attempts=1 t=0.179s
[INFO] [joint-newton-tr] phase=hessian_qp cycle=70 r=3.245e0
[INFO] [979-PROBE] cyc= 70 firth_armed=true skippable=false |gradPhi|inf=1.781e3 kkt=4.659e0 |beta|inf=6.284e0 endgame=true
[WARN] [gam#979 constrained-QP] cycle=70 path=linear warm_rows=0 active_set_rows=0 beta_inf=6.2988e0
[INFO] [joint-newton-tr] phase=line_search cycle=70 r=3.245e0 hessian_qp_elapsed=0.155s
[INFO] [PIRLS/joint-Newton/TR cycle=70 attempt=1] accepted   ρ=+9.999e-1  Δobj=+6.644e-2  pred=+6.644e-2  r=3.245e0 (held)  decision=hold_inside             |δ|=2.678e-1  |δ|∞=1.430e-2  |prop|∞=1.430e-2
[INFO] [joint-newton-tr] phase=gradient_reload cycle=70 attempts=1 r=3.245e0
[INFO] [PIRLS/joint-Newton convergence] cycle  70 | step_inf=1.430e-2 (tol=7.299e-11) | accepted_step_inf=1.430e-2 | residual=4.645e0 (tol=1.790e-8) | relative_stationarity=2.595e-3 (scale=1.789e3, inner_tol=1.000e-11) | per_block_resid=[5.504e0,1.805e3,3.545e0] | obj_change=6.644e-2 (tol=3.998e-9) | beta_inf=6.299e0 | per_block_beta_inf=[2.793e-1,2.416e-3,6.299e0]
[INFO] [PIRLS/JN] cyc= 70/200 obj=3.987891e2 Δobj=-6.644e-2 |δ|∞=1.430e-2 resid=4.645e0 attempts=1 t=0.178s
[INFO] [joint-newton-tr] phase=hessian_qp cycle=71 r=3.245e0
[INFO] [979-PROBE] cyc= 71 firth_armed=true skippable=false |gradPhi|inf=1.806e3 kkt=4.645e0 |beta|inf=6.299e0 endgame=true
[WARN] [gam#979 constrained-QP] cycle=71 path=linear warm_rows=0 active_set_rows=0 beta_inf=6.3126e0
[INFO] [joint-newton-tr] phase=line_search cycle=71 r=3.245e0 hessian_qp_elapsed=0.157s
[INFO] [PIRLS/joint-Newton/TR cycle=71 attempt=1] accepted   ρ=+9.999e-1  Δobj=+6.420e-2  pred=+6.420e-2  r=3.245e0 (held)  decision=hold_inside             |δ|=2.630e-1  |δ|∞=1.385e-2  |prop|∞=1.385e-2
[INFO] [joint-newton-tr] phase=gradient_reload cycle=71 attempts=1 r=3.245e0
[INFO] [PIRLS/joint-Newton convergence] cycle  71 | step_inf=1.385e-2 (tol=7.313e-11) | accepted_step_inf=1.385e-2 | residual=4.632e0 (tol=1.815e-8) | relative_stationarity=2.552e-3 (scale=1.814e3, inner_tol=1.000e-11) | per_block_resid=[5.566e0,1.830e3,3.551e0] | obj_change=6.420e-2 (tol=3.998e-9) | beta_inf=6.313e0 | per_block_beta_inf=[2.793e-1,2.383e-3,6.313e0]
[INFO] [PIRLS/JN] cyc= 71/200 obj=3.987841e2 Δobj=-6.420e-2 |δ|∞=1.385e-2 resid=4.632e0 attempts=1 t=0.181s
[INFO] [joint-newton-tr] phase=hessian_qp cycle=72 r=3.245e0
[INFO] [979-PROBE] cyc= 72 firth_armed=true skippable=false |gradPhi|inf=1.831e3 kkt=4.632e0 |beta|inf=6.313e0 endgame=true
[WARN] [gam#979 constrained-QP] cycle=72 path=linear warm_rows=0 active_set_rows=0 beta_inf=6.3261e0
[INFO] [joint-newton-tr] phase=line_search cycle=72 r=3.245e0 hessian_qp_elapsed=0.155s
[INFO] [PIRLS/joint-Newton/TR cycle=72 attempt=1] accepted   ρ=+1.000e0  Δobj=+6.211e-2  pred=+6.211e-2  r=3.245e0 (held)  decision=hold_inside             |δ|=2.584e-1  |δ|∞=1.344e-2  |prop|∞=1.344e-2
[INFO] [joint-newton-tr] phase=gradient_reload cycle=72 attempts=1 r=3.245e0
[INFO] [PIRLS/joint-Newton convergence] cycle  72 | step_inf=1.344e-2 (tol=7.326e-11) | accepted_step_inf=1.344e-2 | residual=4.619e0 (tol=1.840e-8) | relative_stationarity=2.511e-3 (scale=1.839e3, inner_tol=1.000e-11) | per_block_resid=[5.629e0,1.854e3,3.558e0] | obj_change=6.211e-2 (tol=3.998e-9) | beta_inf=6.326e0 | per_block_beta_inf=[2.793e-1,2.351e-3,6.326e0]
[INFO] [PIRLS/JN] cyc= 72/200 obj=3.987795e2 Δobj=-6.211e-2 |δ|∞=1.344e-2 resid=4.619e0 attempts=1 t=0.178s
[INFO] [joint-newton-tr] phase=hessian_qp cycle=73 r=3.245e0
[INFO] [979-PROBE] cyc= 73 firth_armed=true skippable=false |gradPhi|inf=1.856e3 kkt=4.619e0 |beta|inf=6.326e0 endgame=true
[WARN] [gam#979 constrained-QP] cycle=73 path=linear warm_rows=0 active_set_rows=0 beta_inf=6.3391e0
[INFO] [joint-newton-tr] phase=line_search cycle=73 r=3.245e0 hessian_qp_elapsed=0.154s
[INFO] [PIRLS/joint-Newton/TR cycle=73 attempt=1] accepted   ρ=+1.000e0  Δobj=+6.015e-2  pred=+6.016e-2  r=3.245e0 (held)  decision=hold_inside             |δ|=2.541e-1  |δ|∞=1.305e-2  |prop|∞=1.305e-2
[INFO] [joint-newton-tr] phase=gradient_reload cycle=73 attempts=1 r=3.245e0
[INFO] [PIRLS/joint-Newton convergence] cycle  73 | step_inf=1.305e-2 (tol=7.339e-11) | accepted_step_inf=1.305e-2 | residual=4.607e0 (tol=1.864e-8) | relative_stationarity=2.472e-3 (scale=1.863e3, inner_tol=1.000e-11) | per_block_resid=[5.699e0,1.878e3,3.565e0] | obj_change=6.015e-2 (tol=3.998e-9) | beta_inf=6.339e0 | per_block_beta_inf=[2.794e-1,2.321e-3,6.339e0]
[INFO] [PIRLS/JN] cyc= 73/200 obj=3.987754e2 Δobj=-6.015e-2 |δ|∞=1.305e-2 resid=4.607e0 attempts=1 t=0.177s
[INFO] [joint-newton-tr] phase=hessian_qp cycle=74 r=3.245e0
[INFO] [979-PROBE] cyc= 74 firth_armed=true skippable=false |gradPhi|inf=1.880e3 kkt=4.607e0 |beta|inf=6.339e0 endgame=true
[WARN] [gam#979 constrained-QP] cycle=74 path=linear warm_rows=0 active_set_rows=0 beta_inf=6.3518e0
[INFO] [joint-newton-tr] phase=line_search cycle=74 r=3.245e0 hessian_qp_elapsed=0.156s
[INFO] [PIRLS/joint-Newton/TR cycle=74 attempt=1] accepted   ρ=+1.000e0  Δobj=+5.833e-2  pred=+5.833e-2  r=3.245e0 (held)  decision=hold_inside             |δ|=2.500e-1  |δ|∞=1.269e-2  |prop|∞=1.269e-2
[INFO] [joint-newton-tr] phase=gradient_reload cycle=74 attempts=1 r=3.245e0
[INFO] [PIRLS/joint-Newton convergence] cycle  74 | step_inf=1.269e-2 (tol=7.352e-11) | accepted_step_inf=1.269e-2 | residual=4.597e0 (tol=1.888e-8) | relative_stationarity=2.434e-3 (scale=1.887e3, inner_tol=1.000e-11) | per_block_resid=[5.771e0,1.902e3,3.572e0] | obj_change=5.833e-2 (tol=3.998e-9) | beta_inf=6.352e0 | per_block_beta_inf=[2.794e-1,2.292e-3,6.352e0]
[INFO] [PIRLS/JN] cyc= 74/200 obj=3.987718e2 Δobj=-5.833e-2 |δ|∞=1.269e-2 resid=4.597e0 attempts=1 t=0.180s
[INFO] [joint-newton-tr] phase=hessian_qp cycle=75 r=3.245e0
[INFO] [979-PROBE] cyc= 75 firth_armed=true skippable=false |gradPhi|inf=1.904e3 kkt=4.597e0 |beta|inf=6.352e0 endgame=true
[WARN] [gam#979 constrained-QP] cycle=75 path=linear warm_rows=0 active_set_rows=0 beta_inf=6.3641e0
[INFO] [joint-newton-tr] phase=line_search cycle=75 r=3.245e0 hessian_qp_elapsed=0.155s
[INFO] [PIRLS/joint-Newton/TR cycle=75 attempt=1] accepted   ρ=+1.000e0  Δobj=+5.661e-2  pred=+5.661e-2  r=3.245e0 (held)  decision=hold_inside             |δ|=2.461e-1  |δ|∞=1.234e-2  |prop|∞=1.234e-2
[INFO] [joint-newton-tr] phase=gradient_reload cycle=75 attempts=1 r=3.245e0
[INFO] [PIRLS/joint-Newton convergence] cycle  75 | step_inf=1.234e-2 (tol=7.364e-11) | accepted_step_inf=1.234e-2 | residual=4.586e0 (tol=1.912e-8) | relative_stationarity=2.399e-3 (scale=1.911e3, inner_tol=1.000e-11) | per_block_resid=[5.847e0,1.926e3,3.579e0] | obj_change=5.661e-2 (tol=3.998e-9) | beta_inf=6.364e0 | per_block_beta_inf=[2.794e-1,2.264e-3,6.364e0]
[INFO] [PIRLS/JN] cyc= 75/200 obj=3.987686e2 Δobj=-5.661e-2 |δ|∞=1.234e-2 resid=4.586e0 attempts=1 t=0.178s
[INFO] [joint-newton-tr] phase=hessian_qp cycle=76 r=3.245e0
[INFO] [979-PROBE] cyc= 76 firth_armed=true skippable=false |gradPhi|inf=1.928e3 kkt=4.586e0 |beta|inf=6.364e0 endgame=true
[WARN] [gam#979 constrained-QP] cycle=76 path=linear warm_rows=0 active_set_rows=0 beta_inf=6.3762e0
[INFO] [joint-newton-tr] phase=line_search cycle=76 r=3.245e0 hessian_qp_elapsed=0.156s
[INFO] [PIRLS/joint-Newton/TR cycle=76 attempt=1] accepted   ρ=+1.000e0  Δobj=+5.500e-2  pred=+5.500e-2  r=3.245e0 (held)  decision=hold_inside             |δ|=2.423e-1  |δ|∞=1.202e-2  |prop|∞=1.202e-2
[INFO] [joint-newton-tr] phase=gradient_reload cycle=76 attempts=1 r=3.245e0
[INFO] [PIRLS/joint-Newton convergence] cycle  76 | step_inf=1.202e-2 (tol=7.376e-11) | accepted_step_inf=1.202e-2 | residual=4.577e0 (tol=1.935e-8) | relative_stationarity=2.365e-3 (scale=1.934e3, inner_tol=1.000e-11) | per_block_resid=[5.929e0,1.949e3,3.587e0] | obj_change=5.500e-2 (tol=3.998e-9) | beta_inf=6.376e0 | per_block_beta_inf=[2.794e-1,2.237e-3,6.376e0]
[INFO] [PIRLS/JN] cyc= 76/200 obj=3.987659e2 Δobj=-5.500e-2 |δ|∞=1.202e-2 resid=4.577e0 attempts=1 t=0.180s
[INFO] [joint-newton-tr] phase=hessian_qp cycle=77 r=3.245e0
[INFO] [979-PROBE] cyc= 77 firth_armed=true skippable=false |gradPhi|inf=1.951e3 kkt=4.577e0 |beta|inf=6.376e0 endgame=true
[WARN] [gam#979 constrained-QP] cycle=77 path=linear warm_rows=0 active_set_rows=0 beta_inf=6.3879e0
[INFO] [joint-newton-tr] phase=line_search cycle=77 r=3.245e0 hessian_qp_elapsed=0.155s
[INFO] [PIRLS/joint-Newton/TR cycle=77 attempt=1] accepted   ρ=+1.000e0  Δobj=+5.349e-2  pred=+5.349e-2  r=3.245e0 (held)  decision=hold_inside             |δ|=2.388e-1  |δ|∞=1.171e-2  |prop|∞=1.171e-2
[INFO] [joint-newton-tr] phase=gradient_reload cycle=77 attempts=1 r=3.245e0
[INFO] [PIRLS/joint-Newton convergence] cycle  77 | step_inf=1.171e-2 (tol=7.388e-11) | accepted_step_inf=1.171e-2 | residual=4.568e0 (tol=1.959e-8) | relative_stationarity=2.332e-3 (scale=1.958e3, inner_tol=1.000e-11) | per_block_resid=[6.017e0,1.973e3,3.595e0] | obj_change=5.349e-2 (tol=3.998e-9) | beta_inf=6.388e0 | per_block_beta_inf=[2.795e-1,2.212e-3,6.388e0]
[INFO] [PIRLS/JN] cyc= 77/200 obj=3.987638e2 Δobj=-5.349e-2 |δ|∞=1.171e-2 resid=4.568e0 attempts=1 t=0.178s
[INFO] [joint-newton-tr] phase=hessian_qp cycle=78 r=3.245e0
[INFO] [979-PROBE] cyc= 78 firth_armed=true skippable=false |gradPhi|inf=1.974e3 kkt=4.568e0 |beta|inf=6.388e0 endgame=true
[WARN] [gam#979 constrained-QP] cycle=78 path=linear warm_rows=0 active_set_rows=0 beta_inf=6.3993e0
[INFO] [joint-newton-tr] phase=line_search cycle=78 r=3.245e0 hessian_qp_elapsed=0.156s
[INFO] [PIRLS/joint-Newton/TR cycle=78 attempt=1] accepted   ρ=+1.000e0  Δobj=+5.207e-2  pred=+5.207e-2  r=3.245e0 (held)  decision=hold_inside             |δ|=2.355e-1  |δ|∞=1.142e-2  |prop|∞=1.142e-2
[INFO] [joint-newton-tr] phase=gradient_reload cycle=78 attempts=1 r=3.245e0
[INFO] [PIRLS/joint-Newton convergence] cycle  78 | step_inf=1.142e-2 (tol=7.399e-11) | accepted_step_inf=1.142e-2 | residual=4.560e0 (tol=1.982e-8) | relative_stationarity=2.301e-3 (scale=1.981e3, inner_tol=1.000e-11) | per_block_resid=[6.115e0,1.996e3,3.604e0] | obj_change=5.207e-2 (tol=3.998e-9) | beta_inf=6.399e0 | per_block_beta_inf=[2.795e-1,2.187e-3,6.399e0]
[INFO] [PIRLS/JN] cyc= 78/200 obj=3.987624e2 Δobj=-5.207e-2 |δ|∞=1.142e-2 resid=4.560e0 attempts=1 t=0.180s
[INFO] [joint-newton-tr] phase=hessian_qp cycle=79 r=3.245e0
[INFO] [979-PROBE] cyc= 79 firth_armed=true skippable=false |gradPhi|inf=1.997e3 kkt=4.560e0 |beta|inf=6.399e0 endgame=true
[WARN] [gam#979 constrained-QP] cycle=79 path=linear warm_rows=0 active_set_rows=0 beta_inf=6.4104e0
[INFO] [joint-newton-tr] phase=line_search cycle=79 r=3.245e0 hessian_qp_elapsed=0.149s
[INFO] [PIRLS/joint-Newton/TR cycle=79 attempt=1] accepted   ρ=+1.000e0  Δobj=+5.074e-2  pred=+5.073e-2  r=3.245e0 (held)  decision=hold_inside             |δ|=2.323e-1  |δ|∞=1.114e-2  |prop|∞=1.114e-2
[INFO] [joint-newton-tr] phase=gradient_reload cycle=79 attempts=1 r=3.245e0
[INFO] [PIRLS/joint-Newton convergence] cycle  79 | step_inf=1.114e-2 (tol=7.410e-11) | accepted_step_inf=1.114e-2 | residual=4.553e0 (tol=2.005e-8) | relative_stationarity=2.270e-3 (scale=2.004e3, inner_tol=1.000e-11) | per_block_resid=[6.227e0,2.019e3,3.614e0] | obj_change=5.074e-2 (tol=3.998e-9) | beta_inf=6.410e0 | per_block_beta_inf=[2.795e-1,2.164e-3,6.410e0]
[INFO] [PIRLS/JN] cyc= 79/200 obj=3.987620e2 Δobj=-5.074e-2 |δ|∞=1.114e-2 resid=4.553e0 attempts=1 t=0.172s
[INFO] [joint-newton-tr] phase=hessian_qp cycle=80 r=3.245e0
[INFO] [979-PROBE] cyc= 80 firth_armed=true skippable=false |gradPhi|inf=2.021e3 kkt=4.553e0 |beta|inf=6.410e0 endgame=true
[WARN] [gam#979 constrained-QP] cycle=80 path=linear warm_rows=0 active_set_rows=0 beta_inf=6.4213e0
[INFO] [joint-newton-tr] phase=line_search cycle=80 r=3.245e0 hessian_qp_elapsed=0.148s
[INFO] [PIRLS/joint-Newton/TR cycle=80 attempt=1] accepted   ρ=+1.000e0  Δobj=+4.950e-2  pred=+4.948e-2  r=3.245e0 (held)  decision=hold_inside             |δ|=2.295e-1  |δ|∞=1.088e-2  |prop|∞=1.088e-2
[INFO] [joint-newton-tr] phase=gradient_reload cycle=80 attempts=1 r=3.245e0
[INFO] [PIRLS/joint-Newton convergence] cycle  80 | step_inf=1.088e-2 (tol=7.421e-11) | accepted_step_inf=1.088e-2 | residual=4.548e0 (tol=2.029e-8) | relative_stationarity=2.241e-3 (scale=2.028e3, inner_tol=1.000e-11) | per_block_resid=[6.365e0,2.042e3,3.626e0] | obj_change=4.950e-2 (tol=3.998e-9) | beta_inf=6.421e0 | per_block_beta_inf=[2.796e-1,2.142e-3,6.421e0]
[INFO] [PIRLS/JN] cyc= 80/200 obj=3.987632e2 Δobj=-4.950e-2 |δ|∞=1.088e-2 resid=4.548e0 attempts=1 t=0.171s
[INFO] [joint-newton-tr] phase=hessian_qp cycle=81 r=3.245e0
[INFO] [979-PROBE] cyc= 81 firth_armed=true skippable=false |gradPhi|inf=2.044e3 kkt=4.548e0 |beta|inf=6.421e0 endgame=true
[WARN] [gam#979 constrained-QP] cycle=81 path=linear warm_rows=0 active_set_rows=0 beta_inf=6.4319e0
[INFO] [joint-newton-tr] phase=line_search cycle=81 r=3.245e0 hessian_qp_elapsed=0.147s
[INFO] [PIRLS/joint-Newton/TR cycle=81 attempt=1] accepted   ρ=+1.001e0  Δobj=+4.838e-2  pred=+4.834e-2  r=3.245e0 (held)  decision=hold_inside             |δ|=2.274e-1  |δ|∞=1.064e-2  |prop|∞=1.064e-2
[INFO] [joint-newton-tr] phase=gradient_reload cycle=81 attempts=1 r=3.245e0
[INFO] [PIRLS/joint-Newton convergence] cycle  81 | step_inf=1.064e-2 (tol=7.432e-11) | accepted_step_inf=1.064e-2 | residual=4.546e0 (tol=2.054e-8) | relative_stationarity=2.214e-3 (scale=2.053e3, inner_tol=1.000e-11) | per_block_resid=[6.568e0,2.067e3,3.645e0] | obj_change=4.838e-2 (tol=3.998e-9) | beta_inf=6.432e0 | per_block_beta_inf=[2.796e-1,2.122e-3,6.432e0]
[INFO] [PIRLS/JN] cyc= 81/200 obj=3.987681e2 Δobj=-4.838e-2 |δ|∞=1.064e-2 resid=4.546e0 attempts=1 t=0.171s
[INFO] [joint-newton-tr] phase=hessian_qp cycle=82 r=3.245e0
[INFO] [979-PROBE] cyc= 82 firth_armed=true skippable=false |gradPhi|inf=2.069e3 kkt=4.546e0 |beta|inf=6.432e0 endgame=true
[WARN] [gam#979 constrained-QP] cycle=82 path=linear warm_rows=0 active_set_rows=0 beta_inf=6.4424e0
[INFO] [joint-newton-tr] phase=line_search cycle=82 r=3.245e0 hessian_qp_elapsed=0.148s
[INFO] [PIRLS/joint-Newton/TR cycle=82 attempt=1] accepted   ρ=+2.139e0  Δobj=+1.459e0  pred=+6.821e-1  r=3.245e0->6.490e0  decision=grow_at_boundary        |δ|=3.245e0  |δ|∞=1.510e-1  |prop|∞=1.043e-2
[INFO] [joint-newton-tr] phase=gradient_reload cycle=82 attempts=1 r=6.490e0
