{
  "config": {
    "n": 4,
    "p_resp": 2,
    "p_cov": 2,
    "psi_dim": 2,
    "rho_dim": 1,
    "q": 3,
    "y": [
      0.1,
      0.6,
      1.1,
      1.6
    ],
    "x": [
      0.0,
      0.5,
      1.0,
      1.5
    ],
    "w": [
      1.0,
      1.0,
      1.0,
      1.0
    ],
    "beta": [
      -0.2265037102412893,
      -0.9716291222482688,
      1.2660325480642263,
      0.7077334289121446
    ],
    "beta_initial": [
      0.3,
      0.7,
      0.2,
      0.5
    ],
    "rho": 0.0,
    "psi": [
      0.5,
      1.2
    ],
    "v": [
      0.3333333333333333,
      -0.4,
      0.7
    ],
    "v_ordering": [
      "v_rho",
      "v_psi0",
      "v_psi1"
    ]
  },
  "ground_truth": {
    "H_V": [
      [
        0.15951069276132787,
        0.2160377347884776,
        0.10908475990564948
      ],
      [
        0.2160377347884776,
        0.48828091915650074,
        0.3494737717382982
      ],
      [
        0.10908475990564948,
        0.3494737717382982,
        -0.01896679533734289
      ]
    ],
    "HVP": [
      0.04311446893900621,
      0.12133185081703429,
      -0.11670467879624281
    ]
  },
  "term_breakdown": {
    "objective_part": [
      0.5165153501852916,
      -1.1448237370442018,
      -0.04601453369871435
    ],
    "score_part": [
      -0.6076507276914407,
      1.3857196550290989,
      -0.10045194836838886
    ],
    "logdet_H_part": [
      0.1268388385296803,
      -0.11870861767847558,
      0.033779682938831566
    ],
    "logdet_S_part": [
      0.0,
      0.0,
      0.0
    ]
  },
  "intermediate_quantities": {
    "F_beta_at_beta_star": [
      -1.1102230246251565e-16,
      0.0,
      2.220446049250313e-16,
      2.220446049250313e-16
    ],
    "H_eigenvalues": [
      1.1833429177040709,
      1.4342436432818206,
      2.6772800660232745,
      9.331491489993411
    ],
    "S_logdet_pseudo": 0.0,
    "H_logdet": 3.7471772867592605,
    "asymmetry_V_HH": 0.03763518436302836
  }
}