{
  "config": {
    "n": 4,
    "p_resp": 2,
    "p_cov": 2,
    "psi_dim": 2,
    "rho_dim": 1,
    "q": 3,
    "y": [
      0.1,
      0.6,
      1.1,
      1.6
    ],
    "x": [
      0.0,
      0.5,
      1.0,
      1.5
    ],
    "w": [
      1.0,
      1.0,
      1.0,
      1.0
    ],
    "beta_initial": [
      0.3,
      0.7,
      0.2,
      0.5
    ],
    "beta": [
      -0.2265037102412894,
      -0.9716291222482686,
      1.266032548064226,
      0.7077334289121447
    ],
    "rho": 0.0,
    "psi": [
      0.5,
      1.2
    ],
    "v": [
      0.3333333333333333,
      -0.4,
      0.7
    ],
    "v_ordering": [
      "v_rho",
      "v_psi0",
      "v_psi1"
    ],
    "theta_ordering": [
      "rho",
      "psi0",
      "psi1"
    ]
  },
  "ground_truth": {
    "H_V": [
      [
        0.14724062510351743,
        0.3415158286362851,
        0.13474615115430244
      ],
      [
        0.3415158286362851,
        0.883242270410811,
        0.3511001140064917
      ],
      [
        0.13474615115430244,
        0.3511001140064917,
        0.005370528737003165
      ]
    ],
    "HVP": [
      0.0067961827213368076,
      0.006311781185648069,
      -0.09176529176859366
    ],
    "H_V_psi_psi": [
      [
        0.883242270410811,
        0.3511001140064917
      ],
      [
        0.3511001140064917,
        0.005370528737003165
      ]
    ],
    "HVP_psi": [
      -0.10752682835978028,
      -0.13668067548669446
    ]
  },
  "term_breakdown": {
    "objective_part": [
      -0.09113537753087837,
      0.24089591781172953,
      -0.14646648205066115
    ],
    "score_part": [
      0.0,
      0.0,
      0.0
    ],
    "hessian_part": [
      0.09793156025573085,
      -0.23458413662632432,
      0.05470119028035587
    ],
    "logdet_H_part": [
      0.09793156025573085,
      -0.23458413662632432,
      0.05470119028035587
    ],
    "logdet_S_part": [
      -3.700743415417188e-12,
      0.0,
      0.0
    ]
  },
  "intermediate_quantities": {
    "F_beta_at_beta_star": [
      -4.163336342344337e-17,
      4.926614671774132e-16,
      0.0,
      6.106226635438361e-16
    ],
    "H_eigenvalues": [
      1.1833429177040737,
      1.434243643281822,
      2.6772800660232745,
      9.331491489993411
    ],
    "S_logdet_pseudo": 0.0,
    "H_logdet": 3.7471772867592614,
    "FD_step_used": 1e-05,
    "FD_richardson_diff_h1e-4_vs_h1e-5_max": 7.542078084288306e-08,
    "FD_asymmetry_h1e-5_max": 9.43689570931383e-11
  }
}