{
  "config": {
    "n": 4,
    "p_resp": 2,
    "p_cov": 2,
    "p": 4,
    "psi_dim": 2,
    "x0": [
      [
        1.0,
        0.4
      ],
      [
        1.1,
        0.35
      ],
      [
        1.2,
        0.45
      ],
      [
        0.95,
        0.5
      ]
    ],
    "x_a": [
      [
        0.1,
        -0.02
      ],
      [
        0.08,
        0.01
      ],
      [
        0.12,
        -0.01
      ],
      [
        0.09,
        0.03
      ]
    ],
    "x_b": [
      [
        -0.04,
        0.06
      ],
      [
        -0.02,
        0.05
      ],
      [
        -0.03,
        0.04
      ],
      [
        -0.01,
        0.07
      ]
    ],
    "x_aa": [
      [
        0.02,
        0.0
      ],
      [
        0.01,
        0.01
      ],
      [
        0.02,
        -0.01
      ],
      [
        0.01,
        0.02
      ]
    ],
    "x_ab": [
      [
        0.01,
        -0.01
      ],
      [
        0.0,
        0.02
      ],
      [
        0.01,
        0.01
      ],
      [
        0.0,
        -0.01
      ]
    ],
    "x_bb": [
      [
        -0.01,
        0.02
      ],
      [
        -0.02,
        0.01
      ],
      [
        -0.01,
        0.0
      ],
      [
        -0.02,
        0.02
      ]
    ],
    "response_val_basis": [
      [
        1.0,
        -1.0
      ],
      [
        1.0,
        -0.2
      ],
      [
        1.0,
        0.6
      ],
      [
        1.0,
        1.3
      ]
    ],
    "response_deriv_basis": [
      [
        0.0,
        1.0
      ],
      [
        0.0,
        1.0
      ],
      [
        0.0,
        1.0
      ],
      [
        0.0,
        1.0
      ]
    ],
    "weights": [
      1.0,
      1.0,
      1.0,
      1.0
    ],
    "psi": [
      0.15,
      -0.1
    ],
    "beta": [
      0.15,
      -0.05,
      0.8,
      0.3
    ],
    "v": [
      0.4,
      -0.7
    ],
    "beta_index_layout": "beta[j*p_cov + k] = coef(response j, covariate k)"
  },
  "ground_truth": {
    "pair_a": [
      [
        0.03967882464826619,
        -0.013765720815549842
      ],
      [
        -0.013765720815549842,
        0.00696942379085165
      ]
    ],
    "pair_g": [
      [
        [
          0.058409092499999996,
          0.0349501375,
          0.1475568266162247,
          0.03749164352340067
        ],
        [
          -0.0002327287500000037,
          0.009973787499999998,
          0.006547277831884274,
          0.01584140690664191
        ]
      ],
      [
        [
          -0.00023272875000000326,
          0.009973787499999998,
          0.006547277831884274,
          0.015841406906641903
        ],
        [
          -0.05093389999999999,
          -0.0012140500000000012,
          -0.04670643708482335,
          -0.02879135702380435
        ]
      ]
    ],
    "pair_b_mat": [
      [
        [
          [
            0.21177749999999998,
            0.04421775,
            0.025328624999999987,
            0.02863485
          ],
          [
            0.04421775,
            0.021488499999999997,
            0.028634850000000003,
            0.021613399999999998
          ],
          [
            0.025328624999999994,
            0.02863485,
            0.1381714079069475,
            0.06691908102739073
          ],
          [
            0.02863485,
            0.021613399999999998,
            0.06691908102739072,
            0.06537429051562249
          ]
        ],
        [
          [
            0.026042999999999983,
            0.044772000000000006,
            -0.003420599999999997,
            0.0027863374999999952
          ],
          [
            0.044772,
            0.007280250000000001,
            0.0027863374999999918,
            0.004643100000000002
          ],
          [
            -0.003420599999999997,
            0.0027863374999999926,
            0.028672383988120168,
            -0.006947317157934733
          ],
          [
            0.0027863374999999952,
            0.004643100000000002,
            -0.006947317157934736,
            -0.05065758185098036
          ]
        ]
      ],
      [
        [
          [
            0.026042999999999983,
            0.044772000000000006,
            -0.003420599999999997,
            0.0027863374999999952
          ],
          [
            0.044772000000000006,
            0.007280250000000001,
            0.0027863374999999918,
            0.004643100000000002
          ],
          [
            -0.003420599999999997,
            0.0027863374999999926,
            0.028672383988120158,
            -0.0069473171579347345
          ],
          [
            0.0027863374999999935,
            0.004643100000000002,
            -0.006947317157934733,
            -0.05065758185098036
          ]
        ],
        [
          [
            -0.12284099999999998,
            0.016113249999999996,
            -0.03738255,
            -0.005986824999999996
          ],
          [
            0.016113249999999996,
            0.06657774999999999,
            -0.0059868249999999925,
            0.0149577
          ],
          [
            -0.03738255,
            -0.0059868249999999925,
            -0.1440555482492358,
            0.07625819644737342
          ],
          [
            -0.005986824999999996,
            0.0149577,
            0.07625819644737342,
            0.15921406038635205
          ]
        ]
      ]
    ],
    "a_dir": [
      0.025507534430191367,
      -0.010384884979816093
    ],
    "g_dir": [
      [
        0.023526547125000002,
        0.0069984037500000025,
        0.05443963616417089,
        0.003907672574710932
      ],
      [
        0.03556063849999999,
        0.00483935,
        0.03531341709213005,
        0.026490512679319806
      ]
    ],
    "b_dir": [
      [
        [
          0.06648090000000001,
          -0.013653300000000002,
          0.012525869999999993,
          0.009503503750000005
        ],
        [
          -0.013653299999999997,
          0.003499224999999999,
          0.009503503750000008,
          0.005395189999999998
        ],
        [
          0.012525869999999996,
          0.009503503750000006,
          0.03519789437109489,
          0.03163075442151061
        ],
        [
          0.009503503750000005,
          0.005395189999999998,
          0.0316307544215106,
          0.06161002350193525
        ]
      ],
      [
        [
          0.09640589999999997,
          0.006629525000000006,
          0.024799545,
          0.005305312499999995
        ],
        [
          0.006629525000000006,
          -0.04369232499999999,
          0.0053053124999999915,
          -0.008613149999999998
        ],
        [
          0.024799545,
          0.0053053124999999915,
          0.11230783736971311,
          -0.05615966437633528
        ],
        [
          0.005305312499999994,
          -0.008613149999999998,
          -0.05615966437633528,
          -0.1317128750108386
        ]
      ]
    ]
  },
  "intermediate_quantities": {
    "F_lik_at_(beta,psi)": 1.5824966815745083,
    "log_L": -1.5824966815745083,
    "h_per_row": [
      -0.7993037499999998,
      -0.04924,
      0.8269966249999996,
      1.3170813749999999
    ],
    "hp_per_row": [
      0.9325949999999997,
      0.99511875,
      1.1100912499999998,
      0.9210024999999998
    ],
    "grad_beta_neglogL": [
      1.410760524401562,
      0.6934740292265622,
      -1.2765326163897732,
      -0.3192548519658168
    ],