N,a,phi_laplace_over_true,phi_basin_over_true,phi_marg_over_true,oracle_over_true
400,1.0,0.9677458132286129,1.1133307654574753,1.4398007214910329,0.9982013109461745
400,0.5,0.925797478414189,1.127614484410769,1.1671445620720937,0.9982013109461745
400,0.25,0.9599469052842485,1.0424372082373972,1.020361383900415,0.9982013109461745
400,0.1,0.9684810620854144,0.9926953001147115,0.9973415924288882,0.9982013109461745
400,0.05,0.9606166141922294,0.9780325125517662,0.9963196445729038,0.9982013109461745
400,0.0,0.9579726783885582,0.9726622413871623,0.9951423101164227,0.9982013109461745
