path	name	disposition
crates/gam-config/src/fit_request_document.rs	to_canonical_json	retired-no-surviving-dependent
crates/gam-config/src/lib.rs	canonicalize_fit_request_json	retired-no-surviving-dependent
crates/gam-custom-family/src/block_spec.rs	by_block_name	retired-by-later-deletion:48f48f9108
crates/gam-custom-family/src/block_spec.rs	coefficient_label	retired-by-later-deletion:48f48f9108
crates/gam-custom-family/src/block_spec.rs	with_parent	retired-by-later-deletion:48f48f9108
crates/gam-custom-family/src/block_spec.rs	with_prior	retired-by-later-deletion:48f48f9108
crates/gam-custom-family/src/coefficient_groups.rs	coefficient_group_block_index	retired-by-later-deletion:48f48f9108
crates/gam-custom-family/src/coefficient_groups.rs	expand_custom_group_base_prior	retired-by-later-deletion:48f48f9108
crates/gam-custom-family/src/coefficient_groups.rs	realize_coefficient_groups_for_custom_family	retired-by-later-deletion:48f48f9108
crates/gam-custom-family/src/coefficient_groups.rs	validate_group_rho_prior_coordinate	retired-by-later-deletion:48f48f9108
crates/gam-custom-family/src/coefficient_groups.rs	validate_penalized_complexity_prior	retired-by-later-deletion:48f48f9108
crates/gam-custom-family/src/fit.rs	evaluate_labeled_outer_criterion_for_diagnostics	retired-by-later-deletion:48f48f9108
crates/gam-custom-family/src/fit.rs	evaluate_rho_outer_criterion_for_diagnostics	retired-by-later-deletion:48f48f9108
crates/gam-geometry/src/closure_family.rs	boundary_conductance	restored-in-place
crates/gam-geometry/src/closure_family.rs	conductance_penalty_jet	restored-in-place
crates/gam-geometry/src/closure_family.rs	design_jet	retired-by-later-deletion:f83e9aebaf
crates/gam-geometry/src/closure_family.rs	profile_ci_from_grid	retired-by-owner:spec-search
crates/gam-geometry/src/closure_family.rs	row_jet	restored-in-place
crates/gam-geometry/src/curvature_estimand.rs	design_coord_kappa_derivative	restored-in-place
crates/gam-geometry/src/curvature_estimand.rs	is_interior	restored-in-place
crates/gam-geometry/src/curvature_estimand.rs	is_railed	restored-in-place
crates/gam-geometry/src/manifolds/constant_curvature.rs	distance_batch	restored-in-place
crates/gam-geometry/src/manifolds/constant_curvature.rs	exp_map_kappa_jet	retired-by-later-deletion:df77c6fc2f
crates/gam-geometry/src/manifolds/constant_curvature.rs	jacobian_radial	retired-by-later-deletion:f83e9aebaf
crates/gam-geometry/src/manifolds/constant_curvature.rs	log_map_kappa_jet	restored-in-place
crates/gam-geometry/src/manifolds/constant_curvature.rs	t_stacks	retired-by-later-deletion:f83e9aebaf
crates/gam-geometry/src/manifolds/poincare.rs	conformal_dirichlet_penalty	retired-by-later-deletion:f83e9aebaf
crates/gam-geometry/src/manifolds/spd.rs	spd_frechet_mean	restored-in-place
crates/gam-geometry/src/optimizer.rs	minimize	retired-no-surviving-dependent
crates/gam-geometry/src/response_geometry.rs	response_projection_residual	retired-no-surviving-dependent
crates/gam-gpu/src/blas.rs	blas_backend_status	retired-by-later-deletion:5d498d0e9d
crates/gam-gpu/src/device_runtime.rs	resolution_call_count	retired-by-later-deletion:5d498d0e9d
crates/gam-gpu/src/device_runtime.rs	resolve_if_dense_work_exceeds_floor	retired-by-later-deletion:5d498d0e9d
crates/gam-gpu/src/dictionary_score.rs	is_degenerate	retired-no-surviving-dependent
crates/gam-gpu/src/driver.rs	check_cuda	retired-by-later-deletion:5d498d0e9d
crates/gam-gpu/src/driver.rs	cuda_driver_available	retired-by-later-deletion:5d498d0e9d
crates/gam-gpu/src/encode_throughput.rs	cpu_oracle_normal_equations_solve	retired-by-later-deletion:5e967c2045
crates/gam-gpu/src/encode_throughput.rs	encode_quality_metrics	retired-by-later-deletion:5e967c2045
crates/gam-gpu/src/encode_throughput.rs	from_elapsed	retired-by-later-deletion:5e967c2045
crates/gam-gpu/src/encode_throughput.rs	measure_resident_solve_throughput	retired-by-later-deletion:5e967c2045
crates/gam-gpu/src/memory.rs	from_array	retired-no-surviving-dependent
crates/gam-gpu/src/mod.rs	cuda_backend_status	retired-by-later-deletion:5d498d0e9d
crates/gam-gpu/src/numerics_host.rs	erfcx_nonnegative	restored-in-place
crates/gam-gpu/src/numerics_host.rs	log_ndtr	restored-in-place
crates/gam-gpu/src/numerics_host.rs	log_ndtr_and_mills	restored-in-place
crates/gam-gpu/src/numerics_host.rs	log_ndtr_mills_curvature	restored-in-place
crates/gam-gpu/src/policy.rs	arrow_border_solve_plan	retired-by-later-deletion:5d498d0e9d
crates/gam-gpu/src/policy.rs	from_device_measurement	retired-by-later-deletion:228b6aeb05
crates/gam-gpu/src/policy.rs	from_device_measurement_against	retired-by-later-deletion:228b6aeb05
crates/gam-gpu/src/policy.rs	from_measurement	retired-by-later-deletion:5d498d0e9d
crates/gam-gpu/src/policy.rs	from_measurement_against	retired-by-later-deletion:5d498d0e9d
crates/gam-gpu/src/policy.rs	is_undetermined	retired-by-later-deletion:5d498d0e9d
crates/gam-gpu/src/policy.rs	potrf_target_is_gpu	retired-by-later-deletion:5d498d0e9d
crates/gam-gpu/src/policy.rs	row_batch_target_is_gpu	retired-by-later-deletion:5d498d0e9d
crates/gam-gpu/src/policy.rs	should_run_reml_outer_on_device	retired-by-later-deletion:5d498d0e9d
crates/gam-gpu/src/policy.rs	surrogate_justified	retired-by-later-deletion:5d498d0e9d
crates/gam-gpu/src/policy.rs	surrogate_unneeded	retired-by-later-deletion:5d498d0e9d
crates/gam-gpu/src/solver.rs	cholesky_lower	restored-in-place
crates/gam-gpu/src/solver.rs	cholesky_lower_gpu	restored-in-place
crates/gam-gpu/src/solver.rs	solver_backend_status	retired-by-later-deletion:5d498d0e9d
crates/gam-gpu/src/test_gate.rs	assert_absent_device_was_counted	retired-by-later-deletion:57409ec77f
crates/gam-gpu/src/test_gate.rs	gpu_for_test	retired-by-later-deletion:57409ec77f
crates/gam-gpu/src/test_gate.rs	skipped_for_absent_device	retired-by-later-deletion:57409ec77f
crates/gam-identifiability/src/canonical.rs	canonicalize_for_identifiability	retired-by-decision
crates/gam-identifiability/src/families/bernoulli.rs	from_eta_pilot	retired-no-surviving-dependent
crates/gam-identifiability/src/families/compiler.rs	build_primary_grams_gpu_or_cpu	retired-by-later-deletion:0904dd2a25
crates/gam-identifiability/src/families/compiler.rs	build_raw_grams_from_channel_blocks	restored-in-place
crates/gam-identifiability/src/families/compiler.rs	build_raw_grams_structural	restored-in-place
crates/gam-identifiability/src/families/compiler.rs	compile_with_dual_metric	retired-by-later-deletion:0904dd2a25
crates/gam-identifiability/src/families/compiler.rs	lift_coefficients	retired-by-later-deletion:0904dd2a25
crates/gam-identifiability/src/families/compiler.rs	p_compiled	retired-by-later-deletion:b74e2559ed
crates/gam-identifiability/src/families/compiler.rs	reduce_design	retired-by-later-deletion:0904dd2a25
crates/gam-identifiability/src/families/compiler.rs	reduce_penalties_with_map	retired-by-later-deletion:0904dd2a25
crates/gam-identifiability/src/families/gpu.rs	compute_grams	retired-by-later-deletion:c4c012c932
crates/gam-identifiability/src/families/gpu.rs	compute_grams_cublas	retired-by-later-deletion:c4c012c932
crates/gam-identifiability/src/families/gpu.rs	compute_grams_fused	retired-by-later-deletion:c4c012c932
crates/gam-identifiability/src/families/gpu.rs	packed_index	retired-by-later-deletion:c4c012c932
crates/gam-identifiability/src/families/gpu.rs	try_new	retired-by-later-deletion:c4c012c932
crates/gam-identifiability/src/families/gpu.rs	try_primary_state_gram_cuda	retired-by-later-deletion:c4c012c932
crates/gam-inference/src/functionals.rs	average_derivative_gaussian_identity	retired-by-later-deletion:5e967c2045
crates/gam-inference/src/functionals.rs	average_derivative_gaussian_identity_with_sensitivity	retired-by-later-deletion:5e967c2045
crates/gam-inference/src/functionals.rs	penalty_times_beta	retired-by-later-deletion:5e967c2045
crates/gam-inference/src/gpu_polya_gamma.rs	logistic_gibbs_step	retired-by-later-deletion:1fdca18671
crates/gam-inference/src/gpu_polya_gamma.rs	saddlepoint_kpp	retired-by-later-deletion:1fdca18671
crates/gam-inference/src/gpu_polya_gamma.rs	saddlepoint_solve	retired-by-later-deletion:1fdca18671
crates/gam-inference/src/hmc_io.rs	compute_joint_logp_and_grad	retired-by-later-deletion:26edfd6065
crates/gam-inference/src/hmc_io.rs	estimate_logit_pg_rao_blackwell_terms	retired-by-later-deletion:1fdca18671
crates/gam-inference/src/hmc_io.rs	run_joint_beta_rho_sampling	retired-by-later-deletion:1fdca18671
crates/gam-inference/src/model_comparison.rs	alo_elpd	retired-no-surviving-dependent
crates/gam-inference/src/polya_gamma.rs	pg1_untilted_cdf	retired-no-surviving-dependent
crates/gam-inference/src/probability.rs	try_inverse_link_array	retired-no-surviving-dependent
crates/gam-inference/src/rho_posterior.rs	mixture_coefficient_covariance	retired-by-later-deletion:1fdca18671
crates/gam-inference/src/rho_posterior.rs	rho_posterior_tier1_quadrature	retired-by-later-deletion:1fdca18671
crates/gam-linalg/src/curvature_resolution.rs	dominant_source	restored-in-place
crates/gam-linalg/src/curvature_resolution.rs	finite_difference_error_bound	retired-by-later-deletion:c9481ef606
crates/gam-linalg/src/curvature_resolution.rs	optimal_step	retired-by-later-deletion:c9481ef606
crates/gam-linalg/src/decision.rs	newton_decrement_enclosure	retired-by-later-deletion:b66b773539
crates/gam-linalg/src/decision.rs	rounding_floor	restored-in-place
crates/gam-linalg/src/decision.rs	rounding_floor_with_depth	retired-by-later-deletion:b66b773539
crates/gam-linalg/src/faer_ndarray.rs	eigh_census	retired-no-surviving-dependent
crates/gam-linalg/src/faer_ndarray.rs	eigh_census_this_thread	retired-no-surviving-dependent
crates/gam-linalg/src/faer_ndarray.rs	parallelism_snapshot	retired-no-surviving-dependent
crates/gam-linalg/src/governed_capture.rs	begin_governed_decision_capture	retired-no-surviving-dependent
crates/gam-linalg/src/governed_capture.rs	take_governed_decision_capture	retired-no-surviving-dependent
crates/gam-linalg/src/low_rank_weight.rs	add_low_rank_xtwx_correction	retired-no-surviving-dependent
crates/gam-linalg/src/low_rank_weight.rs	gram_capacitance	retired-no-surviving-dependent
crates/gam-linalg/src/low_rank_weight.rs	project_u	retired-no-surviving-dependent
crates/gam-linalg/src/low_rank_weight.rs	project_v	retired-no-surviving-dependent
crates/gam-linalg/src/low_rank_weight.rs	row_capacitance	retired-no-surviving-dependent
crates/gam-linalg/src/low_rank_weight.rs	xtw_y	retired-no-surviving-dependent
crates/gam-linalg/src/matrix/mod.rs	as_dense_cow	restored-in-place
crates/gam-linalg/src/matrix/mod.rs	compute_xtwy	restored-in-place
crates/gam-linalg/src/matrix/mod.rs	is_materialized_dense	restored-in-place
crates/gam-linalg/src/matrix/mod.rs	is_operator_backed	restored-in-place
crates/gam-linalg/src/matrix/mod.rs	quadratic_form_diag	restored-in-place
crates/gam-linalg/src/matrix/mod.rs	should_use_matrix_free_pcg	retired-by-later-deletion:b66b773539
crates/gam-linalg/src/matrix/mod.rs	solve_system_matrix_free_pcg	retired-by-later-deletion:b66b773539
crates/gam-linalg/src/matrix/mod.rs	solve_system_matrix_free_pcg_with_info	retired-by-later-deletion:b66b773539
crates/gam-linalg/src/matrix/mod.rs	try_to_dense_arc_with_policy	restored-in-place
crates/gam-linalg/src/matrix/mod.rs	x_original	restored-in-place
crates/gam-linalg/src/matrix/symmetric.rs	addridge	restored-in-place
crates/gam-linalg/src/matrix/symmetric.rs	max_abs_diag	restored-in-place
crates/gam-linalg/src/matrix/symmetric.rs	xt_diag_x_psd	retired-by-later-deletion:b66b773539
crates/gam-linalg/src/matrix/weights.rs	as_psd	retired-by-later-deletion:b66b773539
crates/gam-linalg/src/matrix/weights.rs	from_array	restored-in-place
crates/gam-linalg/src/matrix/weights.rs	view_signed	retired-by-later-deletion:b66b773539
crates/gam-linalg/src/numeric_derivative.rs	agreement_bound	restored-in-place
crates/gam-linalg/src/numeric_derivative.rs	judge	retired-by-owner:jets
crates/gam-linalg/src/numeric_derivative.rs	ladder_report	retired-by-owner:jets
crates/gam-linalg/src/packed_symmetric_spectrum.rs	packed_upper_index	retired-no-surviving-dependent
crates/gam-linalg/src/pairwise_reduce.rs	pairwise_reduce_chunked	restored-in-place
crates/gam-linalg/src/pairwise_reduce.rs	pairwise_sum_chunked	retired-by-later-deletion:b66b773539
crates/gam-linalg/src/sparse_exact.rs	dense_to_sparse	retired-by-later-deletion:b66b773539
crates/gam-linalg/src/sparse_exact.rs	factor_nnz	restored-in-place
crates/gam-linalg/src/sparse_exact.rs	trace_product_sparse	retired-by-later-deletion:b66b773539
crates/gam-linalg/src/utils.rs	absolute_cutoff	restored-in-place
crates/gam-linalg/src/utils.rs	addridge	restored-in-place
crates/gam-linalg/src/utils.rs	max_abs_diag	restored-in-place
crates/gam-linalg/src/utils.rs	max_eigenvalue	restored-in-place
crates/gam-linalg/src/utils.rs	pseudoinverse	restored-in-place
crates/gam-linalg/src/utils.rs	relative_cutoff	restored-in-place
crates/gam-math/src/curvature_resolution.rs	curvature_resolution_from_ladder	retired-no-surviving-dependent
crates/gam-math/src/jet_partitions.rs	bilinear	retired-no-surviving-dependent
crates/gam-math/src/jet_partitions.rs	with_coeffs	retired-no-surviving-dependent
crates/gam-math/src/jet_scalar.rs	digamma	retired-no-surviving-dependent
crates/gam-math/src/jet_scalar.rs	h_at	retired-no-surviving-dependent
crates/gam-math/src/jet_scalar.rs	hessian_pair_bits	restored-in-place
crates/gam-math/src/jet_tower.rs	cell_moving_boundary_flux_tower	retired-by-owner:jets
crates/gam-math/src/jet_tower.rs	compose_unary_single_slot	retired-by-owner:jets
crates/gam-math/src/jet_tower.rs	compose_unary_with	retired-no-surviving-dependent
crates/gam-math/src/jet_tower.rs	digamma	retired-no-surviving-dependent
crates/gam-math/src/jet_tower.rs	fourth_contracted	retired-by-owner:jets
crates/gam-math/src/jet_tower.rs	implicit_solve	retired-by-owner:jets
crates/gam-math/src/jet_tower.rs	moving_limit_boundary_tower	retired-by-owner:jets
crates/gam-math/src/jet_tower.rs	moving_limit_boundary_tower_theta_integrand	retired-by-owner:jets
crates/gam-math/src/jet_tower.rs	substitute_intercept	retired-by-owner:jets
crates/gam-math/src/jet_tower.rs	third_contracted	retired-by-owner:jets
crates/gam-math/src/jet_tower.rs	trigamma	retired-no-surviving-dependent
crates/gam-math/src/jet_tower.rs	trigamma_derivative_stack	retired-by-owner:jets
crates/gam-math/src/jet_tower.rs	verify_kernel_channels	retired-by-owner:jets
crates/gam-math/src/nested_dual.rs	from_channels	retired-by-decision
crates/gam-math/src/nested_dual.rs	seed_directional	retired-by-decision
crates/gam-math/src/nested_dual.rs	seed_inner	retired-by-decision
crates/gam-math/src/nested_dual.rs	seed_outer	retired-by-decision
crates/gam-math/src/paired_timing.rs	not_slower	restored-in-place
crates/gam-math/src/paired_timing.rs	paired_interleaved	restored-in-place
crates/gam-math/src/probability.rs	cone_boundary_log_factor	retired-by-later-deletion:3685289591
crates/gam-math/src/probability.rs	cone_boundary_log_factor_and_derivatives	retired-by-later-deletion:3685289591
crates/gam-math/src/probability.rs	signed_weighted_chi_square_sf	retired-by-later-deletion:3685289591
crates/gam-math/src/probability.rs	weighted_chi_square_sf	retired-by-later-deletion:3685289591
crates/gam-math/src/probability.rs	weighted_chi_square_sf_to_tolerance	restored-in-place
crates/gam-math/src/probability.rs	weighted_chi_square_sf_with_bound	restored-in-place
crates/gam-math/src/score_opt.rs	maximize	retired-no-surviving-dependent
crates/gam-model-api/src/families/custom_family/options.rs	default_coefficient_gradient_cost	retired-by-later-deletion:94410581a7
crates/gam-model-kernels/src/cubic_cell_kernel.rs	build_denested_partition_cells	restored-in-place
crates/gam-model-kernels/src/cubic_cell_kernel.rs	cell_first_derivative_required_max_degree	retired-by-later-deletion:e95479f250
crates/gam-model-kernels/src/cubic_cell_kernel.rs	cell_polynomial_integral_from_moments	retired-by-later-deletion:e95479f250
crates/gam-model-kernels/src/cubic_cell_kernel.rs	cell_second_derivative_boundary_integrand	retired-by-later-deletion:e95479f250
crates/gam-model-kernels/src/cubic_cell_kernel.rs	cell_third_derivative_boundary_integrand	retired-by-later-deletion:e95479f250
crates/gam-model-kernels/src/cubic_cell_kernel.rs	evaluate_cell_moments_with_scratch	retired-by-later-deletion:e95479f250
crates/gam-model-kernels/src/cubic_cell_kernel.rs	new	retired-by-later-deletion:e95479f250
crates/gam-model-kernels/src/cubic_cell_kernel.rs	quartic_qprime_coefficients	retired-by-later-deletion:e95479f250
crates/gam-model-kernels/src/cubic_cell_kernel.rs	reduce_quartic_moments	retired-by-later-deletion:e95479f250
crates/gam-model-kernels/src/cubic_cell_kernel.rs	reduce_sextic_moments	retired-by-later-deletion:e95479f250
crates/gam-model-kernels/src/cubic_cell_kernel.rs	sextic_qprime_coefficients	retired-by-later-deletion:e95479f250
crates/gam-model-kernels/src/cubic_cell_kernel.rs	with_capacity	retired-by-later-deletion:e95479f250
crates/gam-model-kernels/src/scale_design.rs	apply_scale_deviation_transform	retired-no-surviving-dependent
crates/gam-model-kernels/src/sigma_link.rs	exp_sigma_derivs_up_to_fourth	retired-no-surviving-dependent
crates/gam-model-kernels/src/sigma_link.rs	exp_sigma_derivs_up_to_third_scalar	retired-no-surviving-dependent
crates/gam-model-kernels/src/sigma_link.rs	logb_sigma_derivs_up_to_fourth	retired-no-surviving-dependent
crates/gam-model-kernels/src/sigma_link.rs	logb_sigma_derivs_up_to_fourth_scalar	retired-no-surviving-dependent
crates/gam-model-kernels/src/sigma_link.rs	logb_sigma_derivs_up_to_third_scalar	retired-no-surviving-dependent
crates/gam-model-kernels/src/sigma_link.rs	logb_sigma_eta_for_sigma_scalar	retired-no-surviving-dependent
crates/gam-model-kernels/src/sigma_link.rs	logb_sigma_jet3_scalar	retired-no-surviving-dependent
crates/gam-model-kernels/src/sigma_link.rs	logb_sigma_jet4_scalar	retired-no-surviving-dependent
crates/gam-models/src/block_layout/block_jacobian.rs	block_effective_jacobian	restored-in-place
crates/gam-models/src/bms/alo_replay.rs	bernoulli_marginal_slope_alo_row_geometry	retired-no-surviving-dependent
crates/gam-models/src/bms/conditional_score_covariance.rs	dense_at	retired-no-surviving-dependent
crates/gam-models/src/bms/deviation_runtime.rs	second_derivative_design	retired-by-later-deletion:418c732d2f
crates/gam-models/src/bms/deviation_runtime.rs	third_derivative_design	retired-no-surviving-dependent
crates/gam-models/src/bms/deviation_runtime.rs	value_span_degree	retired-no-surviving-dependent
crates/gam-models/src/bms/gpu/device_pcg.rs	run	retired-by-decision
crates/gam-models/src/bms/gpu/device_pcg.rs	run_pcg_against_row_hessian_device	retired-by-decision
crates/gam-models/src/bms/gpu/flex.rs	arena_round_trip	retired-no-surviving-dependent
crates/gam-models/src/bms/gpu/flex.rs	launch_probe	retired-no-surviving-dependent
crates/gam-models/src/bms/gpu/row.rs	cpu_oracle_bms_flex_row_diagonal	retired-no-surviving-dependent
crates/gam-models/src/bms/gpu/row.rs	cpu_oracle_bms_flex_row_hvp	retired-no-surviving-dependent
crates/gam-models/src/bms/gpu/row.rs	cpu_oracle_bms_flex_row_joint_gradient	retired-no-surviving-dependent
crates/gam-models/src/bms/gpu/row.rs	launch_bms_flex_row_hvp_into_device	retired-no-surviving-dependent
crates/gam-models/src/bms/gpu/row.rs	make_buffers	retired-no-surviving-dependent
crates/gam-models/src/bms/gpu/row.rs	minimal_inputs	retired-no-surviving-dependent
crates/gam-models/src/bms/gradient_paths.rs	marginal_slope_preserving_scale	retired-no-surviving-dependent
crates/gam-models/src/bms/gradient_paths.rs	marginal_slope_probit_eta	retired-no-surviving-dependent
crates/gam-models/src/bms/mod.rs	triple_penalty_default	retired-by-later-deletion:7c185e2c51
crates/gam-models/src/fit_orchestration/drivers/mod.rs	trial_total_s	retired-by-later-deletion:418c732d2f
crates/gam-models/src/fit_orchestration/drivers/smooth_term_lr.rs	conditional_mean	restored-in-place
crates/gam-models/src/fit_orchestration/drivers/smooth_term_lr.rs	selection_mean	retired-by-later-deletion:418c732d2f
crates/gam-models/src/fit_orchestration/drivers/smooth_term_lr.rs	tail_probability	retired-by-later-deletion:418c732d2f
crates/gam-models/src/fit_orchestration/request.rs	inverse_link_outer	retired-no-surviving-dependent
crates/gam-models/src/gamlss/binomial/location_scale.rs	block_effective_jacobian	restored-in-place
crates/gam-models/src/gamlss/binomial/wiggle.rs	block_effective_jacobian	restored-in-place
crates/gam-models/src/gamlss/binomial/wiggle.rs	buildwiggle_block_input	retired-by-later-deletion:7c185e2c51
crates/gam-models/src/gamlss/binomial/wiggle.rs	initializewiggle_knots_from_q	retired-by-later-deletion:7c185e2c51
crates/gam-models/src/gamlss/gaussian/binomial_mean_wiggle.rs	block_effective_jacobian	restored-in-place
crates/gam-models/src/gamlss/gaussian/location_scale.rs	block_effective_jacobian	restored-in-place
crates/gam-models/src/gamlss/gaussian/wiggle.rs	block_effective_jacobian	restored-in-place
crates/gam-models/src/gpu_kernels/cubic_bspline_moments.rs	build_axis_tables_cpu	retired-by-later-deletion:418c732d2f
crates/gam-models/src/gpu_kernels/cubic_bspline_moments.rs	moment_1d_about	retired-by-later-deletion:418c732d2f
crates/gam-models/src/gpu_kernels/cubic_bspline_moments.rs	moment_1d_gauss_legendre	retired-by-later-deletion:418c732d2f
crates/gam-models/src/gpu_kernels/cubic_bspline_moments.rs	tetrahedral_geom_moment_cpu	retired-by-later-deletion:418c732d2f
crates/gam-models/src/gpu_kernels/cubic_bspline_moments.rs	try_device_tetrahedral_moments	retired-by-later-deletion:f2156a78e4
crates/gam-models/src/inference/full_conformal.rs	bernoulli_full_conformal	retired-by-later-deletion:418c732d2f
crates/gam-models/src/inference/full_conformal.rs	certifies_finite	restored-in-place
crates/gam-models/src/inference/full_conformal.rs	discrete_full_conformal_exhaustive	retired-by-later-deletion:418c732d2f
crates/gam-models/src/inference/full_conformal.rs	discrete_full_conformal_window	retired-by-later-deletion:418c732d2f
crates/gam-models/src/inference/full_conformal.rs	gaussian_jackknife_plus	restored-in-place
crates/gam-models/src/inference/full_conformal.rs	honest_membership	retired-by-later-deletion:418c732d2f
crates/gam-models/src/inference/full_conformal.rs	penalized_laml_criterion	retired-by-later-deletion:418c732d2f
crates/gam-models/src/inference/full_conformal.rs	rank_s	restored-in-place
crates/gam-models/src/inference/generative.rs	sampleobservation_replicate_chunks	retired-no-surviving-dependent
crates/gam-models/src/inference/generative.rs	sampleobservation_replicates	retired-no-surviving-dependent
crates/gam-models/src/inference/model.rs	basis_span_cubic	restored-in-place
crates/gam-models/src/inference/model.rs	local_cubic_on_span	restored-in-place
crates/gam-models/src/inference/model.rs	measure_jet_extrapolation_variance	restored-in-place
crates/gam-models/src/inference/model.rs	second_derivative_design	retired-by-later-deletion:418c732d2f
crates/gam-models/src/inference/model.rs	span_count	restored-in-place
crates/gam-models/src/inference/model.rs	span_index_for	restored-in-place
crates/gam-models/src/latent_coordinate.rs	axis_domains	retired-by-later-deletion:5e967c2045
crates/gam-models/src/latent_coordinate.rs	certifies_stationarity	retired-by-later-deletion:5e967c2045
crates/gam-models/src/latent_coordinate.rs	new	retired-by-later-deletion:5e967c2045
crates/gam-models/src/latent_coordinate.rs	optimize_latent_coordinates	retired-by-later-deletion:5e967c2045
crates/gam-models/src/latent_coordinate.rs	stationarity_evidence	retired-by-later-deletion:5e967c2045
crates/gam-models/src/multinomial.rs	coefficient_covariance_corrected	retired-by-later-deletion:418c732d2f
crates/gam-models/src/multinomial.rs	logistic_normal_softmax_moments	retired-by-later-deletion:418c732d2f
crates/gam-models/src/multinomial.rs	logistic_normal_softmax_moments_with_control	retired-by-later-deletion:418c732d2f
crates/gam-models/src/multinomial.rs	n_active_classes	restored-in-place
crates/gam-models/src/multinomial.rs	p_per_class	restored-in-place
crates/gam-models/src/multinomial.rs	predict_multinomial_formula_with_se_in_mode	retired-by-later-deletion:418c732d2f
crates/gam-models/src/response_geometry.rs	column_end	retired-no-surviving-dependent
crates/gam-models/src/response_geometry.rs	from_bytes	retired-no-surviving-dependent
crates/gam-models/src/response_geometry.rs	from_dense	retired-no-surviving-dependent
crates/gam-models/src/response_geometry.rs	predict_dense	retired-no-surviving-dependent
crates/gam-models/src/response_geometry.rs	predict_tangent	retired-no-surviving-dependent
crates/gam-models/src/response_geometry.rs	to_bytes	retired-no-surviving-dependent
crates/gam-models/src/response_geometry.rs	with_initial_log_lambdas	retired-no-surviving-dependent
crates/gam-models/src/survival/base.rs	calculate_crude_risk_quadrature	retired-by-owner:gam-4a
crates/gam-models/src/survival/base.rs	cause_count	retired-no-surviving-dependent
crates/gam-models/src/survival/base.rs	cause_specific_event_indicator	retired-by-owner:gam-4a
crates/gam-models/src/survival/base.rs	evaluate_survival_lamlcost_and_gradient	retired-no-surviving-dependent
crates/gam-models/src/survival/base.rs	from_engine_inputs	retired-no-surviving-dependent
crates/gam-models/src/survival/base.rs	pooled_any_event_indicator	retired-by-owner:gam-4a
crates/gam-models/src/survival/construction.rs	evaluate_initial	retired-no-surviving-dependent
crates/gam-models/src/survival/construction.rs	fixed_offsets	retired-no-surviving-dependent
crates/gam-models/src/survival/construction.rs	marginal_slope_baseline_chain_rule_hessian	retired-no-surviving-dependent
crates/gam-models/src/survival/construction.rs	optimize_survival_baseline_config_with_gradient	retired-no-surviving-dependent
crates/gam-models/src/survival/latent/survival/log_sigma_curvature_certificate.rs	is_trustworthy	retired-by-owner:survival
crates/gam-models/src/survival/latent/survival/log_sigma_curvature_certificate.rs	latent_survival_log_sigma_curvature_certified	retired-by-owner:survival
crates/gam-models/src/survival/latent/survival/log_sigma_curvature_certificate.rs	relative_error	retired-by-owner:survival
crates/gam-models/src/survival/location_scale/family_solver.rs	block_effective_jacobian	defined-elsewhere-in-crate
crates/gam-models/src/survival/location_scale/family_solver.rs	survival_location_scale_block_effective_jacobian	retired-by-owner:survival
crates/gam-models/src/survival/lognormal_kernel.rs	log_kernel_term	retired-no-surviving-dependent
crates/gam-models/src/survival/marginal_slope/row_math.rs	survival_marginal_slope_vector_eta	retired-no-surviving-dependent
crates/gam-models/src/survival/marginal_slope/row_math.rs	survival_marginal_slope_vector_scale	retired-no-surviving-dependent
crates/gam-models/src/transformation_normal/quantile_table.rs	tail_slopes	retired-no-surviving-dependent
crates/gam-models/src/vector_response.rs	diag_precision	retired-by-later-deletion:418c732d2f
crates/gam-models/src/vector_response.rs	from_target	retired-by-later-deletion:418c732d2f
crates/gam-models/src/vector_response.rs	with_row_weights	retired-by-later-deletion:7c185e2c51
crates/gam-models/src/wiggle.rs	buildwiggle_block_input_from_knots	restored-in-place
crates/gam-models/src/wiggle.rs	buildwiggle_block_input_from_seed	retired-by-later-deletion:418c732d2f
crates/gam-predict/src/affine_design.rs	eta_gradient_matrix	retired-by-later-deletion:05b4f04286
crates/gam-predict/src/conformal.rs	apply_to_uncertainty_result	retired-by-later-deletion:05b4f04286
crates/gam-predict/src/conformal.rs	certifies_finite	retired-by-later-deletion:5d498d0e9d
crates/gam-predict/src/conformal.rs	from_fit	retired-by-later-deletion:5d498d0e9d
crates/gam-predict/src/conformal.rs	n_calibration	restored-in-place
crates/gam-predict/src/conformal.rs	q_hat	restored-in-place
crates/gam-predict/src/lib.rs	coefficient_uncertainty	retired-by-later-deletion:05b4f04286
crates/gam-predict/src/lib.rs	coefficient_uncertaintywith_mode	retired-by-later-deletion:5d498d0e9d
crates/gam-predict/src/lib.rs	from_fit	retired-by-later-deletion:5d498d0e9d
crates/gam-predict/src/lib.rs	from_likelihood_scale	retired-by-later-deletion:5d498d0e9d
crates/gam-predict/src/lib.rs	predict_gam_posterior_mean	retired-by-later-deletion:05b4f04286
crates/gam-predict/src/lib.rs	predict_gam_posterior_meanwith_fit	retired-by-later-deletion:05b4f04286
crates/gam-predict/src/lib.rs	with_phi	retired-by-later-deletion:05b4f04286
crates/gam-predict/src/lib.rs	with_theta	retired-by-later-deletion:05b4f04286
crates/gam-predict/src/linalg.rs	from_factorized_hessian	retired-by-later-deletion:05b4f04286
crates/gam-predict/src/posterior_bands.rs	eta_bands_from_matrix	retired-no-surviving-dependent
crates/gam-predict/src/posterior_bands.rs	posterior_eta_bands	retired-no-surviving-dependent
crates/gam-predict/src/posterior_bands.rs	posterior_eta_bands_link	retired-no-surviving-dependent
crates/gam-predict/src/posterior_predict.rs	n_draws	retired-no-surviving-dependent
crates/gam-problem/src/block_spec.rs	is_spanning	retired-no-surviving-dependent
crates/gam-problem/src/coefficient_prior_mean.rs	functional	retired-no-surviving-dependent
crates/gam-problem/src/coefficient_prior_mean.rs	kernel_basis	retired-no-surviving-dependent
crates/gam-problem/src/constraint_set.rs	is_blocked_by_active_face	retired-no-surviving-dependent
crates/gam-problem/src/constraint_set.rs	max_contract_feasible_step	defined-elsewhere-in-crate
crates/gam-problem/src/constraint_set.rs	row_column_support	retired-no-surviving-dependent
crates/gam-problem/src/diagnostics.rs	compute_dualridge_check	retired-by-later-deletion:47c2319015
crates/gam-problem/src/diagnostics.rs	compute_envelopeaudit	retired-by-later-deletion:47c2319015
crates/gam-problem/src/dispersion_cov.rs	into_array	retired-no-surviving-dependent
crates/gam-problem/src/dispersion.rs	rescale_estimate	retired-no-surviving-dependent
crates/gam-problem/src/estimation_error.rs	objective_error	retired-no-surviving-dependent
crates/gam-problem/src/gauge.rs	extend_with_identity	retired-by-later-deletion:47c2319015
crates/gam-problem/src/gauge.rs	from_compiled_map	retired-by-later-deletion:47c2319015
crates/gam-problem/src/gauge.rs	reduced_widths	restored-in-place
crates/gam-problem/src/joint_penalty.rs	rho_objective_gradient	retired-no-surviving-dependent
crates/gam-problem/src/outer_subsample.rs	has_variable_weights	retired-no-surviving-dependent
crates/gam-problem/src/penalty_matrix.rs	add_scaled_diag_to	retired-no-surviving-dependent
crates/gam-problem/src/penalty_matrix.rs	quadratic_form	defined-elsewhere-in-crate
crates/gam-problem/src/psi_design_contract.rs	family_axes	restored-in-place
crates/gam-problem/src/row_measure.rs	indices_and_weights	retired-by-later-deletion:b74e2559ed
crates/gam-problem/src/row_metric.rs	is_output_fisher_like	retired-by-later-deletion:47c2319015
crates/gam-problem/src/row_metric.rs	output_fisher_with_solver_floor	retired-by-later-deletion:47c2319015
crates/gam-problem/src/row_metric.rs	solver_floor	retired-by-later-deletion:47c2319015
crates/gam-problem/src/row_metric.rs	whiten_jacobian	retired-by-later-deletion:47c2319015
crates/gam-problem/src/solver_contract.rs	is_dense_only	retired-no-surviving-dependent
crates/gam-problem/src/solver_contract.rs	is_operator_only	retired-no-surviving-dependent
crates/gam-problem/src/solver_contract.rs	with_logdet_enclosure_gap	retired-no-surviving-dependent
crates/gam-problem/src/topology_certificates.rs	verdict_of	retired-by-later-deletion:47c2319015
crates/gam-problem/src/types.rs	approximation_only	retired-by-later-deletion:47c2319015
crates/gam-problem/src/types.rs	explicit_prior	retired-by-later-deletion:47c2319015
crates/gam-problem/src/types.rs	from_passport	retired-by-later-deletion:47c2319015
crates/gam-problem/src/types.rs	is_placeholder	retired-by-later-deletion:47c2319015
crates/gam-problem/src/types.rs	laplace_hessian_delta	retired-by-later-deletion:47c2319015
crates/gam-problem/src/types.rs	laplace_hessian_ridge	retired-by-later-deletion:47c2319015
crates/gam-problem/src/types.rs	numerical_perturbation	retired-by-later-deletion:47c2319015
crates/gam-problem/src/types.rs	penalty_logdet_delta	retired-by-later-deletion:47c2319015
crates/gam-problem/src/types.rs	quadratic_delta	retired-by-later-deletion:47c2319015
crates/gam-problem/src/types.rs	solver_damping	retired-by-later-deletion:47c2319015
crates/gam-runtime/src/cgroup_memory.rs	binding_path	restored-in-place
crates/gam-runtime/src/cgroup_memory.rs	inactive_file_bytes	restored-in-place
crates/gam-runtime/src/cgroup_memory.rs	inspected_levels	restored-in-place
crates/gam-runtime/src/cgroup_memory.rs	working_set_bytes	restored-in-place
crates/gam-runtime/src/process_monitor.rs	inc	retired-by-later-deletion:1beaa2893d
crates/gam-runtime/src/process_monitor.rs	track_scope_with_progress	retired-by-later-deletion:1beaa2893d
crates/gam-runtime/src/resource.rs	availability	restored-in-place
crates/gam-runtime/src/resource.rs	budget_bytes	restored-in-place
crates/gam-runtime/src/resource.rs	cgroup	restored-in-place
crates/gam-runtime/src/resource.rs	host_available_bytes	restored-in-place
crates/gam-runtime/src/resource.rs	host_total_bytes	restored-in-place
crates/gam-runtime/src/resource.rs	limiting_source	restored-in-place
crates/gam-runtime/src/resource.rs	memory_availability_probe_count	retired-by-later-deletion:1beaa2893d
crates/gam-runtime/src/resource.rs	permissive_small_data	retired-by-later-deletion:1beaa2893d
crates/gam-runtime/src/resource.rs	reserved_bytes	restored-in-place
crates/gam-runtime/src/warm_start/key.rs	absorb_f64	retired-by-later-deletion:1beaa2893d
crates/gam-runtime/src/warm_start/key.rs	absorb_f64_2d	retired-by-later-deletion:1beaa2893d
crates/gam-runtime/src/warm_start/key.rs	absorb_f64_slice	retired-by-later-deletion:1beaa2893d
crates/gam-runtime/src/warm_start/session.rs	preload	retired-by-later-deletion:1beaa2893d
crates/gam-runtime/src/warm_start/session.rs	run_id	restored-in-place
crates/gam-runtime/src/warm_start/session.rs	try_load	retired-by-later-deletion:1beaa2893d
crates/gam-sae/src/amortized_encoder.rs	error_stats	retired-by-later-deletion:2f844874ea
crates/gam-sae/src/amortized_encoder.rs	error_stats_wrapped	retired-by-later-deletion:368563f7f4
crates/gam-sae/src/assignment_state.rs	active_state_bytes	restored-in-place
crates/gam-sae/src/assignment_state.rs	active_state_cells	restored-in-place
crates/gam-sae/src/assignment_state.rs	apply_row_coord_step	retired-by-later-deletion:b66a7d04e2
crates/gam-sae/src/assignment_state.rs	as_state	retired-by-later-deletion:b66a7d04e2
crates/gam-sae/src/assignment_state.rs	atom_manifold	retired-by-later-deletion:b66a7d04e2
crates/gam-sae/src/assignment_state.rs	coord_cells	restored-in-place
crates/gam-sae/src/assignment_state.rs	from_full_support_state	retired-by-later-deletion:b66a7d04e2
crates/gam-sae/src/assignment_state.rs	from_topk_support	retired-by-later-deletion:b66a7d04e2
crates/gam-sae/src/assignment_state.rs	full_support	retired-by-later-deletion:b66a7d04e2
crates/gam-sae/src/assignment_state.rs	gate_cells	restored-in-place
crates/gam-sae/src/assignment_state.rs	index_cells	restored-in-place
crates/gam-sae/src/assignment_state.rs	is_full_support	restored-in-place
crates/gam-sae/src/assignment_state.rs	materialize_dense	restored-in-place
crates/gam-sae/src/assignment.rs	assignment_prior_grad_hdiag	retired-by-later-deletion:b66a7d04e2
crates/gam-sae/src/assignment.rs	assignment_prior_log_strength_derivative	retired-by-later-deletion:b66a7d04e2
crates/gam-sae/src/assignment.rs	assignment_prior_log_strength_hdiag	retired-by-later-deletion:b66a7d04e2
crates/gam-sae/src/assignment.rs	assignment_prior_log_strength_target_mixed	retired-by-later-deletion:b66a7d04e2
crates/gam-sae/src/assignment.rs	assignment_prior_value	retired-by-later-deletion:b66a7d04e2
crates/gam-sae/src/assignment.rs	freeze_routing_from_current_logits	retired-by-later-deletion:b66a7d04e2
crates/gam-sae/src/assignment.rs	freeze_routing_in_place	retired-by-later-deletion:b66a7d04e2
crates/gam-sae/src/assignment.rs	from_argmax_owners	retired-by-later-deletion:b66a7d04e2
crates/gam-sae/src/assignment.rs	neutral_gate_weights	retired-by-later-deletion:e6fd4251e5
crates/gam-sae/src/assignment.rs	ordered_beta_bernoulli_psd_majorizer_third_channels	retired-by-later-deletion:b66a7d04e2
crates/gam-sae/src/assignment.rs	select_hybrid_atom_parameterization	retired-by-later-deletion:b66a7d04e2
crates/gam-sae/src/assignment.rs	set_frozen_routing_in_place	retired-by-later-deletion:b66a7d04e2
crates/gam-sae/src/assignment.rs	thaw_routing	retired-by-later-deletion:b66a7d04e2
crates/gam-sae/src/assignment.rs	with_frozen_routing	restored-in-place
crates/gam-sae/src/assignment.rs	with_ungated	retired-by-later-deletion:b66a7d04e2
crates/gam-sae/src/atom_codes.rs	active_weight_sum	retired-by-later-deletion:10ac599e4c
crates/gam-sae/src/atom_codes.rs	coactivation	restored-in-place
crates/gam-sae/src/atom_codes.rs	deactivate	retired-by-later-deletion:10ac599e4c
crates/gam-sae/src/atom_codes.rs	effective_weights	restored-in-place
crates/gam-sae/src/atom_codes.rs	fusion_evidence	restored-in-place
crates/gam-sae/src/atom_codes.rs	weight_codependence	restored-in-place
crates/gam-sae/src/atom_codes.rs	weights_matrix	retired-by-later-deletion:10ac599e4c
crates/gam-sae/src/atom_schema.rs	coordinate_periods_for_basis	retired-no-surviving-dependent
crates/gam-sae/src/atom_schema.rs	validated_n_harmonics	retired-no-surviving-dependent
crates/gam-sae/src/basis.rs	cover_columns	restored-in-place
crates/gam-sae/src/basis.rs	cover_width	restored-in-place
crates/gam-sae/src/basis.rs	function_space_gram	retired-by-later-deletion:fb8fada8d2
crates/gam-sae/src/basis.rs	inner_width	retired-by-later-deletion:fb8fada8d2
crates/gam-sae/src/basis.rs	l2_gram_weights	restored-in-place
crates/gam-sae/src/basis.rs	laplace_eigenvalues	restored-in-place
crates/gam-sae/src/basis.rs	nullspace_dimension	retired-by-later-deletion:fb8fada8d2
crates/gam-sae/src/basis.rs	quotient_name	restored-in-place
crates/gam-sae/src/basis.rs	reduced_width	restored-in-place
crates/gam-sae/src/basis.rs	select_spherical_harmonic_degree	retired-by-later-deletion:fb8fada8d2
crates/gam-sae/src/candidate_index.rs	auto_candidate_budget	retired-by-later-deletion:728caa9b19
crates/gam-sae/src/candidate_index.rs	brute_force_best_atom	retired-by-later-deletion:728caa9b19
crates/gam-sae/src/candidate_index.rs	brute_force_top_s	retired-by-later-deletion:aa4199edbf
crates/gam-sae/src/candidate_index.rs	from_decoder_blocks	retired-by-later-deletion:aa4199edbf
crates/gam-sae/src/candidate_index.rs	gather_candidates	retired-by-later-deletion:728caa9b19
crates/gam-sae/src/candidate_index.rs	proposal_recall_report	retired-by-later-deletion:aa4199edbf
crates/gam-sae/src/candidate_index.rs	propose	retired-by-later-deletion:728caa9b19
crates/gam-sae/src/candidate_index.rs	recall_report	retired-by-later-deletion:aa4199edbf
crates/gam-sae/src/candidate_index.rs	routability_shortlist_size	retired-by-later-deletion:aa4199edbf
crates/gam-sae/src/candidate_index.rs	route_exact	retired-by-later-deletion:728caa9b19
crates/gam-sae/src/candidate_index.rs	sublinearity_ratio	retired-by-later-deletion:aa4199edbf
crates/gam-sae/src/chart_canonicalization.rs	mode_layout	restored-in-place
crates/gam-sae/src/chart_canonicalization.rs	sphere_chart_isometry_defect	retired-by-later-deletion:fb8fada8d2
crates/gam-sae/src/coactivation_conditionality.rs	derive_residual_cluster_labels	retired-by-later-deletion:10ac599e4c
crates/gam-sae/src/coactivation_conditionality.rs	estimate_from_designed_sample	retired-by-later-deletion:10ac599e4c
crates/gam-sae/src/coactivation_conditionality.rs	estimate_from_measure	retired-by-later-deletion:10ac599e4c
crates/gam-sae/src/coactivation_conditionality.rs	estimate_on_rows	restored-in-place
crates/gam-sae/src/coactivation_conditionality.rs	full_pass_rows	retired-by-later-deletion:10ac599e4c
crates/gam-sae/src/coactivation_conditionality.rs	residual_gate_activities	restored-in-place
crates/gam-sae/src/corpus/designed_target.rs	auto_designed_budget	restored-in-place
crates/gam-sae/src/corpus/designed_target.rs	collect_designed_target	restored-in-place
crates/gam-sae/src/corpus/designed_target.rs	collect_designed_target_auto	restored-in-place
crates/gam-sae/src/corpus/designed_target.rs	collect_designed_target_from_harvest	restored-in-place
crates/gam-sae/src/corpus/designed_target.rs	is_designed_subsample	retired-by-later-deletion:fb8fada8d2
crates/gam-sae/src/corpus/kernels.rs	axpy_f32_into_f64	retired-no-surviving-dependent
crates/gam-sae/src/corpus/kernels.rs	cross_f32_rows_f64	retired-no-surviving-dependent
crates/gam-sae/src/corpus/kernels.rs	dot_f32_f64	retired-no-surviving-dependent
crates/gam-sae/src/corpus/kernels.rs	gemv_f32_rows_f64	retired-no-surviving-dependent
crates/gam-sae/src/corpus/kernels.rs	gemv_t_f32_rows_f64	retired-no-surviving-dependent
crates/gam-sae/src/corpus/kernels.rs	gram_f32_rows_f64	retired-no-surviving-dependent
crates/gam-sae/src/corpus/kernels.rs	norm_sq_f32_f64	retired-no-surviving-dependent
crates/gam-sae/src/corpus/ledger_store.rs	from_structural_hash	retired-no-surviving-dependent
crates/gam-sae/src/corpus/object_store.rs	designed_sampling_mandatory	restored-in-place
crates/gam-sae/src/corpus/residual_stratify.rs	collect_stratified_target	restored-in-place
crates/gam-sae/src/corpus/residual_stratify.rs	design_stratified_subsample	restored-in-place
crates/gam-sae/src/corpus/residual_stratify.rs	estimated_corpus_rows	restored-in-place
crates/gam-sae/src/corpus/residual_stratify.rs	new	restored-in-place
crates/gam-sae/src/corpus/residual_stratify.rs	uniform_rate	restored-in-place
crates/gam-sae/src/corpus/rho_cascade.rs	expected_rows	retired-no-surviving-dependent
crates/gam-sae/src/corpus/rho_cascade.rs	step_plan	retired-no-surviving-dependent
crates/gam-sae/src/corpus/shard_reader.rs	encode_shard_bytes	retired-no-surviving-dependent
crates/gam-sae/src/corpus/shard_reader.rs	open_dir	retired-no-surviving-dependent
crates/gam-sae/src/corpus/torus_merge_audit.rs	audit_torus_merges	restored-in-place
crates/gam-sae/src/description_length.rs	bar_birth_threshold_nats	retired-by-later-deletion:380e9c1f47
crates/gam-sae/src/description_length.rs	bar_supports_birth	retired-by-later-deletion:380e9c1f47
crates/gam-sae/src/description_length.rs	circle_chart_columns	retired-by-later-deletion:380e9c1f47
crates/gam-sae/src/description_length.rs	circle_shape_const_bits	retired-by-later-deletion:380e9c1f47
crates/gam-sae/src/description_length.rs	crossover_firings	retired-by-later-deletion:380e9c1f47
crates/gam-sae/src/description_length.rs	curved_coding_gain_bits	retired-by-later-deletion:380e9c1f47
crates/gam-sae/src/description_length.rs	evidence_per_log_persistence	retired-by-later-deletion:380e9c1f47
crates/gam-sae/src/description_length.rs	from_criterion_nats	retired-by-later-deletion:380e9c1f47
crates/gam-sae/src/description_length.rs	kappa_coding_gain_detector	retired-by-later-deletion:380e9c1f47
crates/gam-sae/src/description_length.rs	reconciles_with_criterion	retired-by-later-deletion:380e9c1f47
crates/gam-sae/src/description_length.rs	uniform_unit_range_sd	retired-by-later-deletion:380e9c1f47
crates/gam-sae/src/description_length.rs	with_support_entropy	retired-by-later-deletion:380e9c1f47
crates/gam-sae/src/dictionary_artifact.rs	canonical_dictionary_artifact	retired-by-later-deletion:7a87c59887
crates/gam-sae/src/dictionary_artifact.rs	diff_dictionaries	retired-by-later-deletion:7a87c59887
crates/gam-sae/src/effect_weight.rs	accumulate_firing_score_vector	retired-no-surviving-dependent
crates/gam-sae/src/effect_weight.rs	fisher_effect_from_interventions	retired-no-surviving-dependent
crates/gam-sae/src/effect_weight.rs	headline_line	retired-no-surviving-dependent
crates/gam-sae/src/effect_weight.rs	record_realized_kl_validation	retired-no-surviving-dependent
crates/gam-sae/src/encode.rs	amortized_encode_batch	retired-by-later-deletion:7a87c59887
crates/gam-sae/src/encode.rs	amortized_encode_batch_fast	retired-by-later-deletion:728caa9b19
crates/gam-sae/src/encode.rs	amortized_encode_row	retired-by-later-deletion:7a87c59887
crates/gam-sae/src/encode.rs	amortized_encode_with_index	retired-by-later-deletion:728caa9b19
crates/gam-sae/src/encode.rs	amortized_encode_with_index_fast	retired-by-later-deletion:728caa9b19
crates/gam-sae/src/encode.rs	amortized_fraction	retired-by-later-deletion:728caa9b19
crates/gam-sae/src/encode.rs	amortized_predict_row	retired-by-later-deletion:728caa9b19
crates/gam-sae/src/encode.rs	amortized_reconstruct_batch_fast	retired-by-later-deletion:728caa9b19
crates/gam-sae/src/encode.rs	amortized_reconstruct_with_index_fast	retired-by-later-deletion:728caa9b19
crates/gam-sae/src/encode.rs	build_data_driven	retired-by-later-deletion:728caa9b19
crates/gam-sae/src/encode.rs	certified_encode_batch	retired-by-later-deletion:728caa9b19
crates/gam-sae/src/encode.rs	certified_encode_row	retired-by-later-deletion:7a87c59887
crates/gam-sae/src/encode.rs	certified_encode_with_index	retired-by-later-deletion:728caa9b19
crates/gam-sae/src/encode.rs	coord_dist_sq	retired-by-later-deletion:728caa9b19
crates/gam-sae/src/encode.rs	data_driven_chart_centers	retired-by-later-deletion:728caa9b19
crates/gam-sae/src/encode.rs	encode_atom_with_fallback_telemetry	retired-by-later-deletion:728caa9b19
crates/gam-sae/src/encode.rs	encode_reconstruction_error	retired-by-later-deletion:728caa9b19
crates/gam-sae/src/encode.rs	from_rows	retired-by-later-deletion:7a87c59887
crates/gam-sae/src/encode.rs	joint_encode_fallback_fraction	retired-by-later-deletion:7a87c59887
crates/gam-sae/src/encode.rs	multistart_fraction	retired-by-later-deletion:728caa9b19
crates/gam-sae/src/encode.rs	newton_fraction	retired-by-later-deletion:728caa9b19
crates/gam-sae/src/frames.rs	canonical_output_subspace_rows	retired-no-surviving-dependent
crates/gam-sae/src/frames.rs	grassmann_assert_border_dim_invariant	retired-no-surviving-dependent
crates/gam-sae/src/frames.rs	grassmann_recover_planted_span_angle	retired-no-surviving-dependent
crates/gam-sae/src/frames.rs	polar_frame	retired-no-surviving-dependent
crates/gam-sae/src/gpu_kernels/resident_arrow.rs	accumulate	defined-elsewhere-in-crate
crates/gam-sae/src/gpu_kernels/resident_arrow.rs	accumulate_arrow_blocks	retired-no-surviving-dependent
crates/gam-sae/src/gpu_kernels/resident_arrow.rs	allocate	retired-no-surviving-dependent
crates/gam-sae/src/gpu_kernels/resident_arrow.rs	apply_exact_hvp_data	retired-no-surviving-dependent
crates/gam-sae/src/gpu_kernels/resident_arrow.rs	arrow_blocks_from_materialized_tower	retired-no-surviving-dependent
crates/gam-sae/src/gpu_kernels/resident_arrow.rs	new	defined-elsewhere-in-crate
crates/gam-sae/src/gpu_kernels/resident_arrow.rs	row_h_tb	retired-no-surviving-dependent
crates/gam-sae/src/gpu_kernels/resident_arrow.rs	row_h_tt	retired-no-surviving-dependent
crates/gam-sae/src/gpu_kernels/sae_encode_resident.rs	device_engaged	retired-by-later-deletion:fb2a87bc8f
crates/gam-sae/src/gpu_kernels/sae_encode_resident.rs	emulate_certified_encode_batch	retired-by-later-deletion:fb2a87bc8f
crates/gam-sae/src/gpu_kernels/sae_encode_resident.rs	emulate_certified_encode_row	retired-by-later-deletion:fb2a87bc8f
crates/gam-sae/src/gpu_kernels/sae_encode_resident.rs	from_atom_atlas	retired-by-later-deletion:fb2a87bc8f
crates/gam-sae/src/gpu_kernels/sae_encode_resident.rs	measure_device_encode_throughput	retired-by-later-deletion:fb2a87bc8f
crates/gam-sae/src/gpu_kernels/sae_encode_resident.rs	sae_certified_encode_batch	retired-by-later-deletion:fb2a87bc8f
crates/gam-sae/src/gpu_kernels/sae_encode_resident.rs	sae_certified_encode_device	retired-by-later-deletion:fb2a87bc8f
crates/gam-sae/src/identifiability.rs	atom_checkpoint_dynamics	retired-by-later-deletion:95168f4880
crates/gam-sae/src/identifiability.rs	atom_transport_ladder_reports	retired-by-later-deletion:95168f4880
crates/gam-sae/src/identifiability.rs	dictionary_report	restored-in-place
crates/gam-sae/src/identifiability.rs	dictionary_report_with_transport_ladders	retired-by-later-deletion:95168f4880
crates/gam-sae/src/identifiability.rs	enumerated_unit_generators	retired-by-later-deletion:95168f4880
crates/gam-sae/src/identifiability.rs	frame_inner_rotation_dim	retired-by-later-deletion:95168f4880
crates/gam-sae/src/identifiability.rs	from_ranks	retired-by-later-deletion:95168f4880
crates/gam-sae/src/identifiability.rs	piecewise_linear_eval	retired-by-later-deletion:95168f4880
crates/gam-sae/src/identifiability.rs	residual_gauge	restored-in-place
crates/gam-sae/src/identifiability.rs	residual_gauge_exact	retired-by-later-deletion:95168f4880
crates/gam-sae/src/identifiability.rs	with_frame_inner_rotation	retired-by-later-deletion:95168f4880
crates/gam-sae/src/identifiability.rs	with_inner_fit	retired-by-later-deletion:95168f4880
crates/gam-sae/src/identifiability/frame_curvature.rs	block_lambda_max	retired-no-surviving-dependent
crates/gam-sae/src/identifiability/frame_curvature.rs	output_of	retired-no-surviving-dependent
crates/gam-sae/src/identifiability/frame_curvature.rs	stored_scalars	retired-no-surviving-dependent
crates/gam-sae/src/identifiability/frame_curvature.rs	structure_tag	retired-no-surviving-dependent
crates/gam-sae/src/identifiability/frame_curvature.rs	to_dense_gram	retired-no-surviving-dependent
crates/gam-sae/src/identifiability/frame_curvature.rs	update_rank	retired-no-surviving-dependent
crates/gam-sae/src/inference/atlas_holonomy.rs	asymptotic_plugin	retired-no-surviving-dependent
crates/gam-sae/src/inference/atlas_holonomy.rs	certified_independent_gaussian	retired-no-surviving-dependent
crates/gam-sae/src/inference/atlas_holonomy.rs	certified_joint	retired-no-surviving-dependent
crates/gam-sae/src/inference/atlas_holonomy.rs	from_analytic_sphere_transition	retired-no-surviving-dependent
crates/gam-sae/src/inference/atlas_holonomy.rs	from_disjoint_ranges	retired-no-surviving-dependent
crates/gam-sae/src/inference/atlas_holonomy.rs	plugin_joint	retired-no-surviving-dependent
crates/gam-sae/src/inference/atlas_holonomy.rs	projector_variance_scale	retired-no-surviving-dependent
crates/gam-sae/src/inference/atlas_nerve.rs	support_weights	retired-no-surviving-dependent
crates/gam-sae/src/inference/atom_geometry.rs	atom_geometry	retired-no-surviving-dependent
crates/gam-sae/src/inference/atom_geometry.rs	atom_geometry_entry_from_parts	retired-no-surviving-dependent
crates/gam-sae/src/inference/atom_geometry.rs	is_collapsed	retired-no-surviving-dependent
crates/gam-sae/src/inference/atom_geometry.rs	is_effectively_linear	retired-no-surviving-dependent
crates/gam-sae/src/inference/atom_lens.rs	is_represented_not_used	retired-no-surviving-dependent
crates/gam-sae/src/inference/atom_lens.rs	is_used	retired-no-surviving-dependent
crates/gam-sae/src/inference/contracts.rs	compose_with_trace	retired-by-later-deletion:10ac599e4c
crates/gam-sae/src/inference/contracts.rs	from_transport	retired-by-later-deletion:10ac599e4c
crates/gam-sae/src/inference/contracts.rs	holonomy_from_transports	retired-by-later-deletion:10ac599e4c
crates/gam-sae/src/inference/harvest.rs	activations_only	retired-by-later-deletion:00735c57ef
crates/gam-sae/src/inference/harvest.rs	corpus_measure	restored-in-place
crates/gam-sae/src/inference/harvest.rs	has_factors	retired-by-later-deletion:00735c57ef
crates/gam-sae/src/inference/harvest.rs	has_fisher_tier	retired-by-later-deletion:00735c57ef
crates/gam-sae/src/inference/harvest.rs	plan_next_tier	retired-by-later-deletion:00735c57ef
crates/gam-sae/src/inference/harvest.rs	tier_metric	retired-by-later-deletion:00735c57ef
crates/gam-sae/src/inference/harvest.rs	tier_provenance	retired-by-later-deletion:00735c57ef
crates/gam-sae/src/inference/harvest.rs	tier_row_for	retired-by-later-deletion:00735c57ef
crates/gam-sae/src/inference/harvest.rs	tier_rows	retired-by-later-deletion:00735c57ef
crates/gam-sae/src/inference/harvest.rs	with_designed_tier	restored-in-place
crates/gam-sae/src/inference/harvest.rs	with_unweighted_tier	retired-by-later-deletion:00735c57ef
crates/gam-sae/src/inference/intervention_shard.rs	control_floor_nats	retired-by-later-deletion:fb8fada8d2
crates/gam-sae/src/inference/intervention_shard.rs	eval_forever_split	retired-by-later-deletion:fb8fada8d2
crates/gam-sae/src/inference/probe_runner.rs	design_next	retired-by-later-deletion:fb8fada8d2
crates/gam-sae/src/inference/steering.rs	interchange	retired-by-owner:steering
crates/gam-sae/src/inference/steering.rs	predicted_response	retired-by-owner:steering
crates/gam-sae/src/inference/steering.rs	set_coordinate	retired-by-owner:steering
crates/gam-sae/src/manifold/amortized_routing.rs	amortization_gap	retired-by-later-deletion:cbe5f218d7
crates/gam-sae/src/manifold/amortized_routing.rs	amortized_encode	retired-by-later-deletion:cbe5f218d7
crates/gam-sae/src/manifold/amortized_routing.rs	chart_geometry_routing_logits	retired-by-later-deletion:cbe5f218d7
crates/gam-sae/src/manifold/amortized_routing.rs	decode_amortized_code	retired-by-later-deletion:cbe5f218d7
crates/gam-sae/src/manifold/amortized_routing.rs	fit_amortized_encoder	retired-by-later-deletion:cbe5f218d7
crates/gam-sae/src/manifold/atom_build.rs	duchon_centers	retired-by-later-deletion:e6fd4251e5
crates/gam-sae/src/manifold/atom.rs	fill_decoded_curved_derivative_row	retired-by-later-deletion:e6fd4251e5
crates/gam-sae/src/manifold/atom.rs	finite_set_rank_charge	restored-in-place
crates/gam-sae/src/manifold/atom.rs	reconstruct_decoder_coefficients	restored-in-place
crates/gam-sae/src/manifold/atom.rs	reference_roughness_kind	restored-in-place
crates/gam-sae/src/manifold/atom.rs	set_factored_coordinates	retired-by-later-deletion:e6fd4251e5
crates/gam-sae/src/manifold/behavior.rs	basepoint	restored-in-place
crates/gam-sae/src/manifold/behavior.rs	embed	restored-in-place
crates/gam-sae/src/manifold/behavior.rs	fisher_rao_distance	retired-by-later-deletion:e6fd4251e5
crates/gam-sae/src/manifold/behavior.rs	ln_sphere_project	retired-by-later-deletion:e6fd4251e5
crates/gam-sae/src/manifold/behavior.rs	profiled_penalized_quasi_laplace_block_log_lambda_gradient	retired-by-later-deletion:e6fd4251e5
crates/gam-sae/src/manifold/behavior.rs	reml_log_lambda_jacobian	retired-by-later-deletion:e6fd4251e5
crates/gam-sae/src/manifold/behavior.rs	reml_updated_log_lambda	retired-by-later-deletion:e6fd4251e5
crates/gam-sae/src/manifold/behavior.rs	reml_updated_log_lambda_y	retired-by-later-deletion:e6fd4251e5
crates/gam-sae/src/manifold/certificate.rs	dictionary_incoherence_report	retired-by-later-deletion:fea430c0c4
crates/gam-sae/src/manifold/chart_atlas.rs	atlas_partition_of_unity	retired-no-surviving-dependent
crates/gam-sae/src/manifold/chart_atlas.rs	new_analytic	retired-no-surviving-dependent
crates/gam-sae/src/manifold/chart_atlas.rs	partition_of_unity	retired-no-surviving-dependent
crates/gam-sae/src/manifold/chart_atlas.rs	semantic_atom_count	retired-no-surviving-dependent
crates/gam-sae/src/manifold/cofit_arrow.rs	cofit_composed_via_arrow	retired-by-decision
crates/gam-sae/src/manifold/cofit_arrow.rs	cofit_linear_via_arrow	retired-by-decision
crates/gam-sae/src/manifold/construction_cache_refresh.rs	refresh_isometry_caches_from_term	retired-by-later-deletion:e6fd4251e5
crates/gam-sae/src/manifold/construction_exact_hessian.rs	analytic_outer_rho_gradient_components	retired-by-later-deletion:e6fd4251e5
crates/gam-sae/src/manifold/construction_padded_blocks.rs	term_from_padded_blocks_with_mode	retired-by-later-deletion:e6fd4251e5
crates/gam-sae/src/manifold/construction_quasi_laplace.rs	analytic_outer_rho_gradient_at_converged	retired-by-later-deletion:e6fd4251e5
crates/gam-sae/src/manifold/construction_quasi_laplace.rs	criterion_as_atoms	retired-by-decision
crates/gam-sae/src/manifold/construction_quasi_laplace.rs	penalized_quasi_laplace_criterion_streaming_exact	retired-no-surviving-dependent
crates/gam-sae/src/manifold/construction_quasi_laplace.rs	streaming_exact_arrow_log_det	retired-no-surviving-dependent
crates/gam-sae/src/manifold/construction_quasi_laplace.rs	streaming_exact_arrow_log_det_with_lane	retired-no-surviving-dependent
crates/gam-sae/src/manifold/construction_reconstruction.rs	assemble_shape_uncertainty_robust	retired-no-surviving-dependent
crates/gam-sae/src/manifold/construction.rs	activation_output_dim	retired-no-surviving-dependent
crates/gam-sae/src/manifold/construction.rs	amortized_encode_fitted	retired-by-later-deletion:368563f7f4
crates/gam-sae/src/manifold/construction.rs	analytic_decoder_penalty_value_total	retired-no-surviving-dependent
crates/gam-sae/src/manifold/construction.rs	behavior_output_range	retired-no-surviving-dependent
crates/gam-sae/src/manifold/construction.rs	coordinate_block_log_det	retired-by-decision
crates/gam-sae/src/manifold/construction.rs	data_fit_for_reconstruction	retired-no-surviving-dependent
crates/gam-sae/src/manifold/construction.rs	fit_tier0_mean	retired-by-later-deletion:e6fd4251e5
crates/gam-sae/src/manifold/construction.rs	flatten_factored_border	retired-no-surviving-dependent
crates/gam-sae/src/manifold/construction.rs	fold_cotrain_consistency	retired-no-surviving-dependent
crates/gam-sae/src/manifold/construction.rs	hybrid_collapse_verdict_from_assignments	retired-by-later-deletion:e6fd4251e5
crates/gam-sae/src/manifold/construction.rs	hybrid_collapsed_explained_variance	retired-no-surviving-dependent
crates/gam-sae/src/manifold/construction.rs	hybrid_collapsed_reconstruction	retired-by-later-deletion:e6fd4251e5
crates/gam-sae/src/manifold/construction.rs	isometry_penalty_value_total	retired-no-surviving-dependent
crates/gam-sae/src/manifold/construction.rs	numerical_message	retired-no-surviving-dependent
crates/gam-sae/src/manifold/construction.rs	penalized_quasi_laplace_criterion_cotrained	retired-no-surviving-dependent
crates/gam-sae/src/manifold/construction.rs	per_atom_realised_rank_dof	retired-no-surviving-dependent
crates/gam-sae/src/manifold/construction.rs	reconstruct_from_assignments_target_aware	retired-by-later-deletion:e6fd4251e5
crates/gam-sae/src/manifold/construction.rs	reorder_atoms	retired-no-surviving-dependent
crates/gam-sae/src/manifold/construction.rs	robust_norm_row_weights	retired-no-surviving-dependent
crates/gam-sae/src/manifold/construction.rs	scatter_factored_border	retired-no-surviving-dependent
crates/gam-sae/src/manifold/coordinate_fidelity.rs	classify_occupancy	restored-in-place
crates/gam-sae/src/manifold/coordinate_fidelity.rs	classify_occupancy_interval	retired-by-later-deletion:fea430c0c4
crates/gam-sae/src/manifold/coordinate_fidelity.rs	coordinate_uniformity	retired-by-later-deletion:fea430c0c4
crates/gam-sae/src/manifold/cross_fit.rs	cross_fit_selected_forecast_r2	retired-no-surviving-dependent
crates/gam-sae/src/manifold/cross_fit.rs	fit_principal_subspace	retired-no-surviving-dependent
crates/gam-sae/src/manifold/cross_fit.rs	fit_selected_regression	retired-no-surviving-dependent
crates/gam-sae/src/manifold/cross_fit.rs	five_fold	retired-no-surviving-dependent
crates/gam-sae/src/manifold/cross_fit.rs	k_folds	retired-no-surviving-dependent
crates/gam-sae/src/manifold/cross_fit.rs	selected_regression_r2	retired-no-surviving-dependent
crates/gam-sae/src/manifold/crosscoder_fit.rs	equilibrate_crosscoder_columns	retired-by-later-deletion:e6fd4251e5
crates/gam-sae/src/manifold/derivative_oracle.rs	assert_derivative_reportable	retired-by-later-deletion:e6fd4251e5
crates/gam-sae/src/manifold/derivative_oracle.rs	assert_same_branch	retired-by-later-deletion:e6fd4251e5
crates/gam-sae/src/manifold/derivative_oracle.rs	channel_derivative	retired-by-later-deletion:e6fd4251e5
crates/gam-sae/src/manifold/derivative_oracle.rs	dual_spd_logdet	retired-by-later-deletion:e6fd4251e5
crates/gam-sae/src/manifold/derivative_oracle.rs	eigen_derivative_route	retired-by-later-deletion:e6fd4251e5
crates/gam-sae/src/manifold/derivative_oracle.rs	eigen_gap_certificate	retired-by-later-deletion:e6fd4251e5
crates/gam-sae/src/manifold/derivative_oracle.rs	exact_logdet_channel	retired-by-later-deletion:e6fd4251e5
crates/gam-sae/src/manifold/derivative_oracle.rs	from_arrow_cache	retired-by-later-deletion:e6fd4251e5
crates/gam-sae/src/manifold/derivative_oracle.rs	guarded_exact_trace_report	retired-by-later-deletion:e6fd4251e5
crates/gam-sae/src/manifold/derivative_oracle.rs	with_eigen_gap	retired-by-later-deletion:e6fd4251e5
crates/gam-sae/src/manifold/dormant_certificate.rs	classify_occupancy	retired-by-later-deletion:cbe5f218d7
crates/gam-sae/src/manifold/dormant_certificate.rs	effective_occupancy	retired-by-later-deletion:cbe5f218d7
crates/gam-sae/src/manifold/dormant_certificate.rs	is_converged	retired-by-later-deletion:cbe5f218d7
crates/gam-sae/src/manifold/dormant_certificate.rs	n_dormant	retired-by-later-deletion:cbe5f218d7
crates/gam-sae/src/manifold/dual.rs	abs_with_branch	retired-by-later-deletion:e6fd4251e5
crates/gam-sae/src/manifold/dual.rs	constant	retired-by-later-deletion:e6fd4251e5
crates/gam-sae/src/manifold/dual.rs	ln	retired-by-later-deletion:e6fd4251e5
crates/gam-sae/src/manifold/dual.rs	max_with_branch	retired-by-later-deletion:e6fd4251e5
crates/gam-sae/src/manifold/dual.rs	min_with_branch	retired-by-later-deletion:e6fd4251e5
crates/gam-sae/src/manifold/dual.rs	recip	retired-by-later-deletion:e6fd4251e5
crates/gam-sae/src/manifold/dual.rs	sqrt	retired-by-later-deletion:e6fd4251e5
crates/gam-sae/src/manifold/dual.rs	variable	retired-by-later-deletion:e6fd4251e5
crates/gam-sae/src/manifold/dual.rs	with_derivative	retired-by-later-deletion:e6fd4251e5
crates/gam-sae/src/manifold/evaluator_rebuild.rs	build_sae_basis_evaluators	retired-by-later-deletion:e6fd4251e5
crates/gam-sae/src/manifold/fit_drivers.rs	accumulate_chunk_reduced_schur	retired-no-surviving-dependent
crates/gam-sae/src/manifold/fit_drivers.rs	as_str	defined-elsewhere-in-crate
crates/gam-sae/src/manifold/fit_drivers.rs	curvature_basis_eta_derivatives	retired-no-surviving-dependent
crates/gam-sae/src/manifold/fit_drivers.rs	curvature_beta_gradient_eta_derivative	retired-no-surviving-dependent
crates/gam-sae/src/manifold/fit_drivers.rs	curvature_homotopy_eta_is_inert	retired-no-surviving-dependent
crates/gam-sae/src/manifold/fit_drivers.rs	curvature_t_gradient_eta_derivative	retired-no-surviving-dependent
crates/gam-sae/src/manifold/fit_drivers.rs	fit_streaming_in_memory	retired-no-surviving-dependent
crates/gam-sae/src/manifold/fit_drivers.rs	fixed_decoder_step_lean_vs_full_1407	retired-no-surviving-dependent
crates/gam-sae/src/manifold/fit_drivers.rs	record_collapse_event	retired-no-surviving-dependent
crates/gam-sae/src/manifold/fit_drivers.rs	run_joint_fit_arrow_schur_streaming	retired-no-surviving-dependent
crates/gam-sae/src/manifold/fit_drivers.rs	set_curvature_walk_report	retired-no-surviving-dependent
crates/gam-sae/src/manifold/fit_drivers.rs	set_homotopy_eta	retired-no-surviving-dependent
crates/gam-sae/src/manifold/fit_drivers.rs	solve_newton_step	retired-no-surviving-dependent
crates/gam-sae/src/manifold/fit_drivers.rs	streaming_loss	retired-no-surviving-dependent
crates/gam-sae/src/manifold/fit_drivers.rs	streaming_loss_and_penalized_objective_total	retired-no-surviving-dependent
crates/gam-sae/src/manifold/gauge.rs	affine_chart_transition	retired-by-later-deletion:fea430c0c4
crates/gam-sae/src/manifold/gauge.rs	same_manifold	retired-by-later-deletion:fea430c0c4
crates/gam-sae/src/manifold/gauge.rs	sample_decoded_curve	retired-by-later-deletion:fea430c0c4
crates/gam-sae/src/manifold/geometry_plan.rs	duchon_centers	retired-by-later-deletion:e6fd4251e5
crates/gam-sae/src/manifold/geometry_plan.rs	embedded_donut_laplacian_block_eigenvalues	retired-by-later-deletion:e6fd4251e5
crates/gam-sae/src/manifold/geometry_plan.rs	reference_metric	restored-in-place
crates/gam-sae/src/manifold/graph_atom.rs	candidate_edges	retired-by-later-deletion:fea430c0c4
crates/gam-sae/src/manifold/graph_atom.rs	certified_compression	retired-by-later-deletion:fea430c0c4
crates/gam-sae/src/manifold/graph_atom.rs	coactivation_edge_evidence	retired-by-later-deletion:fea430c0c4
crates/gam-sae/src/manifold/graph_atom.rs	coactivation_mi_nats	retired-by-later-deletion:fea430c0c4
crates/gam-sae/src/manifold/graph_atom.rs	derived_knn_k	retired-by-later-deletion:fea430c0c4
crates/gam-sae/src/manifold/graph_atom.rs	edge_delta_loss	retired-by-later-deletion:fea430c0c4
crates/gam-sae/src/manifold/graph_atom.rs	edge_precisions	retired-by-later-deletion:fea430c0c4
crates/gam-sae/src/manifold/graph_atom.rs	enroll_from_coactivation	retired-by-later-deletion:fea430c0c4
crates/gam-sae/src/manifold/graph_atom.rs	fiber_rank	retired-by-later-deletion:fea430c0c4
crates/gam-sae/src/manifold/graph_atom.rs	from_reml_candidate_edges	retired-by-later-deletion:fea430c0c4
crates/gam-sae/src/manifold/graph_atom.rs	from_reml_knn_edges	retired-by-later-deletion:fea430c0c4
crates/gam-sae/src/manifold/graph_atom.rs	graph_edge_rank_charge	retired-by-later-deletion:fea430c0c4
crates/gam-sae/src/manifold/graph_atom.rs	knn_candidate_edges	retired-by-later-deletion:fea430c0c4
crates/gam-sae/src/manifold/graph_atom.rs	nystrom_coordinate	retired-by-later-deletion:fea430c0c4
crates/gam-sae/src/manifold/graph_atom.rs	one_edge_charge	retired-by-later-deletion:fea430c0c4
crates/gam-sae/src/manifold/graph_atom.rs	rank_charge_dof	retired-by-later-deletion:fea430c0c4
crates/gam-sae/src/manifold/graph_atom.rs	spectral_decode_basis	retired-by-later-deletion:fea430c0c4
crates/gam-sae/src/manifold/graph_atom.rs	spectral_decode_rank_charge	retired-by-later-deletion:fea430c0c4
crates/gam-sae/src/manifold/graph_atom.rs	spectral_race_candidate	retired-by-later-deletion:fea430c0c4
crates/gam-sae/src/manifold/graph_atom.rs	structure_selection	retired-by-later-deletion:fea430c0c4
crates/gam-sae/src/manifold/graph_atom.rs	surviving_degrees	retired-by-later-deletion:fea430c0c4
crates/gam-sae/src/manifold/graph_atom.rs	surviving_edges	retired-by-later-deletion:fea430c0c4
crates/gam-sae/src/manifold/graph_atom.rs	surviving_laplacian	retired-by-later-deletion:fea430c0c4
crates/gam-sae/src/manifold/graph_atom.rs	surviving_penalty_op	retired-by-later-deletion:fea430c0c4
crates/gam-sae/src/manifold/graph_atom.rs	surviving_smoothness_value	retired-by-later-deletion:fea430c0c4
crates/gam-sae/src/manifold/graph_atom.rs	topology_readout	retired-by-later-deletion:fea430c0c4
crates/gam-sae/src/manifold/graph_atom.rs	vertex_basis	retired-by-later-deletion:fea430c0c4
crates/gam-sae/src/manifold/inframe_curved.rs	accepted_ambient_entries_if_eager	retired-no-surviving-dependent
crates/gam-sae/src/manifold/inframe_curved.rs	ambient_entries_if_materialized	retired-no-surviving-dependent
crates/gam-sae/src/manifold/inframe_curved.rs	dense_ambient_radial_reference	retired-no-surviving-dependent
crates/gam-sae/src/manifold/inframe_curved.rs	fit_inframe_curved_regions	retired-no-surviving-dependent
crates/gam-sae/src/manifold/inframe_curved.rs	inframe_curved_region_prediction	retired-no-surviving-dependent
crates/gam-sae/src/manifold/inframe_curved.rs	inframe_entries	retired-no-surviving-dependent
crates/gam-sae/src/manifold/inframe_curved.rs	materialize_ambient	retired-no-surviving-dependent
crates/gam-sae/src/manifold/inframe_curved.rs	materialize_rows	retired-no-surviving-dependent
crates/gam-sae/src/manifold/intrinsic_seed.rs	sae_intrinsic_seed_initial_coords	retired-by-later-deletion:e6fd4251e5
crates/gam-sae/src/manifold/lift.rs	canonicalize_direction	retired-by-later-deletion:e6fd4251e5
crates/gam-sae/src/manifold/lift.rs	polish_spikes	retired-by-later-deletion:e6fd4251e5
crates/gam-sae/src/manifold/lift.rs	recover_sphere_spikes	retired-by-later-deletion:e6fd4251e5
crates/gam-sae/src/manifold/lift.rs	recover_torus_spikes	retired-by-later-deletion:e6fd4251e5
crates/gam-sae/src/manifold/lift.rs	sphere_lift	retired-by-later-deletion:e6fd4251e5
crates/gam-sae/src/manifold/lift.rs	torus_lift	retired-by-later-deletion:e6fd4251e5
crates/gam-sae/src/manifold/local_charts.rs	co_collapse_candidates	retired-by-later-deletion:e6fd4251e5
crates/gam-sae/src/manifold/local_charts.rs	directed_rotation	retired-no-surviving-dependent
crates/gam-sae/src/manifold/local_charts.rs	triangle_cocycle_defect	retired-by-decision
crates/gam-sae/src/manifold/local_charts.rs	triangle_sign_product	retired-by-decision
crates/gam-sae/src/manifold/outer_objective.rs	linear_span_anchor	retired-by-later-deletion:e6fd4251e5
crates/gam-sae/src/manifold/outer_objective.rs	routing_is_frozen	defined-elsewhere-in-crate
crates/gam-sae/src/manifold/outer_objective.rs	run_curvature_homotopy_entry	retired-no-surviving-dependent
crates/gam-sae/src/manifold/outer_objective.rs	run_curvature_homotopy_entry_at_rho	retired-no-surviving-dependent
crates/gam-sae/src/manifold/outer_objective.rs	set_isometry_homotopy_weight	retired-no-surviving-dependent
crates/gam-sae/src/manifold/outer_objective.rs	solve_at_eta	retired-no-surviving-dependent
crates/gam-sae/src/manifold/outer_objective.rs	warm_start_telemetry	retired-no-surviving-dependent
crates/gam-sae/src/manifold/pair_kappa.rs	screen_all_pairs	retired-by-later-deletion:e6fd4251e5
crates/gam-sae/src/manifold/pair_kappa.rs	screen_pair	restored-in-place
crates/gam-sae/src/manifold/pair_kappa.rs	screen_pair_with_contexts	restored-in-place
crates/gam-sae/src/manifold/pair_phase.rs	certify_phase_circuit	retired-by-later-deletion:fea430c0c4
crates/gam-sae/src/manifold/pair_phase.rs	fuse_race_candidate	retired-by-later-deletion:fea430c0c4
crates/gam-sae/src/manifold/pair_phase.rs	phase_fusion_moves	retired-by-later-deletion:fea430c0c4
crates/gam-sae/src/manifold/pair_phase.rs	phase_transfer_operator	retired-by-later-deletion:fea430c0c4
crates/gam-sae/src/manifold/pair_phase.rs	predicted_theta_b	retired-by-later-deletion:fea430c0c4
crates/gam-sae/src/manifold/pair_phase.rs	screen_all_pairs_phase	retired-by-later-deletion:fea430c0c4
crates/gam-sae/src/manifold/pair_phase.rs	screen_pair_phase	retired-by-later-deletion:fea430c0c4
crates/gam-sae/src/manifold/pair_phase.rs	screen_pairwise_phase_coupling	retired-by-later-deletion:fea430c0c4
crates/gam-sae/src/manifold/penalties.rs	separation_barrier_value_and_grad_for_test	retired-no-surviving-dependent
crates/gam-sae/src/manifold/persistence.rs	atlas_nerve	restored-in-place
crates/gam-sae/src/manifold/persistence.rs	is_arc	retired-by-later-deletion:fea430c0c4
crates/gam-sae/src/manifold/persistence.rs	is_circle	restored-in-place
crates/gam-sae/src/manifold/persistence.rs	vietoris_rips_persistence	retired-by-later-deletion:fea430c0c4
crates/gam-sae/src/manifold/rho.rs	assignment_strength_layout	restored-in-place
crates/gam-sae/src/manifold/rho.rs	seed_scaled_by_dispersion	retired-by-later-deletion:e6fd4251e5
crates/gam-sae/src/manifold/rho.rs	with_log_lambda_block	retired-by-later-deletion:e6fd4251e5
crates/gam-sae/src/manifold/stagewise.rs	accepted_count	retired-no-surviving-dependent
crates/gam-sae/src/manifold/support_term.rs	active_pair_count	retired-no-surviving-dependent
crates/gam-sae/src/manifold/terracini.rs	designed_reservoir_rows_for_coverage	retired-by-later-deletion:cbe5f218d7
crates/gam-sae/src/manifold/terracini.rs	new	retired-by-later-deletion:cbe5f218d7
crates/gam-sae/src/manifold/terracini.rs	parse_block_from_term	retired-by-later-deletion:cbe5f218d7
crates/gam-sae/src/manifold/terracini.rs	parse_certificate	retired-by-later-deletion:cbe5f218d7
crates/gam-sae/src/manifold/terracini.rs	record_clique	retired-by-later-deletion:cbe5f218d7
crates/gam-sae/src/manifold/terracini.rs	record_pair	retired-by-later-deletion:cbe5f218d7
crates/gam-sae/src/manifold/terracini.rs	stratified_rows_for_coverage	retired-by-later-deletion:cbe5f218d7
crates/gam-sae/src/manifold/terracini.rs	terracini_scan_sparse_codes	retired-by-later-deletion:fea430c0c4
crates/gam-sae/src/manifold/terracini.rs	vetoes_birth_into	retired-by-later-deletion:fea430c0c4
crates/gam-sae/src/manifold/transport_law.rs	measure_atom_transport	retired-by-later-deletion:fea430c0c4
crates/gam-sae/src/manifold/wbic_audit.rs	basis_edf	retired-no-surviving-dependent
crates/gam-sae/src/manifold/wbic_audit.rs	from_spectrum	retired-no-surviving-dependent
crates/gam-sae/src/manifold/wbic_audit.rs	learning_coefficient	retired-no-surviving-dependent
crates/gam-sae/src/manifold/wbic_audit.rs	mp_reconstruction_rank	retired-no-surviving-dependent
crates/gam-sae/src/manifold/wbic_audit.rs	mp_reconstruction_rank_charge	retired-no-surviving-dependent
crates/gam-sae/src/manifold/wbic_audit.rs	mp_reconstruction_rank_edge	defined-elsewhere-in-crate
crates/gam-sae/src/manifold/wbic_audit.rs	production_charge	retired-no-surviving-dependent
crates/gam-sae/src/manifold/wbic_audit.rs	rank_soft	retired-no-surviving-dependent
crates/gam-sae/src/manifold/wbic_audit.rs	reconstruction_energies	retired-no-surviving-dependent
crates/gam-sae/src/manifold/wbic_audit.rs	render_audit_table	retired-no-surviving-dependent
crates/gam-sae/src/manifold/wbic_audit.rs	spectrum_from_fit	retired-no-surviving-dependent
crates/gam-sae/src/manifold/wbic_audit.rs	wbic_charge	retired-no-surviving-dependent
crates/gam-sae/src/manifold/wbic_audit.rs	with_audit_basis_edf	retired-no-surviving-dependent
crates/gam-sae/src/manifold/wbic_dynamics.rs	peak_birth_log_e	retired-no-surviving-dependent
crates/gam-sae/src/manifold/wbic_dynamics.rs	render_lambda_dynamics	retired-no-surviving-dependent
crates/gam-sae/src/manifold/wbic_dynamics.rs	wbic_lambda_dynamics	retired-no-surviving-dependent
crates/gam-sae/src/manifold/weight_frame_catalog.rs	attention_head_ov	retired-no-surviving-dependent
crates/gam-sae/src/manifold/weight_frame_catalog.rs	mlp_down_projection	retired-no-surviving-dependent
crates/gam-sae/src/migration_ledger.rs	assert_no_pc_reseed	retired-by-later-deletion:fb8fada8d2
crates/gam-sae/src/migration_ledger.rs	is_pc_reseed_free	retired-no-surviving-dependent
crates/gam-sae/src/nuisance_atlas.rs	build_nuisance_design	retired-no-surviving-dependent
crates/gam-sae/src/nuisance_atlas.rs	fit_nuisance_atlas	retired-no-surviving-dependent
crates/gam-sae/src/nuisance_atlas.rs	positional_fourier_features	retired-no-surviving-dependent
crates/gam-sae/src/nuisance_atlas.rs	token_frequency_features	retired-no-surviving-dependent
crates/gam-sae/src/null_battery.rs	architecture_matched_random_weight_null	retired-by-later-deletion:5a69c5f0af
crates/gam-sae/src/null_battery.rs	first_two_energy_fraction	retired-by-later-deletion:5a69c5f0af
crates/gam-sae/src/null_battery.rs	first_two_ordered_circle_stat	retired-by-later-deletion:5a69c5f0af
crates/gam-sae/src/null_battery.rs	matched_spectrum_gaussian_null	retired-by-later-deletion:5a69c5f0af
crates/gam-sae/src/null_battery.rs	random_rotation_null	retired-by-later-deletion:5a69c5f0af
crates/gam-sae/src/null_battery.rs	run_null_battery	retired-by-later-deletion:5a69c5f0af
crates/gam-sae/src/null_battery.rs	token_shuffle_null	retired-by-later-deletion:5a69c5f0af
crates/gam-sae/src/null_battery.rs	top_two_energy_fraction	retired-by-later-deletion:5a69c5f0af
crates/gam-sae/src/null_sampler.rs	coactivation_exceedance	retired-by-later-deletion:10ac599e4c
crates/gam-sae/src/null_sampler.rs	excess_z	retired-by-later-deletion:10ac599e4c
crates/gam-sae/src/row_jet_program.rs	beta_border_order1_packed	retired-by-later-deletion:73282dd28f
crates/gam-sae/src/row_jet_program.rs	beta_border_tower	retired-by-later-deletion:73282dd28f
crates/gam-sae/src/row_jet_program.rs	beta_border_tower_packed	retired-by-later-deletion:73282dd28f
crates/gam-sae/src/row_jet_program.rs	beta_border_towers_packed	retired-by-later-deletion:73282dd28f
crates/gam-sae/src/row_jet_program.rs	reconstruction_all_columns_packed	retired-by-later-deletion:73282dd28f
crates/gam-sae/src/row_jet_program.rs	reconstruction_column	retired-by-later-deletion:73282dd28f
crates/gam-sae/src/row_jet_program.rs	reconstruction_column_packed	retired-by-later-deletion:73282dd28f
crates/gam-sae/src/sparse_dict/block_scoring_gpu.rs	block_gate_block_cpu	restored-in-place
crates/gam-sae/src/sparse_dict/block.rs	read_loss_at_prefix	retired-no-surviving-dependent
crates/gam-sae/src/sparse_dict/block.rs	reconstruct_row	retired-no-surviving-dependent
crates/gam-sae/src/sparse_dict/block.rs	row_loss	retired-no-surviving-dependent
crates/gam-sae/src/sparse_dict/block.rs	trivially_converged	retired-by-later-deletion:fb8fada8d2
crates/gam-sae/src/sparse_dict/cofit.rs	cofit_block_and_curved	retired-by-decision
crates/gam-sae/src/sparse_dict/coordinate.rs	block_firing_coordinates	restored-in-place
crates/gam-sae/src/sparse_dict/coordinate.rs	block_measure_valued_codes	restored-in-place
crates/gam-sae/src/sparse_dict/coordinate.rs	explained_variance_from_reconstruction	restored-in-place
crates/gam-sae/src/sparse_dict/coordinate.rs	harmonic_firing_coordinates	restored-in-place
crates/gam-sae/src/sparse_dict/coordinate.rs	reconstruct_measure_valued_rows	restored-in-place
crates/gam-sae/src/sparse_dict/coordinate.rs	reconstruct_single_coordinate_rows	restored-in-place
crates/gam-sae/src/sparse_dict/mod.rs	sparse_dictionary_transform	retired-by-later-deletion:fb8fada8d2
crates/gam-sae/src/sparse_dict/mod.rs	trivially_converged	retired-by-later-deletion:fb8fada8d2
crates/gam-sae/src/sparse_dict/scoring_gpu.rs	score_block_cpu	restored-in-place
crates/gam-sae/src/sparse_dict/scoring_gpu.rs	score_block_device	restored-in-place
crates/gam-sae/src/sparse_dict/scoring_gpu.rs	score_block_required	restored-in-place
crates/gam-sae/src/sparse_dict/scoring.rs	route_minibatch_dispatch	retired-by-later-deletion:fb8fada8d2
crates/gam-sae/src/sparse_dict/scoring.rs	route_row	retired-by-later-deletion:fb8fada8d2
crates/gam-sae/src/sparse_dict/update.rs	linear_block_reml_stats	retired-no-surviving-dependent
crates/gam-sae/src/structure_harvest.rs	finite_set_candidate_for_birth	retired-by-owner:sae-arch
crates/gam-sae/src/structure_harvest.rs	finite_set_race_enrolled	retired-by-owner:sae-arch
crates/gam-sae/src/structure_harvest.rs	from_rounds	retired-by-owner:sae-arch/sae-red
crates/gam-sae/src/structure_harvest.rs	graph_birth_candidate_for_structure_search	retired-by-owner:sae-arch/sae-red
crates/gam-sae/src/structure_harvest.rs	set_finite_set_race_enrolled	retired-by-owner:sae-arch
crates/gam-sae/src/tiered/mod.rs	explained_variance_vs_mean	retired-by-later-deletion:00735c57ef
crates/gam-sae/src/tiered/mod.rs	fit_position0_sink_atom	retired-by-later-deletion:00735c57ef
crates/gam-sae/src/tiered/mod.rs	fit_tier05_sink_atom	restored-in-place
crates/gam-sae/src/tiered/mod.rs	interference_subspace	retired-by-later-deletion:00735c57ef
crates/gam-sae/src/tiered/mod.rs	position_zero	retired-by-later-deletion:00735c57ef
crates/gam-sae/src/tiered/mod.rs	reconstruct_with_sink	retired-by-later-deletion:00735c57ef
crates/gam-sae/src/tiered/mod.rs	residual_after_sink	retired-by-later-deletion:00735c57ef
crates/gam-solve/src/arrow_schur/factorization.rs	analytic_penalty_row_hessian_fingerprint	retired-by-later-deletion:0b5288b44e
crates/gam-solve/src/arrow_schur/factorization.rs	cross_row_penalty_fingerprint	retired-by-later-deletion:0b5288b44e
crates/gam-solve/src/arrow_schur/penalty_ops.rs	frame_output_gram	retired-no-surviving-dependent
crates/gam-solve/src/arrow_schur/penalty_ops.rs	from_frames_and_blocks	retired-no-surviving-dependent
crates/gam-solve/src/arrow_schur/rational_logdet.rs	directional_derivative	restored-in-place
crates/gam-solve/src/arrow_schur/rational_logdet.rs	is_identity	restored-in-place
crates/gam-solve/src/arrow_schur/rational_logdet.rs	with_deflation	retired-by-later-deletion:e3b50feaf1
crates/gam-solve/src/arrow_schur/rational_logdet.rs	with_two_sided_deflation	retired-by-later-deletion:e3b50feaf1
crates/gam-solve/src/arrow_schur/reduced_solve.rs	arrow_precond_ladder_iteration_study	retired-by-later-deletion:e3b50feaf1
crates/gam-solve/src/arrow_schur/reduced_solve.rs	is_non_pd_schur_complement	retired-by-later-deletion:0b6aac49b0
crates/gam-solve/src/arrow_schur/reduced_solve.rs	matrix_free_arrow_evidence_log_det	retired-by-decision
crates/gam-solve/src/arrow_schur/reduced_solve.rs	rational_reduced_schur_directional	retired-by-later-deletion:e3b50feaf1
crates/gam-solve/src/arrow_schur/reduced_solve.rs	solve_streaming_reduced_beta	retired-by-later-deletion:e3b50feaf1
crates/gam-solve/src/arrow_schur/solve_options.rs	sqrt_ba	retired-by-later-deletion:e3b50feaf1
crates/gam-solve/src/arrow_schur/solve_options.rs	with_solve_precision_policy	retired-by-later-deletion:e3b50feaf1
crates/gam-solve/src/arrow_schur/solve_options.rs	with_streaming_chunk_size	retired-by-later-deletion:e3b50feaf1
crates/gam-solve/src/arrow_schur/system.rs	add_analytic_penalty_contributions	retired-by-later-deletion:e3b50feaf1
crates/gam-solve/src/arrow_schur/system.rs	add_beta_penalty	retired-by-later-deletion:e3b50feaf1
crates/gam-solve/src/arrow_schur/system.rs	add_ext_coord_penalty	retired-by-later-deletion:e3b50feaf1
crates/gam-solve/src/arrow_schur/system.rs	add_ext_coord_penalty_gradient_only	retired-by-later-deletion:e3b50feaf1
crates/gam-solve/src/arrow_schur/system.rs	analytic_penalty_is_row_block_diagonal	retired-by-later-deletion:0b5288b44e
crates/gam-solve/src/arrow_schur/system.rs	apply_analytic_penalty	retired-by-later-deletion:aab60e36ac
crates/gam-solve/src/arrow_schur/system.rs	exact_arrow_log_det	retired-by-later-deletion:e3b50feaf1
crates/gam-solve/src/arrow_schur/system.rs	new_matrix_free_shared	retired-by-later-deletion:e3b50feaf1
crates/gam-solve/src/arrow_schur/system.rs	new_with_empty_hbb_and_htbeta_cols	retired-by-later-deletion:e3b50feaf1
crates/gam-solve/src/arrow_schur/system.rs	schur_inverse_apply_deflated	retired-by-later-deletion:e3b50feaf1
crates/gam-solve/src/arrow_schur/system.rs	schur_inverse_block_deflated	retired-by-later-deletion:e3b50feaf1
crates/gam-solve/src/arrow_schur/system.rs	solve_with_lm_escalation	retired-by-later-deletion:e3b50feaf1
crates/gam-solve/src/arrow_schur/system.rs	take_accumulators	retired-by-later-deletion:e3b50feaf1
crates/gam-solve/src/arrow_schur/system.rs	used_device	restored-in-place
crates/gam-solve/src/cone_reduction.rs	constrained_cone_mode	restored-in-place
crates/gam-solve/src/constrained_posterior.rs	constrained_projection_law	restored-in-place
crates/gam-solve/src/cross_node.rs	is_complete	restored-in-place
crates/gam-solve/src/cross_node.rs	is_done	restored-in-place
crates/gam-solve/src/cross_node.rs	owner_rank	restored-in-place
crates/gam-solve/src/cross_node.rs	rank_cursor	restored-in-place
crates/gam-solve/src/cross_node.rs	receive	restored-in-place
crates/gam-solve/src/estimate/evaluation.rs	evaluate_external_ift_residual_at_perturbed_rho	retired-no-surviving-dependent
crates/gam-solve/src/estimate/fit.rs	fit_gam	retired-by-decision
crates/gam-solve/src/estimate/hessian_fd_probes.rs	debug_full_h	restored-in-place
crates/gam-solve/src/estimate/joint_hyper.rs	psi_gram_tensor_handle	retired-no-surviving-dependent
crates/gam-solve/src/estimate/optimizer.rs	optimize_external_design	restored-in-place
crates/gam-solve/src/estimate/outer_eval_capture.rs	enable_outer_eval_capture	retired-no-surviving-dependent
crates/gam-solve/src/estimate/outer_eval_capture.rs	enable_outer_gradient_fd_capture	retired-by-decision
crates/gam-solve/src/estimate/outer_eval_capture.rs	record_outer_tangent_basis	retired-no-surviving-dependent
crates/gam-solve/src/estimate/outer_eval_capture.rs	take_outer_eval_capture	retired-no-surviving-dependent
crates/gam-solve/src/evidence.rs	arrow_log_det_from_cache	retired-by-decision
crates/gam-solve/src/evidence.rs	cache_matches_system	restored-in-place
crates/gam-solve/src/evidence.rs	complexity_rank	restored-in-place
crates/gam-solve/src/evidence.rs	covariances	restored-in-place
crates/gam-solve/src/evidence.rs	evidence_grad_rho	restored-in-place
crates/gam-solve/src/evidence.rs	evidence_hessian_log_det	restored-in-place
crates/gam-solve/src/evidence.rs	evidence_ift_gradient_correction	restored-in-place
crates/gam-solve/src/evidence.rs	fit_union_ladder	restored-in-place
crates/gam-solve/src/evidence.rs	fit_union_structure	restored-in-place
crates/gam-solve/src/evidence.rs	hessian_log_det_from_hvp	restored-in-place
crates/gam-solve/src/evidence.rs	ift_dbeta_drho	restored-in-place
crates/gam-solve/src/evidence.rs	ift_du_dbeta	restored-in-place
crates/gam-solve/src/evidence.rs	laplace_evidence	restored-in-place
crates/gam-solve/src/evidence.rs	num_components	restored-in-place
crates/gam-solve/src/evidence.rs	resume_gaussian_mixture	restored-in-place
crates/gam-solve/src/evidence.rs	resume_stacking_weights	restored-in-place
crates/gam-solve/src/evidence.rs	select_topology	restored-in-place
crates/gam-solve/src/evidence.rs	stacked_predictive_mean	restored-in-place
crates/gam-solve/src/evidence.rs	union_per_point_log_density	restored-in-place
crates/gam-solve/src/evidence.rs	union_responsibility_split	restored-in-place
crates/gam-solve/src/gaussian_reml.rs	build_gaussian_reml_eigen_cache	restored-in-place
crates/gam-solve/src/gaussian_reml.rs	from_multi_result	restored-in-place
crates/gam-solve/src/gaussian_reml.rs	gaussian_reml_multi_closed_form_batch	restored-in-place
crates/gam-solve/src/gaussian_reml.rs	gaussian_reml_multi_closed_form_warm_started	restored-in-place
crates/gam-solve/src/gaussian_reml.rs	gaussian_reml_multi_closed_form_warm_started_with_nullspace_dim	restored-in-place
crates/gam-solve/src/gaussian_reml.rs	gaussian_reml_multi_closed_form_with_cache_no_alloc	restored-in-place
crates/gam-solve/src/gaussian_reml.rs	gaussian_reml_point_eval_at_rho	restored-in-place
crates/gam-solve/src/glm_sufficient_lane.rs	d2gram_dpsi2	defined-elsewhere-in-crate
crates/gam-solve/src/glm_sufficient_lane.rs	d2rhs_dpsi2	defined-elsewhere-in-crate
crates/gam-solve/src/glm_sufficient_lane.rs	frozen_w_single_step_beta	retired-no-surviving-dependent
crates/gam-solve/src/glm_sufficient_lane.rs	frozen_weights	retired-no-surviving-dependent
crates/gam-solve/src/glm_sufficient_lane.rs	rhs_at	defined-elsewhere-in-crate
crates/gam-solve/src/gpu_kernels/arrow_schur.rs	framed_reduced_schur_det_once_on_device	restored-in-place
crates/gam-solve/src/gpu_kernels/arrow_schur.rs	framed_schur_matvec_once_on_device	restored-in-place
crates/gam-solve/src/gpu_kernels/arrow_schur.rs	refactor_and_solve_with_gradient	restored-in-place
crates/gam-solve/src/gpu_kernels/arrow_schur.rs	sae_framed_schur_matvec_cpu	restored-in-place
crates/gam-solve/src/gpu_kernels/arrow_schur.rs	solve_reduced_beta_pcg	restored-in-place
crates/gam-solve/src/gpu_kernels/batched_k1.rs	solve_batched_k1_border	restored-in-place
crates/gam-solve/src/gpu_kernels/pirls_row.rs	cuda_source	restored-in-place
crates/gam-solve/src/gpu_kernels/pirls_row.rs	kernel_name	restored-in-place
crates/gam-solve/src/gpu_kernels/pirls_row.rs	row_reweight_cpu	restored-in-place
crates/gam-solve/src/gpu_kernels/reml_trace.rs	should_use_gpu_hutchinson	restored-in-place
crates/gam-solve/src/gpu_kernels/sae_resident.rs	cpu_reference_outer_sequence	restored-in-place
crates/gam-solve/src/gpu_kernels/sae_resident.rs	device_fit_outer_sequence	restored-in-place
crates/gam-solve/src/gpu/pirls_gpu.rs	cholesky_lower_gpu	restored-in-place
crates/gam-solve/src/gpu/pirls_gpu.rs	solve_pirls_step_on_stream	restored-in-place
crates/gam-solve/src/gpu/pirls_gpu.rs	solve_pirls_step_on_stream_device	restored-in-place
crates/gam-solve/src/gpu/pirls_gpu.rs	solve_step_on_stream_device	restored-in-place
crates/gam-solve/src/inference/alo.rs	compute_alo_diagnostics_from_fit	restored-in-place
crates/gam-solve/src/inference/alo.rs	compute_alo_diagnostics_from_pirls	restored-in-place
crates/gam-solve/src/inference/alo.rs	compute_case_deletion_from_pirls	restored-in-place
crates/gam-solve/src/inference/pg_gate_evidence.rs	pg_gate_evidence_moment_matched	retired-no-surviving-dependent
crates/gam-solve/src/inference/residual_factor.rs	fit_row_metric	retired-no-surviving-dependent
crates/gam-solve/src/inference/residual_factor.rs	row_scale	defined-elsewhere-in-crate
crates/gam-solve/src/logdet_bounds.rs	block_preconditioned_logdet_enclosure	restored-in-place
crates/gam-solve/src/logdet_bounds.rs	decided_value	restored-in-place
crates/gam-solve/src/logdet_bounds.rs	is_decided	restored-in-place
crates/gam-solve/src/logdet_bounds.rs	refine_logdet_enclosure_to_margin	restored-in-place
crates/gam-solve/src/loop_guard.rs	verdict_at	retired-no-surviving-dependent
crates/gam-solve/src/measure_jet_glm_sufficient.rs	assert_design_unchanged	restored-in-place
crates/gam-solve/src/measure_jet_glm_sufficient.rs	weighted_gram	restored-in-place
crates/gam-solve/src/measure_jet_glm_sufficient.rs	weighted_xty	restored-in-place
crates/gam-solve/src/measure_jet_gram_cache.rs	penalized_normal_matrix	retired-no-surviving-dependent
crates/gam-solve/src/measure_jet_gram_cache.rs	penalized_rss	retired-no-surviving-dependent
crates/gam-solve/src/measure_jet_gram_cache.rs	xtwz	retired-no-surviving-dependent
crates/gam-solve/src/mixture_link.rs	inverse_link_jet_for_family	restored-in-place
crates/gam-solve/src/mixture_link.rs	softmaxwith_jacobian_last_fixedzero	restored-in-place
crates/gam-solve/src/model_types/result_types.rs	block_roles	restored-in-place
crates/gam-solve/src/model_types/result_types.rs	lambdas_linkwiggle	restored-in-place
crates/gam-solve/src/model_types/result_types.rs	lambdas_time	restored-in-place
crates/gam-solve/src/model_types/result_types.rs	penalized_hessian_unscaled	restored-in-place
crates/gam-solve/src/model_types/result_types.rs	smoothing_correction_method	restored-in-place
crates/gam-solve/src/model_types/result_types.rs	was_measured	restored-in-place
crates/gam-solve/src/model_types/result_types.rs	working_weights	restored-in-place
crates/gam-solve/src/orthogonal_reparam.rs	build_unconditional	retired-no-surviving-dependent
crates/gam-solve/src/orthogonal_reparam.rs	confound_cols	retired-no-surviving-dependent
crates/gam-solve/src/orthogonal_reparam.rs	primary_cols	retired-no-surviving-dependent
crates/gam-solve/src/orthogonal_reparam.rs	recover_original	retired-no-surviving-dependent
crates/gam-solve/src/orthogonal_reparam.rs	reparameterized_confound	retired-no-surviving-dependent
crates/gam-solve/src/orthogonal_reparam.rs	shear	retired-no-surviving-dependent
crates/gam-solve/src/orthogonal_reparam.rs	to_reparameterized	retired-no-surviving-dependent
crates/gam-solve/src/penalty_invariance.rs	lambda_basis	retired-no-surviving-dependent
crates/gam-solve/src/pirls/low_rank.rs	compute_xtwx_low_rank	retired-no-surviving-dependent
crates/gam-solve/src/pirls/low_rank.rs	compute_xtwy_low_rank	retired-no-surviving-dependent
crates/gam-solve/src/pirls/low_rank.rs	woodbury_gram_capacitance	retired-no-surviving-dependent
crates/gam-solve/src/pirls/state.rs	solve_weights_psd	restored-in-place
crates/gam-solve/src/progress_log.rs	default_log_level	retired-no-surviving-dependent
crates/gam-solve/src/psi_gram_tensor.rs	d2gram_dpsi2	restored-in-place
crates/gam-solve/src/psi_gram_tensor.rs	d2rhs_dpsi2	restored-in-place
crates/gam-solve/src/psi_gram_tensor.rs	rank_margin	restored-in-place
crates/gam-solve/src/psis.rs	expected_reported_shape	restored-in-place
crates/gam-solve/src/psis.rs	shape_resolution	restored-in-place
crates/gam-solve/src/quadrature.rs	cloglog_ghq_derivatives	restored-in-place
crates/gam-solve/src/quadrature.rs	cloglog_ghq_derivatives_adaptive	restored-in-place
crates/gam-solve/src/quadrature.rs	cloglog_ghq_value	restored-in-place
crates/gam-solve/src/quadrature.rs	cloglog_posterior_mean	restored-in-place
crates/gam-solve/src/quadrature.rs	logit_posterior_mean	restored-in-place
crates/gam-solve/src/quadrature.rs	logit_posterior_mean_batch	restored-in-place
crates/gam-solve/src/quadrature.rs	logit_posterior_mean_exact	restored-in-place
crates/gam-solve/src/quadrature.rs	logit_posterior_meanwith_deriv_batch	restored-in-place
crates/gam-solve/src/quadrature.rs	normal_expectation_3d_adaptive	restored-in-place
crates/gam-solve/src/quadrature.rs	normal_expectation_nd_adaptive	restored-in-place
crates/gam-solve/src/reml/atoms.rs	fill_direction	restored-in-place
crates/gam-solve/src/reml/boundary_laml.rs	log_boundary_g	retired-no-surviving-dependent
crates/gam-solve/src/reml/boundary_laml.rs	log_boundary_g_derivatives	retired-no-surviving-dependent
crates/gam-solve/src/reml/boundary_laml.rs	log_gaussian_orthant	retired-no-surviving-dependent
crates/gam-solve/src/reml/boundary_laml.rs	log_gaussian_orthant_bracket	retired-no-surviving-dependent
crates/gam-solve/src/reml/boundary_laml.rs	log_interior_boundary_g	retired-no-surviving-dependent
crates/gam-solve/src/reml/boundary_laml.rs	log_interior_boundary_g_derivatives	retired-no-surviving-dependent
crates/gam-solve/src/reml/jeffreys_subspace.rs	under_identified_subspace	retired-by-decision
crates/gam-solve/src/reml/per_atom_efs.rs	with_border_axes	retired-no-surviving-dependent
crates/gam-solve/src/reml/reml_outer_engine/penalty_coordinate.rs	free_rank	retired-no-surviving-dependent
crates/gam-solve/src/reml/reml_outer_engine/sparse_cholesky_backends.rs	compute_block_penalty_logdet_derivs	restored-in-place
crates/gam-solve/src/residual_cascade.rs	assess_next_level	restored-in-place
crates/gam-solve/src/residual_cascade.rs	coarse_space_cols	restored-in-place
crates/gam-solve/src/residual_cascade.rs	log_lambda_domain	restored-in-place
crates/gam-solve/src/residual_cascade.rs	logdet_exact	restored-in-place
crates/gam-solve/src/residual_cascade.rs	logdet_slq	restored-in-place
crates/gam-solve/src/residual_cascade.rs	num_coeffs	restored-in-place
crates/gam-solve/src/residual_cascade.rs	num_nonzeros	restored-in-place
crates/gam-solve/src/residual_cascade.rs	sample_coefficients	restored-in-place
crates/gam-solve/src/rho_optimizer/kl_certificate.rs	assess	restored-in-place
crates/gam-solve/src/rho_optimizer/kl_certificate.rs	energy_budget_defect	restored-in-place
crates/gam-solve/src/rho_optimizer/kl_certificate.rs	fit_rate	restored-in-place
crates/gam-solve/src/rho_optimizer/kl_certificate.rs	monotonicity_defect	restored-in-place
crates/gam-solve/src/rho_optimizer/objective.rs	with_fixed_point_certificate	retired-no-surviving-dependent
crates/gam-solve/src/rho_optimizer/run.rs	with_arc_initial_regularization	retired-no-surviving-dependent
crates/gam-solve/src/rho_optimizer/run.rs	with_operator_initial_trust_radius	retired-no-surviving-dependent
crates/gam-solve/src/rho_optimizer/soft_rho_guard_floor.rs	classify_soft_rho_guard_floor	restored-in-place
crates/gam-solve/src/rho_optimizer/soft_rho_guard_floor.rs	is_absent	restored-in-place
crates/gam-solve/src/rho_optimizer/soft_rho_guard_floor.rs	is_carried	restored-in-place
crates/gam-solve/src/rho_optimizer/soft_rho_guard_floor.rs	soft_rho_guard_emission_at	restored-in-place
crates/gam-solve/src/row_sampling_measure.rs	bss_spectral_coreset_certified	restored-in-place
crates/gam-solve/src/row_sampling_measure.rs	certify_margin	restored-in-place
crates/gam-solve/src/row_sampling_measure.rs	designed_subsample	restored-in-place
crates/gam-solve/src/row_sampling_measure.rs	designed_subsample_certified	restored-in-place
crates/gam-solve/src/row_sampling_measure.rs	estimated_corpus_rows	restored-in-place
crates/gam-solve/src/row_sampling_measure.rs	expected_representation	restored-in-place
crates/gam-solve/src/row_sampling_measure.rs	greedy_sensitivity_coreset	restored-in-place
crates/gam-solve/src/row_sampling_measure.rs	is_enriched	restored-in-place
crates/gam-solve/src/row_sampling_measure.rs	sensitivity_upper_bounds	restored-in-place
crates/gam-solve/src/sensitivity.rs	case_deletion	restored-in-place
crates/gam-solve/src/sensitivity.rs	from_lower_triangular	restored-in-place
crates/gam-solve/src/sensitivity.rs	leverage_block	restored-in-place
crates/gam-solve/src/sensitivity.rs	response_jacobian	restored-in-place
crates/gam-solve/src/spline_scan.rs	deriv_at_knot	retired-no-surviving-dependent
crates/gam-solve/src/streaming_border.rs	is_complete	restored-in-place
crates/gam-solve/src/streaming_border.rs	push_rows	restored-in-place
crates/gam-solve/src/streaming_border.rs	submit_chunk	restored-in-place
crates/gam-solve/src/streaming_border.rs	submit_chunk_gram	restored-in-place
crates/gam-solve/src/topology_selector.rs	deterministic_cv_folds	restored-in-place
crates/gam-solve/src/topology_selector.rs	fit_mixture_rung	restored-in-place
crates/gam-solve/src/topology_selector.rs	fit_union_candidate	restored-in-place
crates/gam-solve/src/topology_selector.rs	fit_union_rung	restored-in-place
crates/gam-solve/src/topology_selector.rs	mixture_density_provider	restored-in-place
crates/gam-solve/src/topology_selector.rs	profile_closure_within_smooth_class	restored-in-place
crates/gam-solve/src/topology_selector.rs	race_verdict	restored-in-place
crates/gam-solve/src/topology_selector.rs	ring_of_clusters_density_provider	restored-in-place
crates/gam-solve/src/topology_selector.rs	select_topology_with_fit_parallel	restored-in-place
crates/gam-solve/src/topology_selector.rs	tied_with_winner	restored-in-place
crates/gam-solve/src/topology_selector.rs	topology_scores_are_resolvably_ordered	restored-in-place
crates/gam-solve/src/topology_selector.rs	union_density_provider	restored-in-place
crates/gam-solve/src/topology_selector.rs	winner	restored-in-place
crates/gam-solve/src/topology_selector.rs	winner_is_resolved	restored-in-place
crates/gam-spec/src/lib.rs	beta_logit	retired-by-later-deletion:5110f6487f
crates/gam-spec/src/lib.rs	beta_phi_is_estimated	restored-in-place
crates/gam-spec/src/lib.rs	binomial_cloglog	retired-by-later-deletion:47c2319015
crates/gam-spec/src/lib.rs	binomial_latent_cloglog	retired-by-later-deletion:47c2319015
crates/gam-spec/src/lib.rs	binomial_logit	restored-in-place
crates/gam-spec/src/lib.rs	binomial_sas	retired-by-later-deletion:47c2319015
crates/gam-spec/src/lib.rs	fixed_phi	restored-in-place
crates/gam-spec/src/lib.rs	negative_binomial_log	retired-by-later-deletion:47c2319015
crates/gam-spec/src/lib.rs	negative_binomial_log_fixed	retired-by-later-deletion:47c2319015
crates/gam-spec/src/lib.rs	negbin_theta	restored-in-place
crates/gam-spec/src/lib.rs	negbin_theta_is_estimated	restored-in-place
crates/gam-spec/src/lib.rs	resolved_gamma_log_shape	retired-by-later-deletion:47c2319015
crates/gam-spec/src/lib.rs	resolved_gamma_phi	retired-by-later-deletion:47c2319015
crates/gam-spec/src/lib.rs	resolved_tweedie_log_phi	retired-by-later-deletion:47c2319015
crates/gam-spec/src/lib.rs	supports_firth	restored-in-place
crates/gam-spec/src/lib.rs	tweedie_log	retired-by-later-deletion:5110f6487f
crates/gam-spec/src/lib.rs	tweedie_phi_is_estimated	restored-in-place
crates/gam-terms/src/analytic_penalties/ard.rs	as_blockwise	retired-by-later-deletion:843e0fc200
crates/gam-terms/src/analytic_penalties/ard.rs	with_n_eff	retired-by-later-deletion:843e0fc200
crates/gam-terms/src/analytic_penalties/isometry.rs	with_reference	retired-no-surviving-dependent
crates/gam-terms/src/analytic_penalties/isometry.rs	with_third_decoder_derivative	retired-no-surviving-dependent
crates/gam-terms/src/analytic_penalties/penalty_trait.rs	advance_scalar_weight	retired-no-surviving-dependent
crates/gam-terms/src/analytic_penalties/registry.rs	is_row_block_diagonal	restored-in-place
crates/gam-terms/src/analytic_penalties/sparsity.rs	row_dense_hessian	restored-in-place
crates/gam-terms/src/analytic_penalties/sparsity.rs	row_dense_hessian_logit_derivative	restored-in-place
crates/gam-terms/src/analytic_penalties/sparsity.rs	row_fisher_metric	retired-by-later-deletion:843e0fc200
crates/gam-terms/src/analytic_penalties/sparsity.rs	row_fisher_metric_logit_derivative	retired-by-later-deletion:843e0fc200
crates/gam-terms/src/analytic_penalties/sparsity.rs	row_psd_majorizer_logit_derivative	retired-by-later-deletion:843e0fc200
crates/gam-terms/src/basis/closed_form_penalty.rs	anisotropic_duchon_penalty	retired-by-later-deletion:dc325f1909
crates/gam-terms/src/basis/closed_form_penalty.rs	kappa_first_derivative	retired-by-later-deletion:dc325f1909
crates/gam-terms/src/basis/closed_form_penalty.rs	kappa_second_derivative	retired-by-later-deletion:dc325f1909
crates/gam-terms/src/basis/closed_form_penalty.rs	psi_first_derivative	retired-by-later-deletion:dc325f1909
crates/gam-terms/src/basis/closed_form_penalty.rs	psi_kappa_mixed_derivative	retired-by-later-deletion:dc325f1909
crates/gam-terms/src/basis/closed_form_penalty.rs	psi_second_derivative	retired-by-later-deletion:dc325f1909
crates/gam-terms/src/basis/constant_curvature_smooth.rs	constant_curvature_kernel_kappa_jets	retired-no-surviving-dependent
crates/gam-terms/src/basis/duchon_psi_derivatives.rs	build_duchon_basis_log_kappa_derivative	retired-by-later-deletion:dc325f1909
crates/gam-terms/src/basis/duchon_psi_derivatives.rs	build_duchon_basis_log_kappa_derivatives	retired-by-later-deletion:dc325f1909
crates/gam-terms/src/basis/duchon_psi_derivatives.rs	build_duchon_basis_log_kappa_derivativeswithworkspace	restored-in-place
crates/gam-terms/src/basis/duchon_psi_derivatives.rs	build_duchon_basis_log_kappa_derivativewithworkspace	restored-in-place
crates/gam-terms/src/basis/duchon_psi_derivatives.rs	build_duchon_basis_log_kappasecond_derivative	retired-by-later-deletion:dc325f1909
crates/gam-terms/src/basis/duchon_psi_derivatives.rs	build_duchon_basis_log_kappasecond_derivativewithworkspace	restored-in-place
crates/gam-terms/src/basis/duchon_psi_derivatives.rs	duchon_design_build_count	retired-by-later-deletion:dc325f1909
crates/gam-terms/src/basis/duchon_thinplate.rs	build_thin_plate_basis_log_kappa_derivative	retired-by-later-deletion:dc325f1909
crates/gam-terms/src/basis/duchon_thinplate.rs	build_thin_plate_basis_log_kappa_derivativewithworkspace	restored-in-place
crates/gam-terms/src/basis/duchon_thinplate.rs	build_thin_plate_basis_log_kappasecond_derivative	retired-by-later-deletion:dc325f1909
crates/gam-terms/src/basis/duchon_thinplate.rs	build_thin_plate_basis_log_kappasecond_derivativewithworkspace	restored-in-place
crates/gam-terms/src/basis/duchon_thinplate.rs	create_thin_plate_spline_basis	retired-by-later-deletion:dc325f1909
crates/gam-terms/src/basis/duchon_thinplate.rs	create_thin_plate_spline_basis_in_chart	retired-by-later-deletion:dc325f1909
crates/gam-terms/src/basis/duchon_thinplate.rs	create_thin_plate_spline_basis_with_knot_count	retired-by-later-deletion:dc325f1909
crates/gam-terms/src/basis/duchon_thinplate.rs	create_thin_plate_spline_basis_with_knot_count_andworkspace	restored-in-place
crates/gam-terms/src/basis/duchon_thinplate.rs	create_thin_plate_spline_basiswithworkspace	restored-in-place
crates/gam-terms/src/basis/duchon_thinplate.rs	duchon_resolve_chart	restored-in-place
crates/gam-terms/src/basis/matern_gradient.rs	forward_mul	defined-elsewhere-in-crate
crates/gam-terms/src/basis/measure_jet_anisotropy.rs	block_residual_jets	restored-in-place
crates/gam-terms/src/basis/measure_jet_anisotropy.rs	build_normalized_factor	restored-in-place
crates/gam-terms/src/basis/measure_jet_anisotropy.rs	eigh_pinv	restored-in-place
crates/gam-terms/src/basis/measure_jet_anisotropy.rs	lower_triangular_indices	restored-in-place
crates/gam-terms/src/basis/measure_jet_anisotropy.rs	measure_jet_anisotropy_energy_form	restored-in-place
crates/gam-terms/src/basis/measure_jet_anisotropy.rs	measure_jet_anisotropy_energy_form_with_jets	restored-in-place
crates/gam-terms/src/basis/measure_jet_anisotropy.rs	metric_sq_dists	restored-in-place
crates/gam-terms/src/basis/measure_jet_anisotropy.rs	pinv_active	restored-in-place
crates/gam-terms/src/basis/measure_jet_anisotropy.rs	pinv_div1	restored-in-place
crates/gam-terms/src/basis/measure_jet_anisotropy.rs	pinv_div2	restored-in-place
crates/gam-terms/src/basis/measure_jet_anisotropy.rs	pinv_first_deriv	restored-in-place
crates/gam-terms/src/basis/measure_jet_anisotropy.rs	pinv_half_second	restored-in-place
crates/gam-terms/src/basis/measure_jet_anisotropy.rs	pinv_prime	restored-in-place
crates/gam-terms/src/basis/measure_jet_anisotropy.rs	pinv_second_deriv	restored-in-place
crates/gam-terms/src/basis/measure_jet_anisotropy.rs	pinv_value	restored-in-place
crates/gam-terms/src/basis/measure_jet_moments.rs	accumulate_chunk	restored-in-place
crates/gam-terms/src/basis/measure_jet_moments.rs	accumulate_moment_table	restored-in-place
crates/gam-terms/src/basis/measure_jet_moments.rs	dim	restored-in-place
crates/gam-terms/src/basis/measure_jet_moments.rs	jet_sufficient_stats	restored-in-place
crates/gam-terms/src/basis/measure_jet_moments.rs	lex_cmp_centers	restored-in-place
crates/gam-terms/src/basis/measure_jet_moments.rs	merge_moment_tables	restored-in-place
crates/gam-terms/src/basis/measure_jet_moments.rs	n_channels	restored-in-place
crates/gam-terms/src/basis/measure_jet_moments.rs	recenter_moment_table	restored-in-place
crates/gam-terms/src/basis/measure_jet_moments.rs	validate_table_shape	restored-in-place
crates/gam-terms/src/basis/measure_jet_moments.rs	zero	restored-in-place
crates/gam-terms/src/basis/measure_jet_predict.rs	measure_jet_ambient_gradient	restored-in-place
crates/gam-terms/src/basis/measure_jet_predict.rs	measure_jet_extrapolation_variance	restored-in-place
crates/gam-terms/src/basis/measure_jet_smooth.rs	measure_jet_center_masses	restored-in-place
crates/gam-terms/src/basis/measure_jet_smooth.rs	measure_jet_energy_form_with_jets	restored-in-place
crates/gam-terms/src/basis/measure_jet_smooth.rs	measure_jet_scale_spectrum	restored-in-place
crates/gam-terms/src/basis/periodic_duchon.rs	periodic_hybrid_duchon_kernel_psi_triplet	restored-in-place
crates/gam-terms/src/basis/radial_jets_nd.rs	duchon_radial_second_derivative_nd	retired-no-surviving-dependent
crates/gam-terms/src/basis/radial_jets_nd.rs	duchon_radial_third_derivative_nd	retired-no-surviving-dependent
crates/gam-terms/src/basis/radial_jets_nd.rs	matern_radial_second_derivative_nd	retired-no-surviving-dependent
crates/gam-terms/src/basis/radial_profile.rs	clenshaw	retired-no-surviving-dependent
crates/gam-terms/src/basis/radial_profile.rs	differentiate_coeffs	retired-no-surviving-dependent
crates/gam-terms/src/basis/radial_profile.rs	eval_jets_inside	retired-no-surviving-dependent
crates/gam-terms/src/basis/sphere_basis.rs	build_matern_basis_log_kappa_derivative	retired-by-later-deletion:dc325f1909
crates/gam-terms/src/basis/sphere_basis.rs	build_matern_basis_log_kappa_derivativewithworkspace	restored-in-place
crates/gam-terms/src/basis/sphere_basis.rs	build_matern_basis_log_kappasecond_derivative	retired-by-later-deletion:dc325f1909
crates/gam-terms/src/basis/sphere_basis.rs	build_matern_basis_log_kappasecond_derivativewithworkspace	restored-in-place
crates/gam-terms/src/basis/sphere_basis.rs	build_periodic_duchon_basis_log_kappa_derivativeswithworkspace	restored-in-place
crates/gam-terms/src/basis/sphere_basis.rs	fill_periodic_duchon_kernel_psi_matrices	restored-in-place
crates/gam-terms/src/basis/sphere_basis.rs	periodic_duchon_identifiability_transformwithworkspace	restored-in-place
crates/gam-terms/src/basis/sphere_basis.rs	prepare_duchon_derivative_contextwithworkspace	restored-in-place
crates/gam-terms/src/basis/sphere_basis.rs	prepare_periodic_duchon_centers_1d	restored-in-place
crates/gam-terms/src/basis/sphere_gpu.rs	build_center_kernel_device	retired-by-later-deletion:dc325f1909
crates/gam-terms/src/basis/sphere_gpu.rs	build_householder_constrained_design_device	retired-by-later-deletion:dc325f1909
crates/gam-terms/src/basis/sphere_gpu.rs	constrained_penalty_host	retired-by-later-deletion:dc325f1909
crates/gam-terms/src/basis/sphere_gpu.rs	copy_to_host_col_major	restored-in-place
crates/gam-terms/src/basis/sphere_gpu.rs	householder_reflector_from_weights	restored-in-place
crates/gam-terms/src/basis/sphere_gpu.rs	solve_penalised_ls_device	restored-in-place
crates/gam-terms/src/basis/spline_eval_scalar.rs	evaluate_bsplinesecond_derivative_scalar	retired-no-surviving-dependent
crates/gam-terms/src/basis/spline_eval_scalar.rs	evaluate_derivative	retired-no-surviving-dependent
crates/gam-terms/src/basis/spline_eval_scalar.rs	evaluate_ispline_scalar	retired-no-surviving-dependent
crates/gam-terms/src/basis/spline_eval_scalar.rs	evaluate_ispline_scalarwith_scratch	retired-no-surviving-dependent
crates/gam-terms/src/basis/spline_eval_scalar.rs	evaluate_mspline_scalar	retired-no-surviving-dependent
crates/gam-terms/src/basis/spline_eval_scalar.rs	fit_periodic_bspline_curve	retired-no-surviving-dependent
crates/gam-terms/src/basis/spline_eval_scalar.rs	solve_spd_cholesky	retired-no-surviving-dependent
crates/gam-terms/src/basis/types.rs	has_active_operator_penalty	retired-no-surviving-dependent
crates/gam-terms/src/basis/types.rs	into_dense	retired-no-surviving-dependent
crates/gam-terms/src/basis/types.rs	m_spline	retired-no-surviving-dependent
crates/gam-terms/src/basis/types.rs	minimum_duchon_power_for_operator_penalties	retired-no-surviving-dependent
crates/gam-terms/src/basis/workspace_cache.rs	spherical_wahba_kernel_matrix	retired-by-later-deletion:dc325f1909
crates/gam-terms/src/basis/workspace_cache.rs	spherical_wahba_kernel_matrix_cpu	retired-by-later-deletion:dc325f1909
crates/gam-terms/src/construction.rs	block_dimension	restored-in-place
crates/gam-terms/src/construction.rs	kronecker_reparameterization_engine	retired-by-later-deletion:dc325f1909
crates/gam-terms/src/construction.rs	max_balanced_eigenvalue	restored-in-place
crates/gam-terms/src/construction.rs	trace_product	restored-in-place
crates/gam-terms/src/decoders/behavioral_head.rs	from_score_influence	retired-by-later-deletion:843e0fc200
crates/gam-terms/src/decoders/behavioral_head.rs	head_feature_significance	retired-by-later-deletion:843e0fc200
crates/gam-terms/src/decoders/behavioral_head.rs	head_working_weights	retired-by-later-deletion:843e0fc200
crates/gam-terms/src/decoders/behavioral_head.rs	orthogonalize_recon_update	retired-by-later-deletion:843e0fc200
crates/gam-terms/src/decoders/behavioral_head.rs	orthonormal_span	retired-by-later-deletion:843e0fc200
crates/gam-terms/src/decoders/behavioral_head.rs	with_row_measure	retired-by-later-deletion:843e0fc200
crates/gam-terms/src/dictionary.rs	rank_one_centered_pca_ceiling	retired-by-later-deletion:dc325f1909
crates/gam-terms/src/geometry.rs	is_inside	retired-no-surviving-dependent
crates/gam-terms/src/geometry.rs	project_if_needed	retired-no-surviving-dependent
crates/gam-terms/src/geometry.rs	project_in_place	retired-no-surviving-dependent
crates/gam-terms/src/geometry.rs	signed_distance	retired-no-surviving-dependent
crates/gam-terms/src/grid_spline_2d.rs	axis_basis	restored-in-place
crates/gam-terms/src/grid_spline_2d.rs	basis_per_axis	restored-in-place
crates/gam-terms/src/grid_spline_2d.rs	fit_at	restored-in-place
crates/gam-terms/src/grid_spline_2d.rs	fit_grid_spline_2d	retired-by-owner:jets
crates/gam-terms/src/grid_spline_2d.rs	fit_grid_spline_2d_at	retired-by-later-deletion:dc325f1909
crates/gam-terms/src/grid_spline_2d.rs	fit_reml	restored-in-place
crates/gam-terms/src/grid_spline_2d.rs	from_state	restored-in-place
crates/gam-terms/src/grid_spline_2d.rs	num_coeffs	restored-in-place
crates/gam-terms/src/grid_spline_2d.rs	num_responses	restored-in-place
crates/gam-terms/src/grid_spline_2d.rs	num_rows	restored-in-place
crates/gam-terms/src/grid_spline_2d.rs	to_state	restored-in-place
crates/gam-terms/src/inference/higher_order.rs	assemble_cumulants	retired-by-later-deletion:843e0fc200
crates/gam-terms/src/inference/higher_order.rs	nu3	restored-in-place
crates/gam-terms/src/inference/higher_order.rs	nu4	restored-in-place
crates/gam-terms/src/inference/higher_order.rs	row_derivs_from_nll_tower	retired-by-later-deletion:843e0fc200
crates/gam-terms/src/inference/higher_order.rs	scalar_standardized_cumulants	retired-by-later-deletion:843e0fc200
crates/gam-terms/src/inference/lawley.rs	known_scale_expected_jets	retired-by-later-deletion:843e0fc200
crates/gam-terms/src/inference/lawley.rs	lawley_lr_bartlett_factor_with_rho_variation	retired-by-later-deletion:843e0fc200
crates/gam-terms/src/inference/structure_evidence.rs	confirmed	restored-in-place
crates/gam-terms/src/inference/structure_evidence.rs	contested	restored-in-place
crates/gam-terms/src/latent.rs	apply_tospec	restored-in-place
crates/gam-terms/src/latent.rs	from_flat	restored-in-place
crates/gam-terms/src/latent.rs	from_flat_with_manifold	restored-in-place
crates/gam-terms/src/latent.rs	project_matrix_columns_to_tangent	retired-by-later-deletion:dc325f1909
crates/gam-terms/src/latent.rs	project_matrix_columns_to_tangent_into	restored-in-place
crates/gam-terms/src/smooth/coefficient_transforms.rs	cumulative_exp	retired-by-later-deletion:843e0fc200
crates/gam-terms/src/smooth/coefficient_transforms.rs	second_cumulative_exp	retired-by-later-deletion:843e0fc200
crates/gam-terms/src/smooth/term_specs.rs	apply_rotation_to_predict	retired-by-later-deletion:843e0fc200
crates/gam-terms/src/smooth/term_specs.rs	build_smooth_design	retired-by-later-deletion:843e0fc200
crates/gam-terms/src/smooth/term_specs.rs	build_smooth_design_withworkspace	restored-in-place
crates/gam-terms/src/smooth/term_specs.rs	is_interaction	retired-by-later-deletion:843e0fc200
crates/gam-terms/src/smooth/term_specs.rs	logdet_and_derivatives	retired-by-later-deletion:843e0fc200
crates/gam-terms/src/smooth/term_specs.rs	map_term_coefficients	retired-by-later-deletion:843e0fc200
crates/gam-terms/src/smooth/term_specs.rs	num_penalties	restored-in-place
crates/gam-terms/src/smooth/term_specs.rs	total_smooth_cols	restored-in-place
crates/gam-terms/src/smooth/term_specs.rs	with_prior_mean	retired-by-later-deletion:843e0fc200
crates/gam-terms/src/structure/anova_atom.rs	fit_pair_surface	retired-by-later-deletion:843e0fc200
crates/gam-terms/src/structure/anova_atom.rs	raw_coeffs_partition_of_unity	retired-by-later-deletion:843e0fc200
crates/gam-terms/src/term_builder.rs	heuristic_centers	retired-by-later-deletion:843e0fc200
crates/gam-terms/src/term_builder.rs	parse_duchon_power	retired-by-later-deletion:843e0fc200
